STRUCTURE,STRUCTURE_ID,STRUCTURE_NAME,freq,Time frequency,statinfo,Statistical information,unit,Unit of measure,isced11,International Standard Classification of Education (ISCED 2011),sex,Sex,age,Age class,geo,Geopolitical entity (reporting),TIME_PERIOD,Time,OBS_VALUE,Observation value,OBS_FLAG,Observation status (Flag) V2 structure,CONF_STATUS,Confidentiality status (flag)
dataflow,ESTAT:ILC_DI08(1.0),Mean and median income by educational attainment level,A,Annual,MEAN_EI,Mean equivalised income,EUR,Euro,ED0-2,"Less than primary, primary and lower secondary education (levels 0-2)",T,Total,Y18-64,From 18 to 64 years,AL,Albania,2017,,1667,,,,,
dataflow,ESTAT:ILC_DI08(1.0),Mean and median income by educational attainment level,A,Annual,MEAN_EI,Mean equivalised income,EUR,Euro,ED0-2,"Less than primary, primary and lower secondary education (levels 0-2)",T,Total,Y18-64,From 18 to 64 years,AL,Albania,2018,,1871,,,,,
dataflow,ESTAT:ILC_DI08(1.0),Mean and median income by educational attainment level,A,Annual,MEAN_EI,Mean equivalised income,EUR,Euro,ED0-2,"Less than primary, primary and lower secondary education (levels 0-2)",T,Total,Y18-64,From 18 to 64 years,AL,Albania,2019,,2108,,,,,
dataflow,ESTAT:ILC_DI08(1.0),Mean and median income by educational attainment level,A,Annual,MEAN_EI,Mean equivalised income,EUR,Euro,ED0-2,"Less than primary, primary and lower secondary education (levels 0-2)",T,Total,Y18-64,From 18 to 64 years,AL,Albania,2020,,2380,,,,,
dataflow,ESTAT:ILC_DI08(1.0),Mean and median income by educational attainment level,A,Annual,MEAN_EI,Mean equivalised income,EUR,Euro,ED0-2,"Less than primary, primary and lower secondary education (levels 0-2)",T,Total,Y18-64,From 18 to 64 years,AL,Albania,2021,,2388,,,,,
dataflow,ESTAT:ILC_DI08(1.0),Mean and median income by educational attainment level,A,Annual,MEAN_EI,Mean equivalised income,EUR,Euro,ED0-2,"Less than primary, primary and lower secondary education (levels 0-2)",T,Total,Y18-64,From 18 to 64 years,AL,Albania,2022,,2869,,,,,
dataflow,ESTAT:ILC_DI08(1.0),Mean and median income by educational attainment level,A,Annual,MEAN_EI,Mean equivalised income,EUR,Euro,ED0-2,"Less than primary, primary and lower secondary education (levels 0-2)",T,Total,Y18-64,From 18 to 64 years,AL,Albania,2023,,3624,,,,,
dataflow,ESTAT:ILC_DI08(1.0),Mean and median income by educational attainment level,A,Annual,MEAN_EI,Mean equivalised income,EUR,Euro,ED0-2,"Less than primary, primary and lower secondary education (levels 0-2)",T,Total,Y18-64,From 18 to 64 years,AT,Austria,2016,,20593,,,,,
dataflow,ESTAT:ILC_DI08(1.0),Mean and median income by educational attainment level,A,Annual,MEAN_EI,Mean equivalised income,EUR,Euro,ED0-2,"Less than primary, primary and lower secondary education (levels 0-2)",T,Total,Y18-64,From 18 to 64 years,AT,Austria,2017,,21858,,,,,
dataflow,ESTAT:ILC_DI08(1.0),Mean and median income by educational attainment level,A,Annual,MEAN_EI,Mean equivalised income,EUR,Euro,ED0-2,"Less than primary, primary and lower secondary education (levels 0-2)",T,Total,Y18-64,From 18 to 64 years,AT,Austria,2018,,22412,,,,,
dataflow,ESTAT:ILC_DI08(1.0),Mean and median income by educational attainment level,A,Annual,MEAN_EI,Mean equivalised income,EUR,Euro,ED0-2,"Less than primary, primary and lower secondary education (levels 0-2)",T,Total,Y18-64,From 18 to 64 years,AT,Austria,2019,,23018,,,,,
dataflow,ESTAT:ILC_DI08(1.0),Mean and median income by educational attainment level,A,Annual,MEAN_EI,Mean equivalised income,EUR,Euro,ED0-2,"Less than primary, primary and lower secondary education (levels 0-2)",T,Total,Y18-64,From 18 to 64 years,AT,Austria,2020,,23227,,,,,
dataflow,ESTAT:ILC_DI08(1.0),Mean and median income by educational attainment level,A,Annual,MEAN_EI,Mean equivalised income,EUR,Euro,ED0-2,"Less than primary, primary and lower secondary education (levels 0-2)",T,Total,Y18-64,From 18 to 64 years,AT,Austria,2021,,23439,,,,,
dataflow,ESTAT:ILC_DI08(1.0),Mean and median income by educational attainment level,A,Annual,MEAN_EI,Mean equivalised income,EUR,Euro,ED0-2,"Less than primary, primary and lower secondary education (levels 0-2)",T,Total,Y18-64,From 18 to 64 years,AT,Austria,2022,,23130,,,,,
dataflow,ESTAT:ILC_DI08(1.0),Mean and median income by educational attainment level,A,Annual,MEAN_EI,Mean equivalised income,EUR,Euro,ED0-2,"Less than primary, primary and lower secondary education (levels 0-2)",T,Total,Y18-64,From 18 to 64 years,AT,Austria,2023,,26533,,,,,
dataflow,ESTAT:ILC_DI08(1.0),Mean and median income by educational attainment level,A,Annual,MEAN_EI,Mean equivalised income,EUR,Euro,ED0-2,"Less than primary, primary and lower secondary education (levels 0-2)",T,Total,Y18-64,From 18 to 64 years,AT,Austria,2024,,28143,,,,,
dataflow,ESTAT:ILC_DI08(1.0),Mean and median income by educational attainment level,A,Annual,MEAN_EI,Mean equivalised income,EUR,Euro,ED0-2,"Less than primary, primary and lower secondary education (levels 0-2)",T,Total,Y18-64,From 18 to 64 years,AT,Austria,2025,,30216,,,,,
dataflow,ESTAT:ILC_DI08(1.0),Mean and median income by educational attainment level,A,Annual,MEAN_EI,Mean equivalised income,EUR,Euro,ED0-2,"Less than primary, primary and lower secondary education (levels 0-2)",T,Total,Y18-64,From 18 to 64 years,BE,Belgium,2016,,18690,,,,,
dataflow,ESTAT:ILC_DI08(1.0),Mean and median income by educational attainment level,A,Annual,MEAN_EI,Mean equivalised income,EUR,Euro,ED0-2,"Less than primary, primary and lower secondary education (levels 0-2)",T,Total,Y18-64,From 18 to 64 years,BE,Belgium,2017,,18783,,,,,
dataflow,ESTAT:ILC_DI08(1.0),Mean and median income by educational attainment level,A,Annual,MEAN_EI,Mean equivalised income,EUR,Euro,ED0-2,"Less than primary, primary and lower secondary education (levels 0-2)",T,Total,Y18-64,From 18 to 64 years,BE,Belgium,2018,,19418,,,,,
dataflow,ESTAT:ILC_DI08(1.0),Mean and median income by educational attainment level,A,Annual,MEAN_EI,Mean equivalised income,EUR,Euro,ED0-2,"Less than primary, primary and lower secondary education (levels 0-2)",T,Total,Y18-64,From 18 to 64 years,BE,Belgium,2019,,20786,,b,break in time series,,
dataflow,ESTAT:ILC_DI08(1.0),Mean and median income by educational attainment level,A,Annual,MEAN_EI,Mean equivalised income,EUR,Euro,ED0-2,"Less than primary, primary and lower secondary education (levels 0-2)",T,Total,Y18-64,From 18 to 64 years,BE,Belgium,2020,,21611,,,,,
dataflow,ESTAT:ILC_DI08(1.0),Mean and median income by educational attainment level,A,Annual,MEAN_EI,Mean equivalised income,EUR,Euro,ED0-2,"Less than primary, primary and lower secondary education (levels 0-2)",T,Total,Y18-64,From 18 to 64 years,BE,Belgium,2021,,21385,,,,,
dataflow,ESTAT:ILC_DI08(1.0),Mean and median income by educational attainment level,A,Annual,MEAN_EI,Mean equivalised income,EUR,Euro,ED0-2,"Less than primary, primary and lower secondary education (levels 0-2)",T,Total,Y18-64,From 18 to 64 years,BE,Belgium,2022,,21977,,,,,
dataflow,ESTAT:ILC_DI08(1.0),Mean and median income by educational attainment level,A,Annual,MEAN_EI,Mean equivalised income,EUR,Euro,ED0-2,"Less than primary, primary and lower secondary education (levels 0-2)",T,Total,Y18-64,From 18 to 64 years,BE,Belgium,2023,,23538,,,,,
dataflow,ESTAT:ILC_DI08(1.0),Mean and median income by educational attainment level,A,Annual,MEAN_EI,Mean equivalised income,EUR,Euro,ED0-2,"Less than primary, primary and lower secondary education (levels 0-2)",T,Total,Y18-64,From 18 to 64 years,BE,Belgium,2024,,25973,,,,,
dataflow,ESTAT:ILC_DI08(1.0),Mean and median income by educational attainment level,A,Annual,MEAN_EI,Mean equivalised income,EUR,Euro,ED0-2,"Less than primary, primary and lower secondary education (levels 0-2)",T,Total,Y18-64,From 18 to 64 years,BE,Belgium,2025,,26947,,,,,
dataflow,ESTAT:ILC_DI08(1.0),Mean and median income by educational attainment level,A,Annual,MEAN_EI,Mean equivalised income,EUR,Euro,ED0-2,"Less than primary, primary and lower secondary education (levels 0-2)",T,Total,Y18-64,From 18 to 64 years,BG,Bulgaria,2016,,2167,,b,break in time series,,
dataflow,ESTAT:ILC_DI08(1.0),Mean and median income by educational attainment level,A,Annual,MEAN_EI,Mean equivalised income,EUR,Euro,ED0-2,"Less than primary, primary and lower secondary education (levels 0-2)",T,Total,Y18-64,From 18 to 64 years,BG,Bulgaria,2017,,2425,,,,,
dataflow,ESTAT:ILC_DI08(1.0),Mean and median income by educational attainment level,A,Annual,MEAN_EI,Mean equivalised income,EUR,Euro,ED0-2,"Less than primary, primary and lower secondary education (levels 0-2)",T,Total,Y18-64,From 18 to 64 years,BG,Bulgaria,2018,,2507,,,,,
dataflow,ESTAT:ILC_DI08(1.0),Mean and median income by educational attainment level,A,Annual,MEAN_EI,Mean equivalised income,EUR,Euro,ED0-2,"Less than primary, primary and lower secondary education (levels 0-2)",T,Total,Y18-64,From 18 to 64 years,BG,Bulgaria,2019,,2868,,,,,
dataflow,ESTAT:ILC_DI08(1.0),Mean and median income by educational attainment level,A,Annual,MEAN_EI,Mean equivalised income,EUR,Euro,ED0-2,"Less than primary, primary and lower secondary education (levels 0-2)",T,Total,Y18-64,From 18 to 64 years,BG,Bulgaria,2020,,3140,,,,,
dataflow,ESTAT:ILC_DI08(1.0),Mean and median income by educational attainment level,A,Annual,MEAN_EI,Mean equivalised income,EUR,Euro,ED0-2,"Less than primary, primary and lower secondary education (levels 0-2)",T,Total,Y18-64,From 18 to 64 years,BG,Bulgaria,2021,,3904,,,,,
dataflow,ESTAT:ILC_DI08(1.0),Mean and median income by educational attainment level,A,Annual,MEAN_EI,Mean equivalised income,EUR,Euro,ED0-2,"Less than primary, primary and lower secondary education (levels 0-2)",T,Total,Y18-64,From 18 to 64 years,BG,Bulgaria,2022,,3561,,,,,
dataflow,ESTAT:ILC_DI08(1.0),Mean and median income by educational attainment level,A,Annual,MEAN_EI,Mean equivalised income,EUR,Euro,ED0-2,"Less than primary, primary and lower secondary education (levels 0-2)",T,Total,Y18-64,From 18 to 64 years,BG,Bulgaria,2023,,4172,,,,,
dataflow,ESTAT:ILC_DI08(1.0),Mean and median income by educational attainment level,A,Annual,MEAN_EI,Mean equivalised income,EUR,Euro,ED0-2,"Less than primary, primary and lower secondary education (levels 0-2)",T,Total,Y18-64,From 18 to 64 years,BG,Bulgaria,2024,,5067,,,,,
dataflow,ESTAT:ILC_DI08(1.0),Mean and median income by educational attainment level,A,Annual,MEAN_EI,Mean equivalised income,EUR,Euro,ED0-2,"Less than primary, primary and lower secondary education (levels 0-2)",T,Total,Y18-64,From 18 to 64 years,BG,Bulgaria,2025,,6118,,,,,
dataflow,ESTAT:ILC_DI08(1.0),Mean and median income by educational attainment level,A,Annual,MEAN_EI,Mean equivalised income,EUR,Euro,ED0-2,"Less than primary, primary and lower secondary education (levels 0-2)",T,Total,Y18-64,From 18 to 64 years,CH,Switzerland,2016,,38805,,,,,
dataflow,ESTAT:ILC_DI08(1.0),Mean and median income by educational attainment level,A,Annual,MEAN_EI,Mean equivalised income,EUR,Euro,ED0-2,"Less than primary, primary and lower secondary education (levels 0-2)",T,Total,Y18-64,From 18 to 64 years,CH,Switzerland,2017,,38963,,,,,
dataflow,ESTAT:ILC_DI08(1.0),Mean and median income by educational attainment level,A,Annual,MEAN_EI,Mean equivalised income,EUR,Euro,ED0-2,"Less than primary, primary and lower secondary education (levels 0-2)",T,Total,Y18-64,From 18 to 64 years,CH,Switzerland,2018,,38207,,,,,
dataflow,ESTAT:ILC_DI08(1.0),Mean and median income by educational attainment level,A,Annual,MEAN_EI,Mean equivalised income,EUR,Euro,ED0-2,"Less than primary, primary and lower secondary education (levels 0-2)",T,Total,Y18-64,From 18 to 64 years,CH,Switzerland,2019,,35700,,,,,
dataflow,ESTAT:ILC_DI08(1.0),Mean and median income by educational attainment level,A,Annual,MEAN_EI,Mean equivalised income,EUR,Euro,ED0-2,"Less than primary, primary and lower secondary education (levels 0-2)",T,Total,Y18-64,From 18 to 64 years,CH,Switzerland,2020,,36874,,,,,
dataflow,ESTAT:ILC_DI08(1.0),Mean and median income by educational attainment level,A,Annual,MEAN_EI,Mean equivalised income,EUR,Euro,ED0-2,"Less than primary, primary and lower secondary education (levels 0-2)",T,Total,Y18-64,From 18 to 64 years,CH,Switzerland,2021,,40292,,,,,
dataflow,ESTAT:ILC_DI08(1.0),Mean and median income by educational attainment level,A,Annual,MEAN_EI,Mean equivalised income,EUR,Euro,ED0-2,"Less than primary, primary and lower secondary education (levels 0-2)",T,Total,Y18-64,From 18 to 64 years,CH,Switzerland,2022,,38496,,,,,
dataflow,ESTAT:ILC_DI08(1.0),Mean and median income by educational attainment level,A,Annual,MEAN_EI,Mean equivalised income,EUR,Euro,ED0-2,"Less than primary, primary and lower secondary education (levels 0-2)",T,Total,Y18-64,From 18 to 64 years,CH,Switzerland,2023,,44282,,,,,
dataflow,ESTAT:ILC_DI08(1.0),Mean and median income by educational attainment level,A,Annual,MEAN_EI,Mean equivalised income,EUR,Euro,ED0-2,"Less than primary, primary and lower secondary education (levels 0-2)",T,Total,Y18-64,From 18 to 64 years,CH,Switzerland,2024,,44758,,,,,
dataflow,ESTAT:ILC_DI08(1.0),Mean and median income by educational attainment level,A,Annual,MEAN_EI,Mean equivalised income,EUR,Euro,ED0-2,"Less than primary, primary and lower secondary education (levels 0-2)",T,Total,Y18-64,From 18 to 64 years,CY,Cyprus,2016,,12608,,,,,
dataflow,ESTAT:ILC_DI08(1.0),Mean and median income by educational attainment level,A,Annual,MEAN_EI,Mean equivalised income,EUR,Euro,ED0-2,"Less than primary, primary and lower secondary education (levels 0-2)",T,Total,Y18-64,From 18 to 64 years,CY,Cyprus,2017,,12802,,,,,
dataflow,ESTAT:ILC_DI08(1.0),Mean and median income by educational attainment level,A,Annual,MEAN_EI,Mean equivalised income,EUR,Euro,ED0-2,"Less than primary, primary and lower secondary education (levels 0-2)",T,Total,Y18-64,From 18 to 64 years,CY,Cyprus,2018,,13279,,,,,
dataflow,ESTAT:ILC_DI08(1.0),Mean and median income by educational attainment level,A,Annual,MEAN_EI,Mean equivalised income,EUR,Euro,ED0-2,"Less than primary, primary and lower secondary education (levels 0-2)",T,Total,Y18-64,From 18 to 64 years,CY,Cyprus,2019,,14676,,,,,
dataflow,ESTAT:ILC_DI08(1.0),Mean and median income by educational attainment level,A,Annual,MEAN_EI,Mean equivalised income,EUR,Euro,ED0-2,"Less than primary, primary and lower secondary education (levels 0-2)",T,Total,Y18-64,From 18 to 64 years,CY,Cyprus,2020,,14970,,,,,
dataflow,ESTAT:ILC_DI08(1.0),Mean and median income by educational attainment level,A,Annual,MEAN_EI,Mean equivalised income,EUR,Euro,ED0-2,"Less than primary, primary and lower secondary education (levels 0-2)",T,Total,Y18-64,From 18 to 64 years,CY,Cyprus,2021,,15870,,,,,
dataflow,ESTAT:ILC_DI08(1.0),Mean and median income by educational attainment level,A,Annual,MEAN_EI,Mean equivalised income,EUR,Euro,ED0-2,"Less than primary, primary and lower secondary education (levels 0-2)",T,Total,Y18-64,From 18 to 64 years,CY,Cyprus,2022,,15857,,,,,
dataflow,ESTAT:ILC_DI08(1.0),Mean and median income by educational attainment level,A,Annual,MEAN_EI,Mean equivalised income,EUR,Euro,ED0-2,"Less than primary, primary and lower secondary education (levels 0-2)",T,Total,Y18-64,From 18 to 64 years,CY,Cyprus,2023,,17140,,,,,
dataflow,ESTAT:ILC_DI08(1.0),Mean and median income by educational attainment level,A,Annual,MEAN_EI,Mean equivalised income,EUR,Euro,ED0-2,"Less than primary, primary and lower secondary education (levels 0-2)",T,Total,Y18-64,From 18 to 64 years,CY,Cyprus,2024,,19217,,,,,
dataflow,ESTAT:ILC_DI08(1.0),Mean and median income by educational attainment level,A,Annual,MEAN_EI,Mean equivalised income,EUR,Euro,ED0-2,"Less than primary, primary and lower secondary education (levels 0-2)",T,Total,Y18-64,From 18 to 64 years,CY,Cyprus,2025,,19623,,,,,
dataflow,ESTAT:ILC_DI08(1.0),Mean and median income by educational attainment level,A,Annual,MEAN_EI,Mean equivalised income,EUR,Euro,ED0-2,"Less than primary, primary and lower secondary education (levels 0-2)",T,Total,Y18-64,From 18 to 64 years,CZ,Czechia,2016,,6764,,,,,
dataflow,ESTAT:ILC_DI08(1.0),Mean and median income by educational attainment level,A,Annual,MEAN_EI,Mean equivalised income,EUR,Euro,ED0-2,"Less than primary, primary and lower secondary education (levels 0-2)",T,Total,Y18-64,From 18 to 64 years,CZ,Czechia,2017,,7234,,,,,
dataflow,ESTAT:ILC_DI08(1.0),Mean and median income by educational attainment level,A,Annual,MEAN_EI,Mean equivalised income,EUR,Euro,ED0-2,"Less than primary, primary and lower secondary education (levels 0-2)",T,Total,Y18-64,From 18 to 64 years,CZ,Czechia,2018,,7924,,,,,
dataflow,ESTAT:ILC_DI08(1.0),Mean and median income by educational attainment level,A,Annual,MEAN_EI,Mean equivalised income,EUR,Euro,ED0-2,"Less than primary, primary and lower secondary education (levels 0-2)",T,Total,Y18-64,From 18 to 64 years,CZ,Czechia,2019,,9012,,,,,
dataflow,ESTAT:ILC_DI08(1.0),Mean and median income by educational attainment level,A,Annual,MEAN_EI,Mean equivalised income,EUR,Euro,ED0-2,"Less than primary, primary and lower secondary education (levels 0-2)",T,Total,Y18-64,From 18 to 64 years,CZ,Czechia,2020,,9614,,,,,
dataflow,ESTAT:ILC_DI08(1.0),Mean and median income by educational attainment level,A,Annual,MEAN_EI,Mean equivalised income,EUR,Euro,ED0-2,"Less than primary, primary and lower secondary education (levels 0-2)",T,Total,Y18-64,From 18 to 64 years,CZ,Czechia,2021,,9695,,,,,
dataflow,ESTAT:ILC_DI08(1.0),Mean and median income by educational attainment level,A,Annual,MEAN_EI,Mean equivalised income,EUR,Euro,ED0-2,"Less than primary, primary and lower secondary education (levels 0-2)",T,Total,Y18-64,From 18 to 64 years,CZ,Czechia,2022,,10958,,,,,
dataflow,ESTAT:ILC_DI08(1.0),Mean and median income by educational attainment level,A,Annual,MEAN_EI,Mean equivalised income,EUR,Euro,ED0-2,"Less than primary, primary and lower secondary education (levels 0-2)",T,Total,Y18-64,From 18 to 64 years,CZ,Czechia,2023,,11887,,,,,
dataflow,ESTAT:ILC_DI08(1.0),Mean and median income by educational attainment level,A,Annual,MEAN_EI,Mean equivalised income,EUR,Euro,ED0-2,"Less than primary, primary and lower secondary education (levels 0-2)",T,Total,Y18-64,From 18 to 64 years,CZ,Czechia,2024,,13229,,,,,
dataflow,ESTAT:ILC_DI08(1.0),Mean and median income by educational attainment level,A,Annual,MEAN_EI,Mean equivalised income,EUR,Euro,ED0-2,"Less than primary, primary and lower secondary education (levels 0-2)",T,Total,Y18-64,From 18 to 64 years,CZ,Czechia,2025,,13257,,,,,
dataflow,ESTAT:ILC_DI08(1.0),Mean and median income by educational attainment level,A,Annual,MEAN_EI,Mean equivalised income,EUR,Euro,ED0-2,"Less than primary, primary and lower secondary education (levels 0-2)",T,Total,Y18-64,From 18 to 64 years,DE,Germany,2016,,17578,,,,,
dataflow,ESTAT:ILC_DI08(1.0),Mean and median income by educational attainment level,A,Annual,MEAN_EI,Mean equivalised income,EUR,Euro,ED0-2,"Less than primary, primary and lower secondary education (levels 0-2)",T,Total,Y18-64,From 18 to 64 years,DE,Germany,2017,,18101,,,,,
dataflow,ESTAT:ILC_DI08(1.0),Mean and median income by educational attainment level,A,Annual,MEAN_EI,Mean equivalised income,EUR,Euro,ED0-2,"Less than primary, primary and lower secondary education (levels 0-2)",T,Total,Y18-64,From 18 to 64 years,DE,Germany,2018,,19276,,,,,
dataflow,ESTAT:ILC_DI08(1.0),Mean and median income by educational attainment level,A,Annual,MEAN_EI,Mean equivalised income,EUR,Euro,ED0-2,"Less than primary, primary and lower secondary education (levels 0-2)",T,Total,Y18-64,From 18 to 64 years,DE,Germany,2019,,19521,,,,,
dataflow,ESTAT:ILC_DI08(1.0),Mean and median income by educational attainment level,A,Annual,MEAN_EI,Mean equivalised income,EUR,Euro,ED0-2,"Less than primary, primary and lower secondary education (levels 0-2)",T,Total,Y18-64,From 18 to 64 years,DE,Germany,2020,,24020,,b,break in time series,,
dataflow,ESTAT:ILC_DI08(1.0),Mean and median income by educational attainment level,A,Annual,MEAN_EI,Mean equivalised income,EUR,Euro,ED0-2,"Less than primary, primary and lower secondary education (levels 0-2)",T,Total,Y18-64,From 18 to 64 years,DE,Germany,2021,,22677,,,,,
dataflow,ESTAT:ILC_DI08(1.0),Mean and median income by educational attainment level,A,Annual,MEAN_EI,Mean equivalised income,EUR,Euro,ED0-2,"Less than primary, primary and lower secondary education (levels 0-2)",T,Total,Y18-64,From 18 to 64 years,DE,Germany,2022,,22514,,,,,
dataflow,ESTAT:ILC_DI08(1.0),Mean and median income by educational attainment level,A,Annual,MEAN_EI,Mean equivalised income,EUR,Euro,ED0-2,"Less than primary, primary and lower secondary education (levels 0-2)",T,Total,Y18-64,From 18 to 64 years,DE,Germany,2023,,23687,,,,,
dataflow,ESTAT:ILC_DI08(1.0),Mean and median income by educational attainment level,A,Annual,MEAN_EI,Mean equivalised income,EUR,Euro,ED0-2,"Less than primary, primary and lower secondary education (levels 0-2)",T,Total,Y18-64,From 18 to 64 years,DE,Germany,2024,,24630,,,,,
dataflow,ESTAT:ILC_DI08(1.0),Mean and median income by educational attainment level,A,Annual,MEAN_EI,Mean equivalised income,EUR,Euro,ED0-2,"Less than primary, primary and lower secondary education (levels 0-2)",T,Total,Y18-64,From 18 to 64 years,DE,Germany,2025,,25275,,,,,
dataflow,ESTAT:ILC_DI08(1.0),Mean and median income by educational attainment level,A,Annual,MEAN_EI,Mean equivalised income,EUR,Euro,ED0-2,"Less than primary, primary and lower secondary education (levels 0-2)",T,Total,Y18-64,From 18 to 64 years,DK,Denmark,2016,,29457,,,,,
dataflow,ESTAT:ILC_DI08(1.0),Mean and median income by educational attainment level,A,Annual,MEAN_EI,Mean equivalised income,EUR,Euro,ED0-2,"Less than primary, primary and lower secondary education (levels 0-2)",T,Total,Y18-64,From 18 to 64 years,DK,Denmark,2017,,28743,,,,,
dataflow,ESTAT:ILC_DI08(1.0),Mean and median income by educational attainment level,A,Annual,MEAN_EI,Mean equivalised income,EUR,Euro,ED0-2,"Less than primary, primary and lower secondary education (levels 0-2)",T,Total,Y18-64,From 18 to 64 years,DK,Denmark,2018,,30684,,,,,
dataflow,ESTAT:ILC_DI08(1.0),Mean and median income by educational attainment level,A,Annual,MEAN_EI,Mean equivalised income,EUR,Euro,ED0-2,"Less than primary, primary and lower secondary education (levels 0-2)",T,Total,Y18-64,From 18 to 64 years,DK,Denmark,2019,,32748,,,,,
dataflow,ESTAT:ILC_DI08(1.0),Mean and median income by educational attainment level,A,Annual,MEAN_EI,Mean equivalised income,EUR,Euro,ED0-2,"Less than primary, primary and lower secondary education (levels 0-2)",T,Total,Y18-64,From 18 to 64 years,DK,Denmark,2020,,30093,,,,,
dataflow,ESTAT:ILC_DI08(1.0),Mean and median income by educational attainment level,A,Annual,MEAN_EI,Mean equivalised income,EUR,Euro,ED0-2,"Less than primary, primary and lower secondary education (levels 0-2)",T,Total,Y18-64,From 18 to 64 years,DK,Denmark,2021,,31276,,,,,
dataflow,ESTAT:ILC_DI08(1.0),Mean and median income by educational attainment level,A,Annual,MEAN_EI,Mean equivalised income,EUR,Euro,ED0-2,"Less than primary, primary and lower secondary education (levels 0-2)",T,Total,Y18-64,From 18 to 64 years,DK,Denmark,2022,,34441,,,,,
dataflow,ESTAT:ILC_DI08(1.0),Mean and median income by educational attainment level,A,Annual,MEAN_EI,Mean equivalised income,EUR,Euro,ED0-2,"Less than primary, primary and lower secondary education (levels 0-2)",T,Total,Y18-64,From 18 to 64 years,DK,Denmark,2023,,34889,,,,,
dataflow,ESTAT:ILC_DI08(1.0),Mean and median income by educational attainment level,A,Annual,MEAN_EI,Mean equivalised income,EUR,Euro,ED0-2,"Less than primary, primary and lower secondary education (levels 0-2)",T,Total,Y18-64,From 18 to 64 years,DK,Denmark,2024,,34695,,,,,
dataflow,ESTAT:ILC_DI08(1.0),Mean and median income by educational attainment level,A,Annual,MEAN_EI,Mean equivalised income,EUR,Euro,ED0-2,"Less than primary, primary and lower secondary education (levels 0-2)",T,Total,Y18-64,From 18 to 64 years,DK,Denmark,2025,,36189,,,,,
dataflow,ESTAT:ILC_DI08(1.0),Mean and median income by educational attainment level,A,Annual,MEAN_EI,Mean equivalised income,EUR,Euro,ED0-2,"Less than primary, primary and lower secondary education (levels 0-2)",T,Total,Y18-64,From 18 to 64 years,EA,"Euro area (EA11-1999, EA12-2001, EA13-2007, EA15-2008, EA16-2009, EA17-2011, EA18-2014, EA19-2015, EA20-2023, EA21-2026)",2016,,15057,,e,estimated,,
dataflow,ESTAT:ILC_DI08(1.0),Mean and median income by educational attainment level,A,Annual,MEAN_EI,Mean equivalised income,EUR,Euro,ED0-2,"Less than primary, primary and lower secondary education (levels 0-2)",T,Total,Y18-64,From 18 to 64 years,EA,"Euro area (EA11-1999, EA12-2001, EA13-2007, EA15-2008, EA16-2009, EA17-2011, EA18-2014, EA19-2015, EA20-2023, EA21-2026)",2017,,15637,,e,estimated,,
dataflow,ESTAT:ILC_DI08(1.0),Mean and median income by educational attainment level,A,Annual,MEAN_EI,Mean equivalised income,EUR,Euro,ED0-2,"Less than primary, primary and lower secondary education (levels 0-2)",T,Total,Y18-64,From 18 to 64 years,EA,"Euro area (EA11-1999, EA12-2001, EA13-2007, EA15-2008, EA16-2009, EA17-2011, EA18-2014, EA19-2015, EA20-2023, EA21-2026)",2018,,16149,,e,estimated,,
dataflow,ESTAT:ILC_DI08(1.0),Mean and median income by educational attainment level,A,Annual,MEAN_EI,Mean equivalised income,EUR,Euro,ED0-2,"Less than primary, primary and lower secondary education (levels 0-2)",T,Total,Y18-64,From 18 to 64 years,EA,"Euro area (EA11-1999, EA12-2001, EA13-2007, EA15-2008, EA16-2009, EA17-2011, EA18-2014, EA19-2015, EA20-2023, EA21-2026)",2019,,16455,,,,,
dataflow,ESTAT:ILC_DI08(1.0),Mean and median income by educational attainment level,A,Annual,MEAN_EI,Mean equivalised income,EUR,Euro,ED0-2,"Less than primary, primary and lower secondary education (levels 0-2)",T,Total,Y18-64,From 18 to 64 years,EA,"Euro area (EA11-1999, EA12-2001, EA13-2007, EA15-2008, EA16-2009, EA17-2011, EA18-2014, EA19-2015, EA20-2023, EA21-2026)",2020,,17544,,b,break in time series,,
dataflow,ESTAT:ILC_DI08(1.0),Mean and median income by educational attainment level,A,Annual,MEAN_EI,Mean equivalised income,EUR,Euro,ED0-2,"Less than primary, primary and lower secondary education (levels 0-2)",T,Total,Y18-64,From 18 to 64 years,EA,"Euro area (EA11-1999, EA12-2001, EA13-2007, EA15-2008, EA16-2009, EA17-2011, EA18-2014, EA19-2015, EA20-2023, EA21-2026)",2021,,17402,,,,,
dataflow,ESTAT:ILC_DI08(1.0),Mean and median income by educational attainment level,A,Annual,MEAN_EI,Mean equivalised income,EUR,Euro,ED0-2,"Less than primary, primary and lower secondary education (levels 0-2)",T,Total,Y18-64,From 18 to 64 years,EA18,Euro area - 18 countries (2014),2016,,15090,,,,,
dataflow,ESTAT:ILC_DI08(1.0),Mean and median income by educational attainment level,A,Annual,MEAN_EI,Mean equivalised income,EUR,Euro,ED0-2,"Less than primary, primary and lower secondary education (levels 0-2)",T,Total,Y18-64,From 18 to 64 years,EA18,Euro area - 18 countries (2014),2017,,15667,,,,,
dataflow,ESTAT:ILC_DI08(1.0),Mean and median income by educational attainment level,A,Annual,MEAN_EI,Mean equivalised income,EUR,Euro,ED0-2,"Less than primary, primary and lower secondary education (levels 0-2)",T,Total,Y18-64,From 18 to 64 years,EA18,Euro area - 18 countries (2014),2018,,16179,,,,,
dataflow,ESTAT:ILC_DI08(1.0),Mean and median income by educational attainment level,A,Annual,MEAN_EI,Mean equivalised income,EUR,Euro,ED0-2,"Less than primary, primary and lower secondary education (levels 0-2)",T,Total,Y18-64,From 18 to 64 years,EA18,Euro area - 18 countries (2014),2019,,16483,,,,,
dataflow,ESTAT:ILC_DI08(1.0),Mean and median income by educational attainment level,A,Annual,MEAN_EI,Mean equivalised income,EUR,Euro,ED0-2,"Less than primary, primary and lower secondary education (levels 0-2)",T,Total,Y18-64,From 18 to 64 years,EA18,Euro area - 18 countries (2014),2020,,17571,,b,break in time series,,
dataflow,ESTAT:ILC_DI08(1.0),Mean and median income by educational attainment level,A,Annual,MEAN_EI,Mean equivalised income,EUR,Euro,ED0-2,"Less than primary, primary and lower secondary education (levels 0-2)",T,Total,Y18-64,From 18 to 64 years,EA19,Euro area - 19 countries  (2015-2022),2016,,15057,,,,,
dataflow,ESTAT:ILC_DI08(1.0),Mean and median income by educational attainment level,A,Annual,MEAN_EI,Mean equivalised income,EUR,Euro,ED0-2,"Less than primary, primary and lower secondary education (levels 0-2)",T,Total,Y18-64,From 18 to 64 years,EA19,Euro area - 19 countries  (2015-2022),2017,,15637,,,,,
dataflow,ESTAT:ILC_DI08(1.0),Mean and median income by educational attainment level,A,Annual,MEAN_EI,Mean equivalised income,EUR,Euro,ED0-2,"Less than primary, primary and lower secondary education (levels 0-2)",T,Total,Y18-64,From 18 to 64 years,EA19,Euro area - 19 countries  (2015-2022),2018,,16149,,,,,
dataflow,ESTAT:ILC_DI08(1.0),Mean and median income by educational attainment level,A,Annual,MEAN_EI,Mean equivalised income,EUR,Euro,ED0-2,"Less than primary, primary and lower secondary education (levels 0-2)",T,Total,Y18-64,From 18 to 64 years,EA19,Euro area - 19 countries  (2015-2022),2019,,16455,,,,,
dataflow,ESTAT:ILC_DI08(1.0),Mean and median income by educational attainment level,A,Annual,MEAN_EI,Mean equivalised income,EUR,Euro,ED0-2,"Less than primary, primary and lower secondary education (levels 0-2)",T,Total,Y18-64,From 18 to 64 years,EA19,Euro area - 19 countries  (2015-2022),2020,,17544,,b,break in time series,,
dataflow,ESTAT:ILC_DI08(1.0),Mean and median income by educational attainment level,A,Annual,MEAN_EI,Mean equivalised income,EUR,Euro,ED0-2,"Less than primary, primary and lower secondary education (levels 0-2)",T,Total,Y18-64,From 18 to 64 years,EA19,Euro area - 19 countries  (2015-2022),2021,,17402,,,,,
dataflow,ESTAT:ILC_DI08(1.0),Mean and median income by educational attainment level,A,Annual,MEAN_EI,Mean equivalised income,EUR,Euro,ED0-2,"Less than primary, primary and lower secondary education (levels 0-2)",T,Total,Y18-64,From 18 to 64 years,EA20,Euro area – 20 countries (2023-2025),2016,,14967,,,,,
dataflow,ESTAT:ILC_DI08(1.0),Mean and median income by educational attainment level,A,Annual,MEAN_EI,Mean equivalised income,EUR,Euro,ED0-2,"Less than primary, primary and lower secondary education (levels 0-2)",T,Total,Y18-64,From 18 to 64 years,EA20,Euro area – 20 countries (2023-2025),2017,,15547,,,,,
dataflow,ESTAT:ILC_DI08(1.0),Mean and median income by educational attainment level,A,Annual,MEAN_EI,Mean equivalised income,EUR,Euro,ED0-2,"Less than primary, primary and lower secondary education (levels 0-2)",T,Total,Y18-64,From 18 to 64 years,EA20,Euro area – 20 countries (2023-2025),2018,,16065,,,,,
dataflow,ESTAT:ILC_DI08(1.0),Mean and median income by educational attainment level,A,Annual,MEAN_EI,Mean equivalised income,EUR,Euro,ED0-2,"Less than primary, primary and lower secondary education (levels 0-2)",T,Total,Y18-64,From 18 to 64 years,EA20,Euro area – 20 countries (2023-2025),2019,,16372,,,,,
dataflow,ESTAT:ILC_DI08(1.0),Mean and median income by educational attainment level,A,Annual,MEAN_EI,Mean equivalised income,EUR,Euro,ED0-2,"Less than primary, primary and lower secondary education (levels 0-2)",T,Total,Y18-64,From 18 to 64 years,EA20,Euro area – 20 countries (2023-2025),2020,,17473,,,,,
dataflow,ESTAT:ILC_DI08(1.0),Mean and median income by educational attainment level,A,Annual,MEAN_EI,Mean equivalised income,EUR,Euro,ED0-2,"Less than primary, primary and lower secondary education (levels 0-2)",T,Total,Y18-64,From 18 to 64 years,EA20,Euro area – 20 countries (2023-2025),2021,,17363,,,,,
dataflow,ESTAT:ILC_DI08(1.0),Mean and median income by educational attainment level,A,Annual,MEAN_EI,Mean equivalised income,EUR,Euro,ED0-2,"Less than primary, primary and lower secondary education (levels 0-2)",T,Total,Y18-64,From 18 to 64 years,EA20,Euro area – 20 countries (2023-2025),2022,,18143,,,,,
dataflow,ESTAT:ILC_DI08(1.0),Mean and median income by educational attainment level,A,Annual,MEAN_EI,Mean equivalised income,EUR,Euro,ED0-2,"Less than primary, primary and lower secondary education (levels 0-2)",T,Total,Y18-64,From 18 to 64 years,EA20,Euro area – 20 countries (2023-2025),2023,,19259,,,,,
dataflow,ESTAT:ILC_DI08(1.0),Mean and median income by educational attainment level,A,Annual,MEAN_EI,Mean equivalised income,EUR,Euro,ED0-2,"Less than primary, primary and lower secondary education (levels 0-2)",T,Total,Y18-64,From 18 to 64 years,EA20,Euro area – 20 countries (2023-2025),2024,,20205,,,,,
dataflow,ESTAT:ILC_DI08(1.0),Mean and median income by educational attainment level,A,Annual,MEAN_EI,Mean equivalised income,EUR,Euro,ED0-2,"Less than primary, primary and lower secondary education (levels 0-2)",T,Total,Y18-64,From 18 to 64 years,EA20,Euro area – 20 countries (2023-2025),2025,,21158,,,,,
dataflow,ESTAT:ILC_DI08(1.0),Mean and median income by educational attainment level,A,Annual,MEAN_EI,Mean equivalised income,EUR,Euro,ED0-2,"Less than primary, primary and lower secondary education (levels 0-2)",T,Total,Y18-64,From 18 to 64 years,EA21,Euro area – 21 countries (from 2026),2025,,20945,,,,,
dataflow,ESTAT:ILC_DI08(1.0),Mean and median income by educational attainment level,A,Annual,MEAN_EI,Mean equivalised income,EUR,Euro,ED0-2,"Less than primary, primary and lower secondary education (levels 0-2)",T,Total,Y18-64,From 18 to 64 years,EE,Estonia,2016,,7958,,,,,
dataflow,ESTAT:ILC_DI08(1.0),Mean and median income by educational attainment level,A,Annual,MEAN_EI,Mean equivalised income,EUR,Euro,ED0-2,"Less than primary, primary and lower secondary education (levels 0-2)",T,Total,Y18-64,From 18 to 64 years,EE,Estonia,2017,,8482,,,,,
dataflow,ESTAT:ILC_DI08(1.0),Mean and median income by educational attainment level,A,Annual,MEAN_EI,Mean equivalised income,EUR,Euro,ED0-2,"Less than primary, primary and lower secondary education (levels 0-2)",T,Total,Y18-64,From 18 to 64 years,EE,Estonia,2018,,9370,,,,,
dataflow,ESTAT:ILC_DI08(1.0),Mean and median income by educational attainment level,A,Annual,MEAN_EI,Mean equivalised income,EUR,Euro,ED0-2,"Less than primary, primary and lower secondary education (levels 0-2)",T,Total,Y18-64,From 18 to 64 years,EE,Estonia,2019,,10104,,,,,
dataflow,ESTAT:ILC_DI08(1.0),Mean and median income by educational attainment level,A,Annual,MEAN_EI,Mean equivalised income,EUR,Euro,ED0-2,"Less than primary, primary and lower secondary education (levels 0-2)",T,Total,Y18-64,From 18 to 64 years,EE,Estonia,2020,,11165,,,,,
dataflow,ESTAT:ILC_DI08(1.0),Mean and median income by educational attainment level,A,Annual,MEAN_EI,Mean equivalised income,EUR,Euro,ED0-2,"Less than primary, primary and lower secondary education (levels 0-2)",T,Total,Y18-64,From 18 to 64 years,EE,Estonia,2021,,11475,,,,,
dataflow,ESTAT:ILC_DI08(1.0),Mean and median income by educational attainment level,A,Annual,MEAN_EI,Mean equivalised income,EUR,Euro,ED0-2,"Less than primary, primary and lower secondary education (levels 0-2)",T,Total,Y18-64,From 18 to 64 years,EE,Estonia,2022,,13352,,,,,
dataflow,ESTAT:ILC_DI08(1.0),Mean and median income by educational attainment level,A,Annual,MEAN_EI,Mean equivalised income,EUR,Euro,ED0-2,"Less than primary, primary and lower secondary education (levels 0-2)",T,Total,Y18-64,From 18 to 64 years,EE,Estonia,2023,,14043,,,,,
dataflow,ESTAT:ILC_DI08(1.0),Mean and median income by educational attainment level,A,Annual,MEAN_EI,Mean equivalised income,EUR,Euro,ED0-2,"Less than primary, primary and lower secondary education (levels 0-2)",T,Total,Y18-64,From 18 to 64 years,EE,Estonia,2024,,14781,,,,,
dataflow,ESTAT:ILC_DI08(1.0),Mean and median income by educational attainment level,A,Annual,MEAN_EI,Mean equivalised income,EUR,Euro,ED0-2,"Less than primary, primary and lower secondary education (levels 0-2)",T,Total,Y18-64,From 18 to 64 years,EE,Estonia,2025,,15581,,,,,
dataflow,ESTAT:ILC_DI08(1.0),Mean and median income by educational attainment level,A,Annual,MEAN_EI,Mean equivalised income,EUR,Euro,ED0-2,"Less than primary, primary and lower secondary education (levels 0-2)",T,Total,Y18-64,From 18 to 64 years,EL,Greece,2016,,6367,,,,,
dataflow,ESTAT:ILC_DI08(1.0),Mean and median income by educational attainment level,A,Annual,MEAN_EI,Mean equivalised income,EUR,Euro,ED0-2,"Less than primary, primary and lower secondary education (levels 0-2)",T,Total,Y18-64,From 18 to 64 years,EL,Greece,2017,,6677,,,,,
dataflow,ESTAT:ILC_DI08(1.0),Mean and median income by educational attainment level,A,Annual,MEAN_EI,Mean equivalised income,EUR,Euro,ED0-2,"Less than primary, primary and lower secondary education (levels 0-2)",T,Total,Y18-64,From 18 to 64 years,EL,Greece,2018,,6896,,,,,
dataflow,ESTAT:ILC_DI08(1.0),Mean and median income by educational attainment level,A,Annual,MEAN_EI,Mean equivalised income,EUR,Euro,ED0-2,"Less than primary, primary and lower secondary education (levels 0-2)",T,Total,Y18-64,From 18 to 64 years,EL,Greece,2019,,7386,,,,,
dataflow,ESTAT:ILC_DI08(1.0),Mean and median income by educational attainment level,A,Annual,MEAN_EI,Mean equivalised income,EUR,Euro,ED0-2,"Less than primary, primary and lower secondary education (levels 0-2)",T,Total,Y18-64,From 18 to 64 years,EL,Greece,2020,,7568,,,,,
dataflow,ESTAT:ILC_DI08(1.0),Mean and median income by educational attainment level,A,Annual,MEAN_EI,Mean equivalised income,EUR,Euro,ED0-2,"Less than primary, primary and lower secondary education (levels 0-2)",T,Total,Y18-64,From 18 to 64 years,EL,Greece,2021,,7376,,,,,
dataflow,ESTAT:ILC_DI08(1.0),Mean and median income by educational attainment level,A,Annual,MEAN_EI,Mean equivalised income,EUR,Euro,ED0-2,"Less than primary, primary and lower secondary education (levels 0-2)",T,Total,Y18-64,From 18 to 64 years,EL,Greece,2022,,8143,,,,,
dataflow,ESTAT:ILC_DI08(1.0),Mean and median income by educational attainment level,A,Annual,MEAN_EI,Mean equivalised income,EUR,Euro,ED0-2,"Less than primary, primary and lower secondary education (levels 0-2)",T,Total,Y18-64,From 18 to 64 years,EL,Greece,2023,,8742,,,,,
dataflow,ESTAT:ILC_DI08(1.0),Mean and median income by educational attainment level,A,Annual,MEAN_EI,Mean equivalised income,EUR,Euro,ED0-2,"Less than primary, primary and lower secondary education (levels 0-2)",T,Total,Y18-64,From 18 to 64 years,EL,Greece,2024,,9528,,,,,
dataflow,ESTAT:ILC_DI08(1.0),Mean and median income by educational attainment level,A,Annual,MEAN_EI,Mean equivalised income,EUR,Euro,ED0-2,"Less than primary, primary and lower secondary education (levels 0-2)",T,Total,Y18-64,From 18 to 64 years,EL,Greece,2025,,10629,,,,,
dataflow,ESTAT:ILC_DI08(1.0),Mean and median income by educational attainment level,A,Annual,MEAN_EI,Mean equivalised income,EUR,Euro,ED0-2,"Less than primary, primary and lower secondary education (levels 0-2)",T,Total,Y18-64,From 18 to 64 years,ES,Spain,2016,,11847,,,,,
dataflow,ESTAT:ILC_DI08(1.0),Mean and median income by educational attainment level,A,Annual,MEAN_EI,Mean equivalised income,EUR,Euro,ED0-2,"Less than primary, primary and lower secondary education (levels 0-2)",T,Total,Y18-64,From 18 to 64 years,ES,Spain,2017,,12395,,,,,
dataflow,ESTAT:ILC_DI08(1.0),Mean and median income by educational attainment level,A,Annual,MEAN_EI,Mean equivalised income,EUR,Euro,ED0-2,"Less than primary, primary and lower secondary education (levels 0-2)",T,Total,Y18-64,From 18 to 64 years,ES,Spain,2018,,12833,,,,,
dataflow,ESTAT:ILC_DI08(1.0),Mean and median income by educational attainment level,A,Annual,MEAN_EI,Mean equivalised income,EUR,Euro,ED0-2,"Less than primary, primary and lower secondary education (levels 0-2)",T,Total,Y18-64,From 18 to 64 years,ES,Spain,2019,,13252,,,,,
dataflow,ESTAT:ILC_DI08(1.0),Mean and median income by educational attainment level,A,Annual,MEAN_EI,Mean equivalised income,EUR,Euro,ED0-2,"Less than primary, primary and lower secondary education (levels 0-2)",T,Total,Y18-64,From 18 to 64 years,ES,Spain,2020,,14035,,,,,
dataflow,ESTAT:ILC_DI08(1.0),Mean and median income by educational attainment level,A,Annual,MEAN_EI,Mean equivalised income,EUR,Euro,ED0-2,"Less than primary, primary and lower secondary education (levels 0-2)",T,Total,Y18-64,From 18 to 64 years,ES,Spain,2021,,13550,,,,,
dataflow,ESTAT:ILC_DI08(1.0),Mean and median income by educational attainment level,A,Annual,MEAN_EI,Mean equivalised income,EUR,Euro,ED0-2,"Less than primary, primary and lower secondary education (levels 0-2)",T,Total,Y18-64,From 18 to 64 years,ES,Spain,2022,,14712,,,,,
dataflow,ESTAT:ILC_DI08(1.0),Mean and median income by educational attainment level,A,Annual,MEAN_EI,Mean equivalised income,EUR,Euro,ED0-2,"Less than primary, primary and lower secondary education (levels 0-2)",T,Total,Y18-64,From 18 to 64 years,ES,Spain,2023,,15769,,,,,
dataflow,ESTAT:ILC_DI08(1.0),Mean and median income by educational attainment level,A,Annual,MEAN_EI,Mean equivalised income,EUR,Euro,ED0-2,"Less than primary, primary and lower secondary education (levels 0-2)",T,Total,Y18-64,From 18 to 64 years,ES,Spain,2024,,16860,,,,,
dataflow,ESTAT:ILC_DI08(1.0),Mean and median income by educational attainment level,A,Annual,MEAN_EI,Mean equivalised income,EUR,Euro,ED0-2,"Less than primary, primary and lower secondary education (levels 0-2)",T,Total,Y18-64,From 18 to 64 years,ES,Spain,2025,,17851,,,,,
dataflow,ESTAT:ILC_DI08(1.0),Mean and median income by educational attainment level,A,Annual,MEAN_EI,Mean equivalised income,EUR,Euro,ED0-2,"Less than primary, primary and lower secondary education (levels 0-2)",T,Total,Y18-64,From 18 to 64 years,EU,"European Union (EU6-1958, EU9-1973, EU10-1981, EU12-1986, EU15-1995, EU25-2004, EU27-2007, EU28-2013, EU27-2020)",2016,,14501,,e,estimated,,
dataflow,ESTAT:ILC_DI08(1.0),Mean and median income by educational attainment level,A,Annual,MEAN_EI,Mean equivalised income,EUR,Euro,ED0-2,"Less than primary, primary and lower secondary education (levels 0-2)",T,Total,Y18-64,From 18 to 64 years,EU,"European Union (EU6-1958, EU9-1973, EU10-1981, EU12-1986, EU15-1995, EU25-2004, EU27-2007, EU28-2013, EU27-2020)",2017,,14441,,e,estimated,,
dataflow,ESTAT:ILC_DI08(1.0),Mean and median income by educational attainment level,A,Annual,MEAN_EI,Mean equivalised income,EUR,Euro,ED0-2,"Less than primary, primary and lower secondary education (levels 0-2)",T,Total,Y18-64,From 18 to 64 years,EU,"European Union (EU6-1958, EU9-1973, EU10-1981, EU12-1986, EU15-1995, EU25-2004, EU27-2007, EU28-2013, EU27-2020)",2018,,15262,,e,estimated,,
dataflow,ESTAT:ILC_DI08(1.0),Mean and median income by educational attainment level,A,Annual,MEAN_EI,Mean equivalised income,EUR,Euro,ED0-2,"Less than primary, primary and lower secondary education (levels 0-2)",T,Total,Y18-64,From 18 to 64 years,EU,"European Union (EU6-1958, EU9-1973, EU10-1981, EU12-1986, EU15-1995, EU25-2004, EU27-2007, EU28-2013, EU27-2020)",2019,,15609,,e,estimated,,
dataflow,ESTAT:ILC_DI08(1.0),Mean and median income by educational attainment level,A,Annual,MEAN_EI,Mean equivalised income,EUR,Euro,ED0-2,"Less than primary, primary and lower secondary education (levels 0-2)",T,Total,Y18-64,From 18 to 64 years,EU27_2007,European Union - 27 countries (2007-2013),2016,,14562,,,,,
dataflow,ESTAT:ILC_DI08(1.0),Mean and median income by educational attainment level,A,Annual,MEAN_EI,Mean equivalised income,EUR,Euro,ED0-2,"Less than primary, primary and lower secondary education (levels 0-2)",T,Total,Y18-64,From 18 to 64 years,EU27_2007,European Union - 27 countries (2007-2013),2017,,14506,,,,,
dataflow,ESTAT:ILC_DI08(1.0),Mean and median income by educational attainment level,A,Annual,MEAN_EI,Mean equivalised income,EUR,Euro,ED0-2,"Less than primary, primary and lower secondary education (levels 0-2)",T,Total,Y18-64,From 18 to 64 years,EU27_2007,European Union - 27 countries (2007-2013),2018,,15323,,,,,
dataflow,ESTAT:ILC_DI08(1.0),Mean and median income by educational attainment level,A,Annual,MEAN_EI,Mean equivalised income,EUR,Euro,ED0-2,"Less than primary, primary and lower secondary education (levels 0-2)",T,Total,Y18-64,From 18 to 64 years,EU27_2007,European Union - 27 countries (2007-2013),2019,,15667,,e,estimated,,
dataflow,ESTAT:ILC_DI08(1.0),Mean and median income by educational attainment level,A,Annual,MEAN_EI,Mean equivalised income,EUR,Euro,ED0-2,"Less than primary, primary and lower secondary education (levels 0-2)",T,Total,Y18-64,From 18 to 64 years,EU27_2020,European Union - 27 countries (from 2020),2016,,13457,,e,estimated,,
dataflow,ESTAT:ILC_DI08(1.0),Mean and median income by educational attainment level,A,Annual,MEAN_EI,Mean equivalised income,EUR,Euro,ED0-2,"Less than primary, primary and lower secondary education (levels 0-2)",T,Total,Y18-64,From 18 to 64 years,EU27_2020,European Union - 27 countries (from 2020),2017,,14257,,e,estimated,,
dataflow,ESTAT:ILC_DI08(1.0),Mean and median income by educational attainment level,A,Annual,MEAN_EI,Mean equivalised income,EUR,Euro,ED0-2,"Less than primary, primary and lower secondary education (levels 0-2)",T,Total,Y18-64,From 18 to 64 years,EU27_2020,European Union - 27 countries (from 2020),2018,,14838,,e,estimated,,
dataflow,ESTAT:ILC_DI08(1.0),Mean and median income by educational attainment level,A,Annual,MEAN_EI,Mean equivalised income,EUR,Euro,ED0-2,"Less than primary, primary and lower secondary education (levels 0-2)",T,Total,Y18-64,From 18 to 64 years,EU27_2020,European Union - 27 countries (from 2020),2019,,15198,,,,,
dataflow,ESTAT:ILC_DI08(1.0),Mean and median income by educational attainment level,A,Annual,MEAN_EI,Mean equivalised income,EUR,Euro,ED0-2,"Less than primary, primary and lower secondary education (levels 0-2)",T,Total,Y18-64,From 18 to 64 years,EU27_2020,European Union - 27 countries (from 2020),2020,,16223,,,,,
dataflow,ESTAT:ILC_DI08(1.0),Mean and median income by educational attainment level,A,Annual,MEAN_EI,Mean equivalised income,EUR,Euro,ED0-2,"Less than primary, primary and lower secondary education (levels 0-2)",T,Total,Y18-64,From 18 to 64 years,EU27_2020,European Union - 27 countries (from 2020),2021,,16178,,,,,
dataflow,ESTAT:ILC_DI08(1.0),Mean and median income by educational attainment level,A,Annual,MEAN_EI,Mean equivalised income,EUR,Euro,ED0-2,"Less than primary, primary and lower secondary education (levels 0-2)",T,Total,Y18-64,From 18 to 64 years,EU27_2020,European Union - 27 countries (from 2020),2022,,17011,,,,,
dataflow,ESTAT:ILC_DI08(1.0),Mean and median income by educational attainment level,A,Annual,MEAN_EI,Mean equivalised income,EUR,Euro,ED0-2,"Less than primary, primary and lower secondary education (levels 0-2)",T,Total,Y18-64,From 18 to 64 years,EU27_2020,European Union - 27 countries (from 2020),2023,,18143,,,,,
dataflow,ESTAT:ILC_DI08(1.0),Mean and median income by educational attainment level,A,Annual,MEAN_EI,Mean equivalised income,EUR,Euro,ED0-2,"Less than primary, primary and lower secondary education (levels 0-2)",T,Total,Y18-64,From 18 to 64 years,EU27_2020,European Union - 27 countries (from 2020),2024,,19110,,,,,
dataflow,ESTAT:ILC_DI08(1.0),Mean and median income by educational attainment level,A,Annual,MEAN_EI,Mean equivalised income,EUR,Euro,ED0-2,"Less than primary, primary and lower secondary education (levels 0-2)",T,Total,Y18-64,From 18 to 64 years,EU27_2020,European Union - 27 countries (from 2020),2025,,20029,,,,,
dataflow,ESTAT:ILC_DI08(1.0),Mean and median income by educational attainment level,A,Annual,MEAN_EI,Mean equivalised income,EUR,Euro,ED0-2,"Less than primary, primary and lower secondary education (levels 0-2)",T,Total,Y18-64,From 18 to 64 years,EU28,European Union - 28 countries (2013-2020),2016,,14501,,,,,
dataflow,ESTAT:ILC_DI08(1.0),Mean and median income by educational attainment level,A,Annual,MEAN_EI,Mean equivalised income,EUR,Euro,ED0-2,"Less than primary, primary and lower secondary education (levels 0-2)",T,Total,Y18-64,From 18 to 64 years,EU28,European Union - 28 countries (2013-2020),2017,,14441,,,,,
dataflow,ESTAT:ILC_DI08(1.0),Mean and median income by educational attainment level,A,Annual,MEAN_EI,Mean equivalised income,EUR,Euro,ED0-2,"Less than primary, primary and lower secondary education (levels 0-2)",T,Total,Y18-64,From 18 to 64 years,EU28,European Union - 28 countries (2013-2020),2018,,15262,,,,,
dataflow,ESTAT:ILC_DI08(1.0),Mean and median income by educational attainment level,A,Annual,MEAN_EI,Mean equivalised income,EUR,Euro,ED0-2,"Less than primary, primary and lower secondary education (levels 0-2)",T,Total,Y18-64,From 18 to 64 years,EU28,European Union - 28 countries (2013-2020),2019,,15609,,e,estimated,,
dataflow,ESTAT:ILC_DI08(1.0),Mean and median income by educational attainment level,A,Annual,MEAN_EI,Mean equivalised income,EUR,Euro,ED0-2,"Less than primary, primary and lower secondary education (levels 0-2)",T,Total,Y18-64,From 18 to 64 years,FI,Finland,2016,,23283,,,,,
dataflow,ESTAT:ILC_DI08(1.0),Mean and median income by educational attainment level,A,Annual,MEAN_EI,Mean equivalised income,EUR,Euro,ED0-2,"Less than primary, primary and lower secondary education (levels 0-2)",T,Total,Y18-64,From 18 to 64 years,FI,Finland,2017,,24203,,,,,
dataflow,ESTAT:ILC_DI08(1.0),Mean and median income by educational attainment level,A,Annual,MEAN_EI,Mean equivalised income,EUR,Euro,ED0-2,"Less than primary, primary and lower secondary education (levels 0-2)",T,Total,Y18-64,From 18 to 64 years,FI,Finland,2018,,24365,,,,,
dataflow,ESTAT:ILC_DI08(1.0),Mean and median income by educational attainment level,A,Annual,MEAN_EI,Mean equivalised income,EUR,Euro,ED0-2,"Less than primary, primary and lower secondary education (levels 0-2)",T,Total,Y18-64,From 18 to 64 years,FI,Finland,2019,,24150,,,,,
dataflow,ESTAT:ILC_DI08(1.0),Mean and median income by educational attainment level,A,Annual,MEAN_EI,Mean equivalised income,EUR,Euro,ED0-2,"Less than primary, primary and lower secondary education (levels 0-2)",T,Total,Y18-64,From 18 to 64 years,FI,Finland,2020,,25126,,,,,
dataflow,ESTAT:ILC_DI08(1.0),Mean and median income by educational attainment level,A,Annual,MEAN_EI,Mean equivalised income,EUR,Euro,ED0-2,"Less than primary, primary and lower secondary education (levels 0-2)",T,Total,Y18-64,From 18 to 64 years,FI,Finland,2021,,26241,,,,,
dataflow,ESTAT:ILC_DI08(1.0),Mean and median income by educational attainment level,A,Annual,MEAN_EI,Mean equivalised income,EUR,Euro,ED0-2,"Less than primary, primary and lower secondary education (levels 0-2)",T,Total,Y18-64,From 18 to 64 years,FI,Finland,2022,,26461,,,,,
dataflow,ESTAT:ILC_DI08(1.0),Mean and median income by educational attainment level,A,Annual,MEAN_EI,Mean equivalised income,EUR,Euro,ED0-2,"Less than primary, primary and lower secondary education (levels 0-2)",T,Total,Y18-64,From 18 to 64 years,FI,Finland,2023,,29246,,,,,
dataflow,ESTAT:ILC_DI08(1.0),Mean and median income by educational attainment level,A,Annual,MEAN_EI,Mean equivalised income,EUR,Euro,ED0-2,"Less than primary, primary and lower secondary education (levels 0-2)",T,Total,Y18-64,From 18 to 64 years,FI,Finland,2024,,29150,,,,,
dataflow,ESTAT:ILC_DI08(1.0),Mean and median income by educational attainment level,A,Annual,MEAN_EI,Mean equivalised income,EUR,Euro,ED0-2,"Less than primary, primary and lower secondary education (levels 0-2)",T,Total,Y18-64,From 18 to 64 years,FI,Finland,2025,,28501,,,,,
dataflow,ESTAT:ILC_DI08(1.0),Mean and median income by educational attainment level,A,Annual,MEAN_EI,Mean equivalised income,EUR,Euro,ED0-2,"Less than primary, primary and lower secondary education (levels 0-2)",T,Total,Y18-64,From 18 to 64 years,FR,France,2016,,20751,,,,,
dataflow,ESTAT:ILC_DI08(1.0),Mean and median income by educational attainment level,A,Annual,MEAN_EI,Mean equivalised income,EUR,Euro,ED0-2,"Less than primary, primary and lower secondary education (levels 0-2)",T,Total,Y18-64,From 18 to 64 years,FR,France,2017,,21218,,,,,
dataflow,ESTAT:ILC_DI08(1.0),Mean and median income by educational attainment level,A,Annual,MEAN_EI,Mean equivalised income,EUR,Euro,ED0-2,"Less than primary, primary and lower secondary education (levels 0-2)",T,Total,Y18-64,From 18 to 64 years,FR,France,2018,,21580,,,,,
dataflow,ESTAT:ILC_DI08(1.0),Mean and median income by educational attainment level,A,Annual,MEAN_EI,Mean equivalised income,EUR,Euro,ED0-2,"Less than primary, primary and lower secondary education (levels 0-2)",T,Total,Y18-64,From 18 to 64 years,FR,France,2019,,21261,,,,,
dataflow,ESTAT:ILC_DI08(1.0),Mean and median income by educational attainment level,A,Annual,MEAN_EI,Mean equivalised income,EUR,Euro,ED0-2,"Less than primary, primary and lower secondary education (levels 0-2)",T,Total,Y18-64,From 18 to 64 years,FR,France,2020,,19329,,b,break in time series,,
dataflow,ESTAT:ILC_DI08(1.0),Mean and median income by educational attainment level,A,Annual,MEAN_EI,Mean equivalised income,EUR,Euro,ED0-2,"Less than primary, primary and lower secondary education (levels 0-2)",T,Total,Y18-64,From 18 to 64 years,FR,France,2021,,19866,,,,,
dataflow,ESTAT:ILC_DI08(1.0),Mean and median income by educational attainment level,A,Annual,MEAN_EI,Mean equivalised income,EUR,Euro,ED0-2,"Less than primary, primary and lower secondary education (levels 0-2)",T,Total,Y18-64,From 18 to 64 years,FR,France,2022,,19894,,b,break in time series,,
dataflow,ESTAT:ILC_DI08(1.0),Mean and median income by educational attainment level,A,Annual,MEAN_EI,Mean equivalised income,EUR,Euro,ED0-2,"Less than primary, primary and lower secondary education (levels 0-2)",T,Total,Y18-64,From 18 to 64 years,FR,France,2023,,20832,,,,,
dataflow,ESTAT:ILC_DI08(1.0),Mean and median income by educational attainment level,A,Annual,MEAN_EI,Mean equivalised income,EUR,Euro,ED0-2,"Less than primary, primary and lower secondary education (levels 0-2)",T,Total,Y18-64,From 18 to 64 years,FR,France,2024,,21417,,,,,
dataflow,ESTAT:ILC_DI08(1.0),Mean and median income by educational attainment level,A,Annual,MEAN_EI,Mean equivalised income,EUR,Euro,ED0-2,"Less than primary, primary and lower secondary education (levels 0-2)",T,Total,Y18-64,From 18 to 64 years,FR,France,2025,,22371,,,,,
dataflow,ESTAT:ILC_DI08(1.0),Mean and median income by educational attainment level,A,Annual,MEAN_EI,Mean equivalised income,EUR,Euro,ED0-2,"Less than primary, primary and lower secondary education (levels 0-2)",T,Total,Y18-64,From 18 to 64 years,HR,Croatia,2016,,4812,,,,,
dataflow,ESTAT:ILC_DI08(1.0),Mean and median income by educational attainment level,A,Annual,MEAN_EI,Mean equivalised income,EUR,Euro,ED0-2,"Less than primary, primary and lower secondary education (levels 0-2)",T,Total,Y18-64,From 18 to 64 years,HR,Croatia,2017,,5088,,,,,
dataflow,ESTAT:ILC_DI08(1.0),Mean and median income by educational attainment level,A,Annual,MEAN_EI,Mean equivalised income,EUR,Euro,ED0-2,"Less than primary, primary and lower secondary education (levels 0-2)",T,Total,Y18-64,From 18 to 64 years,HR,Croatia,2018,,5382,,,,,
dataflow,ESTAT:ILC_DI08(1.0),Mean and median income by educational attainment level,A,Annual,MEAN_EI,Mean equivalised income,EUR,Euro,ED0-2,"Less than primary, primary and lower secondary education (levels 0-2)",T,Total,Y18-64,From 18 to 64 years,HR,Croatia,2019,,5900,,,,,
dataflow,ESTAT:ILC_DI08(1.0),Mean and median income by educational attainment level,A,Annual,MEAN_EI,Mean equivalised income,EUR,Euro,ED0-2,"Less than primary, primary and lower secondary education (levels 0-2)",T,Total,Y18-64,From 18 to 64 years,HR,Croatia,2020,,6530,,,,,
dataflow,ESTAT:ILC_DI08(1.0),Mean and median income by educational attainment level,A,Annual,MEAN_EI,Mean equivalised income,EUR,Euro,ED0-2,"Less than primary, primary and lower secondary education (levels 0-2)",T,Total,Y18-64,From 18 to 64 years,HR,Croatia,2021,,6618,,,,,
dataflow,ESTAT:ILC_DI08(1.0),Mean and median income by educational attainment level,A,Annual,MEAN_EI,Mean equivalised income,EUR,Euro,ED0-2,"Less than primary, primary and lower secondary education (levels 0-2)",T,Total,Y18-64,From 18 to 64 years,HR,Croatia,2022,,7194,,,,,
dataflow,ESTAT:ILC_DI08(1.0),Mean and median income by educational attainment level,A,Annual,MEAN_EI,Mean equivalised income,EUR,Euro,ED0-2,"Less than primary, primary and lower secondary education (levels 0-2)",T,Total,Y18-64,From 18 to 64 years,HR,Croatia,2023,,7999,,b,break in time series,,
dataflow,ESTAT:ILC_DI08(1.0),Mean and median income by educational attainment level,A,Annual,MEAN_EI,Mean equivalised income,EUR,Euro,ED0-2,"Less than primary, primary and lower secondary education (levels 0-2)",T,Total,Y18-64,From 18 to 64 years,HR,Croatia,2024,,9866,,b,break in time series,,
dataflow,ESTAT:ILC_DI08(1.0),Mean and median income by educational attainment level,A,Annual,MEAN_EI,Mean equivalised income,EUR,Euro,ED0-2,"Less than primary, primary and lower secondary education (levels 0-2)",T,Total,Y18-64,From 18 to 64 years,HR,Croatia,2025,,11983,,,,,
dataflow,ESTAT:ILC_DI08(1.0),Mean and median income by educational attainment level,A,Annual,MEAN_EI,Mean equivalised income,EUR,Euro,ED0-2,"Less than primary, primary and lower secondary education (levels 0-2)",T,Total,Y18-64,From 18 to 64 years,HU,Hungary,2016,,3922,,,,,
dataflow,ESTAT:ILC_DI08(1.0),Mean and median income by educational attainment level,A,Annual,MEAN_EI,Mean equivalised income,EUR,Euro,ED0-2,"Less than primary, primary and lower secondary education (levels 0-2)",T,Total,Y18-64,From 18 to 64 years,HU,Hungary,2017,,4166,,,,,
dataflow,ESTAT:ILC_DI08(1.0),Mean and median income by educational attainment level,A,Annual,MEAN_EI,Mean equivalised income,EUR,Euro,ED0-2,"Less than primary, primary and lower secondary education (levels 0-2)",T,Total,Y18-64,From 18 to 64 years,HU,Hungary,2018,,4329,,,,,
dataflow,ESTAT:ILC_DI08(1.0),Mean and median income by educational attainment level,A,Annual,MEAN_EI,Mean equivalised income,EUR,Euro,ED0-2,"Less than primary, primary and lower secondary education (levels 0-2)",T,Total,Y18-64,From 18 to 64 years,HU,Hungary,2019,,4740,,b,break in time series,,
dataflow,ESTAT:ILC_DI08(1.0),Mean and median income by educational attainment level,A,Annual,MEAN_EI,Mean equivalised income,EUR,Euro,ED0-2,"Less than primary, primary and lower secondary education (levels 0-2)",T,Total,Y18-64,From 18 to 64 years,HU,Hungary,2020,,4774,,,,,
dataflow,ESTAT:ILC_DI08(1.0),Mean and median income by educational attainment level,A,Annual,MEAN_EI,Mean equivalised income,EUR,Euro,ED0-2,"Less than primary, primary and lower secondary education (levels 0-2)",T,Total,Y18-64,From 18 to 64 years,HU,Hungary,2021,,5190,,,,,
dataflow,ESTAT:ILC_DI08(1.0),Mean and median income by educational attainment level,A,Annual,MEAN_EI,Mean equivalised income,EUR,Euro,ED0-2,"Less than primary, primary and lower secondary education (levels 0-2)",T,Total,Y18-64,From 18 to 64 years,HU,Hungary,2022,,5643,,,,,
dataflow,ESTAT:ILC_DI08(1.0),Mean and median income by educational attainment level,A,Annual,MEAN_EI,Mean equivalised income,EUR,Euro,ED0-2,"Less than primary, primary and lower secondary education (levels 0-2)",T,Total,Y18-64,From 18 to 64 years,HU,Hungary,2023,,5847,,,,,
dataflow,ESTAT:ILC_DI08(1.0),Mean and median income by educational attainment level,A,Annual,MEAN_EI,Mean equivalised income,EUR,Euro,ED0-2,"Less than primary, primary and lower secondary education (levels 0-2)",T,Total,Y18-64,From 18 to 64 years,HU,Hungary,2024,,6620,,,,,
dataflow,ESTAT:ILC_DI08(1.0),Mean and median income by educational attainment level,A,Annual,MEAN_EI,Mean equivalised income,EUR,Euro,ED0-2,"Less than primary, primary and lower secondary education (levels 0-2)",T,Total,Y18-64,From 18 to 64 years,HU,Hungary,2025,,6838,,,,,
dataflow,ESTAT:ILC_DI08(1.0),Mean and median income by educational attainment level,A,Annual,MEAN_EI,Mean equivalised income,EUR,Euro,ED0-2,"Less than primary, primary and lower secondary education (levels 0-2)",T,Total,Y18-64,From 18 to 64 years,IE,Ireland,2016,,19633,,,,,
dataflow,ESTAT:ILC_DI08(1.0),Mean and median income by educational attainment level,A,Annual,MEAN_EI,Mean equivalised income,EUR,Euro,ED0-2,"Less than primary, primary and lower secondary education (levels 0-2)",T,Total,Y18-64,From 18 to 64 years,IE,Ireland,2017,,20786,,,,,
dataflow,ESTAT:ILC_DI08(1.0),Mean and median income by educational attainment level,A,Annual,MEAN_EI,Mean equivalised income,EUR,Euro,ED0-2,"Less than primary, primary and lower secondary education (levels 0-2)",T,Total,Y18-64,From 18 to 64 years,IE,Ireland,2018,,21948,,,,,
dataflow,ESTAT:ILC_DI08(1.0),Mean and median income by educational attainment level,A,Annual,MEAN_EI,Mean equivalised income,EUR,Euro,ED0-2,"Less than primary, primary and lower secondary education (levels 0-2)",T,Total,Y18-64,From 18 to 64 years,IE,Ireland,2019,,22441,,b,break in time series,,
dataflow,ESTAT:ILC_DI08(1.0),Mean and median income by educational attainment level,A,Annual,MEAN_EI,Mean equivalised income,EUR,Euro,ED0-2,"Less than primary, primary and lower secondary education (levels 0-2)",T,Total,Y18-64,From 18 to 64 years,IE,Ireland,2020,,24183,,b,break in time series,,
dataflow,ESTAT:ILC_DI08(1.0),Mean and median income by educational attainment level,A,Annual,MEAN_EI,Mean equivalised income,EUR,Euro,ED0-2,"Less than primary, primary and lower secondary education (levels 0-2)",T,Total,Y18-64,From 18 to 64 years,IE,Ireland,2021,,25406,,,,,
dataflow,ESTAT:ILC_DI08(1.0),Mean and median income by educational attainment level,A,Annual,MEAN_EI,Mean equivalised income,EUR,Euro,ED0-2,"Less than primary, primary and lower secondary education (levels 0-2)",T,Total,Y18-64,From 18 to 64 years,IE,Ireland,2022,,26922,,,,,
dataflow,ESTAT:ILC_DI08(1.0),Mean and median income by educational attainment level,A,Annual,MEAN_EI,Mean equivalised income,EUR,Euro,ED0-2,"Less than primary, primary and lower secondary education (levels 0-2)",T,Total,Y18-64,From 18 to 64 years,IE,Ireland,2023,,28371,,,,,
dataflow,ESTAT:ILC_DI08(1.0),Mean and median income by educational attainment level,A,Annual,MEAN_EI,Mean equivalised income,EUR,Euro,ED0-2,"Less than primary, primary and lower secondary education (levels 0-2)",T,Total,Y18-64,From 18 to 64 years,IE,Ireland,2024,,29448,,,,,
dataflow,ESTAT:ILC_DI08(1.0),Mean and median income by educational attainment level,A,Annual,MEAN_EI,Mean equivalised income,EUR,Euro,ED0-2,"Less than primary, primary and lower secondary education (levels 0-2)",T,Total,Y18-64,From 18 to 64 years,IE,Ireland,2025,,31931,,,,,
dataflow,ESTAT:ILC_DI08(1.0),Mean and median income by educational attainment level,A,Annual,MEAN_EI,Mean equivalised income,EUR,Euro,ED0-2,"Less than primary, primary and lower secondary education (levels 0-2)",T,Total,Y18-64,From 18 to 64 years,IS,Iceland,2016,,30232,,,,,
dataflow,ESTAT:ILC_DI08(1.0),Mean and median income by educational attainment level,A,Annual,MEAN_EI,Mean equivalised income,EUR,Euro,ED0-2,"Less than primary, primary and lower secondary education (levels 0-2)",T,Total,Y18-64,From 18 to 64 years,IS,Iceland,2017,,35664,,,,,
dataflow,ESTAT:ILC_DI08(1.0),Mean and median income by educational attainment level,A,Annual,MEAN_EI,Mean equivalised income,EUR,Euro,ED0-2,"Less than primary, primary and lower secondary education (levels 0-2)",T,Total,Y18-64,From 18 to 64 years,IS,Iceland,2018,,41111,,,,,
dataflow,ESTAT:ILC_DI08(1.0),Mean and median income by educational attainment level,A,Annual,MEAN_EI,Mean equivalised income,EUR,Euro,ED0-2,"Less than primary, primary and lower secondary education (levels 0-2)",T,Total,Y18-64,From 18 to 64 years,IS,Iceland,2019,,37804,,,,,
dataflow,ESTAT:ILC_DI08(1.0),Mean and median income by educational attainment level,A,Annual,MEAN_EI,Mean equivalised income,EUR,Euro,ED0-2,"Less than primary, primary and lower secondary education (levels 0-2)",T,Total,Y18-64,From 18 to 64 years,IS,Iceland,2020,,35999,,,,,
dataflow,ESTAT:ILC_DI08(1.0),Mean and median income by educational attainment level,A,Annual,MEAN_EI,Mean equivalised income,EUR,Euro,ED0-2,"Less than primary, primary and lower secondary education (levels 0-2)",T,Total,Y18-64,From 18 to 64 years,IT,Italy,2016,,14380,,,,,
dataflow,ESTAT:ILC_DI08(1.0),Mean and median income by educational attainment level,A,Annual,MEAN_EI,Mean equivalised income,EUR,Euro,ED0-2,"Less than primary, primary and lower secondary education (levels 0-2)",T,Total,Y18-64,From 18 to 64 years,IT,Italy,2017,,14841,,,,,
dataflow,ESTAT:ILC_DI08(1.0),Mean and median income by educational attainment level,A,Annual,MEAN_EI,Mean equivalised income,EUR,Euro,ED0-2,"Less than primary, primary and lower secondary education (levels 0-2)",T,Total,Y18-64,From 18 to 64 years,IT,Italy,2018,,15184,,,,,
dataflow,ESTAT:ILC_DI08(1.0),Mean and median income by educational attainment level,A,Annual,MEAN_EI,Mean equivalised income,EUR,Euro,ED0-2,"Less than primary, primary and lower secondary education (levels 0-2)",T,Total,Y18-64,From 18 to 64 years,IT,Italy,2019,,15682,,,,,
dataflow,ESTAT:ILC_DI08(1.0),Mean and median income by educational attainment level,A,Annual,MEAN_EI,Mean equivalised income,EUR,Euro,ED0-2,"Less than primary, primary and lower secondary education (levels 0-2)",T,Total,Y18-64,From 18 to 64 years,IT,Italy,2020,,16265,,,,,
dataflow,ESTAT:ILC_DI08(1.0),Mean and median income by educational attainment level,A,Annual,MEAN_EI,Mean equivalised income,EUR,Euro,ED0-2,"Less than primary, primary and lower secondary education (levels 0-2)",T,Total,Y18-64,From 18 to 64 years,IT,Italy,2021,,15938,,,,,
dataflow,ESTAT:ILC_DI08(1.0),Mean and median income by educational attainment level,A,Annual,MEAN_EI,Mean equivalised income,EUR,Euro,ED0-2,"Less than primary, primary and lower secondary education (levels 0-2)",T,Total,Y18-64,From 18 to 64 years,IT,Italy,2022,,17139,,,,,
dataflow,ESTAT:ILC_DI08(1.0),Mean and median income by educational attainment level,A,Annual,MEAN_EI,Mean equivalised income,EUR,Euro,ED0-2,"Less than primary, primary and lower secondary education (levels 0-2)",T,Total,Y18-64,From 18 to 64 years,IT,Italy,2023,,18175,,,,,
dataflow,ESTAT:ILC_DI08(1.0),Mean and median income by educational attainment level,A,Annual,MEAN_EI,Mean equivalised income,EUR,Euro,ED0-2,"Less than primary, primary and lower secondary education (levels 0-2)",T,Total,Y18-64,From 18 to 64 years,IT,Italy,2024,,18712,,,,,
dataflow,ESTAT:ILC_DI08(1.0),Mean and median income by educational attainment level,A,Annual,MEAN_EI,Mean equivalised income,EUR,Euro,ED0-2,"Less than primary, primary and lower secondary education (levels 0-2)",T,Total,Y18-64,From 18 to 64 years,IT,Italy,2025,,19614,,,,,
dataflow,ESTAT:ILC_DI08(1.0),Mean and median income by educational attainment level,A,Annual,MEAN_EI,Mean equivalised income,EUR,Euro,ED0-2,"Less than primary, primary and lower secondary education (levels 0-2)",T,Total,Y18-64,From 18 to 64 years,LT,Lithuania,2016,,4732,,,,,
dataflow,ESTAT:ILC_DI08(1.0),Mean and median income by educational attainment level,A,Annual,MEAN_EI,Mean equivalised income,EUR,Euro,ED0-2,"Less than primary, primary and lower secondary education (levels 0-2)",T,Total,Y18-64,From 18 to 64 years,LT,Lithuania,2017,,5035,,,,,
dataflow,ESTAT:ILC_DI08(1.0),Mean and median income by educational attainment level,A,Annual,MEAN_EI,Mean equivalised income,EUR,Euro,ED0-2,"Less than primary, primary and lower secondary education (levels 0-2)",T,Total,Y18-64,From 18 to 64 years,LT,Lithuania,2018,,5903,,,,,
dataflow,ESTAT:ILC_DI08(1.0),Mean and median income by educational attainment level,A,Annual,MEAN_EI,Mean equivalised income,EUR,Euro,ED0-2,"Less than primary, primary and lower secondary education (levels 0-2)",T,Total,Y18-64,From 18 to 64 years,LT,Lithuania,2019,,6869,,,,,
dataflow,ESTAT:ILC_DI08(1.0),Mean and median income by educational attainment level,A,Annual,MEAN_EI,Mean equivalised income,EUR,Euro,ED0-2,"Less than primary, primary and lower secondary education (levels 0-2)",T,Total,Y18-64,From 18 to 64 years,LT,Lithuania,2020,,7694,,,,,
dataflow,ESTAT:ILC_DI08(1.0),Mean and median income by educational attainment level,A,Annual,MEAN_EI,Mean equivalised income,EUR,Euro,ED0-2,"Less than primary, primary and lower secondary education (levels 0-2)",T,Total,Y18-64,From 18 to 64 years,LT,Lithuania,2021,,8789,,,,,
dataflow,ESTAT:ILC_DI08(1.0),Mean and median income by educational attainment level,A,Annual,MEAN_EI,Mean equivalised income,EUR,Euro,ED0-2,"Less than primary, primary and lower secondary education (levels 0-2)",T,Total,Y18-64,From 18 to 64 years,LT,Lithuania,2022,,9040,,,,,
dataflow,ESTAT:ILC_DI08(1.0),Mean and median income by educational attainment level,A,Annual,MEAN_EI,Mean equivalised income,EUR,Euro,ED0-2,"Less than primary, primary and lower secondary education (levels 0-2)",T,Total,Y18-64,From 18 to 64 years,LT,Lithuania,2023,,9314,,,,,
dataflow,ESTAT:ILC_DI08(1.0),Mean and median income by educational attainment level,A,Annual,MEAN_EI,Mean equivalised income,EUR,Euro,ED0-2,"Less than primary, primary and lower secondary education (levels 0-2)",T,Total,Y18-64,From 18 to 64 years,LT,Lithuania,2024,,10803,,p,provisional,,
dataflow,ESTAT:ILC_DI08(1.0),Mean and median income by educational attainment level,A,Annual,MEAN_EI,Mean equivalised income,EUR,Euro,ED0-2,"Less than primary, primary and lower secondary education (levels 0-2)",T,Total,Y18-64,From 18 to 64 years,LT,Lithuania,2025,,11438,,p,provisional,,
dataflow,ESTAT:ILC_DI08(1.0),Mean and median income by educational attainment level,A,Annual,MEAN_EI,Mean equivalised income,EUR,Euro,ED0-2,"Less than primary, primary and lower secondary education (levels 0-2)",T,Total,Y18-64,From 18 to 64 years,LU,Luxembourg,2016,,29147,,b,break in time series,,
dataflow,ESTAT:ILC_DI08(1.0),Mean and median income by educational attainment level,A,Annual,MEAN_EI,Mean equivalised income,EUR,Euro,ED0-2,"Less than primary, primary and lower secondary education (levels 0-2)",T,Total,Y18-64,From 18 to 64 years,LU,Luxembourg,2017,,31907,,,,,
dataflow,ESTAT:ILC_DI08(1.0),Mean and median income by educational attainment level,A,Annual,MEAN_EI,Mean equivalised income,EUR,Euro,ED0-2,"Less than primary, primary and lower secondary education (levels 0-2)",T,Total,Y18-64,From 18 to 64 years,LU,Luxembourg,2018,,31028,,,,,
dataflow,ESTAT:ILC_DI08(1.0),Mean and median income by educational attainment level,A,Annual,MEAN_EI,Mean equivalised income,EUR,Euro,ED0-2,"Less than primary, primary and lower secondary education (levels 0-2)",T,Total,Y18-64,From 18 to 64 years,LU,Luxembourg,2019,,31154,,,,,
dataflow,ESTAT:ILC_DI08(1.0),Mean and median income by educational attainment level,A,Annual,MEAN_EI,Mean equivalised income,EUR,Euro,ED0-2,"Less than primary, primary and lower secondary education (levels 0-2)",T,Total,Y18-64,From 18 to 64 years,LU,Luxembourg,2020,,31666,,b,break in time series,,
dataflow,ESTAT:ILC_DI08(1.0),Mean and median income by educational attainment level,A,Annual,MEAN_EI,Mean equivalised income,EUR,Euro,ED0-2,"Less than primary, primary and lower secondary education (levels 0-2)",T,Total,Y18-64,From 18 to 64 years,LU,Luxembourg,2021,,34895,,b,break in time series,,
dataflow,ESTAT:ILC_DI08(1.0),Mean and median income by educational attainment level,A,Annual,MEAN_EI,Mean equivalised income,EUR,Euro,ED0-2,"Less than primary, primary and lower secondary education (levels 0-2)",T,Total,Y18-64,From 18 to 64 years,LU,Luxembourg,2022,,36595,,b,break in time series,,
dataflow,ESTAT:ILC_DI08(1.0),Mean and median income by educational attainment level,A,Annual,MEAN_EI,Mean equivalised income,EUR,Euro,ED0-2,"Less than primary, primary and lower secondary education (levels 0-2)",T,Total,Y18-64,From 18 to 64 years,LU,Luxembourg,2023,,37045,,,,,
dataflow,ESTAT:ILC_DI08(1.0),Mean and median income by educational attainment level,A,Annual,MEAN_EI,Mean equivalised income,EUR,Euro,ED0-2,"Less than primary, primary and lower secondary education (levels 0-2)",T,Total,Y18-64,From 18 to 64 years,LU,Luxembourg,2024,,40564,,,,,
dataflow,ESTAT:ILC_DI08(1.0),Mean and median income by educational attainment level,A,Annual,MEAN_EI,Mean equivalised income,EUR,Euro,ED0-2,"Less than primary, primary and lower secondary education (levels 0-2)",T,Total,Y18-64,From 18 to 64 years,LU,Luxembourg,2025,,40378,,b,break in time series,,
dataflow,ESTAT:ILC_DI08(1.0),Mean and median income by educational attainment level,A,Annual,MEAN_EI,Mean equivalised income,EUR,Euro,ED0-2,"Less than primary, primary and lower secondary education (levels 0-2)",T,Total,Y18-64,From 18 to 64 years,LV,Latvia,2016,,5312,,,,,
dataflow,ESTAT:ILC_DI08(1.0),Mean and median income by educational attainment level,A,Annual,MEAN_EI,Mean equivalised income,EUR,Euro,ED0-2,"Less than primary, primary and lower secondary education (levels 0-2)",T,Total,Y18-64,From 18 to 64 years,LV,Latvia,2017,,5602,,,,,
dataflow,ESTAT:ILC_DI08(1.0),Mean and median income by educational attainment level,A,Annual,MEAN_EI,Mean equivalised income,EUR,Euro,ED0-2,"Less than primary, primary and lower secondary education (levels 0-2)",T,Total,Y18-64,From 18 to 64 years,LV,Latvia,2018,,6022,,,,,
dataflow,ESTAT:ILC_DI08(1.0),Mean and median income by educational attainment level,A,Annual,MEAN_EI,Mean equivalised income,EUR,Euro,ED0-2,"Less than primary, primary and lower secondary education (levels 0-2)",T,Total,Y18-64,From 18 to 64 years,LV,Latvia,2019,,6915,,,,,
dataflow,ESTAT:ILC_DI08(1.0),Mean and median income by educational attainment level,A,Annual,MEAN_EI,Mean equivalised income,EUR,Euro,ED0-2,"Less than primary, primary and lower secondary education (levels 0-2)",T,Total,Y18-64,From 18 to 64 years,LV,Latvia,2020,,7671,,,,,
dataflow,ESTAT:ILC_DI08(1.0),Mean and median income by educational attainment level,A,Annual,MEAN_EI,Mean equivalised income,EUR,Euro,ED0-2,"Less than primary, primary and lower secondary education (levels 0-2)",T,Total,Y18-64,From 18 to 64 years,LV,Latvia,2021,,7892,,,,,
dataflow,ESTAT:ILC_DI08(1.0),Mean and median income by educational attainment level,A,Annual,MEAN_EI,Mean equivalised income,EUR,Euro,ED0-2,"Less than primary, primary and lower secondary education (levels 0-2)",T,Total,Y18-64,From 18 to 64 years,LV,Latvia,2022,,8682,,,,,
dataflow,ESTAT:ILC_DI08(1.0),Mean and median income by educational attainment level,A,Annual,MEAN_EI,Mean equivalised income,EUR,Euro,ED0-2,"Less than primary, primary and lower secondary education (levels 0-2)",T,Total,Y18-64,From 18 to 64 years,LV,Latvia,2023,,10206,,,,,
dataflow,ESTAT:ILC_DI08(1.0),Mean and median income by educational attainment level,A,Annual,MEAN_EI,Mean equivalised income,EUR,Euro,ED0-2,"Less than primary, primary and lower secondary education (levels 0-2)",T,Total,Y18-64,From 18 to 64 years,LV,Latvia,2024,,11358,,,,,
dataflow,ESTAT:ILC_DI08(1.0),Mean and median income by educational attainment level,A,Annual,MEAN_EI,Mean equivalised income,EUR,Euro,ED0-2,"Less than primary, primary and lower secondary education (levels 0-2)",T,Total,Y18-64,From 18 to 64 years,LV,Latvia,2025,,12352,,,,,
dataflow,ESTAT:ILC_DI08(1.0),Mean and median income by educational attainment level,A,Annual,MEAN_EI,Mean equivalised income,EUR,Euro,ED0-2,"Less than primary, primary and lower secondary education (levels 0-2)",T,Total,Y18-64,From 18 to 64 years,ME,Montenegro,2016,,2477,,,,,
dataflow,ESTAT:ILC_DI08(1.0),Mean and median income by educational attainment level,A,Annual,MEAN_EI,Mean equivalised income,EUR,Euro,ED0-2,"Less than primary, primary and lower secondary education (levels 0-2)",T,Total,Y18-64,From 18 to 64 years,ME,Montenegro,2017,,2617,,,,,
dataflow,ESTAT:ILC_DI08(1.0),Mean and median income by educational attainment level,A,Annual,MEAN_EI,Mean equivalised income,EUR,Euro,ED0-2,"Less than primary, primary and lower secondary education (levels 0-2)",T,Total,Y18-64,From 18 to 64 years,ME,Montenegro,2018,,2632,,,,,
dataflow,ESTAT:ILC_DI08(1.0),Mean and median income by educational attainment level,A,Annual,MEAN_EI,Mean equivalised income,EUR,Euro,ED0-2,"Less than primary, primary and lower secondary education (levels 0-2)",T,Total,Y18-64,From 18 to 64 years,ME,Montenegro,2019,,2772,,,,,
dataflow,ESTAT:ILC_DI08(1.0),Mean and median income by educational attainment level,A,Annual,MEAN_EI,Mean equivalised income,EUR,Euro,ED0-2,"Less than primary, primary and lower secondary education (levels 0-2)",T,Total,Y18-64,From 18 to 64 years,ME,Montenegro,2020,,3020,,,,,
dataflow,ESTAT:ILC_DI08(1.0),Mean and median income by educational attainment level,A,Annual,MEAN_EI,Mean equivalised income,EUR,Euro,ED0-2,"Less than primary, primary and lower secondary education (levels 0-2)",T,Total,Y18-64,From 18 to 64 years,ME,Montenegro,2021,,2985,,,,,
dataflow,ESTAT:ILC_DI08(1.0),Mean and median income by educational attainment level,A,Annual,MEAN_EI,Mean equivalised income,EUR,Euro,ED0-2,"Less than primary, primary and lower secondary education (levels 0-2)",T,Total,Y18-64,From 18 to 64 years,ME,Montenegro,2022,,3498,,,,,
dataflow,ESTAT:ILC_DI08(1.0),Mean and median income by educational attainment level,A,Annual,MEAN_EI,Mean equivalised income,EUR,Euro,ED0-2,"Less than primary, primary and lower secondary education (levels 0-2)",T,Total,Y18-64,From 18 to 64 years,ME,Montenegro,2023,,4338,,,,,
dataflow,ESTAT:ILC_DI08(1.0),Mean and median income by educational attainment level,A,Annual,MEAN_EI,Mean equivalised income,EUR,Euro,ED0-2,"Less than primary, primary and lower secondary education (levels 0-2)",T,Total,Y18-64,From 18 to 64 years,MK,North Macedonia,2016,,1940,,,,,
dataflow,ESTAT:ILC_DI08(1.0),Mean and median income by educational attainment level,A,Annual,MEAN_EI,Mean equivalised income,EUR,Euro,ED0-2,"Less than primary, primary and lower secondary education (levels 0-2)",T,Total,Y18-64,From 18 to 64 years,MK,North Macedonia,2017,,2018,,,,,
dataflow,ESTAT:ILC_DI08(1.0),Mean and median income by educational attainment level,A,Annual,MEAN_EI,Mean equivalised income,EUR,Euro,ED0-2,"Less than primary, primary and lower secondary education (levels 0-2)",T,Total,Y18-64,From 18 to 64 years,MK,North Macedonia,2018,,2076,,,,,
dataflow,ESTAT:ILC_DI08(1.0),Mean and median income by educational attainment level,A,Annual,MEAN_EI,Mean equivalised income,EUR,Euro,ED0-2,"Less than primary, primary and lower secondary education (levels 0-2)",T,Total,Y18-64,From 18 to 64 years,MK,North Macedonia,2019,,2137,,,,,
dataflow,ESTAT:ILC_DI08(1.0),Mean and median income by educational attainment level,A,Annual,MEAN_EI,Mean equivalised income,EUR,Euro,ED0-2,"Less than primary, primary and lower secondary education (levels 0-2)",T,Total,Y18-64,From 18 to 64 years,MK,North Macedonia,2020,,2362,,,,,
dataflow,ESTAT:ILC_DI08(1.0),Mean and median income by educational attainment level,A,Annual,MEAN_EI,Mean equivalised income,EUR,Euro,ED0-2,"Less than primary, primary and lower secondary education (levels 0-2)",T,Total,Y18-64,From 18 to 64 years,MK,North Macedonia,2021,,2466,,b,break in time series,,
dataflow,ESTAT:ILC_DI08(1.0),Mean and median income by educational attainment level,A,Annual,MEAN_EI,Mean equivalised income,EUR,Euro,ED0-2,"Less than primary, primary and lower secondary education (levels 0-2)",T,Total,Y18-64,From 18 to 64 years,MK,North Macedonia,2022,,2718,,,,,
dataflow,ESTAT:ILC_DI08(1.0),Mean and median income by educational attainment level,A,Annual,MEAN_EI,Mean equivalised income,EUR,Euro,ED0-2,"Less than primary, primary and lower secondary education (levels 0-2)",T,Total,Y18-64,From 18 to 64 years,MK,North Macedonia,2023,,3107,,,,,
dataflow,ESTAT:ILC_DI08(1.0),Mean and median income by educational attainment level,A,Annual,MEAN_EI,Mean equivalised income,EUR,Euro,ED0-2,"Less than primary, primary and lower secondary education (levels 0-2)",T,Total,Y18-64,From 18 to 64 years,MK,North Macedonia,2024,,3616,,,,,
dataflow,ESTAT:ILC_DI08(1.0),Mean and median income by educational attainment level,A,Annual,MEAN_EI,Mean equivalised income,EUR,Euro,ED0-2,"Less than primary, primary and lower secondary education (levels 0-2)",T,Total,Y18-64,From 18 to 64 years,MT,Malta,2016,,13171,,,,,
dataflow,ESTAT:ILC_DI08(1.0),Mean and median income by educational attainment level,A,Annual,MEAN_EI,Mean equivalised income,EUR,Euro,ED0-2,"Less than primary, primary and lower secondary education (levels 0-2)",T,Total,Y18-64,From 18 to 64 years,MT,Malta,2017,,13887,,,,,
dataflow,ESTAT:ILC_DI08(1.0),Mean and median income by educational attainment level,A,Annual,MEAN_EI,Mean equivalised income,EUR,Euro,ED0-2,"Less than primary, primary and lower secondary education (levels 0-2)",T,Total,Y18-64,From 18 to 64 years,MT,Malta,2018,,14248,,,,,
dataflow,ESTAT:ILC_DI08(1.0),Mean and median income by educational attainment level,A,Annual,MEAN_EI,Mean equivalised income,EUR,Euro,ED0-2,"Less than primary, primary and lower secondary education (levels 0-2)",T,Total,Y18-64,From 18 to 64 years,MT,Malta,2019,,14817,,,,,
dataflow,ESTAT:ILC_DI08(1.0),Mean and median income by educational attainment level,A,Annual,MEAN_EI,Mean equivalised income,EUR,Euro,ED0-2,"Less than primary, primary and lower secondary education (levels 0-2)",T,Total,Y18-64,From 18 to 64 years,MT,Malta,2020,,15550,,,,,
dataflow,ESTAT:ILC_DI08(1.0),Mean and median income by educational attainment level,A,Annual,MEAN_EI,Mean equivalised income,EUR,Euro,ED0-2,"Less than primary, primary and lower secondary education (levels 0-2)",T,Total,Y18-64,From 18 to 64 years,MT,Malta,2021,,16181,,,,,
dataflow,ESTAT:ILC_DI08(1.0),Mean and median income by educational attainment level,A,Annual,MEAN_EI,Mean equivalised income,EUR,Euro,ED0-2,"Less than primary, primary and lower secondary education (levels 0-2)",T,Total,Y18-64,From 18 to 64 years,MT,Malta,2022,,17451,,,,,
dataflow,ESTAT:ILC_DI08(1.0),Mean and median income by educational attainment level,A,Annual,MEAN_EI,Mean equivalised income,EUR,Euro,ED0-2,"Less than primary, primary and lower secondary education (levels 0-2)",T,Total,Y18-64,From 18 to 64 years,MT,Malta,2023,,18254,,,,,
dataflow,ESTAT:ILC_DI08(1.0),Mean and median income by educational attainment level,A,Annual,MEAN_EI,Mean equivalised income,EUR,Euro,ED0-2,"Less than primary, primary and lower secondary education (levels 0-2)",T,Total,Y18-64,From 18 to 64 years,MT,Malta,2024,,20006,,,,,
dataflow,ESTAT:ILC_DI08(1.0),Mean and median income by educational attainment level,A,Annual,MEAN_EI,Mean equivalised income,EUR,Euro,ED0-2,"Less than primary, primary and lower secondary education (levels 0-2)",T,Total,Y18-64,From 18 to 64 years,MT,Malta,2025,,21378,,,,,
dataflow,ESTAT:ILC_DI08(1.0),Mean and median income by educational attainment level,A,Annual,MEAN_EI,Mean equivalised income,EUR,Euro,ED0-2,"Less than primary, primary and lower secondary education (levels 0-2)",T,Total,Y18-64,From 18 to 64 years,NL,Netherlands,2016,,21808,,b,break in time series,,
dataflow,ESTAT:ILC_DI08(1.0),Mean and median income by educational attainment level,A,Annual,MEAN_EI,Mean equivalised income,EUR,Euro,ED0-2,"Less than primary, primary and lower secondary education (levels 0-2)",T,Total,Y18-64,From 18 to 64 years,NL,Netherlands,2017,,22578,,,,,
dataflow,ESTAT:ILC_DI08(1.0),Mean and median income by educational attainment level,A,Annual,MEAN_EI,Mean equivalised income,EUR,Euro,ED0-2,"Less than primary, primary and lower secondary education (levels 0-2)",T,Total,Y18-64,From 18 to 64 years,NL,Netherlands,2018,,23271,,,,,
dataflow,ESTAT:ILC_DI08(1.0),Mean and median income by educational attainment level,A,Annual,MEAN_EI,Mean equivalised income,EUR,Euro,ED0-2,"Less than primary, primary and lower secondary education (levels 0-2)",T,Total,Y18-64,From 18 to 64 years,NL,Netherlands,2019,,23875,,,,,
dataflow,ESTAT:ILC_DI08(1.0),Mean and median income by educational attainment level,A,Annual,MEAN_EI,Mean equivalised income,EUR,Euro,ED0-2,"Less than primary, primary and lower secondary education (levels 0-2)",T,Total,Y18-64,From 18 to 64 years,NL,Netherlands,2020,,25137,,,,,
dataflow,ESTAT:ILC_DI08(1.0),Mean and median income by educational attainment level,A,Annual,MEAN_EI,Mean equivalised income,EUR,Euro,ED0-2,"Less than primary, primary and lower secondary education (levels 0-2)",T,Total,Y18-64,From 18 to 64 years,NL,Netherlands,2021,,26055,,,,,
dataflow,ESTAT:ILC_DI08(1.0),Mean and median income by educational attainment level,A,Annual,MEAN_EI,Mean equivalised income,EUR,Euro,ED0-2,"Less than primary, primary and lower secondary education (levels 0-2)",T,Total,Y18-64,From 18 to 64 years,NL,Netherlands,2022,,27595,,,,,
dataflow,ESTAT:ILC_DI08(1.0),Mean and median income by educational attainment level,A,Annual,MEAN_EI,Mean equivalised income,EUR,Euro,ED0-2,"Less than primary, primary and lower secondary education (levels 0-2)",T,Total,Y18-64,From 18 to 64 years,NL,Netherlands,2023,,27755,,,,,
dataflow,ESTAT:ILC_DI08(1.0),Mean and median income by educational attainment level,A,Annual,MEAN_EI,Mean equivalised income,EUR,Euro,ED0-2,"Less than primary, primary and lower secondary education (levels 0-2)",T,Total,Y18-64,From 18 to 64 years,NL,Netherlands,2024,,30952,,,,,
dataflow,ESTAT:ILC_DI08(1.0),Mean and median income by educational attainment level,A,Annual,MEAN_EI,Mean equivalised income,EUR,Euro,ED0-2,"Less than primary, primary and lower secondary education (levels 0-2)",T,Total,Y18-64,From 18 to 64 years,NL,Netherlands,2025,,33026,,,,,
dataflow,ESTAT:ILC_DI08(1.0),Mean and median income by educational attainment level,A,Annual,MEAN_EI,Mean equivalised income,EUR,Euro,ED0-2,"Less than primary, primary and lower secondary education (levels 0-2)",T,Total,Y18-64,From 18 to 64 years,NO,Norway,2016,,36874,,,,,
dataflow,ESTAT:ILC_DI08(1.0),Mean and median income by educational attainment level,A,Annual,MEAN_EI,Mean equivalised income,EUR,Euro,ED0-2,"Less than primary, primary and lower secondary education (levels 0-2)",T,Total,Y18-64,From 18 to 64 years,NO,Norway,2017,,36161,,,,,
dataflow,ESTAT:ILC_DI08(1.0),Mean and median income by educational attainment level,A,Annual,MEAN_EI,Mean equivalised income,EUR,Euro,ED0-2,"Less than primary, primary and lower secondary education (levels 0-2)",T,Total,Y18-64,From 18 to 64 years,NO,Norway,2018,,36117,,,,,
dataflow,ESTAT:ILC_DI08(1.0),Mean and median income by educational attainment level,A,Annual,MEAN_EI,Mean equivalised income,EUR,Euro,ED0-2,"Less than primary, primary and lower secondary education (levels 0-2)",T,Total,Y18-64,From 18 to 64 years,NO,Norway,2019,,36422,,,,,
dataflow,ESTAT:ILC_DI08(1.0),Mean and median income by educational attainment level,A,Annual,MEAN_EI,Mean equivalised income,EUR,Euro,ED0-2,"Less than primary, primary and lower secondary education (levels 0-2)",T,Total,Y18-64,From 18 to 64 years,NO,Norway,2020,,37801,,,,,
dataflow,ESTAT:ILC_DI08(1.0),Mean and median income by educational attainment level,A,Annual,MEAN_EI,Mean equivalised income,EUR,Euro,ED0-2,"Less than primary, primary and lower secondary education (levels 0-2)",T,Total,Y18-64,From 18 to 64 years,NO,Norway,2021,,34828,,b,break in time series,,
dataflow,ESTAT:ILC_DI08(1.0),Mean and median income by educational attainment level,A,Annual,MEAN_EI,Mean equivalised income,EUR,Euro,ED0-2,"Less than primary, primary and lower secondary education (levels 0-2)",T,Total,Y18-64,From 18 to 64 years,NO,Norway,2022,,37643,,,,,
dataflow,ESTAT:ILC_DI08(1.0),Mean and median income by educational attainment level,A,Annual,MEAN_EI,Mean equivalised income,EUR,Euro,ED0-2,"Less than primary, primary and lower secondary education (levels 0-2)",T,Total,Y18-64,From 18 to 64 years,NO,Norway,2023,,40909,,b,break in time series,,
dataflow,ESTAT:ILC_DI08(1.0),Mean and median income by educational attainment level,A,Annual,MEAN_EI,Mean equivalised income,EUR,Euro,ED0-2,"Less than primary, primary and lower secondary education (levels 0-2)",T,Total,Y18-64,From 18 to 64 years,NO,Norway,2024,,39028,,,,,
dataflow,ESTAT:ILC_DI08(1.0),Mean and median income by educational attainment level,A,Annual,MEAN_EI,Mean equivalised income,EUR,Euro,ED0-2,"Less than primary, primary and lower secondary education (levels 0-2)",T,Total,Y18-64,From 18 to 64 years,NO,Norway,2025,,40751,,,,,
dataflow,ESTAT:ILC_DI08(1.0),Mean and median income by educational attainment level,A,Annual,MEAN_EI,Mean equivalised income,EUR,Euro,ED0-2,"Less than primary, primary and lower secondary education (levels 0-2)",T,Total,Y18-64,From 18 to 64 years,PL,Poland,2016,,4683,,,,,
dataflow,ESTAT:ILC_DI08(1.0),Mean and median income by educational attainment level,A,Annual,MEAN_EI,Mean equivalised income,EUR,Euro,ED0-2,"Less than primary, primary and lower secondary education (levels 0-2)",T,Total,Y18-64,From 18 to 64 years,PL,Poland,2017,,4896,,,,,
dataflow,ESTAT:ILC_DI08(1.0),Mean and median income by educational attainment level,A,Annual,MEAN_EI,Mean equivalised income,EUR,Euro,ED0-2,"Less than primary, primary and lower secondary education (levels 0-2)",T,Total,Y18-64,From 18 to 64 years,PL,Poland,2018,,5333,,,,,
dataflow,ESTAT:ILC_DI08(1.0),Mean and median income by educational attainment level,A,Annual,MEAN_EI,Mean equivalised income,EUR,Euro,ED0-2,"Less than primary, primary and lower secondary education (levels 0-2)",T,Total,Y18-64,From 18 to 64 years,PL,Poland,2019,,5850,,,,,
dataflow,ESTAT:ILC_DI08(1.0),Mean and median income by educational attainment level,A,Annual,MEAN_EI,Mean equivalised income,EUR,Euro,ED0-2,"Less than primary, primary and lower secondary education (levels 0-2)",T,Total,Y18-64,From 18 to 64 years,PL,Poland,2020,,6569,,,,,
dataflow,ESTAT:ILC_DI08(1.0),Mean and median income by educational attainment level,A,Annual,MEAN_EI,Mean equivalised income,EUR,Euro,ED0-2,"Less than primary, primary and lower secondary education (levels 0-2)",T,Total,Y18-64,From 18 to 64 years,PL,Poland,2021,,6879,,,,,
dataflow,ESTAT:ILC_DI08(1.0),Mean and median income by educational attainment level,A,Annual,MEAN_EI,Mean equivalised income,EUR,Euro,ED0-2,"Less than primary, primary and lower secondary education (levels 0-2)",T,Total,Y18-64,From 18 to 64 years,PL,Poland,2022,,7614,,,,,
dataflow,ESTAT:ILC_DI08(1.0),Mean and median income by educational attainment level,A,Annual,MEAN_EI,Mean equivalised income,EUR,Euro,ED0-2,"Less than primary, primary and lower secondary education (levels 0-2)",T,Total,Y18-64,From 18 to 64 years,PL,Poland,2023,,8214,,,,,
dataflow,ESTAT:ILC_DI08(1.0),Mean and median income by educational attainment level,A,Annual,MEAN_EI,Mean equivalised income,EUR,Euro,ED0-2,"Less than primary, primary and lower secondary education (levels 0-2)",T,Total,Y18-64,From 18 to 64 years,PL,Poland,2024,,9704,,,,,
dataflow,ESTAT:ILC_DI08(1.0),Mean and median income by educational attainment level,A,Annual,MEAN_EI,Mean equivalised income,EUR,Euro,ED0-2,"Less than primary, primary and lower secondary education (levels 0-2)",T,Total,Y18-64,From 18 to 64 years,PL,Poland,2025,,11700,,,,,
dataflow,ESTAT:ILC_DI08(1.0),Mean and median income by educational attainment level,A,Annual,MEAN_EI,Mean equivalised income,EUR,Euro,ED0-2,"Less than primary, primary and lower secondary education (levels 0-2)",T,Total,Y18-64,From 18 to 64 years,PT,Portugal,2016,,8371,,,,,
dataflow,ESTAT:ILC_DI08(1.0),Mean and median income by educational attainment level,A,Annual,MEAN_EI,Mean equivalised income,EUR,Euro,ED0-2,"Less than primary, primary and lower secondary education (levels 0-2)",T,Total,Y18-64,From 18 to 64 years,PT,Portugal,2017,,8572,,,,,
dataflow,ESTAT:ILC_DI08(1.0),Mean and median income by educational attainment level,A,Annual,MEAN_EI,Mean equivalised income,EUR,Euro,ED0-2,"Less than primary, primary and lower secondary education (levels 0-2)",T,Total,Y18-64,From 18 to 64 years,PT,Portugal,2018,,8843,,,,,
dataflow,ESTAT:ILC_DI08(1.0),Mean and median income by educational attainment level,A,Annual,MEAN_EI,Mean equivalised income,EUR,Euro,ED0-2,"Less than primary, primary and lower secondary education (levels 0-2)",T,Total,Y18-64,From 18 to 64 years,PT,Portugal,2019,,9482,,,,,
dataflow,ESTAT:ILC_DI08(1.0),Mean and median income by educational attainment level,A,Annual,MEAN_EI,Mean equivalised income,EUR,Euro,ED0-2,"Less than primary, primary and lower secondary education (levels 0-2)",T,Total,Y18-64,From 18 to 64 years,PT,Portugal,2020,,10019,,,,,
dataflow,ESTAT:ILC_DI08(1.0),Mean and median income by educational attainment level,A,Annual,MEAN_EI,Mean equivalised income,EUR,Euro,ED0-2,"Less than primary, primary and lower secondary education (levels 0-2)",T,Total,Y18-64,From 18 to 64 years,PT,Portugal,2021,,10033,,,,,
dataflow,ESTAT:ILC_DI08(1.0),Mean and median income by educational attainment level,A,Annual,MEAN_EI,Mean equivalised income,EUR,Euro,ED0-2,"Less than primary, primary and lower secondary education (levels 0-2)",T,Total,Y18-64,From 18 to 64 years,PT,Portugal,2022,,10083,,,,,
dataflow,ESTAT:ILC_DI08(1.0),Mean and median income by educational attainment level,A,Annual,MEAN_EI,Mean equivalised income,EUR,Euro,ED0-2,"Less than primary, primary and lower secondary education (levels 0-2)",T,Total,Y18-64,From 18 to 64 years,PT,Portugal,2023,,11098,,,,,
dataflow,ESTAT:ILC_DI08(1.0),Mean and median income by educational attainment level,A,Annual,MEAN_EI,Mean equivalised income,EUR,Euro,ED0-2,"Less than primary, primary and lower secondary education (levels 0-2)",T,Total,Y18-64,From 18 to 64 years,PT,Portugal,2024,,11967,,,,,
dataflow,ESTAT:ILC_DI08(1.0),Mean and median income by educational attainment level,A,Annual,MEAN_EI,Mean equivalised income,EUR,Euro,ED0-2,"Less than primary, primary and lower secondary education (levels 0-2)",T,Total,Y18-64,From 18 to 64 years,PT,Portugal,2025,,13425,,,,,
dataflow,ESTAT:ILC_DI08(1.0),Mean and median income by educational attainment level,A,Annual,MEAN_EI,Mean equivalised income,EUR,Euro,ED0-2,"Less than primary, primary and lower secondary education (levels 0-2)",T,Total,Y18-64,From 18 to 64 years,RO,Romania,2016,,2078,,,,,
dataflow,ESTAT:ILC_DI08(1.0),Mean and median income by educational attainment level,A,Annual,MEAN_EI,Mean equivalised income,EUR,Euro,ED0-2,"Less than primary, primary and lower secondary education (levels 0-2)",T,Total,Y18-64,From 18 to 64 years,RO,Romania,2017,,1982,,,,,
dataflow,ESTAT:ILC_DI08(1.0),Mean and median income by educational attainment level,A,Annual,MEAN_EI,Mean equivalised income,EUR,Euro,ED0-2,"Less than primary, primary and lower secondary education (levels 0-2)",T,Total,Y18-64,From 18 to 64 years,RO,Romania,2018,,2328,,,,,
dataflow,ESTAT:ILC_DI08(1.0),Mean and median income by educational attainment level,A,Annual,MEAN_EI,Mean equivalised income,EUR,Euro,ED0-2,"Less than primary, primary and lower secondary education (levels 0-2)",T,Total,Y18-64,From 18 to 64 years,RO,Romania,2019,,2570,,,,,
dataflow,ESTAT:ILC_DI08(1.0),Mean and median income by educational attainment level,A,Annual,MEAN_EI,Mean equivalised income,EUR,Euro,ED0-2,"Less than primary, primary and lower secondary education (levels 0-2)",T,Total,Y18-64,From 18 to 64 years,RO,Romania,2020,,2818,,,,,
dataflow,ESTAT:ILC_DI08(1.0),Mean and median income by educational attainment level,A,Annual,MEAN_EI,Mean equivalised income,EUR,Euro,ED0-2,"Less than primary, primary and lower secondary education (levels 0-2)",T,Total,Y18-64,From 18 to 64 years,RO,Romania,2021,,3133,,,,,
dataflow,ESTAT:ILC_DI08(1.0),Mean and median income by educational attainment level,A,Annual,MEAN_EI,Mean equivalised income,EUR,Euro,ED0-2,"Less than primary, primary and lower secondary education (levels 0-2)",T,Total,Y18-64,From 18 to 64 years,RO,Romania,2022,,3658,,,,,
dataflow,ESTAT:ILC_DI08(1.0),Mean and median income by educational attainment level,A,Annual,MEAN_EI,Mean equivalised income,EUR,Euro,ED0-2,"Less than primary, primary and lower secondary education (levels 0-2)",T,Total,Y18-64,From 18 to 64 years,RO,Romania,2023,,4198,,,,,
dataflow,ESTAT:ILC_DI08(1.0),Mean and median income by educational attainment level,A,Annual,MEAN_EI,Mean equivalised income,EUR,Euro,ED0-2,"Less than primary, primary and lower secondary education (levels 0-2)",T,Total,Y18-64,From 18 to 64 years,RO,Romania,2024,,5592,,,,,
dataflow,ESTAT:ILC_DI08(1.0),Mean and median income by educational attainment level,A,Annual,MEAN_EI,Mean equivalised income,EUR,Euro,ED0-2,"Less than primary, primary and lower secondary education (levels 0-2)",T,Total,Y18-64,From 18 to 64 years,RO,Romania,2025,,5631,,,,,
dataflow,ESTAT:ILC_DI08(1.0),Mean and median income by educational attainment level,A,Annual,MEAN_EI,Mean equivalised income,EUR,Euro,ED0-2,"Less than primary, primary and lower secondary education (levels 0-2)",T,Total,Y18-64,From 18 to 64 years,RS,Serbia,2016,,1977,,,,,
dataflow,ESTAT:ILC_DI08(1.0),Mean and median income by educational attainment level,A,Annual,MEAN_EI,Mean equivalised income,EUR,Euro,ED0-2,"Less than primary, primary and lower secondary education (levels 0-2)",T,Total,Y18-64,From 18 to 64 years,RS,Serbia,2017,,1950,,,,,
dataflow,ESTAT:ILC_DI08(1.0),Mean and median income by educational attainment level,A,Annual,MEAN_EI,Mean equivalised income,EUR,Euro,ED0-2,"Less than primary, primary and lower secondary education (levels 0-2)",T,Total,Y18-64,From 18 to 64 years,RS,Serbia,2018,,1941,,,,,
dataflow,ESTAT:ILC_DI08(1.0),Mean and median income by educational attainment level,A,Annual,MEAN_EI,Mean equivalised income,EUR,Euro,ED0-2,"Less than primary, primary and lower secondary education (levels 0-2)",T,Total,Y18-64,From 18 to 64 years,RS,Serbia,2019,,2394,,,,,
dataflow,ESTAT:ILC_DI08(1.0),Mean and median income by educational attainment level,A,Annual,MEAN_EI,Mean equivalised income,EUR,Euro,ED0-2,"Less than primary, primary and lower secondary education (levels 0-2)",T,Total,Y18-64,From 18 to 64 years,RS,Serbia,2020,,2833,,,,,
dataflow,ESTAT:ILC_DI08(1.0),Mean and median income by educational attainment level,A,Annual,MEAN_EI,Mean equivalised income,EUR,Euro,ED0-2,"Less than primary, primary and lower secondary education (levels 0-2)",T,Total,Y18-64,From 18 to 64 years,RS,Serbia,2021,,2930,,,,,
dataflow,ESTAT:ILC_DI08(1.0),Mean and median income by educational attainment level,A,Annual,MEAN_EI,Mean equivalised income,EUR,Euro,ED0-2,"Less than primary, primary and lower secondary education (levels 0-2)",T,Total,Y18-64,From 18 to 64 years,RS,Serbia,2022,,3449,,,,,
dataflow,ESTAT:ILC_DI08(1.0),Mean and median income by educational attainment level,A,Annual,MEAN_EI,Mean equivalised income,EUR,Euro,ED0-2,"Less than primary, primary and lower secondary education (levels 0-2)",T,Total,Y18-64,From 18 to 64 years,RS,Serbia,2023,,3892,,,,,
dataflow,ESTAT:ILC_DI08(1.0),Mean and median income by educational attainment level,A,Annual,MEAN_EI,Mean equivalised income,EUR,Euro,ED0-2,"Less than primary, primary and lower secondary education (levels 0-2)",T,Total,Y18-64,From 18 to 64 years,RS,Serbia,2024,,4535,,,,,
dataflow,ESTAT:ILC_DI08(1.0),Mean and median income by educational attainment level,A,Annual,MEAN_EI,Mean equivalised income,EUR,Euro,ED0-2,"Less than primary, primary and lower secondary education (levels 0-2)",T,Total,Y18-64,From 18 to 64 years,RS,Serbia,2025,,5834,,,,,
dataflow,ESTAT:ILC_DI08(1.0),Mean and median income by educational attainment level,A,Annual,MEAN_EI,Mean equivalised income,EUR,Euro,ED0-2,"Less than primary, primary and lower secondary education (levels 0-2)",T,Total,Y18-64,From 18 to 64 years,SE,Sweden,2016,,23123,,,,,
dataflow,ESTAT:ILC_DI08(1.0),Mean and median income by educational attainment level,A,Annual,MEAN_EI,Mean equivalised income,EUR,Euro,ED0-2,"Less than primary, primary and lower secondary education (levels 0-2)",T,Total,Y18-64,From 18 to 64 years,SE,Sweden,2017,,23112,,,,,
dataflow,ESTAT:ILC_DI08(1.0),Mean and median income by educational attainment level,A,Annual,MEAN_EI,Mean equivalised income,EUR,Euro,ED0-2,"Less than primary, primary and lower secondary education (levels 0-2)",T,Total,Y18-64,From 18 to 64 years,SE,Sweden,2018,,23182,,,,,
dataflow,ESTAT:ILC_DI08(1.0),Mean and median income by educational attainment level,A,Annual,MEAN_EI,Mean equivalised income,EUR,Euro,ED0-2,"Less than primary, primary and lower secondary education (levels 0-2)",T,Total,Y18-64,From 18 to 64 years,SE,Sweden,2019,,20805,,,,,
dataflow,ESTAT:ILC_DI08(1.0),Mean and median income by educational attainment level,A,Annual,MEAN_EI,Mean equivalised income,EUR,Euro,ED0-2,"Less than primary, primary and lower secondary education (levels 0-2)",T,Total,Y18-64,From 18 to 64 years,SE,Sweden,2020,,22028,,,,,
dataflow,ESTAT:ILC_DI08(1.0),Mean and median income by educational attainment level,A,Annual,MEAN_EI,Mean equivalised income,EUR,Euro,ED0-2,"Less than primary, primary and lower secondary education (levels 0-2)",T,Total,Y18-64,From 18 to 64 years,SE,Sweden,2021,,21815,,,,,
dataflow,ESTAT:ILC_DI08(1.0),Mean and median income by educational attainment level,A,Annual,MEAN_EI,Mean equivalised income,EUR,Euro,ED0-2,"Less than primary, primary and lower secondary education (levels 0-2)",T,Total,Y18-64,From 18 to 64 years,SE,Sweden,2022,,23838,,,,,
dataflow,ESTAT:ILC_DI08(1.0),Mean and median income by educational attainment level,A,Annual,MEAN_EI,Mean equivalised income,EUR,Euro,ED0-2,"Less than primary, primary and lower secondary education (levels 0-2)",T,Total,Y18-64,From 18 to 64 years,SE,Sweden,2023,,23571,,,,,
dataflow,ESTAT:ILC_DI08(1.0),Mean and median income by educational attainment level,A,Annual,MEAN_EI,Mean equivalised income,EUR,Euro,ED0-2,"Less than primary, primary and lower secondary education (levels 0-2)",T,Total,Y18-64,From 18 to 64 years,SE,Sweden,2024,,24039,,,,,
dataflow,ESTAT:ILC_DI08(1.0),Mean and median income by educational attainment level,A,Annual,MEAN_EI,Mean equivalised income,EUR,Euro,ED0-2,"Less than primary, primary and lower secondary education (levels 0-2)",T,Total,Y18-64,From 18 to 64 years,SE,Sweden,2025,,25384,,,,,
dataflow,ESTAT:ILC_DI08(1.0),Mean and median income by educational attainment level,A,Annual,MEAN_EI,Mean equivalised income,EUR,Euro,ED0-2,"Less than primary, primary and lower secondary education (levels 0-2)",T,Total,Y18-64,From 18 to 64 years,SI,Slovenia,2016,,10480,,,,,
dataflow,ESTAT:ILC_DI08(1.0),Mean and median income by educational attainment level,A,Annual,MEAN_EI,Mean equivalised income,EUR,Euro,ED0-2,"Less than primary, primary and lower secondary education (levels 0-2)",T,Total,Y18-64,From 18 to 64 years,SI,Slovenia,2017,,11125,,,,,
dataflow,ESTAT:ILC_DI08(1.0),Mean and median income by educational attainment level,A,Annual,MEAN_EI,Mean equivalised income,EUR,Euro,ED0-2,"Less than primary, primary and lower secondary education (levels 0-2)",T,Total,Y18-64,From 18 to 64 years,SI,Slovenia,2018,,11455,,,,,
dataflow,ESTAT:ILC_DI08(1.0),Mean and median income by educational attainment level,A,Annual,MEAN_EI,Mean equivalised income,EUR,Euro,ED0-2,"Less than primary, primary and lower secondary education (levels 0-2)",T,Total,Y18-64,From 18 to 64 years,SI,Slovenia,2019,,12224,,,,,
dataflow,ESTAT:ILC_DI08(1.0),Mean and median income by educational attainment level,A,Annual,MEAN_EI,Mean equivalised income,EUR,Euro,ED0-2,"Less than primary, primary and lower secondary education (levels 0-2)",T,Total,Y18-64,From 18 to 64 years,SI,Slovenia,2020,,12762,,,,,
dataflow,ESTAT:ILC_DI08(1.0),Mean and median income by educational attainment level,A,Annual,MEAN_EI,Mean equivalised income,EUR,Euro,ED0-2,"Less than primary, primary and lower secondary education (levels 0-2)",T,Total,Y18-64,From 18 to 64 years,SI,Slovenia,2021,,13312,,,,,
dataflow,ESTAT:ILC_DI08(1.0),Mean and median income by educational attainment level,A,Annual,MEAN_EI,Mean equivalised income,EUR,Euro,ED0-2,"Less than primary, primary and lower secondary education (levels 0-2)",T,Total,Y18-64,From 18 to 64 years,SI,Slovenia,2022,,14514,,,,,
dataflow,ESTAT:ILC_DI08(1.0),Mean and median income by educational attainment level,A,Annual,MEAN_EI,Mean equivalised income,EUR,Euro,ED0-2,"Less than primary, primary and lower secondary education (levels 0-2)",T,Total,Y18-64,From 18 to 64 years,SI,Slovenia,2023,,15487,,,,,
dataflow,ESTAT:ILC_DI08(1.0),Mean and median income by educational attainment level,A,Annual,MEAN_EI,Mean equivalised income,EUR,Euro,ED0-2,"Less than primary, primary and lower secondary education (levels 0-2)",T,Total,Y18-64,From 18 to 64 years,SI,Slovenia,2024,,17231,,,,,
dataflow,ESTAT:ILC_DI08(1.0),Mean and median income by educational attainment level,A,Annual,MEAN_EI,Mean equivalised income,EUR,Euro,ED0-2,"Less than primary, primary and lower secondary education (levels 0-2)",T,Total,Y18-64,From 18 to 64 years,SI,Slovenia,2025,,18581,,,,,
dataflow,ESTAT:ILC_DI08(1.0),Mean and median income by educational attainment level,A,Annual,MEAN_EI,Mean equivalised income,EUR,Euro,ED0-2,"Less than primary, primary and lower secondary education (levels 0-2)",T,Total,Y18-64,From 18 to 64 years,SK,Slovakia,2016,,5469,,,,,
dataflow,ESTAT:ILC_DI08(1.0),Mean and median income by educational attainment level,A,Annual,MEAN_EI,Mean equivalised income,EUR,Euro,ED0-2,"Less than primary, primary and lower secondary education (levels 0-2)",T,Total,Y18-64,From 18 to 64 years,SK,Slovakia,2017,,5443,,,,,
dataflow,ESTAT:ILC_DI08(1.0),Mean and median income by educational attainment level,A,Annual,MEAN_EI,Mean equivalised income,EUR,Euro,ED0-2,"Less than primary, primary and lower secondary education (levels 0-2)",T,Total,Y18-64,From 18 to 64 years,SK,Slovakia,2018,,5647,,,,,
dataflow,ESTAT:ILC_DI08(1.0),Mean and median income by educational attainment level,A,Annual,MEAN_EI,Mean equivalised income,EUR,Euro,ED0-2,"Less than primary, primary and lower secondary education (levels 0-2)",T,Total,Y18-64,From 18 to 64 years,SK,Slovakia,2019,,5986,,,,,
dataflow,ESTAT:ILC_DI08(1.0),Mean and median income by educational attainment level,A,Annual,MEAN_EI,Mean equivalised income,EUR,Euro,ED0-2,"Less than primary, primary and lower secondary education (levels 0-2)",T,Total,Y18-64,From 18 to 64 years,SK,Slovakia,2020,,6250,,,,,
dataflow,ESTAT:ILC_DI08(1.0),Mean and median income by educational attainment level,A,Annual,MEAN_EI,Mean equivalised income,EUR,Euro,ED0-2,"Less than primary, primary and lower secondary education (levels 0-2)",T,Total,Y18-64,From 18 to 64 years,SK,Slovakia,2021,,6199,,,,,
dataflow,ESTAT:ILC_DI08(1.0),Mean and median income by educational attainment level,A,Annual,MEAN_EI,Mean equivalised income,EUR,Euro,ED0-2,"Less than primary, primary and lower secondary education (levels 0-2)",T,Total,Y18-64,From 18 to 64 years,SK,Slovakia,2022,,6301,,,,,
dataflow,ESTAT:ILC_DI08(1.0),Mean and median income by educational attainment level,A,Annual,MEAN_EI,Mean equivalised income,EUR,Euro,ED0-2,"Less than primary, primary and lower secondary education (levels 0-2)",T,Total,Y18-64,From 18 to 64 years,SK,Slovakia,2023,,6585,,,,,
dataflow,ESTAT:ILC_DI08(1.0),Mean and median income by educational attainment level,A,Annual,MEAN_EI,Mean equivalised income,EUR,Euro,ED0-2,"Less than primary, primary and lower secondary education (levels 0-2)",T,Total,Y18-64,From 18 to 64 years,SK,Slovakia,2024,,7322,,,,,
dataflow,ESTAT:ILC_DI08(1.0),Mean and median income by educational attainment level,A,Annual,MEAN_EI,Mean equivalised income,EUR,Euro,ED0-2,"Less than primary, primary and lower secondary education (levels 0-2)",T,Total,Y18-64,From 18 to 64 years,SK,Slovakia,2025,,9596,,,,,
dataflow,ESTAT:ILC_DI08(1.0),Mean and median income by educational attainment level,A,Annual,MEAN_EI,Mean equivalised income,EUR,Euro,ED0-2,"Less than primary, primary and lower secondary education (levels 0-2)",T,Total,Y18-64,From 18 to 64 years,TR,Türkiye,2016,,4170,,,,,
dataflow,ESTAT:ILC_DI08(1.0),Mean and median income by educational attainment level,A,Annual,MEAN_EI,Mean equivalised income,EUR,Euro,ED0-2,"Less than primary, primary and lower secondary education (levels 0-2)",T,Total,Y18-64,From 18 to 64 years,TR,Türkiye,2017,,4385,,,,,
dataflow,ESTAT:ILC_DI08(1.0),Mean and median income by educational attainment level,A,Annual,MEAN_EI,Mean equivalised income,EUR,Euro,ED0-2,"Less than primary, primary and lower secondary education (levels 0-2)",T,Total,Y18-64,From 18 to 64 years,TR,Türkiye,2018,,3985,,,,,
dataflow,ESTAT:ILC_DI08(1.0),Mean and median income by educational attainment level,A,Annual,MEAN_EI,Mean equivalised income,EUR,Euro,ED0-2,"Less than primary, primary and lower secondary education (levels 0-2)",T,Total,Y18-64,From 18 to 64 years,TR,Türkiye,2019,,3352,,,,,
dataflow,ESTAT:ILC_DI08(1.0),Mean and median income by educational attainment level,A,Annual,MEAN_EI,Mean equivalised income,EUR,Euro,ED0-2,"Less than primary, primary and lower secondary education (levels 0-2)",T,Total,Y18-64,From 18 to 64 years,TR,Türkiye,2020,,3461,,,,,
dataflow,ESTAT:ILC_DI08(1.0),Mean and median income by educational attainment level,A,Annual,MEAN_EI,Mean equivalised income,EUR,Euro,ED0-2,"Less than primary, primary and lower secondary education (levels 0-2)",T,Total,Y18-64,From 18 to 64 years,TR,Türkiye,2021,,2978,,,,,
dataflow,ESTAT:ILC_DI08(1.0),Mean and median income by educational attainment level,A,Annual,MEAN_EI,Mean equivalised income,EUR,Euro,ED0-2,"Less than primary, primary and lower secondary education (levels 0-2)",T,Total,Y18-64,From 18 to 64 years,TR,Türkiye,2022,,3199,,,,,
dataflow,ESTAT:ILC_DI08(1.0),Mean and median income by educational attainment level,A,Annual,MEAN_EI,Mean equivalised income,EUR,Euro,ED0-2,"Less than primary, primary and lower secondary education (levels 0-2)",T,Total,Y18-64,From 18 to 64 years,TR,Türkiye,2023,,3402,,,,,
dataflow,ESTAT:ILC_DI08(1.0),Mean and median income by educational attainment level,A,Annual,MEAN_EI,Mean equivalised income,EUR,Euro,ED0-2,"Less than primary, primary and lower secondary education (levels 0-2)",T,Total,Y18-64,From 18 to 64 years,TR,Türkiye,2024,,4569,,,,,
dataflow,ESTAT:ILC_DI08(1.0),Mean and median income by educational attainment level,A,Annual,MEAN_EI,Mean equivalised income,EUR,Euro,ED0-2,"Less than primary, primary and lower secondary education (levels 0-2)",T,Total,Y18-64,From 18 to 64 years,TR,Türkiye,2025,,6601,,,,,
dataflow,ESTAT:ILC_DI08(1.0),Mean and median income by educational attainment level,A,Annual,MEAN_EI,Mean equivalised income,EUR,Euro,ED0-2,"Less than primary, primary and lower secondary education (levels 0-2)",T,Total,Y18-64,From 18 to 64 years,UK,United Kingdom,2016,,21027,,,,,
dataflow,ESTAT:ILC_DI08(1.0),Mean and median income by educational attainment level,A,Annual,MEAN_EI,Mean equivalised income,EUR,Euro,ED0-2,"Less than primary, primary and lower secondary education (levels 0-2)",T,Total,Y18-64,From 18 to 64 years,UK,United Kingdom,2017,,18990,,b,break in time series,,
dataflow,ESTAT:ILC_DI08(1.0),Mean and median income by educational attainment level,A,Annual,MEAN_EI,Mean equivalised income,EUR,Euro,ED0-2,"Less than primary, primary and lower secondary education (levels 0-2)",T,Total,Y18-64,From 18 to 64 years,UK,United Kingdom,2018,,20007,,,,,
dataflow,ESTAT:ILC_DI08(1.0),Mean and median income by educational attainment level,A,Annual,MEAN_EI,Mean equivalised income,EUR,Euro,ED0-2,"Less than primary, primary and lower secondary education (levels 0-2)",T,Total,Y18-64,From 18 to 64 years,XK,Kosovo*,2018,,2102,,,,,
dataflow,ESTAT:ILC_DI08(1.0),Mean and median income by educational attainment level,A,Annual,MEAN_EI,Mean equivalised income,EUR,Euro,ED3_4,Upper secondary and post-secondary non-tertiary education (levels 3 and 4),T,Total,Y18-64,From 18 to 64 years,AL,Albania,2017,,2287,,,,,
dataflow,ESTAT:ILC_DI08(1.0),Mean and median income by educational attainment level,A,Annual,MEAN_EI,Mean equivalised income,EUR,Euro,ED3_4,Upper secondary and post-secondary non-tertiary education (levels 3 and 4),T,Total,Y18-64,From 18 to 64 years,AL,Albania,2018,,2490,,,,,
dataflow,ESTAT:ILC_DI08(1.0),Mean and median income by educational attainment level,A,Annual,MEAN_EI,Mean equivalised income,EUR,Euro,ED3_4,Upper secondary and post-secondary non-tertiary education (levels 3 and 4),T,Total,Y18-64,From 18 to 64 years,AL,Albania,2019,,2793,,,,,
dataflow,ESTAT:ILC_DI08(1.0),Mean and median income by educational attainment level,A,Annual,MEAN_EI,Mean equivalised income,EUR,Euro,ED3_4,Upper secondary and post-secondary non-tertiary education (levels 3 and 4),T,Total,Y18-64,From 18 to 64 years,AL,Albania,2020,,3143,,,,,
dataflow,ESTAT:ILC_DI08(1.0),Mean and median income by educational attainment level,A,Annual,MEAN_EI,Mean equivalised income,EUR,Euro,ED3_4,Upper secondary and post-secondary non-tertiary education (levels 3 and 4),T,Total,Y18-64,From 18 to 64 years,AL,Albania,2021,,3153,,,,,
dataflow,ESTAT:ILC_DI08(1.0),Mean and median income by educational attainment level,A,Annual,MEAN_EI,Mean equivalised income,EUR,Euro,ED3_4,Upper secondary and post-secondary non-tertiary education (levels 3 and 4),T,Total,Y18-64,From 18 to 64 years,AL,Albania,2022,,3726,,,,,
dataflow,ESTAT:ILC_DI08(1.0),Mean and median income by educational attainment level,A,Annual,MEAN_EI,Mean equivalised income,EUR,Euro,ED3_4,Upper secondary and post-secondary non-tertiary education (levels 3 and 4),T,Total,Y18-64,From 18 to 64 years,AL,Albania,2023,,4490,,,,,
dataflow,ESTAT:ILC_DI08(1.0),Mean and median income by educational attainment level,A,Annual,MEAN_EI,Mean equivalised income,EUR,Euro,ED3_4,Upper secondary and post-secondary non-tertiary education (levels 3 and 4),T,Total,Y18-64,From 18 to 64 years,AT,Austria,2016,,26095,,,,,
dataflow,ESTAT:ILC_DI08(1.0),Mean and median income by educational attainment level,A,Annual,MEAN_EI,Mean equivalised income,EUR,Euro,ED3_4,Upper secondary and post-secondary non-tertiary education (levels 3 and 4),T,Total,Y18-64,From 18 to 64 years,AT,Austria,2017,,27376,,,,,
dataflow,ESTAT:ILC_DI08(1.0),Mean and median income by educational attainment level,A,Annual,MEAN_EI,Mean equivalised income,EUR,Euro,ED3_4,Upper secondary and post-secondary non-tertiary education (levels 3 and 4),T,Total,Y18-64,From 18 to 64 years,AT,Austria,2018,,27750,,,,,
dataflow,ESTAT:ILC_DI08(1.0),Mean and median income by educational attainment level,A,Annual,MEAN_EI,Mean equivalised income,EUR,Euro,ED3_4,Upper secondary and post-secondary non-tertiary education (levels 3 and 4),T,Total,Y18-64,From 18 to 64 years,AT,Austria,2019,,29008,,,,,
dataflow,ESTAT:ILC_DI08(1.0),Mean and median income by educational attainment level,A,Annual,MEAN_EI,Mean equivalised income,EUR,Euro,ED3_4,Upper secondary and post-secondary non-tertiary education (levels 3 and 4),T,Total,Y18-64,From 18 to 64 years,AT,Austria,2020,,29377,,,,,
dataflow,ESTAT:ILC_DI08(1.0),Mean and median income by educational attainment level,A,Annual,MEAN_EI,Mean equivalised income,EUR,Euro,ED3_4,Upper secondary and post-secondary non-tertiary education (levels 3 and 4),T,Total,Y18-64,From 18 to 64 years,AT,Austria,2021,,29876,,,,,
dataflow,ESTAT:ILC_DI08(1.0),Mean and median income by educational attainment level,A,Annual,MEAN_EI,Mean equivalised income,EUR,Euro,ED3_4,Upper secondary and post-secondary non-tertiary education (levels 3 and 4),T,Total,Y18-64,From 18 to 64 years,AT,Austria,2022,,30924,,,,,
dataflow,ESTAT:ILC_DI08(1.0),Mean and median income by educational attainment level,A,Annual,MEAN_EI,Mean equivalised income,EUR,Euro,ED3_4,Upper secondary and post-secondary non-tertiary education (levels 3 and 4),T,Total,Y18-64,From 18 to 64 years,AT,Austria,2023,,34788,,,,,
dataflow,ESTAT:ILC_DI08(1.0),Mean and median income by educational attainment level,A,Annual,MEAN_EI,Mean equivalised income,EUR,Euro,ED3_4,Upper secondary and post-secondary non-tertiary education (levels 3 and 4),T,Total,Y18-64,From 18 to 64 years,AT,Austria,2024,,37555,,,,,
dataflow,ESTAT:ILC_DI08(1.0),Mean and median income by educational attainment level,A,Annual,MEAN_EI,Mean equivalised income,EUR,Euro,ED3_4,Upper secondary and post-secondary non-tertiary education (levels 3 and 4),T,Total,Y18-64,From 18 to 64 years,AT,Austria,2025,,40078,,,,,
dataflow,ESTAT:ILC_DI08(1.0),Mean and median income by educational attainment level,A,Annual,MEAN_EI,Mean equivalised income,EUR,Euro,ED3_4,Upper secondary and post-secondary non-tertiary education (levels 3 and 4),T,Total,Y18-64,From 18 to 64 years,BE,Belgium,2016,,23475,,,,,
dataflow,ESTAT:ILC_DI08(1.0),Mean and median income by educational attainment level,A,Annual,MEAN_EI,Mean equivalised income,EUR,Euro,ED3_4,Upper secondary and post-secondary non-tertiary education (levels 3 and 4),T,Total,Y18-64,From 18 to 64 years,BE,Belgium,2017,,23847,,,,,
dataflow,ESTAT:ILC_DI08(1.0),Mean and median income by educational attainment level,A,Annual,MEAN_EI,Mean equivalised income,EUR,Euro,ED3_4,Upper secondary and post-secondary non-tertiary education (levels 3 and 4),T,Total,Y18-64,From 18 to 64 years,BE,Belgium,2018,,24855,,,,,
dataflow,ESTAT:ILC_DI08(1.0),Mean and median income by educational attainment level,A,Annual,MEAN_EI,Mean equivalised income,EUR,Euro,ED3_4,Upper secondary and post-secondary non-tertiary education (levels 3 and 4),T,Total,Y18-64,From 18 to 64 years,BE,Belgium,2019,,25705,,b,break in time series,,
dataflow,ESTAT:ILC_DI08(1.0),Mean and median income by educational attainment level,A,Annual,MEAN_EI,Mean equivalised income,EUR,Euro,ED3_4,Upper secondary and post-secondary non-tertiary education (levels 3 and 4),T,Total,Y18-64,From 18 to 64 years,BE,Belgium,2020,,27037,,,,,
dataflow,ESTAT:ILC_DI08(1.0),Mean and median income by educational attainment level,A,Annual,MEAN_EI,Mean equivalised income,EUR,Euro,ED3_4,Upper secondary and post-secondary non-tertiary education (levels 3 and 4),T,Total,Y18-64,From 18 to 64 years,BE,Belgium,2021,,27273,,,,,
dataflow,ESTAT:ILC_DI08(1.0),Mean and median income by educational attainment level,A,Annual,MEAN_EI,Mean equivalised income,EUR,Euro,ED3_4,Upper secondary and post-secondary non-tertiary education (levels 3 and 4),T,Total,Y18-64,From 18 to 64 years,BE,Belgium,2022,,28441,,,,,
dataflow,ESTAT:ILC_DI08(1.0),Mean and median income by educational attainment level,A,Annual,MEAN_EI,Mean equivalised income,EUR,Euro,ED3_4,Upper secondary and post-secondary non-tertiary education (levels 3 and 4),T,Total,Y18-64,From 18 to 64 years,BE,Belgium,2023,,30348,,,,,
dataflow,ESTAT:ILC_DI08(1.0),Mean and median income by educational attainment level,A,Annual,MEAN_EI,Mean equivalised income,EUR,Euro,ED3_4,Upper secondary and post-secondary non-tertiary education (levels 3 and 4),T,Total,Y18-64,From 18 to 64 years,BE,Belgium,2024,,32044,,,,,
dataflow,ESTAT:ILC_DI08(1.0),Mean and median income by educational attainment level,A,Annual,MEAN_EI,Mean equivalised income,EUR,Euro,ED3_4,Upper secondary and post-secondary non-tertiary education (levels 3 and 4),T,Total,Y18-64,From 18 to 64 years,BE,Belgium,2025,,33483,,,,,
dataflow,ESTAT:ILC_DI08(1.0),Mean and median income by educational attainment level,A,Annual,MEAN_EI,Mean equivalised income,EUR,Euro,ED3_4,Upper secondary and post-secondary non-tertiary education (levels 3 and 4),T,Total,Y18-64,From 18 to 64 years,BG,Bulgaria,2016,,4045,,b,break in time series,,
dataflow,ESTAT:ILC_DI08(1.0),Mean and median income by educational attainment level,A,Annual,MEAN_EI,Mean equivalised income,EUR,Euro,ED3_4,Upper secondary and post-secondary non-tertiary education (levels 3 and 4),T,Total,Y18-64,From 18 to 64 years,BG,Bulgaria,2017,,4698,,,,,
dataflow,ESTAT:ILC_DI08(1.0),Mean and median income by educational attainment level,A,Annual,MEAN_EI,Mean equivalised income,EUR,Euro,ED3_4,Upper secondary and post-secondary non-tertiary education (levels 3 and 4),T,Total,Y18-64,From 18 to 64 years,BG,Bulgaria,2018,,4598,,,,,
dataflow,ESTAT:ILC_DI08(1.0),Mean and median income by educational attainment level,A,Annual,MEAN_EI,Mean equivalised income,EUR,Euro,ED3_4,Upper secondary and post-secondary non-tertiary education (levels 3 and 4),T,Total,Y18-64,From 18 to 64 years,BG,Bulgaria,2019,,5544,,,,,
dataflow,ESTAT:ILC_DI08(1.0),Mean and median income by educational attainment level,A,Annual,MEAN_EI,Mean equivalised income,EUR,Euro,ED3_4,Upper secondary and post-secondary non-tertiary education (levels 3 and 4),T,Total,Y18-64,From 18 to 64 years,BG,Bulgaria,2020,,6021,,,,,
dataflow,ESTAT:ILC_DI08(1.0),Mean and median income by educational attainment level,A,Annual,MEAN_EI,Mean equivalised income,EUR,Euro,ED3_4,Upper secondary and post-secondary non-tertiary education (levels 3 and 4),T,Total,Y18-64,From 18 to 64 years,BG,Bulgaria,2021,,6482,,,,,
dataflow,ESTAT:ILC_DI08(1.0),Mean and median income by educational attainment level,A,Annual,MEAN_EI,Mean equivalised income,EUR,Euro,ED3_4,Upper secondary and post-secondary non-tertiary education (levels 3 and 4),T,Total,Y18-64,From 18 to 64 years,BG,Bulgaria,2022,,6871,,,,,
dataflow,ESTAT:ILC_DI08(1.0),Mean and median income by educational attainment level,A,Annual,MEAN_EI,Mean equivalised income,EUR,Euro,ED3_4,Upper secondary and post-secondary non-tertiary education (levels 3 and 4),T,Total,Y18-64,From 18 to 64 years,BG,Bulgaria,2023,,8066,,,,,
dataflow,ESTAT:ILC_DI08(1.0),Mean and median income by educational attainment level,A,Annual,MEAN_EI,Mean equivalised income,EUR,Euro,ED3_4,Upper secondary and post-secondary non-tertiary education (levels 3 and 4),T,Total,Y18-64,From 18 to 64 years,BG,Bulgaria,2024,,9904,,,,,
dataflow,ESTAT:ILC_DI08(1.0),Mean and median income by educational attainment level,A,Annual,MEAN_EI,Mean equivalised income,EUR,Euro,ED3_4,Upper secondary and post-secondary non-tertiary education (levels 3 and 4),T,Total,Y18-64,From 18 to 64 years,BG,Bulgaria,2025,,11064,,,,,
dataflow,ESTAT:ILC_DI08(1.0),Mean and median income by educational attainment level,A,Annual,MEAN_EI,Mean equivalised income,EUR,Euro,ED3_4,Upper secondary and post-secondary non-tertiary education (levels 3 and 4),T,Total,Y18-64,From 18 to 64 years,CH,Switzerland,2016,,49385,,,,,
dataflow,ESTAT:ILC_DI08(1.0),Mean and median income by educational attainment level,A,Annual,MEAN_EI,Mean equivalised income,EUR,Euro,ED3_4,Upper secondary and post-secondary non-tertiary education (levels 3 and 4),T,Total,Y18-64,From 18 to 64 years,CH,Switzerland,2017,,48300,,,,,
dataflow,ESTAT:ILC_DI08(1.0),Mean and median income by educational attainment level,A,Annual,MEAN_EI,Mean equivalised income,EUR,Euro,ED3_4,Upper secondary and post-secondary non-tertiary education (levels 3 and 4),T,Total,Y18-64,From 18 to 64 years,CH,Switzerland,2018,,47931,,,,,
dataflow,ESTAT:ILC_DI08(1.0),Mean and median income by educational attainment level,A,Annual,MEAN_EI,Mean equivalised income,EUR,Euro,ED3_4,Upper secondary and post-secondary non-tertiary education (levels 3 and 4),T,Total,Y18-64,From 18 to 64 years,CH,Switzerland,2019,,46454,,,,,
dataflow,ESTAT:ILC_DI08(1.0),Mean and median income by educational attainment level,A,Annual,MEAN_EI,Mean equivalised income,EUR,Euro,ED3_4,Upper secondary and post-secondary non-tertiary education (levels 3 and 4),T,Total,Y18-64,From 18 to 64 years,CH,Switzerland,2020,,48258,,,,,
dataflow,ESTAT:ILC_DI08(1.0),Mean and median income by educational attainment level,A,Annual,MEAN_EI,Mean equivalised income,EUR,Euro,ED3_4,Upper secondary and post-secondary non-tertiary education (levels 3 and 4),T,Total,Y18-64,From 18 to 64 years,CH,Switzerland,2021,,50335,,,,,
dataflow,ESTAT:ILC_DI08(1.0),Mean and median income by educational attainment level,A,Annual,MEAN_EI,Mean equivalised income,EUR,Euro,ED3_4,Upper secondary and post-secondary non-tertiary education (levels 3 and 4),T,Total,Y18-64,From 18 to 64 years,CH,Switzerland,2022,,48987,,,,,
dataflow,ESTAT:ILC_DI08(1.0),Mean and median income by educational attainment level,A,Annual,MEAN_EI,Mean equivalised income,EUR,Euro,ED3_4,Upper secondary and post-secondary non-tertiary education (levels 3 and 4),T,Total,Y18-64,From 18 to 64 years,CH,Switzerland,2023,,54488,,,,,
dataflow,ESTAT:ILC_DI08(1.0),Mean and median income by educational attainment level,A,Annual,MEAN_EI,Mean equivalised income,EUR,Euro,ED3_4,Upper secondary and post-secondary non-tertiary education (levels 3 and 4),T,Total,Y18-64,From 18 to 64 years,CH,Switzerland,2024,,57078,,,,,
dataflow,ESTAT:ILC_DI08(1.0),Mean and median income by educational attainment level,A,Annual,MEAN_EI,Mean equivalised income,EUR,Euro,ED3_4,Upper secondary and post-secondary non-tertiary education (levels 3 and 4),T,Total,Y18-64,From 18 to 64 years,CY,Cyprus,2016,,15585,,,,,
dataflow,ESTAT:ILC_DI08(1.0),Mean and median income by educational attainment level,A,Annual,MEAN_EI,Mean equivalised income,EUR,Euro,ED3_4,Upper secondary and post-secondary non-tertiary education (levels 3 and 4),T,Total,Y18-64,From 18 to 64 years,CY,Cyprus,2017,,15824,,,,,
dataflow,ESTAT:ILC_DI08(1.0),Mean and median income by educational attainment level,A,Annual,MEAN_EI,Mean equivalised income,EUR,Euro,ED3_4,Upper secondary and post-secondary non-tertiary education (levels 3 and 4),T,Total,Y18-64,From 18 to 64 years,CY,Cyprus,2018,,16305,,,,,
dataflow,ESTAT:ILC_DI08(1.0),Mean and median income by educational attainment level,A,Annual,MEAN_EI,Mean equivalised income,EUR,Euro,ED3_4,Upper secondary and post-secondary non-tertiary education (levels 3 and 4),T,Total,Y18-64,From 18 to 64 years,CY,Cyprus,2019,,18301,,,,,
dataflow,ESTAT:ILC_DI08(1.0),Mean and median income by educational attainment level,A,Annual,MEAN_EI,Mean equivalised income,EUR,Euro,ED3_4,Upper secondary and post-secondary non-tertiary education (levels 3 and 4),T,Total,Y18-64,From 18 to 64 years,CY,Cyprus,2020,,18068,,,,,
dataflow,ESTAT:ILC_DI08(1.0),Mean and median income by educational attainment level,A,Annual,MEAN_EI,Mean equivalised income,EUR,Euro,ED3_4,Upper secondary and post-secondary non-tertiary education (levels 3 and 4),T,Total,Y18-64,From 18 to 64 years,CY,Cyprus,2021,,18143,,,,,
dataflow,ESTAT:ILC_DI08(1.0),Mean and median income by educational attainment level,A,Annual,MEAN_EI,Mean equivalised income,EUR,Euro,ED3_4,Upper secondary and post-secondary non-tertiary education (levels 3 and 4),T,Total,Y18-64,From 18 to 64 years,CY,Cyprus,2022,,19013,,,,,
dataflow,ESTAT:ILC_DI08(1.0),Mean and median income by educational attainment level,A,Annual,MEAN_EI,Mean equivalised income,EUR,Euro,ED3_4,Upper secondary and post-secondary non-tertiary education (levels 3 and 4),T,Total,Y18-64,From 18 to 64 years,CY,Cyprus,2023,,20606,,,,,
dataflow,ESTAT:ILC_DI08(1.0),Mean and median income by educational attainment level,A,Annual,MEAN_EI,Mean equivalised income,EUR,Euro,ED3_4,Upper secondary and post-secondary non-tertiary education (levels 3 and 4),T,Total,Y18-64,From 18 to 64 years,CY,Cyprus,2024,,21828,,,,,
dataflow,ESTAT:ILC_DI08(1.0),Mean and median income by educational attainment level,A,Annual,MEAN_EI,Mean equivalised income,EUR,Euro,ED3_4,Upper secondary and post-secondary non-tertiary education (levels 3 and 4),T,Total,Y18-64,From 18 to 64 years,CY,Cyprus,2025,,23715,,,,,
dataflow,ESTAT:ILC_DI08(1.0),Mean and median income by educational attainment level,A,Annual,MEAN_EI,Mean equivalised income,EUR,Euro,ED3_4,Upper secondary and post-secondary non-tertiary education (levels 3 and 4),T,Total,Y18-64,From 18 to 64 years,CZ,Czechia,2016,,8939,,,,,
dataflow,ESTAT:ILC_DI08(1.0),Mean and median income by educational attainment level,A,Annual,MEAN_EI,Mean equivalised income,EUR,Euro,ED3_4,Upper secondary and post-secondary non-tertiary education (levels 3 and 4),T,Total,Y18-64,From 18 to 64 years,CZ,Czechia,2017,,9493,,,,,
dataflow,ESTAT:ILC_DI08(1.0),Mean and median income by educational attainment level,A,Annual,MEAN_EI,Mean equivalised income,EUR,Euro,ED3_4,Upper secondary and post-secondary non-tertiary education (levels 3 and 4),T,Total,Y18-64,From 18 to 64 years,CZ,Czechia,2018,,10400,,,,,
dataflow,ESTAT:ILC_DI08(1.0),Mean and median income by educational attainment level,A,Annual,MEAN_EI,Mean equivalised income,EUR,Euro,ED3_4,Upper secondary and post-secondary non-tertiary education (levels 3 and 4),T,Total,Y18-64,From 18 to 64 years,CZ,Czechia,2019,,11388,,,,,
dataflow,ESTAT:ILC_DI08(1.0),Mean and median income by educational attainment level,A,Annual,MEAN_EI,Mean equivalised income,EUR,Euro,ED3_4,Upper secondary and post-secondary non-tertiary education (levels 3 and 4),T,Total,Y18-64,From 18 to 64 years,CZ,Czechia,2020,,12261,,,,,
dataflow,ESTAT:ILC_DI08(1.0),Mean and median income by educational attainment level,A,Annual,MEAN_EI,Mean equivalised income,EUR,Euro,ED3_4,Upper secondary and post-secondary non-tertiary education (levels 3 and 4),T,Total,Y18-64,From 18 to 64 years,CZ,Czechia,2021,,12285,,,,,
dataflow,ESTAT:ILC_DI08(1.0),Mean and median income by educational attainment level,A,Annual,MEAN_EI,Mean equivalised income,EUR,Euro,ED3_4,Upper secondary and post-secondary non-tertiary education (levels 3 and 4),T,Total,Y18-64,From 18 to 64 years,CZ,Czechia,2022,,13897,,,,,
dataflow,ESTAT:ILC_DI08(1.0),Mean and median income by educational attainment level,A,Annual,MEAN_EI,Mean equivalised income,EUR,Euro,ED3_4,Upper secondary and post-secondary non-tertiary education (levels 3 and 4),T,Total,Y18-64,From 18 to 64 years,CZ,Czechia,2023,,15531,,,,,
dataflow,ESTAT:ILC_DI08(1.0),Mean and median income by educational attainment level,A,Annual,MEAN_EI,Mean equivalised income,EUR,Euro,ED3_4,Upper secondary and post-secondary non-tertiary education (levels 3 and 4),T,Total,Y18-64,From 18 to 64 years,CZ,Czechia,2024,,16828,,,,,
dataflow,ESTAT:ILC_DI08(1.0),Mean and median income by educational attainment level,A,Annual,MEAN_EI,Mean equivalised income,EUR,Euro,ED3_4,Upper secondary and post-secondary non-tertiary education (levels 3 and 4),T,Total,Y18-64,From 18 to 64 years,CZ,Czechia,2025,,16964,,,,,
dataflow,ESTAT:ILC_DI08(1.0),Mean and median income by educational attainment level,A,Annual,MEAN_EI,Mean equivalised income,EUR,Euro,ED3_4,Upper secondary and post-secondary non-tertiary education (levels 3 and 4),T,Total,Y18-64,From 18 to 64 years,DE,Germany,2016,,22791,,,,,
dataflow,ESTAT:ILC_DI08(1.0),Mean and median income by educational attainment level,A,Annual,MEAN_EI,Mean equivalised income,EUR,Euro,ED3_4,Upper secondary and post-secondary non-tertiary education (levels 3 and 4),T,Total,Y18-64,From 18 to 64 years,DE,Germany,2017,,23387,,,,,
dataflow,ESTAT:ILC_DI08(1.0),Mean and median income by educational attainment level,A,Annual,MEAN_EI,Mean equivalised income,EUR,Euro,ED3_4,Upper secondary and post-secondary non-tertiary education (levels 3 and 4),T,Total,Y18-64,From 18 to 64 years,DE,Germany,2018,,23869,,,,,
dataflow,ESTAT:ILC_DI08(1.0),Mean and median income by educational attainment level,A,Annual,MEAN_EI,Mean equivalised income,EUR,Euro,ED3_4,Upper secondary and post-secondary non-tertiary education (levels 3 and 4),T,Total,Y18-64,From 18 to 64 years,DE,Germany,2019,,25326,,,,,
dataflow,ESTAT:ILC_DI08(1.0),Mean and median income by educational attainment level,A,Annual,MEAN_EI,Mean equivalised income,EUR,Euro,ED3_4,Upper secondary and post-secondary non-tertiary education (levels 3 and 4),T,Total,Y18-64,From 18 to 64 years,DE,Germany,2020,,29409,,b,break in time series,,
dataflow,ESTAT:ILC_DI08(1.0),Mean and median income by educational attainment level,A,Annual,MEAN_EI,Mean equivalised income,EUR,Euro,ED3_4,Upper secondary and post-secondary non-tertiary education (levels 3 and 4),T,Total,Y18-64,From 18 to 64 years,DE,Germany,2021,,28729,,,,,
dataflow,ESTAT:ILC_DI08(1.0),Mean and median income by educational attainment level,A,Annual,MEAN_EI,Mean equivalised income,EUR,Euro,ED3_4,Upper secondary and post-secondary non-tertiary education (levels 3 and 4),T,Total,Y18-64,From 18 to 64 years,DE,Germany,2022,,28310,,,,,
dataflow,ESTAT:ILC_DI08(1.0),Mean and median income by educational attainment level,A,Annual,MEAN_EI,Mean equivalised income,EUR,Euro,ED3_4,Upper secondary and post-secondary non-tertiary education (levels 3 and 4),T,Total,Y18-64,From 18 to 64 years,DE,Germany,2023,,29872,,,,,
dataflow,ESTAT:ILC_DI08(1.0),Mean and median income by educational attainment level,A,Annual,MEAN_EI,Mean equivalised income,EUR,Euro,ED3_4,Upper secondary and post-secondary non-tertiary education (levels 3 and 4),T,Total,Y18-64,From 18 to 64 years,DE,Germany,2024,,31474,,,,,
dataflow,ESTAT:ILC_DI08(1.0),Mean and median income by educational attainment level,A,Annual,MEAN_EI,Mean equivalised income,EUR,Euro,ED3_4,Upper secondary and post-secondary non-tertiary education (levels 3 and 4),T,Total,Y18-64,From 18 to 64 years,DE,Germany,2025,,32816,,,,,
dataflow,ESTAT:ILC_DI08(1.0),Mean and median income by educational attainment level,A,Annual,MEAN_EI,Mean equivalised income,EUR,Euro,ED3_4,Upper secondary and post-secondary non-tertiary education (levels 3 and 4),T,Total,Y18-64,From 18 to 64 years,DK,Denmark,2016,,31039,,,,,
dataflow,ESTAT:ILC_DI08(1.0),Mean and median income by educational attainment level,A,Annual,MEAN_EI,Mean equivalised income,EUR,Euro,ED3_4,Upper secondary and post-secondary non-tertiary education (levels 3 and 4),T,Total,Y18-64,From 18 to 64 years,DK,Denmark,2017,,31947,,,,,
dataflow,ESTAT:ILC_DI08(1.0),Mean and median income by educational attainment level,A,Annual,MEAN_EI,Mean equivalised income,EUR,Euro,ED3_4,Upper secondary and post-secondary non-tertiary education (levels 3 and 4),T,Total,Y18-64,From 18 to 64 years,DK,Denmark,2018,,33095,,,,,
dataflow,ESTAT:ILC_DI08(1.0),Mean and median income by educational attainment level,A,Annual,MEAN_EI,Mean equivalised income,EUR,Euro,ED3_4,Upper secondary and post-secondary non-tertiary education (levels 3 and 4),T,Total,Y18-64,From 18 to 64 years,DK,Denmark,2019,,32913,,,,,
dataflow,ESTAT:ILC_DI08(1.0),Mean and median income by educational attainment level,A,Annual,MEAN_EI,Mean equivalised income,EUR,Euro,ED3_4,Upper secondary and post-secondary non-tertiary education (levels 3 and 4),T,Total,Y18-64,From 18 to 64 years,DK,Denmark,2020,,35017,,,,,
dataflow,ESTAT:ILC_DI08(1.0),Mean and median income by educational attainment level,A,Annual,MEAN_EI,Mean equivalised income,EUR,Euro,ED3_4,Upper secondary and post-secondary non-tertiary education (levels 3 and 4),T,Total,Y18-64,From 18 to 64 years,DK,Denmark,2021,,36793,,,,,
dataflow,ESTAT:ILC_DI08(1.0),Mean and median income by educational attainment level,A,Annual,MEAN_EI,Mean equivalised income,EUR,Euro,ED3_4,Upper secondary and post-secondary non-tertiary education (levels 3 and 4),T,Total,Y18-64,From 18 to 64 years,DK,Denmark,2022,,37593,,,,,
dataflow,ESTAT:ILC_DI08(1.0),Mean and median income by educational attainment level,A,Annual,MEAN_EI,Mean equivalised income,EUR,Euro,ED3_4,Upper secondary and post-secondary non-tertiary education (levels 3 and 4),T,Total,Y18-64,From 18 to 64 years,DK,Denmark,2023,,37446,,,,,
dataflow,ESTAT:ILC_DI08(1.0),Mean and median income by educational attainment level,A,Annual,MEAN_EI,Mean equivalised income,EUR,Euro,ED3_4,Upper secondary and post-secondary non-tertiary education (levels 3 and 4),T,Total,Y18-64,From 18 to 64 years,DK,Denmark,2024,,37706,,,,,
dataflow,ESTAT:ILC_DI08(1.0),Mean and median income by educational attainment level,A,Annual,MEAN_EI,Mean equivalised income,EUR,Euro,ED3_4,Upper secondary and post-secondary non-tertiary education (levels 3 and 4),T,Total,Y18-64,From 18 to 64 years,DK,Denmark,2025,,40303,,,,,
dataflow,ESTAT:ILC_DI08(1.0),Mean and median income by educational attainment level,A,Annual,MEAN_EI,Mean equivalised income,EUR,Euro,ED3_4,Upper secondary and post-secondary non-tertiary education (levels 3 and 4),T,Total,Y18-64,From 18 to 64 years,EA,"Euro area (EA11-1999, EA12-2001, EA13-2007, EA15-2008, EA16-2009, EA17-2011, EA18-2014, EA19-2015, EA20-2023, EA21-2026)",2016,,20434,,e,estimated,,
dataflow,ESTAT:ILC_DI08(1.0),Mean and median income by educational attainment level,A,Annual,MEAN_EI,Mean equivalised income,EUR,Euro,ED3_4,Upper secondary and post-secondary non-tertiary education (levels 3 and 4),T,Total,Y18-64,From 18 to 64 years,EA,"Euro area (EA11-1999, EA12-2001, EA13-2007, EA15-2008, EA16-2009, EA17-2011, EA18-2014, EA19-2015, EA20-2023, EA21-2026)",2017,,20897,,e,estimated,,
dataflow,ESTAT:ILC_DI08(1.0),Mean and median income by educational attainment level,A,Annual,MEAN_EI,Mean equivalised income,EUR,Euro,ED3_4,Upper secondary and post-secondary non-tertiary education (levels 3 and 4),T,Total,Y18-64,From 18 to 64 years,EA,"Euro area (EA11-1999, EA12-2001, EA13-2007, EA15-2008, EA16-2009, EA17-2011, EA18-2014, EA19-2015, EA20-2023, EA21-2026)",2018,,21228,,e,estimated,,
dataflow,ESTAT:ILC_DI08(1.0),Mean and median income by educational attainment level,A,Annual,MEAN_EI,Mean equivalised income,EUR,Euro,ED3_4,Upper secondary and post-secondary non-tertiary education (levels 3 and 4),T,Total,Y18-64,From 18 to 64 years,EA,"Euro area (EA11-1999, EA12-2001, EA13-2007, EA15-2008, EA16-2009, EA17-2011, EA18-2014, EA19-2015, EA20-2023, EA21-2026)",2019,,22025,,,,,
dataflow,ESTAT:ILC_DI08(1.0),Mean and median income by educational attainment level,A,Annual,MEAN_EI,Mean equivalised income,EUR,Euro,ED3_4,Upper secondary and post-secondary non-tertiary education (levels 3 and 4),T,Total,Y18-64,From 18 to 64 years,EA,"Euro area (EA11-1999, EA12-2001, EA13-2007, EA15-2008, EA16-2009, EA17-2011, EA18-2014, EA19-2015, EA20-2023, EA21-2026)",2020,,23568,,b,break in time series,,
dataflow,ESTAT:ILC_DI08(1.0),Mean and median income by educational attainment level,A,Annual,MEAN_EI,Mean equivalised income,EUR,Euro,ED3_4,Upper secondary and post-secondary non-tertiary education (levels 3 and 4),T,Total,Y18-64,From 18 to 64 years,EA,"Euro area (EA11-1999, EA12-2001, EA13-2007, EA15-2008, EA16-2009, EA17-2011, EA18-2014, EA19-2015, EA20-2023, EA21-2026)",2021,,23446,,,,,
dataflow,ESTAT:ILC_DI08(1.0),Mean and median income by educational attainment level,A,Annual,MEAN_EI,Mean equivalised income,EUR,Euro,ED3_4,Upper secondary and post-secondary non-tertiary education (levels 3 and 4),T,Total,Y18-64,From 18 to 64 years,EA18,Euro area - 18 countries (2014),2016,,20589,,,,,
dataflow,ESTAT:ILC_DI08(1.0),Mean and median income by educational attainment level,A,Annual,MEAN_EI,Mean equivalised income,EUR,Euro,ED3_4,Upper secondary and post-secondary non-tertiary education (levels 3 and 4),T,Total,Y18-64,From 18 to 64 years,EA18,Euro area - 18 countries (2014),2017,,21050,,,,,
dataflow,ESTAT:ILC_DI08(1.0),Mean and median income by educational attainment level,A,Annual,MEAN_EI,Mean equivalised income,EUR,Euro,ED3_4,Upper secondary and post-secondary non-tertiary education (levels 3 and 4),T,Total,Y18-64,From 18 to 64 years,EA18,Euro area - 18 countries (2014),2018,,21367,,,,,
dataflow,ESTAT:ILC_DI08(1.0),Mean and median income by educational attainment level,A,Annual,MEAN_EI,Mean equivalised income,EUR,Euro,ED3_4,Upper secondary and post-secondary non-tertiary education (levels 3 and 4),T,Total,Y18-64,From 18 to 64 years,EA18,Euro area - 18 countries (2014),2019,,22162,,,,,
dataflow,ESTAT:ILC_DI08(1.0),Mean and median income by educational attainment level,A,Annual,MEAN_EI,Mean equivalised income,EUR,Euro,ED3_4,Upper secondary and post-secondary non-tertiary education (levels 3 and 4),T,Total,Y18-64,From 18 to 64 years,EA18,Euro area - 18 countries (2014),2020,,23713,,b,break in time series,,
dataflow,ESTAT:ILC_DI08(1.0),Mean and median income by educational attainment level,A,Annual,MEAN_EI,Mean equivalised income,EUR,Euro,ED3_4,Upper secondary and post-secondary non-tertiary education (levels 3 and 4),T,Total,Y18-64,From 18 to 64 years,EA19,Euro area - 19 countries  (2015-2022),2016,,20434,,,,,
dataflow,ESTAT:ILC_DI08(1.0),Mean and median income by educational attainment level,A,Annual,MEAN_EI,Mean equivalised income,EUR,Euro,ED3_4,Upper secondary and post-secondary non-tertiary education (levels 3 and 4),T,Total,Y18-64,From 18 to 64 years,EA19,Euro area - 19 countries  (2015-2022),2017,,20897,,,,,
dataflow,ESTAT:ILC_DI08(1.0),Mean and median income by educational attainment level,A,Annual,MEAN_EI,Mean equivalised income,EUR,Euro,ED3_4,Upper secondary and post-secondary non-tertiary education (levels 3 and 4),T,Total,Y18-64,From 18 to 64 years,EA19,Euro area - 19 countries  (2015-2022),2018,,21228,,,,,
dataflow,ESTAT:ILC_DI08(1.0),Mean and median income by educational attainment level,A,Annual,MEAN_EI,Mean equivalised income,EUR,Euro,ED3_4,Upper secondary and post-secondary non-tertiary education (levels 3 and 4),T,Total,Y18-64,From 18 to 64 years,EA19,Euro area - 19 countries  (2015-2022),2019,,22025,,,,,
dataflow,ESTAT:ILC_DI08(1.0),Mean and median income by educational attainment level,A,Annual,MEAN_EI,Mean equivalised income,EUR,Euro,ED3_4,Upper secondary and post-secondary non-tertiary education (levels 3 and 4),T,Total,Y18-64,From 18 to 64 years,EA19,Euro area - 19 countries  (2015-2022),2020,,23568,,b,break in time series,,
dataflow,ESTAT:ILC_DI08(1.0),Mean and median income by educational attainment level,A,Annual,MEAN_EI,Mean equivalised income,EUR,Euro,ED3_4,Upper secondary and post-secondary non-tertiary education (levels 3 and 4),T,Total,Y18-64,From 18 to 64 years,EA19,Euro area - 19 countries  (2015-2022),2021,,23446,,,,,
dataflow,ESTAT:ILC_DI08(1.0),Mean and median income by educational attainment level,A,Annual,MEAN_EI,Mean equivalised income,EUR,Euro,ED3_4,Upper secondary and post-secondary non-tertiary education (levels 3 and 4),T,Total,Y18-64,From 18 to 64 years,EA20,Euro area – 20 countries (2023-2025),2016,,20190,,,,,
dataflow,ESTAT:ILC_DI08(1.0),Mean and median income by educational attainment level,A,Annual,MEAN_EI,Mean equivalised income,EUR,Euro,ED3_4,Upper secondary and post-secondary non-tertiary education (levels 3 and 4),T,Total,Y18-64,From 18 to 64 years,EA20,Euro area – 20 countries (2023-2025),2017,,20656,,,,,
dataflow,ESTAT:ILC_DI08(1.0),Mean and median income by educational attainment level,A,Annual,MEAN_EI,Mean equivalised income,EUR,Euro,ED3_4,Upper secondary and post-secondary non-tertiary education (levels 3 and 4),T,Total,Y18-64,From 18 to 64 years,EA20,Euro area – 20 countries (2023-2025),2018,,20989,,,,,
dataflow,ESTAT:ILC_DI08(1.0),Mean and median income by educational attainment level,A,Annual,MEAN_EI,Mean equivalised income,EUR,Euro,ED3_4,Upper secondary and post-secondary non-tertiary education (levels 3 and 4),T,Total,Y18-64,From 18 to 64 years,EA20,Euro area – 20 countries (2023-2025),2019,,21784,,,,,
dataflow,ESTAT:ILC_DI08(1.0),Mean and median income by educational attainment level,A,Annual,MEAN_EI,Mean equivalised income,EUR,Euro,ED3_4,Upper secondary and post-secondary non-tertiary education (levels 3 and 4),T,Total,Y18-64,From 18 to 64 years,EA20,Euro area – 20 countries (2023-2025),2020,,23312,,,,,
dataflow,ESTAT:ILC_DI08(1.0),Mean and median income by educational attainment level,A,Annual,MEAN_EI,Mean equivalised income,EUR,Euro,ED3_4,Upper secondary and post-secondary non-tertiary education (levels 3 and 4),T,Total,Y18-64,From 18 to 64 years,EA20,Euro area – 20 countries (2023-2025),2021,,23142,,,,,
dataflow,ESTAT:ILC_DI08(1.0),Mean and median income by educational attainment level,A,Annual,MEAN_EI,Mean equivalised income,EUR,Euro,ED3_4,Upper secondary and post-secondary non-tertiary education (levels 3 and 4),T,Total,Y18-64,From 18 to 64 years,EA20,Euro area – 20 countries (2023-2025),2022,,23573,,,,,
dataflow,ESTAT:ILC_DI08(1.0),Mean and median income by educational attainment level,A,Annual,MEAN_EI,Mean equivalised income,EUR,Euro,ED3_4,Upper secondary and post-secondary non-tertiary education (levels 3 and 4),T,Total,Y18-64,From 18 to 64 years,EA20,Euro area – 20 countries (2023-2025),2023,,25031,,,,,
dataflow,ESTAT:ILC_DI08(1.0),Mean and median income by educational attainment level,A,Annual,MEAN_EI,Mean equivalised income,EUR,Euro,ED3_4,Upper secondary and post-secondary non-tertiary education (levels 3 and 4),T,Total,Y18-64,From 18 to 64 years,EA20,Euro area – 20 countries (2023-2025),2024,,26297,,,,,
dataflow,ESTAT:ILC_DI08(1.0),Mean and median income by educational attainment level,A,Annual,MEAN_EI,Mean equivalised income,EUR,Euro,ED3_4,Upper secondary and post-secondary non-tertiary education (levels 3 and 4),T,Total,Y18-64,From 18 to 64 years,EA20,Euro area – 20 countries (2023-2025),2025,,27612,,,,,
dataflow,ESTAT:ILC_DI08(1.0),Mean and median income by educational attainment level,A,Annual,MEAN_EI,Mean equivalised income,EUR,Euro,ED3_4,Upper secondary and post-secondary non-tertiary education (levels 3 and 4),T,Total,Y18-64,From 18 to 64 years,EA21,Euro area – 21 countries (from 2026),2025,,27241,,,,,
dataflow,ESTAT:ILC_DI08(1.0),Mean and median income by educational attainment level,A,Annual,MEAN_EI,Mean equivalised income,EUR,Euro,ED3_4,Upper secondary and post-secondary non-tertiary education (levels 3 and 4),T,Total,Y18-64,From 18 to 64 years,EE,Estonia,2016,,9734,,,,,
dataflow,ESTAT:ILC_DI08(1.0),Mean and median income by educational attainment level,A,Annual,MEAN_EI,Mean equivalised income,EUR,Euro,ED3_4,Upper secondary and post-secondary non-tertiary education (levels 3 and 4),T,Total,Y18-64,From 18 to 64 years,EE,Estonia,2017,,10042,,,,,
dataflow,ESTAT:ILC_DI08(1.0),Mean and median income by educational attainment level,A,Annual,MEAN_EI,Mean equivalised income,EUR,Euro,ED3_4,Upper secondary and post-secondary non-tertiary education (levels 3 and 4),T,Total,Y18-64,From 18 to 64 years,EE,Estonia,2018,,11164,,,,,
dataflow,ESTAT:ILC_DI08(1.0),Mean and median income by educational attainment level,A,Annual,MEAN_EI,Mean equivalised income,EUR,Euro,ED3_4,Upper secondary and post-secondary non-tertiary education (levels 3 and 4),T,Total,Y18-64,From 18 to 64 years,EE,Estonia,2019,,12021,,,,,
dataflow,ESTAT:ILC_DI08(1.0),Mean and median income by educational attainment level,A,Annual,MEAN_EI,Mean equivalised income,EUR,Euro,ED3_4,Upper secondary and post-secondary non-tertiary education (levels 3 and 4),T,Total,Y18-64,From 18 to 64 years,EE,Estonia,2020,,13100,,,,,
dataflow,ESTAT:ILC_DI08(1.0),Mean and median income by educational attainment level,A,Annual,MEAN_EI,Mean equivalised income,EUR,Euro,ED3_4,Upper secondary and post-secondary non-tertiary education (levels 3 and 4),T,Total,Y18-64,From 18 to 64 years,EE,Estonia,2021,,13596,,,,,
dataflow,ESTAT:ILC_DI08(1.0),Mean and median income by educational attainment level,A,Annual,MEAN_EI,Mean equivalised income,EUR,Euro,ED3_4,Upper secondary and post-secondary non-tertiary education (levels 3 and 4),T,Total,Y18-64,From 18 to 64 years,EE,Estonia,2022,,16349,,,,,
dataflow,ESTAT:ILC_DI08(1.0),Mean and median income by educational attainment level,A,Annual,MEAN_EI,Mean equivalised income,EUR,Euro,ED3_4,Upper secondary and post-secondary non-tertiary education (levels 3 and 4),T,Total,Y18-64,From 18 to 64 years,EE,Estonia,2023,,16338,,,,,
dataflow,ESTAT:ILC_DI08(1.0),Mean and median income by educational attainment level,A,Annual,MEAN_EI,Mean equivalised income,EUR,Euro,ED3_4,Upper secondary and post-secondary non-tertiary education (levels 3 and 4),T,Total,Y18-64,From 18 to 64 years,EE,Estonia,2024,,17161,,,,,
dataflow,ESTAT:ILC_DI08(1.0),Mean and median income by educational attainment level,A,Annual,MEAN_EI,Mean equivalised income,EUR,Euro,ED3_4,Upper secondary and post-secondary non-tertiary education (levels 3 and 4),T,Total,Y18-64,From 18 to 64 years,EE,Estonia,2025,,18371,,,,,
dataflow,ESTAT:ILC_DI08(1.0),Mean and median income by educational attainment level,A,Annual,MEAN_EI,Mean equivalised income,EUR,Euro,ED3_4,Upper secondary and post-secondary non-tertiary education (levels 3 and 4),T,Total,Y18-64,From 18 to 64 years,EL,Greece,2016,,8198,,,,,
dataflow,ESTAT:ILC_DI08(1.0),Mean and median income by educational attainment level,A,Annual,MEAN_EI,Mean equivalised income,EUR,Euro,ED3_4,Upper secondary and post-secondary non-tertiary education (levels 3 and 4),T,Total,Y18-64,From 18 to 64 years,EL,Greece,2017,,8303,,,,,
dataflow,ESTAT:ILC_DI08(1.0),Mean and median income by educational attainment level,A,Annual,MEAN_EI,Mean equivalised income,EUR,Euro,ED3_4,Upper secondary and post-secondary non-tertiary education (levels 3 and 4),T,Total,Y18-64,From 18 to 64 years,EL,Greece,2018,,8524,,,,,
dataflow,ESTAT:ILC_DI08(1.0),Mean and median income by educational attainment level,A,Annual,MEAN_EI,Mean equivalised income,EUR,Euro,ED3_4,Upper secondary and post-secondary non-tertiary education (levels 3 and 4),T,Total,Y18-64,From 18 to 64 years,EL,Greece,2019,,8905,,,,,
dataflow,ESTAT:ILC_DI08(1.0),Mean and median income by educational attainment level,A,Annual,MEAN_EI,Mean equivalised income,EUR,Euro,ED3_4,Upper secondary and post-secondary non-tertiary education (levels 3 and 4),T,Total,Y18-64,From 18 to 64 years,EL,Greece,2020,,9552,,,,,
dataflow,ESTAT:ILC_DI08(1.0),Mean and median income by educational attainment level,A,Annual,MEAN_EI,Mean equivalised income,EUR,Euro,ED3_4,Upper secondary and post-secondary non-tertiary education (levels 3 and 4),T,Total,Y18-64,From 18 to 64 years,EL,Greece,2021,,9381,,,,,
dataflow,ESTAT:ILC_DI08(1.0),Mean and median income by educational attainment level,A,Annual,MEAN_EI,Mean equivalised income,EUR,Euro,ED3_4,Upper secondary and post-secondary non-tertiary education (levels 3 and 4),T,Total,Y18-64,From 18 to 64 years,EL,Greece,2022,,10293,,,,,
dataflow,ESTAT:ILC_DI08(1.0),Mean and median income by educational attainment level,A,Annual,MEAN_EI,Mean equivalised income,EUR,Euro,ED3_4,Upper secondary and post-secondary non-tertiary education (levels 3 and 4),T,Total,Y18-64,From 18 to 64 years,EL,Greece,2023,,11023,,,,,
dataflow,ESTAT:ILC_DI08(1.0),Mean and median income by educational attainment level,A,Annual,MEAN_EI,Mean equivalised income,EUR,Euro,ED3_4,Upper secondary and post-secondary non-tertiary education (levels 3 and 4),T,Total,Y18-64,From 18 to 64 years,EL,Greece,2024,,11965,,,,,
dataflow,ESTAT:ILC_DI08(1.0),Mean and median income by educational attainment level,A,Annual,MEAN_EI,Mean equivalised income,EUR,Euro,ED3_4,Upper secondary and post-secondary non-tertiary education (levels 3 and 4),T,Total,Y18-64,From 18 to 64 years,EL,Greece,2025,,13388,,,,,
dataflow,ESTAT:ILC_DI08(1.0),Mean and median income by educational attainment level,A,Annual,MEAN_EI,Mean equivalised income,EUR,Euro,ED3_4,Upper secondary and post-secondary non-tertiary education (levels 3 and 4),T,Total,Y18-64,From 18 to 64 years,ES,Spain,2016,,15790,,,,,
dataflow,ESTAT:ILC_DI08(1.0),Mean and median income by educational attainment level,A,Annual,MEAN_EI,Mean equivalised income,EUR,Euro,ED3_4,Upper secondary and post-secondary non-tertiary education (levels 3 and 4),T,Total,Y18-64,From 18 to 64 years,ES,Spain,2017,,16083,,,,,
dataflow,ESTAT:ILC_DI08(1.0),Mean and median income by educational attainment level,A,Annual,MEAN_EI,Mean equivalised income,EUR,Euro,ED3_4,Upper secondary and post-secondary non-tertiary education (levels 3 and 4),T,Total,Y18-64,From 18 to 64 years,ES,Spain,2018,,16233,,,,,
dataflow,ESTAT:ILC_DI08(1.0),Mean and median income by educational attainment level,A,Annual,MEAN_EI,Mean equivalised income,EUR,Euro,ED3_4,Upper secondary and post-secondary non-tertiary education (levels 3 and 4),T,Total,Y18-64,From 18 to 64 years,ES,Spain,2019,,16518,,,,,
dataflow,ESTAT:ILC_DI08(1.0),Mean and median income by educational attainment level,A,Annual,MEAN_EI,Mean equivalised income,EUR,Euro,ED3_4,Upper secondary and post-secondary non-tertiary education (levels 3 and 4),T,Total,Y18-64,From 18 to 64 years,ES,Spain,2020,,17333,,,,,
dataflow,ESTAT:ILC_DI08(1.0),Mean and median income by educational attainment level,A,Annual,MEAN_EI,Mean equivalised income,EUR,Euro,ED3_4,Upper secondary and post-secondary non-tertiary education (levels 3 and 4),T,Total,Y18-64,From 18 to 64 years,ES,Spain,2021,,17091,,,,,
dataflow,ESTAT:ILC_DI08(1.0),Mean and median income by educational attainment level,A,Annual,MEAN_EI,Mean equivalised income,EUR,Euro,ED3_4,Upper secondary and post-secondary non-tertiary education (levels 3 and 4),T,Total,Y18-64,From 18 to 64 years,ES,Spain,2022,,18125,,,,,
dataflow,ESTAT:ILC_DI08(1.0),Mean and median income by educational attainment level,A,Annual,MEAN_EI,Mean equivalised income,EUR,Euro,ED3_4,Upper secondary and post-secondary non-tertiary education (levels 3 and 4),T,Total,Y18-64,From 18 to 64 years,ES,Spain,2023,,19404,,,,,
dataflow,ESTAT:ILC_DI08(1.0),Mean and median income by educational attainment level,A,Annual,MEAN_EI,Mean equivalised income,EUR,Euro,ED3_4,Upper secondary and post-secondary non-tertiary education (levels 3 and 4),T,Total,Y18-64,From 18 to 64 years,ES,Spain,2024,,20588,,,,,
dataflow,ESTAT:ILC_DI08(1.0),Mean and median income by educational attainment level,A,Annual,MEAN_EI,Mean equivalised income,EUR,Euro,ED3_4,Upper secondary and post-secondary non-tertiary education (levels 3 and 4),T,Total,Y18-64,From 18 to 64 years,ES,Spain,2025,,21351,,,,,
dataflow,ESTAT:ILC_DI08(1.0),Mean and median income by educational attainment level,A,Annual,MEAN_EI,Mean equivalised income,EUR,Euro,ED3_4,Upper secondary and post-secondary non-tertiary education (levels 3 and 4),T,Total,Y18-64,From 18 to 64 years,EU,"European Union (EU6-1958, EU9-1973, EU10-1981, EU12-1986, EU15-1995, EU25-2004, EU27-2007, EU28-2013, EU27-2020)",2016,,17724,,e,estimated,,
dataflow,ESTAT:ILC_DI08(1.0),Mean and median income by educational attainment level,A,Annual,MEAN_EI,Mean equivalised income,EUR,Euro,ED3_4,Upper secondary and post-secondary non-tertiary education (levels 3 and 4),T,Total,Y18-64,From 18 to 64 years,EU,"European Union (EU6-1958, EU9-1973, EU10-1981, EU12-1986, EU15-1995, EU25-2004, EU27-2007, EU28-2013, EU27-2020)",2017,,17663,,e,estimated,,
dataflow,ESTAT:ILC_DI08(1.0),Mean and median income by educational attainment level,A,Annual,MEAN_EI,Mean equivalised income,EUR,Euro,ED3_4,Upper secondary and post-secondary non-tertiary education (levels 3 and 4),T,Total,Y18-64,From 18 to 64 years,EU,"European Union (EU6-1958, EU9-1973, EU10-1981, EU12-1986, EU15-1995, EU25-2004, EU27-2007, EU28-2013, EU27-2020)",2018,,18309,,e,estimated,,
dataflow,ESTAT:ILC_DI08(1.0),Mean and median income by educational attainment level,A,Annual,MEAN_EI,Mean equivalised income,EUR,Euro,ED3_4,Upper secondary and post-secondary non-tertiary education (levels 3 and 4),T,Total,Y18-64,From 18 to 64 years,EU,"European Union (EU6-1958, EU9-1973, EU10-1981, EU12-1986, EU15-1995, EU25-2004, EU27-2007, EU28-2013, EU27-2020)",2019,,18997,,e,estimated,,
dataflow,ESTAT:ILC_DI08(1.0),Mean and median income by educational attainment level,A,Annual,MEAN_EI,Mean equivalised income,EUR,Euro,ED3_4,Upper secondary and post-secondary non-tertiary education (levels 3 and 4),T,Total,Y18-64,From 18 to 64 years,EU27_2007,European Union - 27 countries (2007-2013),2016,,17857,,,,,
dataflow,ESTAT:ILC_DI08(1.0),Mean and median income by educational attainment level,A,Annual,MEAN_EI,Mean equivalised income,EUR,Euro,ED3_4,Upper secondary and post-secondary non-tertiary education (levels 3 and 4),T,Total,Y18-64,From 18 to 64 years,EU27_2007,European Union - 27 countries (2007-2013),2017,,17796,,,,,
dataflow,ESTAT:ILC_DI08(1.0),Mean and median income by educational attainment level,A,Annual,MEAN_EI,Mean equivalised income,EUR,Euro,ED3_4,Upper secondary and post-secondary non-tertiary education (levels 3 and 4),T,Total,Y18-64,From 18 to 64 years,EU27_2007,European Union - 27 countries (2007-2013),2018,,18440,,,,,
dataflow,ESTAT:ILC_DI08(1.0),Mean and median income by educational attainment level,A,Annual,MEAN_EI,Mean equivalised income,EUR,Euro,ED3_4,Upper secondary and post-secondary non-tertiary education (levels 3 and 4),T,Total,Y18-64,From 18 to 64 years,EU27_2007,European Union - 27 countries (2007-2013),2019,,19125,,e,estimated,,
dataflow,ESTAT:ILC_DI08(1.0),Mean and median income by educational attainment level,A,Annual,MEAN_EI,Mean equivalised income,EUR,Euro,ED3_4,Upper secondary and post-secondary non-tertiary education (levels 3 and 4),T,Total,Y18-64,From 18 to 64 years,EU27_2020,European Union - 27 countries (from 2020),2016,,17120,,e,estimated,,
dataflow,ESTAT:ILC_DI08(1.0),Mean and median income by educational attainment level,A,Annual,MEAN_EI,Mean equivalised income,EUR,Euro,ED3_4,Upper secondary and post-secondary non-tertiary education (levels 3 and 4),T,Total,Y18-64,From 18 to 64 years,EU27_2020,European Union - 27 countries (from 2020),2017,,17455,,e,estimated,,
dataflow,ESTAT:ILC_DI08(1.0),Mean and median income by educational attainment level,A,Annual,MEAN_EI,Mean equivalised income,EUR,Euro,ED3_4,Upper secondary and post-secondary non-tertiary education (levels 3 and 4),T,Total,Y18-64,From 18 to 64 years,EU27_2020,European Union - 27 countries (from 2020),2018,,17919,,e,estimated,,
dataflow,ESTAT:ILC_DI08(1.0),Mean and median income by educational attainment level,A,Annual,MEAN_EI,Mean equivalised income,EUR,Euro,ED3_4,Upper secondary and post-secondary non-tertiary education (levels 3 and 4),T,Total,Y18-64,From 18 to 64 years,EU27_2020,European Union - 27 countries (from 2020),2019,,18655,,,,,
dataflow,ESTAT:ILC_DI08(1.0),Mean and median income by educational attainment level,A,Annual,MEAN_EI,Mean equivalised income,EUR,Euro,ED3_4,Upper secondary and post-secondary non-tertiary education (levels 3 and 4),T,Total,Y18-64,From 18 to 64 years,EU27_2020,European Union - 27 countries (from 2020),2020,,19881,,,,,
dataflow,ESTAT:ILC_DI08(1.0),Mean and median income by educational attainment level,A,Annual,MEAN_EI,Mean equivalised income,EUR,Euro,ED3_4,Upper secondary and post-secondary non-tertiary education (levels 3 and 4),T,Total,Y18-64,From 18 to 64 years,EU27_2020,European Union - 27 countries (from 2020),2021,,19866,,,,,
dataflow,ESTAT:ILC_DI08(1.0),Mean and median income by educational attainment level,A,Annual,MEAN_EI,Mean equivalised income,EUR,Euro,ED3_4,Upper secondary and post-secondary non-tertiary education (levels 3 and 4),T,Total,Y18-64,From 18 to 64 years,EU27_2020,European Union - 27 countries (from 2020),2022,,20465,,,,,
dataflow,ESTAT:ILC_DI08(1.0),Mean and median income by educational attainment level,A,Annual,MEAN_EI,Mean equivalised income,EUR,Euro,ED3_4,Upper secondary and post-secondary non-tertiary education (levels 3 and 4),T,Total,Y18-64,From 18 to 64 years,EU27_2020,European Union - 27 countries (from 2020),2023,,21979,,,,,
dataflow,ESTAT:ILC_DI08(1.0),Mean and median income by educational attainment level,A,Annual,MEAN_EI,Mean equivalised income,EUR,Euro,ED3_4,Upper secondary and post-secondary non-tertiary education (levels 3 and 4),T,Total,Y18-64,From 18 to 64 years,EU27_2020,European Union - 27 countries (from 2020),2024,,23229,,,,,
dataflow,ESTAT:ILC_DI08(1.0),Mean and median income by educational attainment level,A,Annual,MEAN_EI,Mean equivalised income,EUR,Euro,ED3_4,Upper secondary and post-secondary non-tertiary education (levels 3 and 4),T,Total,Y18-64,From 18 to 64 years,EU27_2020,European Union - 27 countries (from 2020),2025,,24560,,,,,
dataflow,ESTAT:ILC_DI08(1.0),Mean and median income by educational attainment level,A,Annual,MEAN_EI,Mean equivalised income,EUR,Euro,ED3_4,Upper secondary and post-secondary non-tertiary education (levels 3 and 4),T,Total,Y18-64,From 18 to 64 years,EU28,European Union - 28 countries (2013-2020),2016,,17724,,,,,
dataflow,ESTAT:ILC_DI08(1.0),Mean and median income by educational attainment level,A,Annual,MEAN_EI,Mean equivalised income,EUR,Euro,ED3_4,Upper secondary and post-secondary non-tertiary education (levels 3 and 4),T,Total,Y18-64,From 18 to 64 years,EU28,European Union - 28 countries (2013-2020),2017,,17663,,,,,
dataflow,ESTAT:ILC_DI08(1.0),Mean and median income by educational attainment level,A,Annual,MEAN_EI,Mean equivalised income,EUR,Euro,ED3_4,Upper secondary and post-secondary non-tertiary education (levels 3 and 4),T,Total,Y18-64,From 18 to 64 years,EU28,European Union - 28 countries (2013-2020),2018,,18309,,,,,
dataflow,ESTAT:ILC_DI08(1.0),Mean and median income by educational attainment level,A,Annual,MEAN_EI,Mean equivalised income,EUR,Euro,ED3_4,Upper secondary and post-secondary non-tertiary education (levels 3 and 4),T,Total,Y18-64,From 18 to 64 years,EU28,European Union - 28 countries (2013-2020),2019,,18997,,e,estimated,,
dataflow,ESTAT:ILC_DI08(1.0),Mean and median income by educational attainment level,A,Annual,MEAN_EI,Mean equivalised income,EUR,Euro,ED3_4,Upper secondary and post-secondary non-tertiary education (levels 3 and 4),T,Total,Y18-64,From 18 to 64 years,FI,Finland,2016,,24501,,,,,
dataflow,ESTAT:ILC_DI08(1.0),Mean and median income by educational attainment level,A,Annual,MEAN_EI,Mean equivalised income,EUR,Euro,ED3_4,Upper secondary and post-secondary non-tertiary education (levels 3 and 4),T,Total,Y18-64,From 18 to 64 years,FI,Finland,2017,,25267,,,,,
dataflow,ESTAT:ILC_DI08(1.0),Mean and median income by educational attainment level,A,Annual,MEAN_EI,Mean equivalised income,EUR,Euro,ED3_4,Upper secondary and post-secondary non-tertiary education (levels 3 and 4),T,Total,Y18-64,From 18 to 64 years,FI,Finland,2018,,26089,,,,,
dataflow,ESTAT:ILC_DI08(1.0),Mean and median income by educational attainment level,A,Annual,MEAN_EI,Mean equivalised income,EUR,Euro,ED3_4,Upper secondary and post-secondary non-tertiary education (levels 3 and 4),T,Total,Y18-64,From 18 to 64 years,FI,Finland,2019,,26793,,,,,
dataflow,ESTAT:ILC_DI08(1.0),Mean and median income by educational attainment level,A,Annual,MEAN_EI,Mean equivalised income,EUR,Euro,ED3_4,Upper secondary and post-secondary non-tertiary education (levels 3 and 4),T,Total,Y18-64,From 18 to 64 years,FI,Finland,2020,,27143,,,,,
dataflow,ESTAT:ILC_DI08(1.0),Mean and median income by educational attainment level,A,Annual,MEAN_EI,Mean equivalised income,EUR,Euro,ED3_4,Upper secondary and post-secondary non-tertiary education (levels 3 and 4),T,Total,Y18-64,From 18 to 64 years,FI,Finland,2021,,26889,,,,,
dataflow,ESTAT:ILC_DI08(1.0),Mean and median income by educational attainment level,A,Annual,MEAN_EI,Mean equivalised income,EUR,Euro,ED3_4,Upper secondary and post-secondary non-tertiary education (levels 3 and 4),T,Total,Y18-64,From 18 to 64 years,FI,Finland,2022,,27662,,,,,
dataflow,ESTAT:ILC_DI08(1.0),Mean and median income by educational attainment level,A,Annual,MEAN_EI,Mean equivalised income,EUR,Euro,ED3_4,Upper secondary and post-secondary non-tertiary education (levels 3 and 4),T,Total,Y18-64,From 18 to 64 years,FI,Finland,2023,,28978,,,,,
dataflow,ESTAT:ILC_DI08(1.0),Mean and median income by educational attainment level,A,Annual,MEAN_EI,Mean equivalised income,EUR,Euro,ED3_4,Upper secondary and post-secondary non-tertiary education (levels 3 and 4),T,Total,Y18-64,From 18 to 64 years,FI,Finland,2024,,30139,,,,,
dataflow,ESTAT:ILC_DI08(1.0),Mean and median income by educational attainment level,A,Annual,MEAN_EI,Mean equivalised income,EUR,Euro,ED3_4,Upper secondary and post-secondary non-tertiary education (levels 3 and 4),T,Total,Y18-64,From 18 to 64 years,FI,Finland,2025,,31491,,,,,
dataflow,ESTAT:ILC_DI08(1.0),Mean and median income by educational attainment level,A,Annual,MEAN_EI,Mean equivalised income,EUR,Euro,ED3_4,Upper secondary and post-secondary non-tertiary education (levels 3 and 4),T,Total,Y18-64,From 18 to 64 years,FR,France,2016,,23315,,,,,
dataflow,ESTAT:ILC_DI08(1.0),Mean and median income by educational attainment level,A,Annual,MEAN_EI,Mean equivalised income,EUR,Euro,ED3_4,Upper secondary and post-secondary non-tertiary education (levels 3 and 4),T,Total,Y18-64,From 18 to 64 years,FR,France,2017,,23637,,,,,
dataflow,ESTAT:ILC_DI08(1.0),Mean and median income by educational attainment level,A,Annual,MEAN_EI,Mean equivalised income,EUR,Euro,ED3_4,Upper secondary and post-secondary non-tertiary education (levels 3 and 4),T,Total,Y18-64,From 18 to 64 years,FR,France,2018,,23399,,,,,
dataflow,ESTAT:ILC_DI08(1.0),Mean and median income by educational attainment level,A,Annual,MEAN_EI,Mean equivalised income,EUR,Euro,ED3_4,Upper secondary and post-secondary non-tertiary education (levels 3 and 4),T,Total,Y18-64,From 18 to 64 years,FR,France,2019,,24318,,,,,
dataflow,ESTAT:ILC_DI08(1.0),Mean and median income by educational attainment level,A,Annual,MEAN_EI,Mean equivalised income,EUR,Euro,ED3_4,Upper secondary and post-secondary non-tertiary education (levels 3 and 4),T,Total,Y18-64,From 18 to 64 years,FR,France,2020,,23556,,b,break in time series,,
dataflow,ESTAT:ILC_DI08(1.0),Mean and median income by educational attainment level,A,Annual,MEAN_EI,Mean equivalised income,EUR,Euro,ED3_4,Upper secondary and post-secondary non-tertiary education (levels 3 and 4),T,Total,Y18-64,From 18 to 64 years,FR,France,2021,,24135,,,,,
dataflow,ESTAT:ILC_DI08(1.0),Mean and median income by educational attainment level,A,Annual,MEAN_EI,Mean equivalised income,EUR,Euro,ED3_4,Upper secondary and post-secondary non-tertiary education (levels 3 and 4),T,Total,Y18-64,From 18 to 64 years,FR,France,2022,,24621,,b,break in time series,,
dataflow,ESTAT:ILC_DI08(1.0),Mean and median income by educational attainment level,A,Annual,MEAN_EI,Mean equivalised income,EUR,Euro,ED3_4,Upper secondary and post-secondary non-tertiary education (levels 3 and 4),T,Total,Y18-64,From 18 to 64 years,FR,France,2023,,25511,,,,,
dataflow,ESTAT:ILC_DI08(1.0),Mean and median income by educational attainment level,A,Annual,MEAN_EI,Mean equivalised income,EUR,Euro,ED3_4,Upper secondary and post-secondary non-tertiary education (levels 3 and 4),T,Total,Y18-64,From 18 to 64 years,FR,France,2024,,26812,,,,,
dataflow,ESTAT:ILC_DI08(1.0),Mean and median income by educational attainment level,A,Annual,MEAN_EI,Mean equivalised income,EUR,Euro,ED3_4,Upper secondary and post-secondary non-tertiary education (levels 3 and 4),T,Total,Y18-64,From 18 to 64 years,FR,France,2025,,27452,,,,,
dataflow,ESTAT:ILC_DI08(1.0),Mean and median income by educational attainment level,A,Annual,MEAN_EI,Mean equivalised income,EUR,Euro,ED3_4,Upper secondary and post-secondary non-tertiary education (levels 3 and 4),T,Total,Y18-64,From 18 to 64 years,HR,Croatia,2016,,6446,,,,,
dataflow,ESTAT:ILC_DI08(1.0),Mean and median income by educational attainment level,A,Annual,MEAN_EI,Mean equivalised income,EUR,Euro,ED3_4,Upper secondary and post-secondary non-tertiary education (levels 3 and 4),T,Total,Y18-64,From 18 to 64 years,HR,Croatia,2017,,6872,,,,,
dataflow,ESTAT:ILC_DI08(1.0),Mean and median income by educational attainment level,A,Annual,MEAN_EI,Mean equivalised income,EUR,Euro,ED3_4,Upper secondary and post-secondary non-tertiary education (levels 3 and 4),T,Total,Y18-64,From 18 to 64 years,HR,Croatia,2018,,7311,,,,,
dataflow,ESTAT:ILC_DI08(1.0),Mean and median income by educational attainment level,A,Annual,MEAN_EI,Mean equivalised income,EUR,Euro,ED3_4,Upper secondary and post-secondary non-tertiary education (levels 3 and 4),T,Total,Y18-64,From 18 to 64 years,HR,Croatia,2019,,8076,,,,,
dataflow,ESTAT:ILC_DI08(1.0),Mean and median income by educational attainment level,A,Annual,MEAN_EI,Mean equivalised income,EUR,Euro,ED3_4,Upper secondary and post-secondary non-tertiary education (levels 3 and 4),T,Total,Y18-64,From 18 to 64 years,HR,Croatia,2020,,8567,,,,,
dataflow,ESTAT:ILC_DI08(1.0),Mean and median income by educational attainment level,A,Annual,MEAN_EI,Mean equivalised income,EUR,Euro,ED3_4,Upper secondary and post-secondary non-tertiary education (levels 3 and 4),T,Total,Y18-64,From 18 to 64 years,HR,Croatia,2021,,8840,,,,,
dataflow,ESTAT:ILC_DI08(1.0),Mean and median income by educational attainment level,A,Annual,MEAN_EI,Mean equivalised income,EUR,Euro,ED3_4,Upper secondary and post-secondary non-tertiary education (levels 3 and 4),T,Total,Y18-64,From 18 to 64 years,HR,Croatia,2022,,9781,,,,,
dataflow,ESTAT:ILC_DI08(1.0),Mean and median income by educational attainment level,A,Annual,MEAN_EI,Mean equivalised income,EUR,Euro,ED3_4,Upper secondary and post-secondary non-tertiary education (levels 3 and 4),T,Total,Y18-64,From 18 to 64 years,HR,Croatia,2023,,10835,,b,break in time series,,
dataflow,ESTAT:ILC_DI08(1.0),Mean and median income by educational attainment level,A,Annual,MEAN_EI,Mean equivalised income,EUR,Euro,ED3_4,Upper secondary and post-secondary non-tertiary education (levels 3 and 4),T,Total,Y18-64,From 18 to 64 years,HR,Croatia,2024,,13535,,b,break in time series,,
dataflow,ESTAT:ILC_DI08(1.0),Mean and median income by educational attainment level,A,Annual,MEAN_EI,Mean equivalised income,EUR,Euro,ED3_4,Upper secondary and post-secondary non-tertiary education (levels 3 and 4),T,Total,Y18-64,From 18 to 64 years,HR,Croatia,2025,,16354,,,,,
dataflow,ESTAT:ILC_DI08(1.0),Mean and median income by educational attainment level,A,Annual,MEAN_EI,Mean equivalised income,EUR,Euro,ED3_4,Upper secondary and post-secondary non-tertiary education (levels 3 and 4),T,Total,Y18-64,From 18 to 64 years,HU,Hungary,2016,,5238,,,,,
dataflow,ESTAT:ILC_DI08(1.0),Mean and median income by educational attainment level,A,Annual,MEAN_EI,Mean equivalised income,EUR,Euro,ED3_4,Upper secondary and post-secondary non-tertiary education (levels 3 and 4),T,Total,Y18-64,From 18 to 64 years,HU,Hungary,2017,,5496,,,,,
dataflow,ESTAT:ILC_DI08(1.0),Mean and median income by educational attainment level,A,Annual,MEAN_EI,Mean equivalised income,EUR,Euro,ED3_4,Upper secondary and post-secondary non-tertiary education (levels 3 and 4),T,Total,Y18-64,From 18 to 64 years,HU,Hungary,2018,,6166,,,,,
dataflow,ESTAT:ILC_DI08(1.0),Mean and median income by educational attainment level,A,Annual,MEAN_EI,Mean equivalised income,EUR,Euro,ED3_4,Upper secondary and post-secondary non-tertiary education (levels 3 and 4),T,Total,Y18-64,From 18 to 64 years,HU,Hungary,2019,,6313,,b,break in time series,,
dataflow,ESTAT:ILC_DI08(1.0),Mean and median income by educational attainment level,A,Annual,MEAN_EI,Mean equivalised income,EUR,Euro,ED3_4,Upper secondary and post-secondary non-tertiary education (levels 3 and 4),T,Total,Y18-64,From 18 to 64 years,HU,Hungary,2020,,6864,,,,,
dataflow,ESTAT:ILC_DI08(1.0),Mean and median income by educational attainment level,A,Annual,MEAN_EI,Mean equivalised income,EUR,Euro,ED3_4,Upper secondary and post-secondary non-tertiary education (levels 3 and 4),T,Total,Y18-64,From 18 to 64 years,HU,Hungary,2021,,7296,,,,,
dataflow,ESTAT:ILC_DI08(1.0),Mean and median income by educational attainment level,A,Annual,MEAN_EI,Mean equivalised income,EUR,Euro,ED3_4,Upper secondary and post-secondary non-tertiary education (levels 3 and 4),T,Total,Y18-64,From 18 to 64 years,HU,Hungary,2022,,7709,,,,,
dataflow,ESTAT:ILC_DI08(1.0),Mean and median income by educational attainment level,A,Annual,MEAN_EI,Mean equivalised income,EUR,Euro,ED3_4,Upper secondary and post-secondary non-tertiary education (levels 3 and 4),T,Total,Y18-64,From 18 to 64 years,HU,Hungary,2023,,7937,,,,,
dataflow,ESTAT:ILC_DI08(1.0),Mean and median income by educational attainment level,A,Annual,MEAN_EI,Mean equivalised income,EUR,Euro,ED3_4,Upper secondary and post-secondary non-tertiary education (levels 3 and 4),T,Total,Y18-64,From 18 to 64 years,HU,Hungary,2024,,9195,,,,,
dataflow,ESTAT:ILC_DI08(1.0),Mean and median income by educational attainment level,A,Annual,MEAN_EI,Mean equivalised income,EUR,Euro,ED3_4,Upper secondary and post-secondary non-tertiary education (levels 3 and 4),T,Total,Y18-64,From 18 to 64 years,HU,Hungary,2025,,9775,,,,,
dataflow,ESTAT:ILC_DI08(1.0),Mean and median income by educational attainment level,A,Annual,MEAN_EI,Mean equivalised income,EUR,Euro,ED3_4,Upper secondary and post-secondary non-tertiary education (levels 3 and 4),T,Total,Y18-64,From 18 to 64 years,IE,Ireland,2016,,23572,,,,,
dataflow,ESTAT:ILC_DI08(1.0),Mean and median income by educational attainment level,A,Annual,MEAN_EI,Mean equivalised income,EUR,Euro,ED3_4,Upper secondary and post-secondary non-tertiary education (levels 3 and 4),T,Total,Y18-64,From 18 to 64 years,IE,Ireland,2017,,24602,,,,,
dataflow,ESTAT:ILC_DI08(1.0),Mean and median income by educational attainment level,A,Annual,MEAN_EI,Mean equivalised income,EUR,Euro,ED3_4,Upper secondary and post-secondary non-tertiary education (levels 3 and 4),T,Total,Y18-64,From 18 to 64 years,IE,Ireland,2018,,27719,,,,,
dataflow,ESTAT:ILC_DI08(1.0),Mean and median income by educational attainment level,A,Annual,MEAN_EI,Mean equivalised income,EUR,Euro,ED3_4,Upper secondary and post-secondary non-tertiary education (levels 3 and 4),T,Total,Y18-64,From 18 to 64 years,IE,Ireland,2019,,26986,,b,break in time series,,
dataflow,ESTAT:ILC_DI08(1.0),Mean and median income by educational attainment level,A,Annual,MEAN_EI,Mean equivalised income,EUR,Euro,ED3_4,Upper secondary and post-secondary non-tertiary education (levels 3 and 4),T,Total,Y18-64,From 18 to 64 years,IE,Ireland,2020,,28292,,b,break in time series,,
dataflow,ESTAT:ILC_DI08(1.0),Mean and median income by educational attainment level,A,Annual,MEAN_EI,Mean equivalised income,EUR,Euro,ED3_4,Upper secondary and post-secondary non-tertiary education (levels 3 and 4),T,Total,Y18-64,From 18 to 64 years,IE,Ireland,2021,,30774,,,,,
dataflow,ESTAT:ILC_DI08(1.0),Mean and median income by educational attainment level,A,Annual,MEAN_EI,Mean equivalised income,EUR,Euro,ED3_4,Upper secondary and post-secondary non-tertiary education (levels 3 and 4),T,Total,Y18-64,From 18 to 64 years,IE,Ireland,2022,,31858,,,,,
dataflow,ESTAT:ILC_DI08(1.0),Mean and median income by educational attainment level,A,Annual,MEAN_EI,Mean equivalised income,EUR,Euro,ED3_4,Upper secondary and post-secondary non-tertiary education (levels 3 and 4),T,Total,Y18-64,From 18 to 64 years,IE,Ireland,2023,,32723,,,,,
dataflow,ESTAT:ILC_DI08(1.0),Mean and median income by educational attainment level,A,Annual,MEAN_EI,Mean equivalised income,EUR,Euro,ED3_4,Upper secondary and post-secondary non-tertiary education (levels 3 and 4),T,Total,Y18-64,From 18 to 64 years,IE,Ireland,2024,,35226,,,,,
dataflow,ESTAT:ILC_DI08(1.0),Mean and median income by educational attainment level,A,Annual,MEAN_EI,Mean equivalised income,EUR,Euro,ED3_4,Upper secondary and post-secondary non-tertiary education (levels 3 and 4),T,Total,Y18-64,From 18 to 64 years,IE,Ireland,2025,,36905,,,,,
dataflow,ESTAT:ILC_DI08(1.0),Mean and median income by educational attainment level,A,Annual,MEAN_EI,Mean equivalised income,EUR,Euro,ED3_4,Upper secondary and post-secondary non-tertiary education (levels 3 and 4),T,Total,Y18-64,From 18 to 64 years,IS,Iceland,2016,,32224,,,,,
dataflow,ESTAT:ILC_DI08(1.0),Mean and median income by educational attainment level,A,Annual,MEAN_EI,Mean equivalised income,EUR,Euro,ED3_4,Upper secondary and post-secondary non-tertiary education (levels 3 and 4),T,Total,Y18-64,From 18 to 64 years,IS,Iceland,2017,,37993,,,,,
dataflow,ESTAT:ILC_DI08(1.0),Mean and median income by educational attainment level,A,Annual,MEAN_EI,Mean equivalised income,EUR,Euro,ED3_4,Upper secondary and post-secondary non-tertiary education (levels 3 and 4),T,Total,Y18-64,From 18 to 64 years,IS,Iceland,2018,,43431,,,,,
dataflow,ESTAT:ILC_DI08(1.0),Mean and median income by educational attainment level,A,Annual,MEAN_EI,Mean equivalised income,EUR,Euro,ED3_4,Upper secondary and post-secondary non-tertiary education (levels 3 and 4),T,Total,Y18-64,From 18 to 64 years,IS,Iceland,2019,,40442,,,,,
dataflow,ESTAT:ILC_DI08(1.0),Mean and median income by educational attainment level,A,Annual,MEAN_EI,Mean equivalised income,EUR,Euro,ED3_4,Upper secondary and post-secondary non-tertiary education (levels 3 and 4),T,Total,Y18-64,From 18 to 64 years,IS,Iceland,2020,,38758,,,,,
dataflow,ESTAT:ILC_DI08(1.0),Mean and median income by educational attainment level,A,Annual,MEAN_EI,Mean equivalised income,EUR,Euro,ED3_4,Upper secondary and post-secondary non-tertiary education (levels 3 and 4),T,Total,Y18-64,From 18 to 64 years,IT,Italy,2016,,19213,,,,,
dataflow,ESTAT:ILC_DI08(1.0),Mean and median income by educational attainment level,A,Annual,MEAN_EI,Mean equivalised income,EUR,Euro,ED3_4,Upper secondary and post-secondary non-tertiary education (levels 3 and 4),T,Total,Y18-64,From 18 to 64 years,IT,Italy,2017,,19614,,,,,
dataflow,ESTAT:ILC_DI08(1.0),Mean and median income by educational attainment level,A,Annual,MEAN_EI,Mean equivalised income,EUR,Euro,ED3_4,Upper secondary and post-secondary non-tertiary education (levels 3 and 4),T,Total,Y18-64,From 18 to 64 years,IT,Italy,2018,,20040,,,,,
dataflow,ESTAT:ILC_DI08(1.0),Mean and median income by educational attainment level,A,Annual,MEAN_EI,Mean equivalised income,EUR,Euro,ED3_4,Upper secondary and post-secondary non-tertiary education (levels 3 and 4),T,Total,Y18-64,From 18 to 64 years,IT,Italy,2019,,20013,,,,,
dataflow,ESTAT:ILC_DI08(1.0),Mean and median income by educational attainment level,A,Annual,MEAN_EI,Mean equivalised income,EUR,Euro,ED3_4,Upper secondary and post-secondary non-tertiary education (levels 3 and 4),T,Total,Y18-64,From 18 to 64 years,IT,Italy,2020,,20842,,,,,
dataflow,ESTAT:ILC_DI08(1.0),Mean and median income by educational attainment level,A,Annual,MEAN_EI,Mean equivalised income,EUR,Euro,ED3_4,Upper secondary and post-secondary non-tertiary education (levels 3 and 4),T,Total,Y18-64,From 18 to 64 years,IT,Italy,2021,,20275,,,,,
dataflow,ESTAT:ILC_DI08(1.0),Mean and median income by educational attainment level,A,Annual,MEAN_EI,Mean equivalised income,EUR,Euro,ED3_4,Upper secondary and post-secondary non-tertiary education (levels 3 and 4),T,Total,Y18-64,From 18 to 64 years,IT,Italy,2022,,21317,,,,,
dataflow,ESTAT:ILC_DI08(1.0),Mean and median income by educational attainment level,A,Annual,MEAN_EI,Mean equivalised income,EUR,Euro,ED3_4,Upper secondary and post-secondary non-tertiary education (levels 3 and 4),T,Total,Y18-64,From 18 to 64 years,IT,Italy,2023,,23335,,,,,
dataflow,ESTAT:ILC_DI08(1.0),Mean and median income by educational attainment level,A,Annual,MEAN_EI,Mean equivalised income,EUR,Euro,ED3_4,Upper secondary and post-secondary non-tertiary education (levels 3 and 4),T,Total,Y18-64,From 18 to 64 years,IT,Italy,2024,,23801,,,,,
dataflow,ESTAT:ILC_DI08(1.0),Mean and median income by educational attainment level,A,Annual,MEAN_EI,Mean equivalised income,EUR,Euro,ED3_4,Upper secondary and post-secondary non-tertiary education (levels 3 and 4),T,Total,Y18-64,From 18 to 64 years,IT,Italy,2025,,25303,,,,,
dataflow,ESTAT:ILC_DI08(1.0),Mean and median income by educational attainment level,A,Annual,MEAN_EI,Mean equivalised income,EUR,Euro,ED3_4,Upper secondary and post-secondary non-tertiary education (levels 3 and 4),T,Total,Y18-64,From 18 to 64 years,LT,Lithuania,2016,,6523,,,,,
dataflow,ESTAT:ILC_DI08(1.0),Mean and median income by educational attainment level,A,Annual,MEAN_EI,Mean equivalised income,EUR,Euro,ED3_4,Upper secondary and post-secondary non-tertiary education (levels 3 and 4),T,Total,Y18-64,From 18 to 64 years,LT,Lithuania,2017,,6738,,,,,
dataflow,ESTAT:ILC_DI08(1.0),Mean and median income by educational attainment level,A,Annual,MEAN_EI,Mean equivalised income,EUR,Euro,ED3_4,Upper secondary and post-secondary non-tertiary education (levels 3 and 4),T,Total,Y18-64,From 18 to 64 years,LT,Lithuania,2018,,7602,,,,,
dataflow,ESTAT:ILC_DI08(1.0),Mean and median income by educational attainment level,A,Annual,MEAN_EI,Mean equivalised income,EUR,Euro,ED3_4,Upper secondary and post-secondary non-tertiary education (levels 3 and 4),T,Total,Y18-64,From 18 to 64 years,LT,Lithuania,2019,,8557,,,,,
dataflow,ESTAT:ILC_DI08(1.0),Mean and median income by educational attainment level,A,Annual,MEAN_EI,Mean equivalised income,EUR,Euro,ED3_4,Upper secondary and post-secondary non-tertiary education (levels 3 and 4),T,Total,Y18-64,From 18 to 64 years,LT,Lithuania,2020,,9236,,,,,
dataflow,ESTAT:ILC_DI08(1.0),Mean and median income by educational attainment level,A,Annual,MEAN_EI,Mean equivalised income,EUR,Euro,ED3_4,Upper secondary and post-secondary non-tertiary education (levels 3 and 4),T,Total,Y18-64,From 18 to 64 years,LT,Lithuania,2021,,10519,,,,,
dataflow,ESTAT:ILC_DI08(1.0),Mean and median income by educational attainment level,A,Annual,MEAN_EI,Mean equivalised income,EUR,Euro,ED3_4,Upper secondary and post-secondary non-tertiary education (levels 3 and 4),T,Total,Y18-64,From 18 to 64 years,LT,Lithuania,2022,,10991,,,,,
dataflow,ESTAT:ILC_DI08(1.0),Mean and median income by educational attainment level,A,Annual,MEAN_EI,Mean equivalised income,EUR,Euro,ED3_4,Upper secondary and post-secondary non-tertiary education (levels 3 and 4),T,Total,Y18-64,From 18 to 64 years,LT,Lithuania,2023,,12215,,,,,
dataflow,ESTAT:ILC_DI08(1.0),Mean and median income by educational attainment level,A,Annual,MEAN_EI,Mean equivalised income,EUR,Euro,ED3_4,Upper secondary and post-secondary non-tertiary education (levels 3 and 4),T,Total,Y18-64,From 18 to 64 years,LT,Lithuania,2024,,12357,,p,provisional,,
dataflow,ESTAT:ILC_DI08(1.0),Mean and median income by educational attainment level,A,Annual,MEAN_EI,Mean equivalised income,EUR,Euro,ED3_4,Upper secondary and post-secondary non-tertiary education (levels 3 and 4),T,Total,Y18-64,From 18 to 64 years,LT,Lithuania,2025,,13935,,p,provisional,,
dataflow,ESTAT:ILC_DI08(1.0),Mean and median income by educational attainment level,A,Annual,MEAN_EI,Mean equivalised income,EUR,Euro,ED3_4,Upper secondary and post-secondary non-tertiary education (levels 3 and 4),T,Total,Y18-64,From 18 to 64 years,LU,Luxembourg,2016,,37672,,b,break in time series,,
dataflow,ESTAT:ILC_DI08(1.0),Mean and median income by educational attainment level,A,Annual,MEAN_EI,Mean equivalised income,EUR,Euro,ED3_4,Upper secondary and post-secondary non-tertiary education (levels 3 and 4),T,Total,Y18-64,From 18 to 64 years,LU,Luxembourg,2017,,41006,,,,,
dataflow,ESTAT:ILC_DI08(1.0),Mean and median income by educational attainment level,A,Annual,MEAN_EI,Mean equivalised income,EUR,Euro,ED3_4,Upper secondary and post-secondary non-tertiary education (levels 3 and 4),T,Total,Y18-64,From 18 to 64 years,LU,Luxembourg,2018,,39447,,,,,
dataflow,ESTAT:ILC_DI08(1.0),Mean and median income by educational attainment level,A,Annual,MEAN_EI,Mean equivalised income,EUR,Euro,ED3_4,Upper secondary and post-secondary non-tertiary education (levels 3 and 4),T,Total,Y18-64,From 18 to 64 years,LU,Luxembourg,2019,,40321,,,,,
dataflow,ESTAT:ILC_DI08(1.0),Mean and median income by educational attainment level,A,Annual,MEAN_EI,Mean equivalised income,EUR,Euro,ED3_4,Upper secondary and post-secondary non-tertiary education (levels 3 and 4),T,Total,Y18-64,From 18 to 64 years,LU,Luxembourg,2020,,39786,,b,break in time series,,
dataflow,ESTAT:ILC_DI08(1.0),Mean and median income by educational attainment level,A,Annual,MEAN_EI,Mean equivalised income,EUR,Euro,ED3_4,Upper secondary and post-secondary non-tertiary education (levels 3 and 4),T,Total,Y18-64,From 18 to 64 years,LU,Luxembourg,2021,,44428,,b,break in time series,,
dataflow,ESTAT:ILC_DI08(1.0),Mean and median income by educational attainment level,A,Annual,MEAN_EI,Mean equivalised income,EUR,Euro,ED3_4,Upper secondary and post-secondary non-tertiary education (levels 3 and 4),T,Total,Y18-64,From 18 to 64 years,LU,Luxembourg,2022,,44697,,b,break in time series,,
dataflow,ESTAT:ILC_DI08(1.0),Mean and median income by educational attainment level,A,Annual,MEAN_EI,Mean equivalised income,EUR,Euro,ED3_4,Upper secondary and post-secondary non-tertiary education (levels 3 and 4),T,Total,Y18-64,From 18 to 64 years,LU,Luxembourg,2023,,49827,,,,,
dataflow,ESTAT:ILC_DI08(1.0),Mean and median income by educational attainment level,A,Annual,MEAN_EI,Mean equivalised income,EUR,Euro,ED3_4,Upper secondary and post-secondary non-tertiary education (levels 3 and 4),T,Total,Y18-64,From 18 to 64 years,LU,Luxembourg,2024,,52014,,,,,
dataflow,ESTAT:ILC_DI08(1.0),Mean and median income by educational attainment level,A,Annual,MEAN_EI,Mean equivalised income,EUR,Euro,ED3_4,Upper secondary and post-secondary non-tertiary education (levels 3 and 4),T,Total,Y18-64,From 18 to 64 years,LU,Luxembourg,2025,,55301,,b,break in time series,,
dataflow,ESTAT:ILC_DI08(1.0),Mean and median income by educational attainment level,A,Annual,MEAN_EI,Mean equivalised income,EUR,Euro,ED3_4,Upper secondary and post-secondary non-tertiary education (levels 3 and 4),T,Total,Y18-64,From 18 to 64 years,LV,Latvia,2016,,7107,,,,,
dataflow,ESTAT:ILC_DI08(1.0),Mean and median income by educational attainment level,A,Annual,MEAN_EI,Mean equivalised income,EUR,Euro,ED3_4,Upper secondary and post-secondary non-tertiary education (levels 3 and 4),T,Total,Y18-64,From 18 to 64 years,LV,Latvia,2017,,7527,,,,,
dataflow,ESTAT:ILC_DI08(1.0),Mean and median income by educational attainment level,A,Annual,MEAN_EI,Mean equivalised income,EUR,Euro,ED3_4,Upper secondary and post-secondary non-tertiary education (levels 3 and 4),T,Total,Y18-64,From 18 to 64 years,LV,Latvia,2018,,8077,,,,,
dataflow,ESTAT:ILC_DI08(1.0),Mean and median income by educational attainment level,A,Annual,MEAN_EI,Mean equivalised income,EUR,Euro,ED3_4,Upper secondary and post-secondary non-tertiary education (levels 3 and 4),T,Total,Y18-64,From 18 to 64 years,LV,Latvia,2019,,8881,,,,,
dataflow,ESTAT:ILC_DI08(1.0),Mean and median income by educational attainment level,A,Annual,MEAN_EI,Mean equivalised income,EUR,Euro,ED3_4,Upper secondary and post-secondary non-tertiary education (levels 3 and 4),T,Total,Y18-64,From 18 to 64 years,LV,Latvia,2020,,9555,,,,,
dataflow,ESTAT:ILC_DI08(1.0),Mean and median income by educational attainment level,A,Annual,MEAN_EI,Mean equivalised income,EUR,Euro,ED3_4,Upper secondary and post-secondary non-tertiary education (levels 3 and 4),T,Total,Y18-64,From 18 to 64 years,LV,Latvia,2021,,10353,,,,,
dataflow,ESTAT:ILC_DI08(1.0),Mean and median income by educational attainment level,A,Annual,MEAN_EI,Mean equivalised income,EUR,Euro,ED3_4,Upper secondary and post-secondary non-tertiary education (levels 3 and 4),T,Total,Y18-64,From 18 to 64 years,LV,Latvia,2022,,11041,,,,,
dataflow,ESTAT:ILC_DI08(1.0),Mean and median income by educational attainment level,A,Annual,MEAN_EI,Mean equivalised income,EUR,Euro,ED3_4,Upper secondary and post-secondary non-tertiary education (levels 3 and 4),T,Total,Y18-64,From 18 to 64 years,LV,Latvia,2023,,11809,,,,,
dataflow,ESTAT:ILC_DI08(1.0),Mean and median income by educational attainment level,A,Annual,MEAN_EI,Mean equivalised income,EUR,Euro,ED3_4,Upper secondary and post-secondary non-tertiary education (levels 3 and 4),T,Total,Y18-64,From 18 to 64 years,LV,Latvia,2024,,13809,,,,,
dataflow,ESTAT:ILC_DI08(1.0),Mean and median income by educational attainment level,A,Annual,MEAN_EI,Mean equivalised income,EUR,Euro,ED3_4,Upper secondary and post-secondary non-tertiary education (levels 3 and 4),T,Total,Y18-64,From 18 to 64 years,LV,Latvia,2025,,15119,,,,,
dataflow,ESTAT:ILC_DI08(1.0),Mean and median income by educational attainment level,A,Annual,MEAN_EI,Mean equivalised income,EUR,Euro,ED3_4,Upper secondary and post-secondary non-tertiary education (levels 3 and 4),T,Total,Y18-64,From 18 to 64 years,ME,Montenegro,2016,,3718,,,,,
dataflow,ESTAT:ILC_DI08(1.0),Mean and median income by educational attainment level,A,Annual,MEAN_EI,Mean equivalised income,EUR,Euro,ED3_4,Upper secondary and post-secondary non-tertiary education (levels 3 and 4),T,Total,Y18-64,From 18 to 64 years,ME,Montenegro,2017,,3995,,,,,
dataflow,ESTAT:ILC_DI08(1.0),Mean and median income by educational attainment level,A,Annual,MEAN_EI,Mean equivalised income,EUR,Euro,ED3_4,Upper secondary and post-secondary non-tertiary education (levels 3 and 4),T,Total,Y18-64,From 18 to 64 years,ME,Montenegro,2018,,4147,,,,,
dataflow,ESTAT:ILC_DI08(1.0),Mean and median income by educational attainment level,A,Annual,MEAN_EI,Mean equivalised income,EUR,Euro,ED3_4,Upper secondary and post-secondary non-tertiary education (levels 3 and 4),T,Total,Y18-64,From 18 to 64 years,ME,Montenegro,2019,,4224,,,,,
dataflow,ESTAT:ILC_DI08(1.0),Mean and median income by educational attainment level,A,Annual,MEAN_EI,Mean equivalised income,EUR,Euro,ED3_4,Upper secondary and post-secondary non-tertiary education (levels 3 and 4),T,Total,Y18-64,From 18 to 64 years,ME,Montenegro,2020,,4441,,,,,
dataflow,ESTAT:ILC_DI08(1.0),Mean and median income by educational attainment level,A,Annual,MEAN_EI,Mean equivalised income,EUR,Euro,ED3_4,Upper secondary and post-secondary non-tertiary education (levels 3 and 4),T,Total,Y18-64,From 18 to 64 years,ME,Montenegro,2021,,4300,,,,,
dataflow,ESTAT:ILC_DI08(1.0),Mean and median income by educational attainment level,A,Annual,MEAN_EI,Mean equivalised income,EUR,Euro,ED3_4,Upper secondary and post-secondary non-tertiary education (levels 3 and 4),T,Total,Y18-64,From 18 to 64 years,ME,Montenegro,2022,,4723,,,,,
dataflow,ESTAT:ILC_DI08(1.0),Mean and median income by educational attainment level,A,Annual,MEAN_EI,Mean equivalised income,EUR,Euro,ED3_4,Upper secondary and post-secondary non-tertiary education (levels 3 and 4),T,Total,Y18-64,From 18 to 64 years,ME,Montenegro,2023,,5900,,,,,
dataflow,ESTAT:ILC_DI08(1.0),Mean and median income by educational attainment level,A,Annual,MEAN_EI,Mean equivalised income,EUR,Euro,ED3_4,Upper secondary and post-secondary non-tertiary education (levels 3 and 4),T,Total,Y18-64,From 18 to 64 years,MK,North Macedonia,2016,,2624,,,,,
dataflow,ESTAT:ILC_DI08(1.0),Mean and median income by educational attainment level,A,Annual,MEAN_EI,Mean equivalised income,EUR,Euro,ED3_4,Upper secondary and post-secondary non-tertiary education (levels 3 and 4),T,Total,Y18-64,From 18 to 64 years,MK,North Macedonia,2017,,2825,,,,,
dataflow,ESTAT:ILC_DI08(1.0),Mean and median income by educational attainment level,A,Annual,MEAN_EI,Mean equivalised income,EUR,Euro,ED3_4,Upper secondary and post-secondary non-tertiary education (levels 3 and 4),T,Total,Y18-64,From 18 to 64 years,MK,North Macedonia,2018,,3003,,,,,
dataflow,ESTAT:ILC_DI08(1.0),Mean and median income by educational attainment level,A,Annual,MEAN_EI,Mean equivalised income,EUR,Euro,ED3_4,Upper secondary and post-secondary non-tertiary education (levels 3 and 4),T,Total,Y18-64,From 18 to 64 years,MK,North Macedonia,2019,,3092,,,,,
dataflow,ESTAT:ILC_DI08(1.0),Mean and median income by educational attainment level,A,Annual,MEAN_EI,Mean equivalised income,EUR,Euro,ED3_4,Upper secondary and post-secondary non-tertiary education (levels 3 and 4),T,Total,Y18-64,From 18 to 64 years,MK,North Macedonia,2020,,3462,,,,,
dataflow,ESTAT:ILC_DI08(1.0),Mean and median income by educational attainment level,A,Annual,MEAN_EI,Mean equivalised income,EUR,Euro,ED3_4,Upper secondary and post-secondary non-tertiary education (levels 3 and 4),T,Total,Y18-64,From 18 to 64 years,MK,North Macedonia,2021,,3601,,b,break in time series,,
dataflow,ESTAT:ILC_DI08(1.0),Mean and median income by educational attainment level,A,Annual,MEAN_EI,Mean equivalised income,EUR,Euro,ED3_4,Upper secondary and post-secondary non-tertiary education (levels 3 and 4),T,Total,Y18-64,From 18 to 64 years,MK,North Macedonia,2022,,3929,,,,,
dataflow,ESTAT:ILC_DI08(1.0),Mean and median income by educational attainment level,A,Annual,MEAN_EI,Mean equivalised income,EUR,Euro,ED3_4,Upper secondary and post-secondary non-tertiary education (levels 3 and 4),T,Total,Y18-64,From 18 to 64 years,MK,North Macedonia,2023,,4464,,,,,
dataflow,ESTAT:ILC_DI08(1.0),Mean and median income by educational attainment level,A,Annual,MEAN_EI,Mean equivalised income,EUR,Euro,ED3_4,Upper secondary and post-secondary non-tertiary education (levels 3 and 4),T,Total,Y18-64,From 18 to 64 years,MK,North Macedonia,2024,,5394,,,,,
dataflow,ESTAT:ILC_DI08(1.0),Mean and median income by educational attainment level,A,Annual,MEAN_EI,Mean equivalised income,EUR,Euro,ED3_4,Upper secondary and post-secondary non-tertiary education (levels 3 and 4),T,Total,Y18-64,From 18 to 64 years,MT,Malta,2016,,17181,,,,,
dataflow,ESTAT:ILC_DI08(1.0),Mean and median income by educational attainment level,A,Annual,MEAN_EI,Mean equivalised income,EUR,Euro,ED3_4,Upper secondary and post-secondary non-tertiary education (levels 3 and 4),T,Total,Y18-64,From 18 to 64 years,MT,Malta,2017,,17972,,,,,
dataflow,ESTAT:ILC_DI08(1.0),Mean and median income by educational attainment level,A,Annual,MEAN_EI,Mean equivalised income,EUR,Euro,ED3_4,Upper secondary and post-secondary non-tertiary education (levels 3 and 4),T,Total,Y18-64,From 18 to 64 years,MT,Malta,2018,,18351,,,,,
dataflow,ESTAT:ILC_DI08(1.0),Mean and median income by educational attainment level,A,Annual,MEAN_EI,Mean equivalised income,EUR,Euro,ED3_4,Upper secondary and post-secondary non-tertiary education (levels 3 and 4),T,Total,Y18-64,From 18 to 64 years,MT,Malta,2019,,18856,,,,,
dataflow,ESTAT:ILC_DI08(1.0),Mean and median income by educational attainment level,A,Annual,MEAN_EI,Mean equivalised income,EUR,Euro,ED3_4,Upper secondary and post-secondary non-tertiary education (levels 3 and 4),T,Total,Y18-64,From 18 to 64 years,MT,Malta,2020,,20569,,,,,
dataflow,ESTAT:ILC_DI08(1.0),Mean and median income by educational attainment level,A,Annual,MEAN_EI,Mean equivalised income,EUR,Euro,ED3_4,Upper secondary and post-secondary non-tertiary education (levels 3 and 4),T,Total,Y18-64,From 18 to 64 years,MT,Malta,2021,,21373,,,,,
dataflow,ESTAT:ILC_DI08(1.0),Mean and median income by educational attainment level,A,Annual,MEAN_EI,Mean equivalised income,EUR,Euro,ED3_4,Upper secondary and post-secondary non-tertiary education (levels 3 and 4),T,Total,Y18-64,From 18 to 64 years,MT,Malta,2022,,22120,,,,,
dataflow,ESTAT:ILC_DI08(1.0),Mean and median income by educational attainment level,A,Annual,MEAN_EI,Mean equivalised income,EUR,Euro,ED3_4,Upper secondary and post-secondary non-tertiary education (levels 3 and 4),T,Total,Y18-64,From 18 to 64 years,MT,Malta,2023,,24195,,,,,
dataflow,ESTAT:ILC_DI08(1.0),Mean and median income by educational attainment level,A,Annual,MEAN_EI,Mean equivalised income,EUR,Euro,ED3_4,Upper secondary and post-secondary non-tertiary education (levels 3 and 4),T,Total,Y18-64,From 18 to 64 years,MT,Malta,2024,,25040,,,,,
dataflow,ESTAT:ILC_DI08(1.0),Mean and median income by educational attainment level,A,Annual,MEAN_EI,Mean equivalised income,EUR,Euro,ED3_4,Upper secondary and post-secondary non-tertiary education (levels 3 and 4),T,Total,Y18-64,From 18 to 64 years,MT,Malta,2025,,25662,,,,,
dataflow,ESTAT:ILC_DI08(1.0),Mean and median income by educational attainment level,A,Annual,MEAN_EI,Mean equivalised income,EUR,Euro,ED3_4,Upper secondary and post-secondary non-tertiary education (levels 3 and 4),T,Total,Y18-64,From 18 to 64 years,NL,Netherlands,2016,,24245,,b,break in time series,,
dataflow,ESTAT:ILC_DI08(1.0),Mean and median income by educational attainment level,A,Annual,MEAN_EI,Mean equivalised income,EUR,Euro,ED3_4,Upper secondary and post-secondary non-tertiary education (levels 3 and 4),T,Total,Y18-64,From 18 to 64 years,NL,Netherlands,2017,,25097,,,,,
dataflow,ESTAT:ILC_DI08(1.0),Mean and median income by educational attainment level,A,Annual,MEAN_EI,Mean equivalised income,EUR,Euro,ED3_4,Upper secondary and post-secondary non-tertiary education (levels 3 and 4),T,Total,Y18-64,From 18 to 64 years,NL,Netherlands,2018,,25597,,,,,
dataflow,ESTAT:ILC_DI08(1.0),Mean and median income by educational attainment level,A,Annual,MEAN_EI,Mean equivalised income,EUR,Euro,ED3_4,Upper secondary and post-secondary non-tertiary education (levels 3 and 4),T,Total,Y18-64,From 18 to 64 years,NL,Netherlands,2019,,25997,,,,,
dataflow,ESTAT:ILC_DI08(1.0),Mean and median income by educational attainment level,A,Annual,MEAN_EI,Mean equivalised income,EUR,Euro,ED3_4,Upper secondary and post-secondary non-tertiary education (levels 3 and 4),T,Total,Y18-64,From 18 to 64 years,NL,Netherlands,2020,,28306,,,,,
dataflow,ESTAT:ILC_DI08(1.0),Mean and median income by educational attainment level,A,Annual,MEAN_EI,Mean equivalised income,EUR,Euro,ED3_4,Upper secondary and post-secondary non-tertiary education (levels 3 and 4),T,Total,Y18-64,From 18 to 64 years,NL,Netherlands,2021,,29862,,,,,
dataflow,ESTAT:ILC_DI08(1.0),Mean and median income by educational attainment level,A,Annual,MEAN_EI,Mean equivalised income,EUR,Euro,ED3_4,Upper secondary and post-secondary non-tertiary education (levels 3 and 4),T,Total,Y18-64,From 18 to 64 years,NL,Netherlands,2022,,30570,,,,,
dataflow,ESTAT:ILC_DI08(1.0),Mean and median income by educational attainment level,A,Annual,MEAN_EI,Mean equivalised income,EUR,Euro,ED3_4,Upper secondary and post-secondary non-tertiary education (levels 3 and 4),T,Total,Y18-64,From 18 to 64 years,NL,Netherlands,2023,,32210,,,,,
dataflow,ESTAT:ILC_DI08(1.0),Mean and median income by educational attainment level,A,Annual,MEAN_EI,Mean equivalised income,EUR,Euro,ED3_4,Upper secondary and post-secondary non-tertiary education (levels 3 and 4),T,Total,Y18-64,From 18 to 64 years,NL,Netherlands,2024,,34871,,,,,
dataflow,ESTAT:ILC_DI08(1.0),Mean and median income by educational attainment level,A,Annual,MEAN_EI,Mean equivalised income,EUR,Euro,ED3_4,Upper secondary and post-secondary non-tertiary education (levels 3 and 4),T,Total,Y18-64,From 18 to 64 years,NL,Netherlands,2025,,36997,,,,,
dataflow,ESTAT:ILC_DI08(1.0),Mean and median income by educational attainment level,A,Annual,MEAN_EI,Mean equivalised income,EUR,Euro,ED3_4,Upper secondary and post-secondary non-tertiary education (levels 3 and 4),T,Total,Y18-64,From 18 to 64 years,NO,Norway,2016,,43531,,,,,
dataflow,ESTAT:ILC_DI08(1.0),Mean and median income by educational attainment level,A,Annual,MEAN_EI,Mean equivalised income,EUR,Euro,ED3_4,Upper secondary and post-secondary non-tertiary education (levels 3 and 4),T,Total,Y18-64,From 18 to 64 years,NO,Norway,2017,,42723,,,,,
dataflow,ESTAT:ILC_DI08(1.0),Mean and median income by educational attainment level,A,Annual,MEAN_EI,Mean equivalised income,EUR,Euro,ED3_4,Upper secondary and post-secondary non-tertiary education (levels 3 and 4),T,Total,Y18-64,From 18 to 64 years,NO,Norway,2018,,42608,,,,,
dataflow,ESTAT:ILC_DI08(1.0),Mean and median income by educational attainment level,A,Annual,MEAN_EI,Mean equivalised income,EUR,Euro,ED3_4,Upper secondary and post-secondary non-tertiary education (levels 3 and 4),T,Total,Y18-64,From 18 to 64 years,NO,Norway,2019,,42848,,,,,
dataflow,ESTAT:ILC_DI08(1.0),Mean and median income by educational attainment level,A,Annual,MEAN_EI,Mean equivalised income,EUR,Euro,ED3_4,Upper secondary and post-secondary non-tertiary education (levels 3 and 4),T,Total,Y18-64,From 18 to 64 years,NO,Norway,2020,,43653,,,,,
dataflow,ESTAT:ILC_DI08(1.0),Mean and median income by educational attainment level,A,Annual,MEAN_EI,Mean equivalised income,EUR,Euro,ED3_4,Upper secondary and post-secondary non-tertiary education (levels 3 and 4),T,Total,Y18-64,From 18 to 64 years,NO,Norway,2021,,39516,,b,break in time series,,
dataflow,ESTAT:ILC_DI08(1.0),Mean and median income by educational attainment level,A,Annual,MEAN_EI,Mean equivalised income,EUR,Euro,ED3_4,Upper secondary and post-secondary non-tertiary education (levels 3 and 4),T,Total,Y18-64,From 18 to 64 years,NO,Norway,2022,,44555,,,,,
dataflow,ESTAT:ILC_DI08(1.0),Mean and median income by educational attainment level,A,Annual,MEAN_EI,Mean equivalised income,EUR,Euro,ED3_4,Upper secondary and post-secondary non-tertiary education (levels 3 and 4),T,Total,Y18-64,From 18 to 64 years,NO,Norway,2023,,45281,,b,break in time series,,
dataflow,ESTAT:ILC_DI08(1.0),Mean and median income by educational attainment level,A,Annual,MEAN_EI,Mean equivalised income,EUR,Euro,ED3_4,Upper secondary and post-secondary non-tertiary education (levels 3 and 4),T,Total,Y18-64,From 18 to 64 years,NO,Norway,2024,,43387,,,,,
dataflow,ESTAT:ILC_DI08(1.0),Mean and median income by educational attainment level,A,Annual,MEAN_EI,Mean equivalised income,EUR,Euro,ED3_4,Upper secondary and post-secondary non-tertiary education (levels 3 and 4),T,Total,Y18-64,From 18 to 64 years,NO,Norway,2025,,45016,,,,,
dataflow,ESTAT:ILC_DI08(1.0),Mean and median income by educational attainment level,A,Annual,MEAN_EI,Mean equivalised income,EUR,Euro,ED3_4,Upper secondary and post-secondary non-tertiary education (levels 3 and 4),T,Total,Y18-64,From 18 to 64 years,PL,Poland,2016,,6062,,,,,
dataflow,ESTAT:ILC_DI08(1.0),Mean and median income by educational attainment level,A,Annual,MEAN_EI,Mean equivalised income,EUR,Euro,ED3_4,Upper secondary and post-secondary non-tertiary education (levels 3 and 4),T,Total,Y18-64,From 18 to 64 years,PL,Poland,2017,,6200,,,,,
dataflow,ESTAT:ILC_DI08(1.0),Mean and median income by educational attainment level,A,Annual,MEAN_EI,Mean equivalised income,EUR,Euro,ED3_4,Upper secondary and post-secondary non-tertiary education (levels 3 and 4),T,Total,Y18-64,From 18 to 64 years,PL,Poland,2018,,6776,,,,,
dataflow,ESTAT:ILC_DI08(1.0),Mean and median income by educational attainment level,A,Annual,MEAN_EI,Mean equivalised income,EUR,Euro,ED3_4,Upper secondary and post-secondary non-tertiary education (levels 3 and 4),T,Total,Y18-64,From 18 to 64 years,PL,Poland,2019,,7415,,,,,
dataflow,ESTAT:ILC_DI08(1.0),Mean and median income by educational attainment level,A,Annual,MEAN_EI,Mean equivalised income,EUR,Euro,ED3_4,Upper secondary and post-secondary non-tertiary education (levels 3 and 4),T,Total,Y18-64,From 18 to 64 years,PL,Poland,2020,,8215,,,,,
dataflow,ESTAT:ILC_DI08(1.0),Mean and median income by educational attainment level,A,Annual,MEAN_EI,Mean equivalised income,EUR,Euro,ED3_4,Upper secondary and post-secondary non-tertiary education (levels 3 and 4),T,Total,Y18-64,From 18 to 64 years,PL,Poland,2021,,8449,,,,,
dataflow,ESTAT:ILC_DI08(1.0),Mean and median income by educational attainment level,A,Annual,MEAN_EI,Mean equivalised income,EUR,Euro,ED3_4,Upper secondary and post-secondary non-tertiary education (levels 3 and 4),T,Total,Y18-64,From 18 to 64 years,PL,Poland,2022,,9148,,,,,
dataflow,ESTAT:ILC_DI08(1.0),Mean and median income by educational attainment level,A,Annual,MEAN_EI,Mean equivalised income,EUR,Euro,ED3_4,Upper secondary and post-secondary non-tertiary education (levels 3 and 4),T,Total,Y18-64,From 18 to 64 years,PL,Poland,2023,,10437,,,,,
dataflow,ESTAT:ILC_DI08(1.0),Mean and median income by educational attainment level,A,Annual,MEAN_EI,Mean equivalised income,EUR,Euro,ED3_4,Upper secondary and post-secondary non-tertiary education (levels 3 and 4),T,Total,Y18-64,From 18 to 64 years,PL,Poland,2024,,12118,,,,,
dataflow,ESTAT:ILC_DI08(1.0),Mean and median income by educational attainment level,A,Annual,MEAN_EI,Mean equivalised income,EUR,Euro,ED3_4,Upper secondary and post-secondary non-tertiary education (levels 3 and 4),T,Total,Y18-64,From 18 to 64 years,PL,Poland,2025,,14326,,,,,
dataflow,ESTAT:ILC_DI08(1.0),Mean and median income by educational attainment level,A,Annual,MEAN_EI,Mean equivalised income,EUR,Euro,ED3_4,Upper secondary and post-secondary non-tertiary education (levels 3 and 4),T,Total,Y18-64,From 18 to 64 years,PT,Portugal,2016,,11083,,,,,
dataflow,ESTAT:ILC_DI08(1.0),Mean and median income by educational attainment level,A,Annual,MEAN_EI,Mean equivalised income,EUR,Euro,ED3_4,Upper secondary and post-secondary non-tertiary education (levels 3 and 4),T,Total,Y18-64,From 18 to 64 years,PT,Portugal,2017,,11092,,,,,
dataflow,ESTAT:ILC_DI08(1.0),Mean and median income by educational attainment level,A,Annual,MEAN_EI,Mean equivalised income,EUR,Euro,ED3_4,Upper secondary and post-secondary non-tertiary education (levels 3 and 4),T,Total,Y18-64,From 18 to 64 years,PT,Portugal,2018,,11276,,,,,
dataflow,ESTAT:ILC_DI08(1.0),Mean and median income by educational attainment level,A,Annual,MEAN_EI,Mean equivalised income,EUR,Euro,ED3_4,Upper secondary and post-secondary non-tertiary education (levels 3 and 4),T,Total,Y18-64,From 18 to 64 years,PT,Portugal,2019,,11760,,,,,
dataflow,ESTAT:ILC_DI08(1.0),Mean and median income by educational attainment level,A,Annual,MEAN_EI,Mean equivalised income,EUR,Euro,ED3_4,Upper secondary and post-secondary non-tertiary education (levels 3 and 4),T,Total,Y18-64,From 18 to 64 years,PT,Portugal,2020,,12449,,,,,
dataflow,ESTAT:ILC_DI08(1.0),Mean and median income by educational attainment level,A,Annual,MEAN_EI,Mean equivalised income,EUR,Euro,ED3_4,Upper secondary and post-secondary non-tertiary education (levels 3 and 4),T,Total,Y18-64,From 18 to 64 years,PT,Portugal,2021,,12508,,,,,
dataflow,ESTAT:ILC_DI08(1.0),Mean and median income by educational attainment level,A,Annual,MEAN_EI,Mean equivalised income,EUR,Euro,ED3_4,Upper secondary and post-secondary non-tertiary education (levels 3 and 4),T,Total,Y18-64,From 18 to 64 years,PT,Portugal,2022,,12716,,,,,
dataflow,ESTAT:ILC_DI08(1.0),Mean and median income by educational attainment level,A,Annual,MEAN_EI,Mean equivalised income,EUR,Euro,ED3_4,Upper secondary and post-secondary non-tertiary education (levels 3 and 4),T,Total,Y18-64,From 18 to 64 years,PT,Portugal,2023,,14129,,,,,
dataflow,ESTAT:ILC_DI08(1.0),Mean and median income by educational attainment level,A,Annual,MEAN_EI,Mean equivalised income,EUR,Euro,ED3_4,Upper secondary and post-secondary non-tertiary education (levels 3 and 4),T,Total,Y18-64,From 18 to 64 years,PT,Portugal,2024,,14475,,,,,
dataflow,ESTAT:ILC_DI08(1.0),Mean and median income by educational attainment level,A,Annual,MEAN_EI,Mean equivalised income,EUR,Euro,ED3_4,Upper secondary and post-secondary non-tertiary education (levels 3 and 4),T,Total,Y18-64,From 18 to 64 years,PT,Portugal,2025,,16065,,,,,
dataflow,ESTAT:ILC_DI08(1.0),Mean and median income by educational attainment level,A,Annual,MEAN_EI,Mean equivalised income,EUR,Euro,ED3_4,Upper secondary and post-secondary non-tertiary education (levels 3 and 4),T,Total,Y18-64,From 18 to 64 years,RO,Romania,2016,,2823,,,,,
dataflow,ESTAT:ILC_DI08(1.0),Mean and median income by educational attainment level,A,Annual,MEAN_EI,Mean equivalised income,EUR,Euro,ED3_4,Upper secondary and post-secondary non-tertiary education (levels 3 and 4),T,Total,Y18-64,From 18 to 64 years,RO,Romania,2017,,3117,,,,,
dataflow,ESTAT:ILC_DI08(1.0),Mean and median income by educational attainment level,A,Annual,MEAN_EI,Mean equivalised income,EUR,Euro,ED3_4,Upper secondary and post-secondary non-tertiary education (levels 3 and 4),T,Total,Y18-64,From 18 to 64 years,RO,Romania,2018,,3886,,,,,
dataflow,ESTAT:ILC_DI08(1.0),Mean and median income by educational attainment level,A,Annual,MEAN_EI,Mean equivalised income,EUR,Euro,ED3_4,Upper secondary and post-secondary non-tertiary education (levels 3 and 4),T,Total,Y18-64,From 18 to 64 years,RO,Romania,2019,,4498,,,,,
dataflow,ESTAT:ILC_DI08(1.0),Mean and median income by educational attainment level,A,Annual,MEAN_EI,Mean equivalised income,EUR,Euro,ED3_4,Upper secondary and post-secondary non-tertiary education (levels 3 and 4),T,Total,Y18-64,From 18 to 64 years,RO,Romania,2020,,4939,,,,,
dataflow,ESTAT:ILC_DI08(1.0),Mean and median income by educational attainment level,A,Annual,MEAN_EI,Mean equivalised income,EUR,Euro,ED3_4,Upper secondary and post-secondary non-tertiary education (levels 3 and 4),T,Total,Y18-64,From 18 to 64 years,RO,Romania,2021,,5456,,,,,
dataflow,ESTAT:ILC_DI08(1.0),Mean and median income by educational attainment level,A,Annual,MEAN_EI,Mean equivalised income,EUR,Euro,ED3_4,Upper secondary and post-secondary non-tertiary education (levels 3 and 4),T,Total,Y18-64,From 18 to 64 years,RO,Romania,2022,,6037,,,,,
dataflow,ESTAT:ILC_DI08(1.0),Mean and median income by educational attainment level,A,Annual,MEAN_EI,Mean equivalised income,EUR,Euro,ED3_4,Upper secondary and post-secondary non-tertiary education (levels 3 and 4),T,Total,Y18-64,From 18 to 64 years,RO,Romania,2023,,7114,,,,,
dataflow,ESTAT:ILC_DI08(1.0),Mean and median income by educational attainment level,A,Annual,MEAN_EI,Mean equivalised income,EUR,Euro,ED3_4,Upper secondary and post-secondary non-tertiary education (levels 3 and 4),T,Total,Y18-64,From 18 to 64 years,RO,Romania,2024,,8485,,,,,
dataflow,ESTAT:ILC_DI08(1.0),Mean and median income by educational attainment level,A,Annual,MEAN_EI,Mean equivalised income,EUR,Euro,ED3_4,Upper secondary and post-secondary non-tertiary education (levels 3 and 4),T,Total,Y18-64,From 18 to 64 years,RO,Romania,2025,,8885,,,,,
dataflow,ESTAT:ILC_DI08(1.0),Mean and median income by educational attainment level,A,Annual,MEAN_EI,Mean equivalised income,EUR,Euro,ED3_4,Upper secondary and post-secondary non-tertiary education (levels 3 and 4),T,Total,Y18-64,From 18 to 64 years,RS,Serbia,2016,,2708,,,,,
dataflow,ESTAT:ILC_DI08(1.0),Mean and median income by educational attainment level,A,Annual,MEAN_EI,Mean equivalised income,EUR,Euro,ED3_4,Upper secondary and post-secondary non-tertiary education (levels 3 and 4),T,Total,Y18-64,From 18 to 64 years,RS,Serbia,2017,,2831,,,,,
dataflow,ESTAT:ILC_DI08(1.0),Mean and median income by educational attainment level,A,Annual,MEAN_EI,Mean equivalised income,EUR,Euro,ED3_4,Upper secondary and post-secondary non-tertiary education (levels 3 and 4),T,Total,Y18-64,From 18 to 64 years,RS,Serbia,2018,,2950,,,,,
dataflow,ESTAT:ILC_DI08(1.0),Mean and median income by educational attainment level,A,Annual,MEAN_EI,Mean equivalised income,EUR,Euro,ED3_4,Upper secondary and post-secondary non-tertiary education (levels 3 and 4),T,Total,Y18-64,From 18 to 64 years,RS,Serbia,2019,,3586,,,,,
dataflow,ESTAT:ILC_DI08(1.0),Mean and median income by educational attainment level,A,Annual,MEAN_EI,Mean equivalised income,EUR,Euro,ED3_4,Upper secondary and post-secondary non-tertiary education (levels 3 and 4),T,Total,Y18-64,From 18 to 64 years,RS,Serbia,2020,,4095,,,,,
dataflow,ESTAT:ILC_DI08(1.0),Mean and median income by educational attainment level,A,Annual,MEAN_EI,Mean equivalised income,EUR,Euro,ED3_4,Upper secondary and post-secondary non-tertiary education (levels 3 and 4),T,Total,Y18-64,From 18 to 64 years,RS,Serbia,2021,,4381,,,,,
dataflow,ESTAT:ILC_DI08(1.0),Mean and median income by educational attainment level,A,Annual,MEAN_EI,Mean equivalised income,EUR,Euro,ED3_4,Upper secondary and post-secondary non-tertiary education (levels 3 and 4),T,Total,Y18-64,From 18 to 64 years,RS,Serbia,2022,,4836,,,,,
dataflow,ESTAT:ILC_DI08(1.0),Mean and median income by educational attainment level,A,Annual,MEAN_EI,Mean equivalised income,EUR,Euro,ED3_4,Upper secondary and post-secondary non-tertiary education (levels 3 and 4),T,Total,Y18-64,From 18 to 64 years,RS,Serbia,2023,,5428,,,,,
dataflow,ESTAT:ILC_DI08(1.0),Mean and median income by educational attainment level,A,Annual,MEAN_EI,Mean equivalised income,EUR,Euro,ED3_4,Upper secondary and post-secondary non-tertiary education (levels 3 and 4),T,Total,Y18-64,From 18 to 64 years,RS,Serbia,2024,,6710,,,,,
dataflow,ESTAT:ILC_DI08(1.0),Mean and median income by educational attainment level,A,Annual,MEAN_EI,Mean equivalised income,EUR,Euro,ED3_4,Upper secondary and post-secondary non-tertiary education (levels 3 and 4),T,Total,Y18-64,From 18 to 64 years,RS,Serbia,2025,,8690,,,,,
dataflow,ESTAT:ILC_DI08(1.0),Mean and median income by educational attainment level,A,Annual,MEAN_EI,Mean equivalised income,EUR,Euro,ED3_4,Upper secondary and post-secondary non-tertiary education (levels 3 and 4),T,Total,Y18-64,From 18 to 64 years,SE,Sweden,2016,,28834,,,,,
dataflow,ESTAT:ILC_DI08(1.0),Mean and median income by educational attainment level,A,Annual,MEAN_EI,Mean equivalised income,EUR,Euro,ED3_4,Upper secondary and post-secondary non-tertiary education (levels 3 and 4),T,Total,Y18-64,From 18 to 64 years,SE,Sweden,2017,,29809,,,,,
dataflow,ESTAT:ILC_DI08(1.0),Mean and median income by educational attainment level,A,Annual,MEAN_EI,Mean equivalised income,EUR,Euro,ED3_4,Upper secondary and post-secondary non-tertiary education (levels 3 and 4),T,Total,Y18-64,From 18 to 64 years,SE,Sweden,2018,,29730,,,,,
dataflow,ESTAT:ILC_DI08(1.0),Mean and median income by educational attainment level,A,Annual,MEAN_EI,Mean equivalised income,EUR,Euro,ED3_4,Upper secondary and post-secondary non-tertiary education (levels 3 and 4),T,Total,Y18-64,From 18 to 64 years,SE,Sweden,2019,,28288,,,,,
dataflow,ESTAT:ILC_DI08(1.0),Mean and median income by educational attainment level,A,Annual,MEAN_EI,Mean equivalised income,EUR,Euro,ED3_4,Upper secondary and post-secondary non-tertiary education (levels 3 and 4),T,Total,Y18-64,From 18 to 64 years,SE,Sweden,2020,,28518,,,,,
dataflow,ESTAT:ILC_DI08(1.0),Mean and median income by educational attainment level,A,Annual,MEAN_EI,Mean equivalised income,EUR,Euro,ED3_4,Upper secondary and post-secondary non-tertiary education (levels 3 and 4),T,Total,Y18-64,From 18 to 64 years,SE,Sweden,2021,,29706,,,,,
dataflow,ESTAT:ILC_DI08(1.0),Mean and median income by educational attainment level,A,Annual,MEAN_EI,Mean equivalised income,EUR,Euro,ED3_4,Upper secondary and post-secondary non-tertiary education (levels 3 and 4),T,Total,Y18-64,From 18 to 64 years,SE,Sweden,2022,,30790,,,,,
dataflow,ESTAT:ILC_DI08(1.0),Mean and median income by educational attainment level,A,Annual,MEAN_EI,Mean equivalised income,EUR,Euro,ED3_4,Upper secondary and post-secondary non-tertiary education (levels 3 and 4),T,Total,Y18-64,From 18 to 64 years,SE,Sweden,2023,,32200,,,,,
dataflow,ESTAT:ILC_DI08(1.0),Mean and median income by educational attainment level,A,Annual,MEAN_EI,Mean equivalised income,EUR,Euro,ED3_4,Upper secondary and post-secondary non-tertiary education (levels 3 and 4),T,Total,Y18-64,From 18 to 64 years,SE,Sweden,2024,,30247,,,,,
dataflow,ESTAT:ILC_DI08(1.0),Mean and median income by educational attainment level,A,Annual,MEAN_EI,Mean equivalised income,EUR,Euro,ED3_4,Upper secondary and post-secondary non-tertiary education (levels 3 and 4),T,Total,Y18-64,From 18 to 64 years,SE,Sweden,2025,,32906,,,,,
dataflow,ESTAT:ILC_DI08(1.0),Mean and median income by educational attainment level,A,Annual,MEAN_EI,Mean equivalised income,EUR,Euro,ED3_4,Upper secondary and post-secondary non-tertiary education (levels 3 and 4),T,Total,Y18-64,From 18 to 64 years,SI,Slovenia,2016,,12451,,,,,
dataflow,ESTAT:ILC_DI08(1.0),Mean and median income by educational attainment level,A,Annual,MEAN_EI,Mean equivalised income,EUR,Euro,ED3_4,Upper secondary and post-secondary non-tertiary education (levels 3 and 4),T,Total,Y18-64,From 18 to 64 years,SI,Slovenia,2017,,12905,,,,,
dataflow,ESTAT:ILC_DI08(1.0),Mean and median income by educational attainment level,A,Annual,MEAN_EI,Mean equivalised income,EUR,Euro,ED3_4,Upper secondary and post-secondary non-tertiary education (levels 3 and 4),T,Total,Y18-64,From 18 to 64 years,SI,Slovenia,2018,,13455,,,,,
dataflow,ESTAT:ILC_DI08(1.0),Mean and median income by educational attainment level,A,Annual,MEAN_EI,Mean equivalised income,EUR,Euro,ED3_4,Upper secondary and post-secondary non-tertiary education (levels 3 and 4),T,Total,Y18-64,From 18 to 64 years,SI,Slovenia,2019,,14670,,,,,
dataflow,ESTAT:ILC_DI08(1.0),Mean and median income by educational attainment level,A,Annual,MEAN_EI,Mean equivalised income,EUR,Euro,ED3_4,Upper secondary and post-secondary non-tertiary education (levels 3 and 4),T,Total,Y18-64,From 18 to 64 years,SI,Slovenia,2020,,15280,,,,,
dataflow,ESTAT:ILC_DI08(1.0),Mean and median income by educational attainment level,A,Annual,MEAN_EI,Mean equivalised income,EUR,Euro,ED3_4,Upper secondary and post-secondary non-tertiary education (levels 3 and 4),T,Total,Y18-64,From 18 to 64 years,SI,Slovenia,2021,,16077,,,,,
dataflow,ESTAT:ILC_DI08(1.0),Mean and median income by educational attainment level,A,Annual,MEAN_EI,Mean equivalised income,EUR,Euro,ED3_4,Upper secondary and post-secondary non-tertiary education (levels 3 and 4),T,Total,Y18-64,From 18 to 64 years,SI,Slovenia,2022,,17120,,,,,
dataflow,ESTAT:ILC_DI08(1.0),Mean and median income by educational attainment level,A,Annual,MEAN_EI,Mean equivalised income,EUR,Euro,ED3_4,Upper secondary and post-secondary non-tertiary education (levels 3 and 4),T,Total,Y18-64,From 18 to 64 years,SI,Slovenia,2023,,18747,,,,,
dataflow,ESTAT:ILC_DI08(1.0),Mean and median income by educational attainment level,A,Annual,MEAN_EI,Mean equivalised income,EUR,Euro,ED3_4,Upper secondary and post-secondary non-tertiary education (levels 3 and 4),T,Total,Y18-64,From 18 to 64 years,SI,Slovenia,2024,,20525,,,,,
dataflow,ESTAT:ILC_DI08(1.0),Mean and median income by educational attainment level,A,Annual,MEAN_EI,Mean equivalised income,EUR,Euro,ED3_4,Upper secondary and post-secondary non-tertiary education (levels 3 and 4),T,Total,Y18-64,From 18 to 64 years,SI,Slovenia,2025,,21670,,,,,
dataflow,ESTAT:ILC_DI08(1.0),Mean and median income by educational attainment level,A,Annual,MEAN_EI,Mean equivalised income,EUR,Euro,ED3_4,Upper secondary and post-secondary non-tertiary education (levels 3 and 4),T,Total,Y18-64,From 18 to 64 years,SK,Slovakia,2016,,7565,,,,,
dataflow,ESTAT:ILC_DI08(1.0),Mean and median income by educational attainment level,A,Annual,MEAN_EI,Mean equivalised income,EUR,Euro,ED3_4,Upper secondary and post-secondary non-tertiary education (levels 3 and 4),T,Total,Y18-64,From 18 to 64 years,SK,Slovakia,2017,,7699,,,,,
dataflow,ESTAT:ILC_DI08(1.0),Mean and median income by educational attainment level,A,Annual,MEAN_EI,Mean equivalised income,EUR,Euro,ED3_4,Upper secondary and post-secondary non-tertiary education (levels 3 and 4),T,Total,Y18-64,From 18 to 64 years,SK,Slovakia,2018,,8212,,,,,
dataflow,ESTAT:ILC_DI08(1.0),Mean and median income by educational attainment level,A,Annual,MEAN_EI,Mean equivalised income,EUR,Euro,ED3_4,Upper secondary and post-secondary non-tertiary education (levels 3 and 4),T,Total,Y18-64,From 18 to 64 years,SK,Slovakia,2019,,8936,,,,,
dataflow,ESTAT:ILC_DI08(1.0),Mean and median income by educational attainment level,A,Annual,MEAN_EI,Mean equivalised income,EUR,Euro,ED3_4,Upper secondary and post-secondary non-tertiary education (levels 3 and 4),T,Total,Y18-64,From 18 to 64 years,SK,Slovakia,2020,,9433,,,,,
dataflow,ESTAT:ILC_DI08(1.0),Mean and median income by educational attainment level,A,Annual,MEAN_EI,Mean equivalised income,EUR,Euro,ED3_4,Upper secondary and post-secondary non-tertiary education (levels 3 and 4),T,Total,Y18-64,From 18 to 64 years,SK,Slovakia,2021,,9091,,,,,
dataflow,ESTAT:ILC_DI08(1.0),Mean and median income by educational attainment level,A,Annual,MEAN_EI,Mean equivalised income,EUR,Euro,ED3_4,Upper secondary and post-secondary non-tertiary education (levels 3 and 4),T,Total,Y18-64,From 18 to 64 years,SK,Slovakia,2022,,9406,,,,,
dataflow,ESTAT:ILC_DI08(1.0),Mean and median income by educational attainment level,A,Annual,MEAN_EI,Mean equivalised income,EUR,Euro,ED3_4,Upper secondary and post-secondary non-tertiary education (levels 3 and 4),T,Total,Y18-64,From 18 to 64 years,SK,Slovakia,2023,,9560,,,,,
dataflow,ESTAT:ILC_DI08(1.0),Mean and median income by educational attainment level,A,Annual,MEAN_EI,Mean equivalised income,EUR,Euro,ED3_4,Upper secondary and post-secondary non-tertiary education (levels 3 and 4),T,Total,Y18-64,From 18 to 64 years,SK,Slovakia,2024,,10181,,,,,
dataflow,ESTAT:ILC_DI08(1.0),Mean and median income by educational attainment level,A,Annual,MEAN_EI,Mean equivalised income,EUR,Euro,ED3_4,Upper secondary and post-secondary non-tertiary education (levels 3 and 4),T,Total,Y18-64,From 18 to 64 years,SK,Slovakia,2025,,13698,,,,,
dataflow,ESTAT:ILC_DI08(1.0),Mean and median income by educational attainment level,A,Annual,MEAN_EI,Mean equivalised income,EUR,Euro,ED3_4,Upper secondary and post-secondary non-tertiary education (levels 3 and 4),T,Total,Y18-64,From 18 to 64 years,TR,Türkiye,2016,,6031,,,,,
dataflow,ESTAT:ILC_DI08(1.0),Mean and median income by educational attainment level,A,Annual,MEAN_EI,Mean equivalised income,EUR,Euro,ED3_4,Upper secondary and post-secondary non-tertiary education (levels 3 and 4),T,Total,Y18-64,From 18 to 64 years,TR,Türkiye,2017,,6246,,,,,
dataflow,ESTAT:ILC_DI08(1.0),Mean and median income by educational attainment level,A,Annual,MEAN_EI,Mean equivalised income,EUR,Euro,ED3_4,Upper secondary and post-secondary non-tertiary education (levels 3 and 4),T,Total,Y18-64,From 18 to 64 years,TR,Türkiye,2018,,5475,,,,,
dataflow,ESTAT:ILC_DI08(1.0),Mean and median income by educational attainment level,A,Annual,MEAN_EI,Mean equivalised income,EUR,Euro,ED3_4,Upper secondary and post-secondary non-tertiary education (levels 3 and 4),T,Total,Y18-64,From 18 to 64 years,TR,Türkiye,2019,,4476,,,,,
dataflow,ESTAT:ILC_DI08(1.0),Mean and median income by educational attainment level,A,Annual,MEAN_EI,Mean equivalised income,EUR,Euro,ED3_4,Upper secondary and post-secondary non-tertiary education (levels 3 and 4),T,Total,Y18-64,From 18 to 64 years,TR,Türkiye,2020,,4702,,,,,
dataflow,ESTAT:ILC_DI08(1.0),Mean and median income by educational attainment level,A,Annual,MEAN_EI,Mean equivalised income,EUR,Euro,ED3_4,Upper secondary and post-secondary non-tertiary education (levels 3 and 4),T,Total,Y18-64,From 18 to 64 years,TR,Türkiye,2021,,4145,,,,,
dataflow,ESTAT:ILC_DI08(1.0),Mean and median income by educational attainment level,A,Annual,MEAN_EI,Mean equivalised income,EUR,Euro,ED3_4,Upper secondary and post-secondary non-tertiary education (levels 3 and 4),T,Total,Y18-64,From 18 to 64 years,TR,Türkiye,2022,,4465,,,,,
dataflow,ESTAT:ILC_DI08(1.0),Mean and median income by educational attainment level,A,Annual,MEAN_EI,Mean equivalised income,EUR,Euro,ED3_4,Upper secondary and post-secondary non-tertiary education (levels 3 and 4),T,Total,Y18-64,From 18 to 64 years,TR,Türkiye,2023,,4733,,,,,
dataflow,ESTAT:ILC_DI08(1.0),Mean and median income by educational attainment level,A,Annual,MEAN_EI,Mean equivalised income,EUR,Euro,ED3_4,Upper secondary and post-secondary non-tertiary education (levels 3 and 4),T,Total,Y18-64,From 18 to 64 years,TR,Türkiye,2024,,6566,,,,,
dataflow,ESTAT:ILC_DI08(1.0),Mean and median income by educational attainment level,A,Annual,MEAN_EI,Mean equivalised income,EUR,Euro,ED3_4,Upper secondary and post-secondary non-tertiary education (levels 3 and 4),T,Total,Y18-64,From 18 to 64 years,TR,Türkiye,2025,,9127,,,,,
dataflow,ESTAT:ILC_DI08(1.0),Mean and median income by educational attainment level,A,Annual,MEAN_EI,Mean equivalised income,EUR,Euro,ED3_4,Upper secondary and post-secondary non-tertiary education (levels 3 and 4),T,Total,Y18-64,From 18 to 64 years,UK,United Kingdom,2016,,23827,,,,,
dataflow,ESTAT:ILC_DI08(1.0),Mean and median income by educational attainment level,A,Annual,MEAN_EI,Mean equivalised income,EUR,Euro,ED3_4,Upper secondary and post-secondary non-tertiary education (levels 3 and 4),T,Total,Y18-64,From 18 to 64 years,UK,United Kingdom,2017,,23349,,b,break in time series,,
dataflow,ESTAT:ILC_DI08(1.0),Mean and median income by educational attainment level,A,Annual,MEAN_EI,Mean equivalised income,EUR,Euro,ED3_4,Upper secondary and post-secondary non-tertiary education (levels 3 and 4),T,Total,Y18-64,From 18 to 64 years,UK,United Kingdom,2018,,23837,,,,,
dataflow,ESTAT:ILC_DI08(1.0),Mean and median income by educational attainment level,A,Annual,MEAN_EI,Mean equivalised income,EUR,Euro,ED3_4,Upper secondary and post-secondary non-tertiary education (levels 3 and 4),T,Total,Y18-64,From 18 to 64 years,XK,Kosovo*,2018,,2689,,,,,
dataflow,ESTAT:ILC_DI08(1.0),Mean and median income by educational attainment level,A,Annual,MEAN_EI,Mean equivalised income,EUR,Euro,ED5-8,Tertiary education (levels 5-8),T,Total,Y18-64,From 18 to 64 years,AL,Albania,2017,,3749,,,,,
dataflow,ESTAT:ILC_DI08(1.0),Mean and median income by educational attainment level,A,Annual,MEAN_EI,Mean equivalised income,EUR,Euro,ED5-8,Tertiary education (levels 5-8),T,Total,Y18-64,From 18 to 64 years,AL,Albania,2018,,3927,,,,,
dataflow,ESTAT:ILC_DI08(1.0),Mean and median income by educational attainment level,A,Annual,MEAN_EI,Mean equivalised income,EUR,Euro,ED5-8,Tertiary education (levels 5-8),T,Total,Y18-64,From 18 to 64 years,AL,Albania,2019,,4395,,,,,
dataflow,ESTAT:ILC_DI08(1.0),Mean and median income by educational attainment level,A,Annual,MEAN_EI,Mean equivalised income,EUR,Euro,ED5-8,Tertiary education (levels 5-8),T,Total,Y18-64,From 18 to 64 years,AL,Albania,2020,,4675,,,,,
dataflow,ESTAT:ILC_DI08(1.0),Mean and median income by educational attainment level,A,Annual,MEAN_EI,Mean equivalised income,EUR,Euro,ED5-8,Tertiary education (levels 5-8),T,Total,Y18-64,From 18 to 64 years,AL,Albania,2021,,4739,,,,,
dataflow,ESTAT:ILC_DI08(1.0),Mean and median income by educational attainment level,A,Annual,MEAN_EI,Mean equivalised income,EUR,Euro,ED5-8,Tertiary education (levels 5-8),T,Total,Y18-64,From 18 to 64 years,AL,Albania,2022,,5200,,,,,
dataflow,ESTAT:ILC_DI08(1.0),Mean and median income by educational attainment level,A,Annual,MEAN_EI,Mean equivalised income,EUR,Euro,ED5-8,Tertiary education (levels 5-8),T,Total,Y18-64,From 18 to 64 years,AL,Albania,2023,,6124,,,,,
dataflow,ESTAT:ILC_DI08(1.0),Mean and median income by educational attainment level,A,Annual,MEAN_EI,Mean equivalised income,EUR,Euro,ED5-8,Tertiary education (levels 5-8),T,Total,Y18-64,From 18 to 64 years,AT,Austria,2016,,32033,,,,,
dataflow,ESTAT:ILC_DI08(1.0),Mean and median income by educational attainment level,A,Annual,MEAN_EI,Mean equivalised income,EUR,Euro,ED5-8,Tertiary education (levels 5-8),T,Total,Y18-64,From 18 to 64 years,AT,Austria,2017,,34467,,,,,
dataflow,ESTAT:ILC_DI08(1.0),Mean and median income by educational attainment level,A,Annual,MEAN_EI,Mean equivalised income,EUR,Euro,ED5-8,Tertiary education (levels 5-8),T,Total,Y18-64,From 18 to 64 years,AT,Austria,2018,,34051,,,,,
dataflow,ESTAT:ILC_DI08(1.0),Mean and median income by educational attainment level,A,Annual,MEAN_EI,Mean equivalised income,EUR,Euro,ED5-8,Tertiary education (levels 5-8),T,Total,Y18-64,From 18 to 64 years,AT,Austria,2019,,34302,,,,,
dataflow,ESTAT:ILC_DI08(1.0),Mean and median income by educational attainment level,A,Annual,MEAN_EI,Mean equivalised income,EUR,Euro,ED5-8,Tertiary education (levels 5-8),T,Total,Y18-64,From 18 to 64 years,AT,Austria,2020,,35927,,,,,
dataflow,ESTAT:ILC_DI08(1.0),Mean and median income by educational attainment level,A,Annual,MEAN_EI,Mean equivalised income,EUR,Euro,ED5-8,Tertiary education (levels 5-8),T,Total,Y18-64,From 18 to 64 years,AT,Austria,2021,,35797,,,,,
dataflow,ESTAT:ILC_DI08(1.0),Mean and median income by educational attainment level,A,Annual,MEAN_EI,Mean equivalised income,EUR,Euro,ED5-8,Tertiary education (levels 5-8),T,Total,Y18-64,From 18 to 64 years,AT,Austria,2022,,36382,,,,,
dataflow,ESTAT:ILC_DI08(1.0),Mean and median income by educational attainment level,A,Annual,MEAN_EI,Mean equivalised income,EUR,Euro,ED5-8,Tertiary education (levels 5-8),T,Total,Y18-64,From 18 to 64 years,AT,Austria,2023,,42283,,,,,
dataflow,ESTAT:ILC_DI08(1.0),Mean and median income by educational attainment level,A,Annual,MEAN_EI,Mean equivalised income,EUR,Euro,ED5-8,Tertiary education (levels 5-8),T,Total,Y18-64,From 18 to 64 years,AT,Austria,2024,,43927,,,,,
dataflow,ESTAT:ILC_DI08(1.0),Mean and median income by educational attainment level,A,Annual,MEAN_EI,Mean equivalised income,EUR,Euro,ED5-8,Tertiary education (levels 5-8),T,Total,Y18-64,From 18 to 64 years,AT,Austria,2025,,47279,,,,,
dataflow,ESTAT:ILC_DI08(1.0),Mean and median income by educational attainment level,A,Annual,MEAN_EI,Mean equivalised income,EUR,Euro,ED5-8,Tertiary education (levels 5-8),T,Total,Y18-64,From 18 to 64 years,BE,Belgium,2016,,31231,,,,,
dataflow,ESTAT:ILC_DI08(1.0),Mean and median income by educational attainment level,A,Annual,MEAN_EI,Mean equivalised income,EUR,Euro,ED5-8,Tertiary education (levels 5-8),T,Total,Y18-64,From 18 to 64 years,BE,Belgium,2017,,31820,,,,,
dataflow,ESTAT:ILC_DI08(1.0),Mean and median income by educational attainment level,A,Annual,MEAN_EI,Mean equivalised income,EUR,Euro,ED5-8,Tertiary education (levels 5-8),T,Total,Y18-64,From 18 to 64 years,BE,Belgium,2018,,32448,,,,,
dataflow,ESTAT:ILC_DI08(1.0),Mean and median income by educational attainment level,A,Annual,MEAN_EI,Mean equivalised income,EUR,Euro,ED5-8,Tertiary education (levels 5-8),T,Total,Y18-64,From 18 to 64 years,BE,Belgium,2019,,33161,,b,break in time series,,
dataflow,ESTAT:ILC_DI08(1.0),Mean and median income by educational attainment level,A,Annual,MEAN_EI,Mean equivalised income,EUR,Euro,ED5-8,Tertiary education (levels 5-8),T,Total,Y18-64,From 18 to 64 years,BE,Belgium,2020,,34912,,,,,
dataflow,ESTAT:ILC_DI08(1.0),Mean and median income by educational attainment level,A,Annual,MEAN_EI,Mean equivalised income,EUR,Euro,ED5-8,Tertiary education (levels 5-8),T,Total,Y18-64,From 18 to 64 years,BE,Belgium,2021,,34547,,,,,
dataflow,ESTAT:ILC_DI08(1.0),Mean and median income by educational attainment level,A,Annual,MEAN_EI,Mean equivalised income,EUR,Euro,ED5-8,Tertiary education (levels 5-8),T,Total,Y18-64,From 18 to 64 years,BE,Belgium,2022,,36304,,,,,
dataflow,ESTAT:ILC_DI08(1.0),Mean and median income by educational attainment level,A,Annual,MEAN_EI,Mean equivalised income,EUR,Euro,ED5-8,Tertiary education (levels 5-8),T,Total,Y18-64,From 18 to 64 years,BE,Belgium,2023,,38362,,,,,
dataflow,ESTAT:ILC_DI08(1.0),Mean and median income by educational attainment level,A,Annual,MEAN_EI,Mean equivalised income,EUR,Euro,ED5-8,Tertiary education (levels 5-8),T,Total,Y18-64,From 18 to 64 years,BE,Belgium,2024,,40634,,,,,
dataflow,ESTAT:ILC_DI08(1.0),Mean and median income by educational attainment level,A,Annual,MEAN_EI,Mean equivalised income,EUR,Euro,ED5-8,Tertiary education (levels 5-8),T,Total,Y18-64,From 18 to 64 years,BE,Belgium,2025,,41146,,,,,
dataflow,ESTAT:ILC_DI08(1.0),Mean and median income by educational attainment level,A,Annual,MEAN_EI,Mean equivalised income,EUR,Euro,ED5-8,Tertiary education (levels 5-8),T,Total,Y18-64,From 18 to 64 years,BG,Bulgaria,2016,,6148,,b,break in time series,,
dataflow,ESTAT:ILC_DI08(1.0),Mean and median income by educational attainment level,A,Annual,MEAN_EI,Mean equivalised income,EUR,Euro,ED5-8,Tertiary education (levels 5-8),T,Total,Y18-64,From 18 to 64 years,BG,Bulgaria,2017,,8100,,,,,
dataflow,ESTAT:ILC_DI08(1.0),Mean and median income by educational attainment level,A,Annual,MEAN_EI,Mean equivalised income,EUR,Euro,ED5-8,Tertiary education (levels 5-8),T,Total,Y18-64,From 18 to 64 years,BG,Bulgaria,2018,,8230,,,,,
dataflow,ESTAT:ILC_DI08(1.0),Mean and median income by educational attainment level,A,Annual,MEAN_EI,Mean equivalised income,EUR,Euro,ED5-8,Tertiary education (levels 5-8),T,Total,Y18-64,From 18 to 64 years,BG,Bulgaria,2019,,10030,,,,,
dataflow,ESTAT:ILC_DI08(1.0),Mean and median income by educational attainment level,A,Annual,MEAN_EI,Mean equivalised income,EUR,Euro,ED5-8,Tertiary education (levels 5-8),T,Total,Y18-64,From 18 to 64 years,BG,Bulgaria,2020,,10380,,,,,
dataflow,ESTAT:ILC_DI08(1.0),Mean and median income by educational attainment level,A,Annual,MEAN_EI,Mean equivalised income,EUR,Euro,ED5-8,Tertiary education (levels 5-8),T,Total,Y18-64,From 18 to 64 years,BG,Bulgaria,2021,,11533,,,,,
dataflow,ESTAT:ILC_DI08(1.0),Mean and median income by educational attainment level,A,Annual,MEAN_EI,Mean equivalised income,EUR,Euro,ED5-8,Tertiary education (levels 5-8),T,Total,Y18-64,From 18 to 64 years,BG,Bulgaria,2022,,11223,,,,,
dataflow,ESTAT:ILC_DI08(1.0),Mean and median income by educational attainment level,A,Annual,MEAN_EI,Mean equivalised income,EUR,Euro,ED5-8,Tertiary education (levels 5-8),T,Total,Y18-64,From 18 to 64 years,BG,Bulgaria,2023,,13797,,,,,
dataflow,ESTAT:ILC_DI08(1.0),Mean and median income by educational attainment level,A,Annual,MEAN_EI,Mean equivalised income,EUR,Euro,ED5-8,Tertiary education (levels 5-8),T,Total,Y18-64,From 18 to 64 years,BG,Bulgaria,2024,,16521,,,,,
dataflow,ESTAT:ILC_DI08(1.0),Mean and median income by educational attainment level,A,Annual,MEAN_EI,Mean equivalised income,EUR,Euro,ED5-8,Tertiary education (levels 5-8),T,Total,Y18-64,From 18 to 64 years,BG,Bulgaria,2025,,17637,,,,,
dataflow,ESTAT:ILC_DI08(1.0),Mean and median income by educational attainment level,A,Annual,MEAN_EI,Mean equivalised income,EUR,Euro,ED5-8,Tertiary education (levels 5-8),T,Total,Y18-64,From 18 to 64 years,CH,Switzerland,2016,,65412,,,,,
dataflow,ESTAT:ILC_DI08(1.0),Mean and median income by educational attainment level,A,Annual,MEAN_EI,Mean equivalised income,EUR,Euro,ED5-8,Tertiary education (levels 5-8),T,Total,Y18-64,From 18 to 64 years,CH,Switzerland,2017,,65643,,,,,
dataflow,ESTAT:ILC_DI08(1.0),Mean and median income by educational attainment level,A,Annual,MEAN_EI,Mean equivalised income,EUR,Euro,ED5-8,Tertiary education (levels 5-8),T,Total,Y18-64,From 18 to 64 years,CH,Switzerland,2018,,61333,,,,,
dataflow,ESTAT:ILC_DI08(1.0),Mean and median income by educational attainment level,A,Annual,MEAN_EI,Mean equivalised income,EUR,Euro,ED5-8,Tertiary education (levels 5-8),T,Total,Y18-64,From 18 to 64 years,CH,Switzerland,2019,,58701,,,,,
dataflow,ESTAT:ILC_DI08(1.0),Mean and median income by educational attainment level,A,Annual,MEAN_EI,Mean equivalised income,EUR,Euro,ED5-8,Tertiary education (levels 5-8),T,Total,Y18-64,From 18 to 64 years,CH,Switzerland,2020,,62195,,,,,
dataflow,ESTAT:ILC_DI08(1.0),Mean and median income by educational attainment level,A,Annual,MEAN_EI,Mean equivalised income,EUR,Euro,ED5-8,Tertiary education (levels 5-8),T,Total,Y18-64,From 18 to 64 years,CH,Switzerland,2021,,66544,,,,,
dataflow,ESTAT:ILC_DI08(1.0),Mean and median income by educational attainment level,A,Annual,MEAN_EI,Mean equivalised income,EUR,Euro,ED5-8,Tertiary education (levels 5-8),T,Total,Y18-64,From 18 to 64 years,CH,Switzerland,2022,,66949,,,,,
dataflow,ESTAT:ILC_DI08(1.0),Mean and median income by educational attainment level,A,Annual,MEAN_EI,Mean equivalised income,EUR,Euro,ED5-8,Tertiary education (levels 5-8),T,Total,Y18-64,From 18 to 64 years,CH,Switzerland,2023,,72129,,,,,
dataflow,ESTAT:ILC_DI08(1.0),Mean and median income by educational attainment level,A,Annual,MEAN_EI,Mean equivalised income,EUR,Euro,ED5-8,Tertiary education (levels 5-8),T,Total,Y18-64,From 18 to 64 years,CH,Switzerland,2024,,75763,,,,,
dataflow,ESTAT:ILC_DI08(1.0),Mean and median income by educational attainment level,A,Annual,MEAN_EI,Mean equivalised income,EUR,Euro,ED5-8,Tertiary education (levels 5-8),T,Total,Y18-64,From 18 to 64 years,CY,Cyprus,2016,,22863,,,,,
dataflow,ESTAT:ILC_DI08(1.0),Mean and median income by educational attainment level,A,Annual,MEAN_EI,Mean equivalised income,EUR,Euro,ED5-8,Tertiary education (levels 5-8),T,Total,Y18-64,From 18 to 64 years,CY,Cyprus,2017,,22985,,,,,
dataflow,ESTAT:ILC_DI08(1.0),Mean and median income by educational attainment level,A,Annual,MEAN_EI,Mean equivalised income,EUR,Euro,ED5-8,Tertiary education (levels 5-8),T,Total,Y18-64,From 18 to 64 years,CY,Cyprus,2018,,22894,,,,,
dataflow,ESTAT:ILC_DI08(1.0),Mean and median income by educational attainment level,A,Annual,MEAN_EI,Mean equivalised income,EUR,Euro,ED5-8,Tertiary education (levels 5-8),T,Total,Y18-64,From 18 to 64 years,CY,Cyprus,2019,,26673,,,,,
dataflow,ESTAT:ILC_DI08(1.0),Mean and median income by educational attainment level,A,Annual,MEAN_EI,Mean equivalised income,EUR,Euro,ED5-8,Tertiary education (levels 5-8),T,Total,Y18-64,From 18 to 64 years,CY,Cyprus,2020,,25134,,,,,
dataflow,ESTAT:ILC_DI08(1.0),Mean and median income by educational attainment level,A,Annual,MEAN_EI,Mean equivalised income,EUR,Euro,ED5-8,Tertiary education (levels 5-8),T,Total,Y18-64,From 18 to 64 years,CY,Cyprus,2021,,25618,,,,,
dataflow,ESTAT:ILC_DI08(1.0),Mean and median income by educational attainment level,A,Annual,MEAN_EI,Mean equivalised income,EUR,Euro,ED5-8,Tertiary education (levels 5-8),T,Total,Y18-64,From 18 to 64 years,CY,Cyprus,2022,,25889,,,,,
dataflow,ESTAT:ILC_DI08(1.0),Mean and median income by educational attainment level,A,Annual,MEAN_EI,Mean equivalised income,EUR,Euro,ED5-8,Tertiary education (levels 5-8),T,Total,Y18-64,From 18 to 64 years,CY,Cyprus,2023,,27467,,,,,
dataflow,ESTAT:ILC_DI08(1.0),Mean and median income by educational attainment level,A,Annual,MEAN_EI,Mean equivalised income,EUR,Euro,ED5-8,Tertiary education (levels 5-8),T,Total,Y18-64,From 18 to 64 years,CY,Cyprus,2024,,29913,,,,,
dataflow,ESTAT:ILC_DI08(1.0),Mean and median income by educational attainment level,A,Annual,MEAN_EI,Mean equivalised income,EUR,Euro,ED5-8,Tertiary education (levels 5-8),T,Total,Y18-64,From 18 to 64 years,CY,Cyprus,2025,,32205,,,,,
dataflow,ESTAT:ILC_DI08(1.0),Mean and median income by educational attainment level,A,Annual,MEAN_EI,Mean equivalised income,EUR,Euro,ED5-8,Tertiary education (levels 5-8),T,Total,Y18-64,From 18 to 64 years,CZ,Czechia,2016,,12169,,,,,
dataflow,ESTAT:ILC_DI08(1.0),Mean and median income by educational attainment level,A,Annual,MEAN_EI,Mean equivalised income,EUR,Euro,ED5-8,Tertiary education (levels 5-8),T,Total,Y18-64,From 18 to 64 years,CZ,Czechia,2017,,12492,,,,,
dataflow,ESTAT:ILC_DI08(1.0),Mean and median income by educational attainment level,A,Annual,MEAN_EI,Mean equivalised income,EUR,Euro,ED5-8,Tertiary education (levels 5-8),T,Total,Y18-64,From 18 to 64 years,CZ,Czechia,2018,,13429,,,,,
dataflow,ESTAT:ILC_DI08(1.0),Mean and median income by educational attainment level,A,Annual,MEAN_EI,Mean equivalised income,EUR,Euro,ED5-8,Tertiary education (levels 5-8),T,Total,Y18-64,From 18 to 64 years,CZ,Czechia,2019,,14905,,,,,
dataflow,ESTAT:ILC_DI08(1.0),Mean and median income by educational attainment level,A,Annual,MEAN_EI,Mean equivalised income,EUR,Euro,ED5-8,Tertiary education (levels 5-8),T,Total,Y18-64,From 18 to 64 years,CZ,Czechia,2020,,15926,,,,,
dataflow,ESTAT:ILC_DI08(1.0),Mean and median income by educational attainment level,A,Annual,MEAN_EI,Mean equivalised income,EUR,Euro,ED5-8,Tertiary education (levels 5-8),T,Total,Y18-64,From 18 to 64 years,CZ,Czechia,2021,,16182,,,,,
dataflow,ESTAT:ILC_DI08(1.0),Mean and median income by educational attainment level,A,Annual,MEAN_EI,Mean equivalised income,EUR,Euro,ED5-8,Tertiary education (levels 5-8),T,Total,Y18-64,From 18 to 64 years,CZ,Czechia,2022,,18394,,,,,
dataflow,ESTAT:ILC_DI08(1.0),Mean and median income by educational attainment level,A,Annual,MEAN_EI,Mean equivalised income,EUR,Euro,ED5-8,Tertiary education (levels 5-8),T,Total,Y18-64,From 18 to 64 years,CZ,Czechia,2023,,20363,,,,,
dataflow,ESTAT:ILC_DI08(1.0),Mean and median income by educational attainment level,A,Annual,MEAN_EI,Mean equivalised income,EUR,Euro,ED5-8,Tertiary education (levels 5-8),T,Total,Y18-64,From 18 to 64 years,CZ,Czechia,2024,,21779,,,,,
dataflow,ESTAT:ILC_DI08(1.0),Mean and median income by educational attainment level,A,Annual,MEAN_EI,Mean equivalised income,EUR,Euro,ED5-8,Tertiary education (levels 5-8),T,Total,Y18-64,From 18 to 64 years,CZ,Czechia,2025,,21970,,,,,
dataflow,ESTAT:ILC_DI08(1.0),Mean and median income by educational attainment level,A,Annual,MEAN_EI,Mean equivalised income,EUR,Euro,ED5-8,Tertiary education (levels 5-8),T,Total,Y18-64,From 18 to 64 years,DE,Germany,2016,,30619,,,,,
dataflow,ESTAT:ILC_DI08(1.0),Mean and median income by educational attainment level,A,Annual,MEAN_EI,Mean equivalised income,EUR,Euro,ED5-8,Tertiary education (levels 5-8),T,Total,Y18-64,From 18 to 64 years,DE,Germany,2017,,30979,,,,,
dataflow,ESTAT:ILC_DI08(1.0),Mean and median income by educational attainment level,A,Annual,MEAN_EI,Mean equivalised income,EUR,Euro,ED5-8,Tertiary education (levels 5-8),T,Total,Y18-64,From 18 to 64 years,DE,Germany,2018,,32485,,,,,
dataflow,ESTAT:ILC_DI08(1.0),Mean and median income by educational attainment level,A,Annual,MEAN_EI,Mean equivalised income,EUR,Euro,ED5-8,Tertiary education (levels 5-8),T,Total,Y18-64,From 18 to 64 years,DE,Germany,2019,,32907,,,,,
dataflow,ESTAT:ILC_DI08(1.0),Mean and median income by educational attainment level,A,Annual,MEAN_EI,Mean equivalised income,EUR,Euro,ED5-8,Tertiary education (levels 5-8),T,Total,Y18-64,From 18 to 64 years,DE,Germany,2020,,40036,,b,break in time series,,
dataflow,ESTAT:ILC_DI08(1.0),Mean and median income by educational attainment level,A,Annual,MEAN_EI,Mean equivalised income,EUR,Euro,ED5-8,Tertiary education (levels 5-8),T,Total,Y18-64,From 18 to 64 years,DE,Germany,2021,,39748,,,,,
dataflow,ESTAT:ILC_DI08(1.0),Mean and median income by educational attainment level,A,Annual,MEAN_EI,Mean equivalised income,EUR,Euro,ED5-8,Tertiary education (levels 5-8),T,Total,Y18-64,From 18 to 64 years,DE,Germany,2022,,38574,,,,,
dataflow,ESTAT:ILC_DI08(1.0),Mean and median income by educational attainment level,A,Annual,MEAN_EI,Mean equivalised income,EUR,Euro,ED5-8,Tertiary education (levels 5-8),T,Total,Y18-64,From 18 to 64 years,DE,Germany,2023,,40956,,,,,
dataflow,ESTAT:ILC_DI08(1.0),Mean and median income by educational attainment level,A,Annual,MEAN_EI,Mean equivalised income,EUR,Euro,ED5-8,Tertiary education (levels 5-8),T,Total,Y18-64,From 18 to 64 years,DE,Germany,2024,,42852,,,,,
dataflow,ESTAT:ILC_DI08(1.0),Mean and median income by educational attainment level,A,Annual,MEAN_EI,Mean equivalised income,EUR,Euro,ED5-8,Tertiary education (levels 5-8),T,Total,Y18-64,From 18 to 64 years,DE,Germany,2025,,44519,,,,,
dataflow,ESTAT:ILC_DI08(1.0),Mean and median income by educational attainment level,A,Annual,MEAN_EI,Mean equivalised income,EUR,Euro,ED5-8,Tertiary education (levels 5-8),T,Total,Y18-64,From 18 to 64 years,DK,Denmark,2016,,37926,,,,,
dataflow,ESTAT:ILC_DI08(1.0),Mean and median income by educational attainment level,A,Annual,MEAN_EI,Mean equivalised income,EUR,Euro,ED5-8,Tertiary education (levels 5-8),T,Total,Y18-64,From 18 to 64 years,DK,Denmark,2017,,38878,,,,,
dataflow,ESTAT:ILC_DI08(1.0),Mean and median income by educational attainment level,A,Annual,MEAN_EI,Mean equivalised income,EUR,Euro,ED5-8,Tertiary education (levels 5-8),T,Total,Y18-64,From 18 to 64 years,DK,Denmark,2018,,39862,,,,,
dataflow,ESTAT:ILC_DI08(1.0),Mean and median income by educational attainment level,A,Annual,MEAN_EI,Mean equivalised income,EUR,Euro,ED5-8,Tertiary education (levels 5-8),T,Total,Y18-64,From 18 to 64 years,DK,Denmark,2019,,39884,,,,,
dataflow,ESTAT:ILC_DI08(1.0),Mean and median income by educational attainment level,A,Annual,MEAN_EI,Mean equivalised income,EUR,Euro,ED5-8,Tertiary education (levels 5-8),T,Total,Y18-64,From 18 to 64 years,DK,Denmark,2020,,39720,,,,,
dataflow,ESTAT:ILC_DI08(1.0),Mean and median income by educational attainment level,A,Annual,MEAN_EI,Mean equivalised income,EUR,Euro,ED5-8,Tertiary education (levels 5-8),T,Total,Y18-64,From 18 to 64 years,DK,Denmark,2021,,40856,,,,,
dataflow,ESTAT:ILC_DI08(1.0),Mean and median income by educational attainment level,A,Annual,MEAN_EI,Mean equivalised income,EUR,Euro,ED5-8,Tertiary education (levels 5-8),T,Total,Y18-64,From 18 to 64 years,DK,Denmark,2022,,42937,,,,,
dataflow,ESTAT:ILC_DI08(1.0),Mean and median income by educational attainment level,A,Annual,MEAN_EI,Mean equivalised income,EUR,Euro,ED5-8,Tertiary education (levels 5-8),T,Total,Y18-64,From 18 to 64 years,DK,Denmark,2023,,43775,,,,,
dataflow,ESTAT:ILC_DI08(1.0),Mean and median income by educational attainment level,A,Annual,MEAN_EI,Mean equivalised income,EUR,Euro,ED5-8,Tertiary education (levels 5-8),T,Total,Y18-64,From 18 to 64 years,DK,Denmark,2024,,46683,,,,,
dataflow,ESTAT:ILC_DI08(1.0),Mean and median income by educational attainment level,A,Annual,MEAN_EI,Mean equivalised income,EUR,Euro,ED5-8,Tertiary education (levels 5-8),T,Total,Y18-64,From 18 to 64 years,DK,Denmark,2025,,47845,,,,,
dataflow,ESTAT:ILC_DI08(1.0),Mean and median income by educational attainment level,A,Annual,MEAN_EI,Mean equivalised income,EUR,Euro,ED5-8,Tertiary education (levels 5-8),T,Total,Y18-64,From 18 to 64 years,EA,"Euro area (EA11-1999, EA12-2001, EA13-2007, EA15-2008, EA16-2009, EA17-2011, EA18-2014, EA19-2015, EA20-2023, EA21-2026)",2016,,27215,,e,estimated,,
dataflow,ESTAT:ILC_DI08(1.0),Mean and median income by educational attainment level,A,Annual,MEAN_EI,Mean equivalised income,EUR,Euro,ED5-8,Tertiary education (levels 5-8),T,Total,Y18-64,From 18 to 64 years,EA,"Euro area (EA11-1999, EA12-2001, EA13-2007, EA15-2008, EA16-2009, EA17-2011, EA18-2014, EA19-2015, EA20-2023, EA21-2026)",2017,,27686,,e,estimated,,
dataflow,ESTAT:ILC_DI08(1.0),Mean and median income by educational attainment level,A,Annual,MEAN_EI,Mean equivalised income,EUR,Euro,ED5-8,Tertiary education (levels 5-8),T,Total,Y18-64,From 18 to 64 years,EA,"Euro area (EA11-1999, EA12-2001, EA13-2007, EA15-2008, EA16-2009, EA17-2011, EA18-2014, EA19-2015, EA20-2023, EA21-2026)",2018,,28404,,e,estimated,,
dataflow,ESTAT:ILC_DI08(1.0),Mean and median income by educational attainment level,A,Annual,MEAN_EI,Mean equivalised income,EUR,Euro,ED5-8,Tertiary education (levels 5-8),T,Total,Y18-64,From 18 to 64 years,EA,"Euro area (EA11-1999, EA12-2001, EA13-2007, EA15-2008, EA16-2009, EA17-2011, EA18-2014, EA19-2015, EA20-2023, EA21-2026)",2019,,29075,,,,,
dataflow,ESTAT:ILC_DI08(1.0),Mean and median income by educational attainment level,A,Annual,MEAN_EI,Mean equivalised income,EUR,Euro,ED5-8,Tertiary education (levels 5-8),T,Total,Y18-64,From 18 to 64 years,EA,"Euro area (EA11-1999, EA12-2001, EA13-2007, EA15-2008, EA16-2009, EA17-2011, EA18-2014, EA19-2015, EA20-2023, EA21-2026)",2020,,31209,,b,break in time series,,
dataflow,ESTAT:ILC_DI08(1.0),Mean and median income by educational attainment level,A,Annual,MEAN_EI,Mean equivalised income,EUR,Euro,ED5-8,Tertiary education (levels 5-8),T,Total,Y18-64,From 18 to 64 years,EA,"Euro area (EA11-1999, EA12-2001, EA13-2007, EA15-2008, EA16-2009, EA17-2011, EA18-2014, EA19-2015, EA20-2023, EA21-2026)",2021,,31401,,,,,
dataflow,ESTAT:ILC_DI08(1.0),Mean and median income by educational attainment level,A,Annual,MEAN_EI,Mean equivalised income,EUR,Euro,ED5-8,Tertiary education (levels 5-8),T,Total,Y18-64,From 18 to 64 years,EA18,Euro area - 18 countries (2014),2016,,27386,,,,,
dataflow,ESTAT:ILC_DI08(1.0),Mean and median income by educational attainment level,A,Annual,MEAN_EI,Mean equivalised income,EUR,Euro,ED5-8,Tertiary education (levels 5-8),T,Total,Y18-64,From 18 to 64 years,EA18,Euro area - 18 countries (2014),2017,,27848,,,,,
dataflow,ESTAT:ILC_DI08(1.0),Mean and median income by educational attainment level,A,Annual,MEAN_EI,Mean equivalised income,EUR,Euro,ED5-8,Tertiary education (levels 5-8),T,Total,Y18-64,From 18 to 64 years,EA18,Euro area - 18 countries (2014),2018,,28570,,,,,
dataflow,ESTAT:ILC_DI08(1.0),Mean and median income by educational attainment level,A,Annual,MEAN_EI,Mean equivalised income,EUR,Euro,ED5-8,Tertiary education (levels 5-8),T,Total,Y18-64,From 18 to 64 years,EA18,Euro area - 18 countries (2014),2019,,29235,,,,,
dataflow,ESTAT:ILC_DI08(1.0),Mean and median income by educational attainment level,A,Annual,MEAN_EI,Mean equivalised income,EUR,Euro,ED5-8,Tertiary education (levels 5-8),T,Total,Y18-64,From 18 to 64 years,EA18,Euro area - 18 countries (2014),2020,,31372,,b,break in time series,,
dataflow,ESTAT:ILC_DI08(1.0),Mean and median income by educational attainment level,A,Annual,MEAN_EI,Mean equivalised income,EUR,Euro,ED5-8,Tertiary education (levels 5-8),T,Total,Y18-64,From 18 to 64 years,EA19,Euro area - 19 countries  (2015-2022),2016,,27215,,,,,
dataflow,ESTAT:ILC_DI08(1.0),Mean and median income by educational attainment level,A,Annual,MEAN_EI,Mean equivalised income,EUR,Euro,ED5-8,Tertiary education (levels 5-8),T,Total,Y18-64,From 18 to 64 years,EA19,Euro area - 19 countries  (2015-2022),2017,,27686,,,,,
dataflow,ESTAT:ILC_DI08(1.0),Mean and median income by educational attainment level,A,Annual,MEAN_EI,Mean equivalised income,EUR,Euro,ED5-8,Tertiary education (levels 5-8),T,Total,Y18-64,From 18 to 64 years,EA19,Euro area - 19 countries  (2015-2022),2018,,28404,,,,,
dataflow,ESTAT:ILC_DI08(1.0),Mean and median income by educational attainment level,A,Annual,MEAN_EI,Mean equivalised income,EUR,Euro,ED5-8,Tertiary education (levels 5-8),T,Total,Y18-64,From 18 to 64 years,EA19,Euro area - 19 countries  (2015-2022),2019,,29075,,,,,
dataflow,ESTAT:ILC_DI08(1.0),Mean and median income by educational attainment level,A,Annual,MEAN_EI,Mean equivalised income,EUR,Euro,ED5-8,Tertiary education (levels 5-8),T,Total,Y18-64,From 18 to 64 years,EA19,Euro area - 19 countries  (2015-2022),2020,,31209,,b,break in time series,,
dataflow,ESTAT:ILC_DI08(1.0),Mean and median income by educational attainment level,A,Annual,MEAN_EI,Mean equivalised income,EUR,Euro,ED5-8,Tertiary education (levels 5-8),T,Total,Y18-64,From 18 to 64 years,EA19,Euro area - 19 countries  (2015-2022),2021,,31401,,,,,
dataflow,ESTAT:ILC_DI08(1.0),Mean and median income by educational attainment level,A,Annual,MEAN_EI,Mean equivalised income,EUR,Euro,ED5-8,Tertiary education (levels 5-8),T,Total,Y18-64,From 18 to 64 years,EA20,Euro area – 20 countries (2023-2025),2016,,27068,,,,,
dataflow,ESTAT:ILC_DI08(1.0),Mean and median income by educational attainment level,A,Annual,MEAN_EI,Mean equivalised income,EUR,Euro,ED5-8,Tertiary education (levels 5-8),T,Total,Y18-64,From 18 to 64 years,EA20,Euro area – 20 countries (2023-2025),2017,,27545,,,,,
dataflow,ESTAT:ILC_DI08(1.0),Mean and median income by educational attainment level,A,Annual,MEAN_EI,Mean equivalised income,EUR,Euro,ED5-8,Tertiary education (levels 5-8),T,Total,Y18-64,From 18 to 64 years,EA20,Euro area – 20 countries (2023-2025),2018,,28265,,,,,
dataflow,ESTAT:ILC_DI08(1.0),Mean and median income by educational attainment level,A,Annual,MEAN_EI,Mean equivalised income,EUR,Euro,ED5-8,Tertiary education (levels 5-8),T,Total,Y18-64,From 18 to 64 years,EA20,Euro area – 20 countries (2023-2025),2019,,28906,,,,,
dataflow,ESTAT:ILC_DI08(1.0),Mean and median income by educational attainment level,A,Annual,MEAN_EI,Mean equivalised income,EUR,Euro,ED5-8,Tertiary education (levels 5-8),T,Total,Y18-64,From 18 to 64 years,EA20,Euro area – 20 countries (2023-2025),2020,,31062,,,,,
dataflow,ESTAT:ILC_DI08(1.0),Mean and median income by educational attainment level,A,Annual,MEAN_EI,Mean equivalised income,EUR,Euro,ED5-8,Tertiary education (levels 5-8),T,Total,Y18-64,From 18 to 64 years,EA20,Euro area – 20 countries (2023-2025),2021,,31375,,,,,
dataflow,ESTAT:ILC_DI08(1.0),Mean and median income by educational attainment level,A,Annual,MEAN_EI,Mean equivalised income,EUR,Euro,ED5-8,Tertiary education (levels 5-8),T,Total,Y18-64,From 18 to 64 years,EA20,Euro area – 20 countries (2023-2025),2022,,31939,,,,,
dataflow,ESTAT:ILC_DI08(1.0),Mean and median income by educational attainment level,A,Annual,MEAN_EI,Mean equivalised income,EUR,Euro,ED5-8,Tertiary education (levels 5-8),T,Total,Y18-64,From 18 to 64 years,EA20,Euro area – 20 countries (2023-2025),2023,,33850,,,,,
dataflow,ESTAT:ILC_DI08(1.0),Mean and median income by educational attainment level,A,Annual,MEAN_EI,Mean equivalised income,EUR,Euro,ED5-8,Tertiary education (levels 5-8),T,Total,Y18-64,From 18 to 64 years,EA20,Euro area – 20 countries (2023-2025),2024,,35753,,,,,
dataflow,ESTAT:ILC_DI08(1.0),Mean and median income by educational attainment level,A,Annual,MEAN_EI,Mean equivalised income,EUR,Euro,ED5-8,Tertiary education (levels 5-8),T,Total,Y18-64,From 18 to 64 years,EA20,Euro area – 20 countries (2023-2025),2025,,37372,,,,,
dataflow,ESTAT:ILC_DI08(1.0),Mean and median income by educational attainment level,A,Annual,MEAN_EI,Mean equivalised income,EUR,Euro,ED5-8,Tertiary education (levels 5-8),T,Total,Y18-64,From 18 to 64 years,EA21,Euro area – 21 countries (from 2026),2025,,37089,,,,,
dataflow,ESTAT:ILC_DI08(1.0),Mean and median income by educational attainment level,A,Annual,MEAN_EI,Mean equivalised income,EUR,Euro,ED5-8,Tertiary education (levels 5-8),T,Total,Y18-64,From 18 to 64 years,EE,Estonia,2016,,13541,,,,,
dataflow,ESTAT:ILC_DI08(1.0),Mean and median income by educational attainment level,A,Annual,MEAN_EI,Mean equivalised income,EUR,Euro,ED5-8,Tertiary education (levels 5-8),T,Total,Y18-64,From 18 to 64 years,EE,Estonia,2017,,14147,,,,,
dataflow,ESTAT:ILC_DI08(1.0),Mean and median income by educational attainment level,A,Annual,MEAN_EI,Mean equivalised income,EUR,Euro,ED5-8,Tertiary education (levels 5-8),T,Total,Y18-64,From 18 to 64 years,EE,Estonia,2018,,15515,,,,,
dataflow,ESTAT:ILC_DI08(1.0),Mean and median income by educational attainment level,A,Annual,MEAN_EI,Mean equivalised income,EUR,Euro,ED5-8,Tertiary education (levels 5-8),T,Total,Y18-64,From 18 to 64 years,EE,Estonia,2019,,16813,,,,,
dataflow,ESTAT:ILC_DI08(1.0),Mean and median income by educational attainment level,A,Annual,MEAN_EI,Mean equivalised income,EUR,Euro,ED5-8,Tertiary education (levels 5-8),T,Total,Y18-64,From 18 to 64 years,EE,Estonia,2020,,17849,,,,,
dataflow,ESTAT:ILC_DI08(1.0),Mean and median income by educational attainment level,A,Annual,MEAN_EI,Mean equivalised income,EUR,Euro,ED5-8,Tertiary education (levels 5-8),T,Total,Y18-64,From 18 to 64 years,EE,Estonia,2021,,18257,,,,,
dataflow,ESTAT:ILC_DI08(1.0),Mean and median income by educational attainment level,A,Annual,MEAN_EI,Mean equivalised income,EUR,Euro,ED5-8,Tertiary education (levels 5-8),T,Total,Y18-64,From 18 to 64 years,EE,Estonia,2022,,21688,,,,,
dataflow,ESTAT:ILC_DI08(1.0),Mean and median income by educational attainment level,A,Annual,MEAN_EI,Mean equivalised income,EUR,Euro,ED5-8,Tertiary education (levels 5-8),T,Total,Y18-64,From 18 to 64 years,EE,Estonia,2023,,22116,,,,,
dataflow,ESTAT:ILC_DI08(1.0),Mean and median income by educational attainment level,A,Annual,MEAN_EI,Mean equivalised income,EUR,Euro,ED5-8,Tertiary education (levels 5-8),T,Total,Y18-64,From 18 to 64 years,EE,Estonia,2024,,23664,,,,,
dataflow,ESTAT:ILC_DI08(1.0),Mean and median income by educational attainment level,A,Annual,MEAN_EI,Mean equivalised income,EUR,Euro,ED5-8,Tertiary education (levels 5-8),T,Total,Y18-64,From 18 to 64 years,EE,Estonia,2025,,25222,,,,,
dataflow,ESTAT:ILC_DI08(1.0),Mean and median income by educational attainment level,A,Annual,MEAN_EI,Mean equivalised income,EUR,Euro,ED5-8,Tertiary education (levels 5-8),T,Total,Y18-64,From 18 to 64 years,EL,Greece,2016,,12031,,,,,
dataflow,ESTAT:ILC_DI08(1.0),Mean and median income by educational attainment level,A,Annual,MEAN_EI,Mean equivalised income,EUR,Euro,ED5-8,Tertiary education (levels 5-8),T,Total,Y18-64,From 18 to 64 years,EL,Greece,2017,,11924,,,,,
dataflow,ESTAT:ILC_DI08(1.0),Mean and median income by educational attainment level,A,Annual,MEAN_EI,Mean equivalised income,EUR,Euro,ED5-8,Tertiary education (levels 5-8),T,Total,Y18-64,From 18 to 64 years,EL,Greece,2018,,12320,,,,,
dataflow,ESTAT:ILC_DI08(1.0),Mean and median income by educational attainment level,A,Annual,MEAN_EI,Mean equivalised income,EUR,Euro,ED5-8,Tertiary education (levels 5-8),T,Total,Y18-64,From 18 to 64 years,EL,Greece,2019,,12619,,,,,
dataflow,ESTAT:ILC_DI08(1.0),Mean and median income by educational attainment level,A,Annual,MEAN_EI,Mean equivalised income,EUR,Euro,ED5-8,Tertiary education (levels 5-8),T,Total,Y18-64,From 18 to 64 years,EL,Greece,2020,,13372,,,,,
dataflow,ESTAT:ILC_DI08(1.0),Mean and median income by educational attainment level,A,Annual,MEAN_EI,Mean equivalised income,EUR,Euro,ED5-8,Tertiary education (levels 5-8),T,Total,Y18-64,From 18 to 64 years,EL,Greece,2021,,13336,,,,,
dataflow,ESTAT:ILC_DI08(1.0),Mean and median income by educational attainment level,A,Annual,MEAN_EI,Mean equivalised income,EUR,Euro,ED5-8,Tertiary education (levels 5-8),T,Total,Y18-64,From 18 to 64 years,EL,Greece,2022,,14502,,,,,
dataflow,ESTAT:ILC_DI08(1.0),Mean and median income by educational attainment level,A,Annual,MEAN_EI,Mean equivalised income,EUR,Euro,ED5-8,Tertiary education (levels 5-8),T,Total,Y18-64,From 18 to 64 years,EL,Greece,2023,,15592,,,,,
dataflow,ESTAT:ILC_DI08(1.0),Mean and median income by educational attainment level,A,Annual,MEAN_EI,Mean equivalised income,EUR,Euro,ED5-8,Tertiary education (levels 5-8),T,Total,Y18-64,From 18 to 64 years,EL,Greece,2024,,16725,,,,,
dataflow,ESTAT:ILC_DI08(1.0),Mean and median income by educational attainment level,A,Annual,MEAN_EI,Mean equivalised income,EUR,Euro,ED5-8,Tertiary education (levels 5-8),T,Total,Y18-64,From 18 to 64 years,EL,Greece,2025,,17505,,,,,
dataflow,ESTAT:ILC_DI08(1.0),Mean and median income by educational attainment level,A,Annual,MEAN_EI,Mean equivalised income,EUR,Euro,ED5-8,Tertiary education (levels 5-8),T,Total,Y18-64,From 18 to 64 years,ES,Spain,2016,,21577,,,,,
dataflow,ESTAT:ILC_DI08(1.0),Mean and median income by educational attainment level,A,Annual,MEAN_EI,Mean equivalised income,EUR,Euro,ED5-8,Tertiary education (levels 5-8),T,Total,Y18-64,From 18 to 64 years,ES,Spain,2017,,22329,,,,,
dataflow,ESTAT:ILC_DI08(1.0),Mean and median income by educational attainment level,A,Annual,MEAN_EI,Mean equivalised income,EUR,Euro,ED5-8,Tertiary education (levels 5-8),T,Total,Y18-64,From 18 to 64 years,ES,Spain,2018,,22886,,,,,
dataflow,ESTAT:ILC_DI08(1.0),Mean and median income by educational attainment level,A,Annual,MEAN_EI,Mean equivalised income,EUR,Euro,ED5-8,Tertiary education (levels 5-8),T,Total,Y18-64,From 18 to 64 years,ES,Spain,2019,,23035,,,,,
dataflow,ESTAT:ILC_DI08(1.0),Mean and median income by educational attainment level,A,Annual,MEAN_EI,Mean equivalised income,EUR,Euro,ED5-8,Tertiary education (levels 5-8),T,Total,Y18-64,From 18 to 64 years,ES,Spain,2020,,23466,,,,,
dataflow,ESTAT:ILC_DI08(1.0),Mean and median income by educational attainment level,A,Annual,MEAN_EI,Mean equivalised income,EUR,Euro,ED5-8,Tertiary education (levels 5-8),T,Total,Y18-64,From 18 to 64 years,ES,Spain,2021,,23312,,,,,
dataflow,ESTAT:ILC_DI08(1.0),Mean and median income by educational attainment level,A,Annual,MEAN_EI,Mean equivalised income,EUR,Euro,ED5-8,Tertiary education (levels 5-8),T,Total,Y18-64,From 18 to 64 years,ES,Spain,2022,,24692,,,,,
dataflow,ESTAT:ILC_DI08(1.0),Mean and median income by educational attainment level,A,Annual,MEAN_EI,Mean equivalised income,EUR,Euro,ED5-8,Tertiary education (levels 5-8),T,Total,Y18-64,From 18 to 64 years,ES,Spain,2023,,26593,,,,,
dataflow,ESTAT:ILC_DI08(1.0),Mean and median income by educational attainment level,A,Annual,MEAN_EI,Mean equivalised income,EUR,Euro,ED5-8,Tertiary education (levels 5-8),T,Total,Y18-64,From 18 to 64 years,ES,Spain,2024,,27785,,,,,
dataflow,ESTAT:ILC_DI08(1.0),Mean and median income by educational attainment level,A,Annual,MEAN_EI,Mean equivalised income,EUR,Euro,ED5-8,Tertiary education (levels 5-8),T,Total,Y18-64,From 18 to 64 years,ES,Spain,2025,,28975,,,,,
dataflow,ESTAT:ILC_DI08(1.0),Mean and median income by educational attainment level,A,Annual,MEAN_EI,Mean equivalised income,EUR,Euro,ED5-8,Tertiary education (levels 5-8),T,Total,Y18-64,From 18 to 64 years,EU,"European Union (EU6-1958, EU9-1973, EU10-1981, EU12-1986, EU15-1995, EU25-2004, EU27-2007, EU28-2013, EU27-2020)",2016,,25790,,e,estimated,,
dataflow,ESTAT:ILC_DI08(1.0),Mean and median income by educational attainment level,A,Annual,MEAN_EI,Mean equivalised income,EUR,Euro,ED5-8,Tertiary education (levels 5-8),T,Total,Y18-64,From 18 to 64 years,EU,"European Union (EU6-1958, EU9-1973, EU10-1981, EU12-1986, EU15-1995, EU25-2004, EU27-2007, EU28-2013, EU27-2020)",2017,,25545,,e,estimated,,
dataflow,ESTAT:ILC_DI08(1.0),Mean and median income by educational attainment level,A,Annual,MEAN_EI,Mean equivalised income,EUR,Euro,ED5-8,Tertiary education (levels 5-8),T,Total,Y18-64,From 18 to 64 years,EU,"European Union (EU6-1958, EU9-1973, EU10-1981, EU12-1986, EU15-1995, EU25-2004, EU27-2007, EU28-2013, EU27-2020)",2018,,26778,,e,estimated,,
dataflow,ESTAT:ILC_DI08(1.0),Mean and median income by educational attainment level,A,Annual,MEAN_EI,Mean equivalised income,EUR,Euro,ED5-8,Tertiary education (levels 5-8),T,Total,Y18-64,From 18 to 64 years,EU,"European Union (EU6-1958, EU9-1973, EU10-1981, EU12-1986, EU15-1995, EU25-2004, EU27-2007, EU28-2013, EU27-2020)",2019,,27359,,e,estimated,,
dataflow,ESTAT:ILC_DI08(1.0),Mean and median income by educational attainment level,A,Annual,MEAN_EI,Mean equivalised income,EUR,Euro,ED5-8,Tertiary education (levels 5-8),T,Total,Y18-64,From 18 to 64 years,EU27_2007,European Union - 27 countries (2007-2013),2016,,25880,,,,,
dataflow,ESTAT:ILC_DI08(1.0),Mean and median income by educational attainment level,A,Annual,MEAN_EI,Mean equivalised income,EUR,Euro,ED5-8,Tertiary education (levels 5-8),T,Total,Y18-64,From 18 to 64 years,EU27_2007,European Union - 27 countries (2007-2013),2017,,25638,,,,,
dataflow,ESTAT:ILC_DI08(1.0),Mean and median income by educational attainment level,A,Annual,MEAN_EI,Mean equivalised income,EUR,Euro,ED5-8,Tertiary education (levels 5-8),T,Total,Y18-64,From 18 to 64 years,EU27_2007,European Union - 27 countries (2007-2013),2018,,26867,,,,,
dataflow,ESTAT:ILC_DI08(1.0),Mean and median income by educational attainment level,A,Annual,MEAN_EI,Mean equivalised income,EUR,Euro,ED5-8,Tertiary education (levels 5-8),T,Total,Y18-64,From 18 to 64 years,EU27_2007,European Union - 27 countries (2007-2013),2019,,27450,,e,estimated,,
dataflow,ESTAT:ILC_DI08(1.0),Mean and median income by educational attainment level,A,Annual,MEAN_EI,Mean equivalised income,EUR,Euro,ED5-8,Tertiary education (levels 5-8),T,Total,Y18-64,From 18 to 64 years,EU27_2020,European Union - 27 countries (from 2020),2016,,24544,,e,estimated,,
dataflow,ESTAT:ILC_DI08(1.0),Mean and median income by educational attainment level,A,Annual,MEAN_EI,Mean equivalised income,EUR,Euro,ED5-8,Tertiary education (levels 5-8),T,Total,Y18-64,From 18 to 64 years,EU27_2020,European Union - 27 countries (from 2020),2017,,25042,,e,estimated,,
dataflow,ESTAT:ILC_DI08(1.0),Mean and median income by educational attainment level,A,Annual,MEAN_EI,Mean equivalised income,EUR,Euro,ED5-8,Tertiary education (levels 5-8),T,Total,Y18-64,From 18 to 64 years,EU27_2020,European Union - 27 countries (from 2020),2018,,25900,,e,estimated,,
dataflow,ESTAT:ILC_DI08(1.0),Mean and median income by educational attainment level,A,Annual,MEAN_EI,Mean equivalised income,EUR,Euro,ED5-8,Tertiary education (levels 5-8),T,Total,Y18-64,From 18 to 64 years,EU27_2020,European Union - 27 countries (from 2020),2019,,26545,,,,,
dataflow,ESTAT:ILC_DI08(1.0),Mean and median income by educational attainment level,A,Annual,MEAN_EI,Mean equivalised income,EUR,Euro,ED5-8,Tertiary education (levels 5-8),T,Total,Y18-64,From 18 to 64 years,EU27_2020,European Union - 27 countries (from 2020),2020,,28376,,,,,
dataflow,ESTAT:ILC_DI08(1.0),Mean and median income by educational attainment level,A,Annual,MEAN_EI,Mean equivalised income,EUR,Euro,ED5-8,Tertiary education (levels 5-8),T,Total,Y18-64,From 18 to 64 years,EU27_2020,European Union - 27 countries (from 2020),2021,,28744,,,,,
dataflow,ESTAT:ILC_DI08(1.0),Mean and median income by educational attainment level,A,Annual,MEAN_EI,Mean equivalised income,EUR,Euro,ED5-8,Tertiary education (levels 5-8),T,Total,Y18-64,From 18 to 64 years,EU27_2020,European Union - 27 countries (from 2020),2022,,29537,,,,,
dataflow,ESTAT:ILC_DI08(1.0),Mean and median income by educational attainment level,A,Annual,MEAN_EI,Mean equivalised income,EUR,Euro,ED5-8,Tertiary education (levels 5-8),T,Total,Y18-64,From 18 to 64 years,EU27_2020,European Union - 27 countries (from 2020),2023,,31398,,,,,
dataflow,ESTAT:ILC_DI08(1.0),Mean and median income by educational attainment level,A,Annual,MEAN_EI,Mean equivalised income,EUR,Euro,ED5-8,Tertiary education (levels 5-8),T,Total,Y18-64,From 18 to 64 years,EU27_2020,European Union - 27 countries (from 2020),2024,,33235,,,,,
dataflow,ESTAT:ILC_DI08(1.0),Mean and median income by educational attainment level,A,Annual,MEAN_EI,Mean equivalised income,EUR,Euro,ED5-8,Tertiary education (levels 5-8),T,Total,Y18-64,From 18 to 64 years,EU27_2020,European Union - 27 countries (from 2020),2025,,34970,,,,,
dataflow,ESTAT:ILC_DI08(1.0),Mean and median income by educational attainment level,A,Annual,MEAN_EI,Mean equivalised income,EUR,Euro,ED5-8,Tertiary education (levels 5-8),T,Total,Y18-64,From 18 to 64 years,EU28,European Union - 28 countries (2013-2020),2016,,25790,,,,,
dataflow,ESTAT:ILC_DI08(1.0),Mean and median income by educational attainment level,A,Annual,MEAN_EI,Mean equivalised income,EUR,Euro,ED5-8,Tertiary education (levels 5-8),T,Total,Y18-64,From 18 to 64 years,EU28,European Union - 28 countries (2013-2020),2017,,25545,,,,,
dataflow,ESTAT:ILC_DI08(1.0),Mean and median income by educational attainment level,A,Annual,MEAN_EI,Mean equivalised income,EUR,Euro,ED5-8,Tertiary education (levels 5-8),T,Total,Y18-64,From 18 to 64 years,EU28,European Union - 28 countries (2013-2020),2018,,26778,,,,,
dataflow,ESTAT:ILC_DI08(1.0),Mean and median income by educational attainment level,A,Annual,MEAN_EI,Mean equivalised income,EUR,Euro,ED5-8,Tertiary education (levels 5-8),T,Total,Y18-64,From 18 to 64 years,EU28,European Union - 28 countries (2013-2020),2019,,27359,,e,estimated,,
dataflow,ESTAT:ILC_DI08(1.0),Mean and median income by educational attainment level,A,Annual,MEAN_EI,Mean equivalised income,EUR,Euro,ED5-8,Tertiary education (levels 5-8),T,Total,Y18-64,From 18 to 64 years,FI,Finland,2016,,33400,,,,,
dataflow,ESTAT:ILC_DI08(1.0),Mean and median income by educational attainment level,A,Annual,MEAN_EI,Mean equivalised income,EUR,Euro,ED5-8,Tertiary education (levels 5-8),T,Total,Y18-64,From 18 to 64 years,FI,Finland,2017,,33936,,,,,
dataflow,ESTAT:ILC_DI08(1.0),Mean and median income by educational attainment level,A,Annual,MEAN_EI,Mean equivalised income,EUR,Euro,ED5-8,Tertiary education (levels 5-8),T,Total,Y18-64,From 18 to 64 years,FI,Finland,2018,,35161,,,,,
dataflow,ESTAT:ILC_DI08(1.0),Mean and median income by educational attainment level,A,Annual,MEAN_EI,Mean equivalised income,EUR,Euro,ED5-8,Tertiary education (levels 5-8),T,Total,Y18-64,From 18 to 64 years,FI,Finland,2019,,35692,,,,,
dataflow,ESTAT:ILC_DI08(1.0),Mean and median income by educational attainment level,A,Annual,MEAN_EI,Mean equivalised income,EUR,Euro,ED5-8,Tertiary education (levels 5-8),T,Total,Y18-64,From 18 to 64 years,FI,Finland,2020,,36719,,,,,
dataflow,ESTAT:ILC_DI08(1.0),Mean and median income by educational attainment level,A,Annual,MEAN_EI,Mean equivalised income,EUR,Euro,ED5-8,Tertiary education (levels 5-8),T,Total,Y18-64,From 18 to 64 years,FI,Finland,2021,,36090,,,,,
dataflow,ESTAT:ILC_DI08(1.0),Mean and median income by educational attainment level,A,Annual,MEAN_EI,Mean equivalised income,EUR,Euro,ED5-8,Tertiary education (levels 5-8),T,Total,Y18-64,From 18 to 64 years,FI,Finland,2022,,37601,,,,,
dataflow,ESTAT:ILC_DI08(1.0),Mean and median income by educational attainment level,A,Annual,MEAN_EI,Mean equivalised income,EUR,Euro,ED5-8,Tertiary education (levels 5-8),T,Total,Y18-64,From 18 to 64 years,FI,Finland,2023,,38662,,,,,
dataflow,ESTAT:ILC_DI08(1.0),Mean and median income by educational attainment level,A,Annual,MEAN_EI,Mean equivalised income,EUR,Euro,ED5-8,Tertiary education (levels 5-8),T,Total,Y18-64,From 18 to 64 years,FI,Finland,2024,,39775,,,,,
dataflow,ESTAT:ILC_DI08(1.0),Mean and median income by educational attainment level,A,Annual,MEAN_EI,Mean equivalised income,EUR,Euro,ED5-8,Tertiary education (levels 5-8),T,Total,Y18-64,From 18 to 64 years,FI,Finland,2025,,41745,,,,,
dataflow,ESTAT:ILC_DI08(1.0),Mean and median income by educational attainment level,A,Annual,MEAN_EI,Mean equivalised income,EUR,Euro,ED5-8,Tertiary education (levels 5-8),T,Total,Y18-64,From 18 to 64 years,FR,France,2016,,31181,,,,,
dataflow,ESTAT:ILC_DI08(1.0),Mean and median income by educational attainment level,A,Annual,MEAN_EI,Mean equivalised income,EUR,Euro,ED5-8,Tertiary education (levels 5-8),T,Total,Y18-64,From 18 to 64 years,FR,France,2017,,30934,,,,,
dataflow,ESTAT:ILC_DI08(1.0),Mean and median income by educational attainment level,A,Annual,MEAN_EI,Mean equivalised income,EUR,Euro,ED5-8,Tertiary education (levels 5-8),T,Total,Y18-64,From 18 to 64 years,FR,France,2018,,31144,,,,,
dataflow,ESTAT:ILC_DI08(1.0),Mean and median income by educational attainment level,A,Annual,MEAN_EI,Mean equivalised income,EUR,Euro,ED5-8,Tertiary education (levels 5-8),T,Total,Y18-64,From 18 to 64 years,FR,France,2019,,32819,,,,,
dataflow,ESTAT:ILC_DI08(1.0),Mean and median income by educational attainment level,A,Annual,MEAN_EI,Mean equivalised income,EUR,Euro,ED5-8,Tertiary education (levels 5-8),T,Total,Y18-64,From 18 to 64 years,FR,France,2020,,33040,,b,break in time series,,
dataflow,ESTAT:ILC_DI08(1.0),Mean and median income by educational attainment level,A,Annual,MEAN_EI,Mean equivalised income,EUR,Euro,ED5-8,Tertiary education (levels 5-8),T,Total,Y18-64,From 18 to 64 years,FR,France,2021,,34390,,,,,
dataflow,ESTAT:ILC_DI08(1.0),Mean and median income by educational attainment level,A,Annual,MEAN_EI,Mean equivalised income,EUR,Euro,ED5-8,Tertiary education (levels 5-8),T,Total,Y18-64,From 18 to 64 years,FR,France,2022,,34896,,b,break in time series,,
dataflow,ESTAT:ILC_DI08(1.0),Mean and median income by educational attainment level,A,Annual,MEAN_EI,Mean equivalised income,EUR,Euro,ED5-8,Tertiary education (levels 5-8),T,Total,Y18-64,From 18 to 64 years,FR,France,2023,,36479,,,,,
dataflow,ESTAT:ILC_DI08(1.0),Mean and median income by educational attainment level,A,Annual,MEAN_EI,Mean equivalised income,EUR,Euro,ED5-8,Tertiary education (levels 5-8),T,Total,Y18-64,From 18 to 64 years,FR,France,2024,,38510,,,,,
dataflow,ESTAT:ILC_DI08(1.0),Mean and median income by educational attainment level,A,Annual,MEAN_EI,Mean equivalised income,EUR,Euro,ED5-8,Tertiary education (levels 5-8),T,Total,Y18-64,From 18 to 64 years,FR,France,2025,,39766,,,,,
dataflow,ESTAT:ILC_DI08(1.0),Mean and median income by educational attainment level,A,Annual,MEAN_EI,Mean equivalised income,EUR,Euro,ED5-8,Tertiary education (levels 5-8),T,Total,Y18-64,From 18 to 64 years,HR,Croatia,2016,,9673,,,,,
dataflow,ESTAT:ILC_DI08(1.0),Mean and median income by educational attainment level,A,Annual,MEAN_EI,Mean equivalised income,EUR,Euro,ED5-8,Tertiary education (levels 5-8),T,Total,Y18-64,From 18 to 64 years,HR,Croatia,2017,,10335,,,,,
dataflow,ESTAT:ILC_DI08(1.0),Mean and median income by educational attainment level,A,Annual,MEAN_EI,Mean equivalised income,EUR,Euro,ED5-8,Tertiary education (levels 5-8),T,Total,Y18-64,From 18 to 64 years,HR,Croatia,2018,,10904,,,,,
dataflow,ESTAT:ILC_DI08(1.0),Mean and median income by educational attainment level,A,Annual,MEAN_EI,Mean equivalised income,EUR,Euro,ED5-8,Tertiary education (levels 5-8),T,Total,Y18-64,From 18 to 64 years,HR,Croatia,2019,,11517,,,,,
dataflow,ESTAT:ILC_DI08(1.0),Mean and median income by educational attainment level,A,Annual,MEAN_EI,Mean equivalised income,EUR,Euro,ED5-8,Tertiary education (levels 5-8),T,Total,Y18-64,From 18 to 64 years,HR,Croatia,2020,,12198,,,,,
dataflow,ESTAT:ILC_DI08(1.0),Mean and median income by educational attainment level,A,Annual,MEAN_EI,Mean equivalised income,EUR,Euro,ED5-8,Tertiary education (levels 5-8),T,Total,Y18-64,From 18 to 64 years,HR,Croatia,2021,,12755,,,,,
dataflow,ESTAT:ILC_DI08(1.0),Mean and median income by educational attainment level,A,Annual,MEAN_EI,Mean equivalised income,EUR,Euro,ED5-8,Tertiary education (levels 5-8),T,Total,Y18-64,From 18 to 64 years,HR,Croatia,2022,,13719,,,,,
dataflow,ESTAT:ILC_DI08(1.0),Mean and median income by educational attainment level,A,Annual,MEAN_EI,Mean equivalised income,EUR,Euro,ED5-8,Tertiary education (levels 5-8),T,Total,Y18-64,From 18 to 64 years,HR,Croatia,2023,,15731,,b,break in time series,,
dataflow,ESTAT:ILC_DI08(1.0),Mean and median income by educational attainment level,A,Annual,MEAN_EI,Mean equivalised income,EUR,Euro,ED5-8,Tertiary education (levels 5-8),T,Total,Y18-64,From 18 to 64 years,HR,Croatia,2024,,19250,,b,break in time series,,
dataflow,ESTAT:ILC_DI08(1.0),Mean and median income by educational attainment level,A,Annual,MEAN_EI,Mean equivalised income,EUR,Euro,ED5-8,Tertiary education (levels 5-8),T,Total,Y18-64,From 18 to 64 years,HR,Croatia,2025,,22716,,,,,
dataflow,ESTAT:ILC_DI08(1.0),Mean and median income by educational attainment level,A,Annual,MEAN_EI,Mean equivalised income,EUR,Euro,ED5-8,Tertiary education (levels 5-8),T,Total,Y18-64,From 18 to 64 years,HU,Hungary,2016,,7642,,,,,
dataflow,ESTAT:ILC_DI08(1.0),Mean and median income by educational attainment level,A,Annual,MEAN_EI,Mean equivalised income,EUR,Euro,ED5-8,Tertiary education (levels 5-8),T,Total,Y18-64,From 18 to 64 years,HU,Hungary,2017,,7842,,,,,
dataflow,ESTAT:ILC_DI08(1.0),Mean and median income by educational attainment level,A,Annual,MEAN_EI,Mean equivalised income,EUR,Euro,ED5-8,Tertiary education (levels 5-8),T,Total,Y18-64,From 18 to 64 years,HU,Hungary,2018,,8360,,,,,
dataflow,ESTAT:ILC_DI08(1.0),Mean and median income by educational attainment level,A,Annual,MEAN_EI,Mean equivalised income,EUR,Euro,ED5-8,Tertiary education (levels 5-8),T,Total,Y18-64,From 18 to 64 years,HU,Hungary,2019,,8569,,b,break in time series,,
dataflow,ESTAT:ILC_DI08(1.0),Mean and median income by educational attainment level,A,Annual,MEAN_EI,Mean equivalised income,EUR,Euro,ED5-8,Tertiary education (levels 5-8),T,Total,Y18-64,From 18 to 64 years,HU,Hungary,2020,,9301,,,,,
dataflow,ESTAT:ILC_DI08(1.0),Mean and median income by educational attainment level,A,Annual,MEAN_EI,Mean equivalised income,EUR,Euro,ED5-8,Tertiary education (levels 5-8),T,Total,Y18-64,From 18 to 64 years,HU,Hungary,2021,,9813,,,,,
dataflow,ESTAT:ILC_DI08(1.0),Mean and median income by educational attainment level,A,Annual,MEAN_EI,Mean equivalised income,EUR,Euro,ED5-8,Tertiary education (levels 5-8),T,Total,Y18-64,From 18 to 64 years,HU,Hungary,2022,,10376,,,,,
dataflow,ESTAT:ILC_DI08(1.0),Mean and median income by educational attainment level,A,Annual,MEAN_EI,Mean equivalised income,EUR,Euro,ED5-8,Tertiary education (levels 5-8),T,Total,Y18-64,From 18 to 64 years,HU,Hungary,2023,,10437,,,,,
dataflow,ESTAT:ILC_DI08(1.0),Mean and median income by educational attainment level,A,Annual,MEAN_EI,Mean equivalised income,EUR,Euro,ED5-8,Tertiary education (levels 5-8),T,Total,Y18-64,From 18 to 64 years,HU,Hungary,2024,,12482,,,,,
dataflow,ESTAT:ILC_DI08(1.0),Mean and median income by educational attainment level,A,Annual,MEAN_EI,Mean equivalised income,EUR,Euro,ED5-8,Tertiary education (levels 5-8),T,Total,Y18-64,From 18 to 64 years,HU,Hungary,2025,,13833,,,,,
dataflow,ESTAT:ILC_DI08(1.0),Mean and median income by educational attainment level,A,Annual,MEAN_EI,Mean equivalised income,EUR,Euro,ED5-8,Tertiary education (levels 5-8),T,Total,Y18-64,From 18 to 64 years,IE,Ireland,2016,,32422,,,,,
dataflow,ESTAT:ILC_DI08(1.0),Mean and median income by educational attainment level,A,Annual,MEAN_EI,Mean equivalised income,EUR,Euro,ED5-8,Tertiary education (levels 5-8),T,Total,Y18-64,From 18 to 64 years,IE,Ireland,2017,,34589,,,,,
dataflow,ESTAT:ILC_DI08(1.0),Mean and median income by educational attainment level,A,Annual,MEAN_EI,Mean equivalised income,EUR,Euro,ED5-8,Tertiary education (levels 5-8),T,Total,Y18-64,From 18 to 64 years,IE,Ireland,2018,,35305,,,,,
dataflow,ESTAT:ILC_DI08(1.0),Mean and median income by educational attainment level,A,Annual,MEAN_EI,Mean equivalised income,EUR,Euro,ED5-8,Tertiary education (levels 5-8),T,Total,Y18-64,From 18 to 64 years,IE,Ireland,2019,,34950,,b,break in time series,,
dataflow,ESTAT:ILC_DI08(1.0),Mean and median income by educational attainment level,A,Annual,MEAN_EI,Mean equivalised income,EUR,Euro,ED5-8,Tertiary education (levels 5-8),T,Total,Y18-64,From 18 to 64 years,IE,Ireland,2020,,36968,,b,break in time series,,
dataflow,ESTAT:ILC_DI08(1.0),Mean and median income by educational attainment level,A,Annual,MEAN_EI,Mean equivalised income,EUR,Euro,ED5-8,Tertiary education (levels 5-8),T,Total,Y18-64,From 18 to 64 years,IE,Ireland,2021,,39877,,,,,
dataflow,ESTAT:ILC_DI08(1.0),Mean and median income by educational attainment level,A,Annual,MEAN_EI,Mean equivalised income,EUR,Euro,ED5-8,Tertiary education (levels 5-8),T,Total,Y18-64,From 18 to 64 years,IE,Ireland,2022,,41042,,,,,
dataflow,ESTAT:ILC_DI08(1.0),Mean and median income by educational attainment level,A,Annual,MEAN_EI,Mean equivalised income,EUR,Euro,ED5-8,Tertiary education (levels 5-8),T,Total,Y18-64,From 18 to 64 years,IE,Ireland,2023,,43229,,,,,
dataflow,ESTAT:ILC_DI08(1.0),Mean and median income by educational attainment level,A,Annual,MEAN_EI,Mean equivalised income,EUR,Euro,ED5-8,Tertiary education (levels 5-8),T,Total,Y18-64,From 18 to 64 years,IE,Ireland,2024,,44985,,,,,
dataflow,ESTAT:ILC_DI08(1.0),Mean and median income by educational attainment level,A,Annual,MEAN_EI,Mean equivalised income,EUR,Euro,ED5-8,Tertiary education (levels 5-8),T,Total,Y18-64,From 18 to 64 years,IE,Ireland,2025,,47941,,,,,
dataflow,ESTAT:ILC_DI08(1.0),Mean and median income by educational attainment level,A,Annual,MEAN_EI,Mean equivalised income,EUR,Euro,ED5-8,Tertiary education (levels 5-8),T,Total,Y18-64,From 18 to 64 years,IS,Iceland,2016,,35372,,,,,
dataflow,ESTAT:ILC_DI08(1.0),Mean and median income by educational attainment level,A,Annual,MEAN_EI,Mean equivalised income,EUR,Euro,ED5-8,Tertiary education (levels 5-8),T,Total,Y18-64,From 18 to 64 years,IS,Iceland,2017,,41331,,,,,
dataflow,ESTAT:ILC_DI08(1.0),Mean and median income by educational attainment level,A,Annual,MEAN_EI,Mean equivalised income,EUR,Euro,ED5-8,Tertiary education (levels 5-8),T,Total,Y18-64,From 18 to 64 years,IS,Iceland,2018,,49559,,,,,
dataflow,ESTAT:ILC_DI08(1.0),Mean and median income by educational attainment level,A,Annual,MEAN_EI,Mean equivalised income,EUR,Euro,ED5-8,Tertiary education (levels 5-8),T,Total,Y18-64,From 18 to 64 years,IS,Iceland,2019,,45079,,,,,
dataflow,ESTAT:ILC_DI08(1.0),Mean and median income by educational attainment level,A,Annual,MEAN_EI,Mean equivalised income,EUR,Euro,ED5-8,Tertiary education (levels 5-8),T,Total,Y18-64,From 18 to 64 years,IS,Iceland,2020,,43697,,,,,
dataflow,ESTAT:ILC_DI08(1.0),Mean and median income by educational attainment level,A,Annual,MEAN_EI,Mean equivalised income,EUR,Euro,ED5-8,Tertiary education (levels 5-8),T,Total,Y18-64,From 18 to 64 years,IT,Italy,2016,,25753,,,,,
dataflow,ESTAT:ILC_DI08(1.0),Mean and median income by educational attainment level,A,Annual,MEAN_EI,Mean equivalised income,EUR,Euro,ED5-8,Tertiary education (levels 5-8),T,Total,Y18-64,From 18 to 64 years,IT,Italy,2017,,26120,,,,,
dataflow,ESTAT:ILC_DI08(1.0),Mean and median income by educational attainment level,A,Annual,MEAN_EI,Mean equivalised income,EUR,Euro,ED5-8,Tertiary education (levels 5-8),T,Total,Y18-64,From 18 to 64 years,IT,Italy,2018,,27117,,,,,
dataflow,ESTAT:ILC_DI08(1.0),Mean and median income by educational attainment level,A,Annual,MEAN_EI,Mean equivalised income,EUR,Euro,ED5-8,Tertiary education (levels 5-8),T,Total,Y18-64,From 18 to 64 years,IT,Italy,2019,,26854,,,,,
dataflow,ESTAT:ILC_DI08(1.0),Mean and median income by educational attainment level,A,Annual,MEAN_EI,Mean equivalised income,EUR,Euro,ED5-8,Tertiary education (levels 5-8),T,Total,Y18-64,From 18 to 64 years,IT,Italy,2020,,27875,,,,,
dataflow,ESTAT:ILC_DI08(1.0),Mean and median income by educational attainment level,A,Annual,MEAN_EI,Mean equivalised income,EUR,Euro,ED5-8,Tertiary education (levels 5-8),T,Total,Y18-64,From 18 to 64 years,IT,Italy,2021,,27991,,,,,
dataflow,ESTAT:ILC_DI08(1.0),Mean and median income by educational attainment level,A,Annual,MEAN_EI,Mean equivalised income,EUR,Euro,ED5-8,Tertiary education (levels 5-8),T,Total,Y18-64,From 18 to 64 years,IT,Italy,2022,,29133,,,,,
dataflow,ESTAT:ILC_DI08(1.0),Mean and median income by educational attainment level,A,Annual,MEAN_EI,Mean equivalised income,EUR,Euro,ED5-8,Tertiary education (levels 5-8),T,Total,Y18-64,From 18 to 64 years,IT,Italy,2023,,29982,,,,,
dataflow,ESTAT:ILC_DI08(1.0),Mean and median income by educational attainment level,A,Annual,MEAN_EI,Mean equivalised income,EUR,Euro,ED5-8,Tertiary education (levels 5-8),T,Total,Y18-64,From 18 to 64 years,IT,Italy,2024,,31941,,,,,
dataflow,ESTAT:ILC_DI08(1.0),Mean and median income by educational attainment level,A,Annual,MEAN_EI,Mean equivalised income,EUR,Euro,ED5-8,Tertiary education (levels 5-8),T,Total,Y18-64,From 18 to 64 years,IT,Italy,2025,,33414,,,,,
dataflow,ESTAT:ILC_DI08(1.0),Mean and median income by educational attainment level,A,Annual,MEAN_EI,Mean equivalised income,EUR,Euro,ED5-8,Tertiary education (levels 5-8),T,Total,Y18-64,From 18 to 64 years,LT,Lithuania,2016,,10403,,,,,
dataflow,ESTAT:ILC_DI08(1.0),Mean and median income by educational attainment level,A,Annual,MEAN_EI,Mean equivalised income,EUR,Euro,ED5-8,Tertiary education (levels 5-8),T,Total,Y18-64,From 18 to 64 years,LT,Lithuania,2017,,11564,,,,,
dataflow,ESTAT:ILC_DI08(1.0),Mean and median income by educational attainment level,A,Annual,MEAN_EI,Mean equivalised income,EUR,Euro,ED5-8,Tertiary education (levels 5-8),T,Total,Y18-64,From 18 to 64 years,LT,Lithuania,2018,,12242,,,,,
dataflow,ESTAT:ILC_DI08(1.0),Mean and median income by educational attainment level,A,Annual,MEAN_EI,Mean equivalised income,EUR,Euro,ED5-8,Tertiary education (levels 5-8),T,Total,Y18-64,From 18 to 64 years,LT,Lithuania,2019,,13262,,,,,
dataflow,ESTAT:ILC_DI08(1.0),Mean and median income by educational attainment level,A,Annual,MEAN_EI,Mean equivalised income,EUR,Euro,ED5-8,Tertiary education (levels 5-8),T,Total,Y18-64,From 18 to 64 years,LT,Lithuania,2020,,15089,,,,,
dataflow,ESTAT:ILC_DI08(1.0),Mean and median income by educational attainment level,A,Annual,MEAN_EI,Mean equivalised income,EUR,Euro,ED5-8,Tertiary education (levels 5-8),T,Total,Y18-64,From 18 to 64 years,LT,Lithuania,2021,,16623,,,,,
dataflow,ESTAT:ILC_DI08(1.0),Mean and median income by educational attainment level,A,Annual,MEAN_EI,Mean equivalised income,EUR,Euro,ED5-8,Tertiary education (levels 5-8),T,Total,Y18-64,From 18 to 64 years,LT,Lithuania,2022,,17880,,,,,
dataflow,ESTAT:ILC_DI08(1.0),Mean and median income by educational attainment level,A,Annual,MEAN_EI,Mean equivalised income,EUR,Euro,ED5-8,Tertiary education (levels 5-8),T,Total,Y18-64,From 18 to 64 years,LT,Lithuania,2023,,19460,,,,,
dataflow,ESTAT:ILC_DI08(1.0),Mean and median income by educational attainment level,A,Annual,MEAN_EI,Mean equivalised income,EUR,Euro,ED5-8,Tertiary education (levels 5-8),T,Total,Y18-64,From 18 to 64 years,LT,Lithuania,2024,,21110,,p,provisional,,
dataflow,ESTAT:ILC_DI08(1.0),Mean and median income by educational attainment level,A,Annual,MEAN_EI,Mean equivalised income,EUR,Euro,ED5-8,Tertiary education (levels 5-8),T,Total,Y18-64,From 18 to 64 years,LT,Lithuania,2025,,23720,,p,provisional,,
dataflow,ESTAT:ILC_DI08(1.0),Mean and median income by educational attainment level,A,Annual,MEAN_EI,Mean equivalised income,EUR,Euro,ED5-8,Tertiary education (levels 5-8),T,Total,Y18-64,From 18 to 64 years,LU,Luxembourg,2016,,47360,,b,break in time series,,
dataflow,ESTAT:ILC_DI08(1.0),Mean and median income by educational attainment level,A,Annual,MEAN_EI,Mean equivalised income,EUR,Euro,ED5-8,Tertiary education (levels 5-8),T,Total,Y18-64,From 18 to 64 years,LU,Luxembourg,2017,,51337,,,,,
dataflow,ESTAT:ILC_DI08(1.0),Mean and median income by educational attainment level,A,Annual,MEAN_EI,Mean equivalised income,EUR,Euro,ED5-8,Tertiary education (levels 5-8),T,Total,Y18-64,From 18 to 64 years,LU,Luxembourg,2018,,50352,,,,,
dataflow,ESTAT:ILC_DI08(1.0),Mean and median income by educational attainment level,A,Annual,MEAN_EI,Mean equivalised income,EUR,Euro,ED5-8,Tertiary education (levels 5-8),T,Total,Y18-64,From 18 to 64 years,LU,Luxembourg,2019,,53891,,,,,
dataflow,ESTAT:ILC_DI08(1.0),Mean and median income by educational attainment level,A,Annual,MEAN_EI,Mean equivalised income,EUR,Euro,ED5-8,Tertiary education (levels 5-8),T,Total,Y18-64,From 18 to 64 years,LU,Luxembourg,2020,,56451,,b,break in time series,,
dataflow,ESTAT:ILC_DI08(1.0),Mean and median income by educational attainment level,A,Annual,MEAN_EI,Mean equivalised income,EUR,Euro,ED5-8,Tertiary education (levels 5-8),T,Total,Y18-64,From 18 to 64 years,LU,Luxembourg,2021,,57559,,b,break in time series,,
dataflow,ESTAT:ILC_DI08(1.0),Mean and median income by educational attainment level,A,Annual,MEAN_EI,Mean equivalised income,EUR,Euro,ED5-8,Tertiary education (levels 5-8),T,Total,Y18-64,From 18 to 64 years,LU,Luxembourg,2022,,59672,,b,break in time series,,
dataflow,ESTAT:ILC_DI08(1.0),Mean and median income by educational attainment level,A,Annual,MEAN_EI,Mean equivalised income,EUR,Euro,ED5-8,Tertiary education (levels 5-8),T,Total,Y18-64,From 18 to 64 years,LU,Luxembourg,2023,,67143,,,,,
dataflow,ESTAT:ILC_DI08(1.0),Mean and median income by educational attainment level,A,Annual,MEAN_EI,Mean equivalised income,EUR,Euro,ED5-8,Tertiary education (levels 5-8),T,Total,Y18-64,From 18 to 64 years,LU,Luxembourg,2024,,70298,,,,,
dataflow,ESTAT:ILC_DI08(1.0),Mean and median income by educational attainment level,A,Annual,MEAN_EI,Mean equivalised income,EUR,Euro,ED5-8,Tertiary education (levels 5-8),T,Total,Y18-64,From 18 to 64 years,LU,Luxembourg,2025,,72844,,b,break in time series,,
dataflow,ESTAT:ILC_DI08(1.0),Mean and median income by educational attainment level,A,Annual,MEAN_EI,Mean equivalised income,EUR,Euro,ED5-8,Tertiary education (levels 5-8),T,Total,Y18-64,From 18 to 64 years,LV,Latvia,2016,,11160,,,,,
dataflow,ESTAT:ILC_DI08(1.0),Mean and median income by educational attainment level,A,Annual,MEAN_EI,Mean equivalised income,EUR,Euro,ED5-8,Tertiary education (levels 5-8),T,Total,Y18-64,From 18 to 64 years,LV,Latvia,2017,,11386,,,,,
dataflow,ESTAT:ILC_DI08(1.0),Mean and median income by educational attainment level,A,Annual,MEAN_EI,Mean equivalised income,EUR,Euro,ED5-8,Tertiary education (levels 5-8),T,Total,Y18-64,From 18 to 64 years,LV,Latvia,2018,,13032,,,,,
dataflow,ESTAT:ILC_DI08(1.0),Mean and median income by educational attainment level,A,Annual,MEAN_EI,Mean equivalised income,EUR,Euro,ED5-8,Tertiary education (levels 5-8),T,Total,Y18-64,From 18 to 64 years,LV,Latvia,2019,,14287,,,,,
dataflow,ESTAT:ILC_DI08(1.0),Mean and median income by educational attainment level,A,Annual,MEAN_EI,Mean equivalised income,EUR,Euro,ED5-8,Tertiary education (levels 5-8),T,Total,Y18-64,From 18 to 64 years,LV,Latvia,2020,,14994,,,,,
dataflow,ESTAT:ILC_DI08(1.0),Mean and median income by educational attainment level,A,Annual,MEAN_EI,Mean equivalised income,EUR,Euro,ED5-8,Tertiary education (levels 5-8),T,Total,Y18-64,From 18 to 64 years,LV,Latvia,2021,,15964,,,,,
dataflow,ESTAT:ILC_DI08(1.0),Mean and median income by educational attainment level,A,Annual,MEAN_EI,Mean equivalised income,EUR,Euro,ED5-8,Tertiary education (levels 5-8),T,Total,Y18-64,From 18 to 64 years,LV,Latvia,2022,,17123,,,,,
dataflow,ESTAT:ILC_DI08(1.0),Mean and median income by educational attainment level,A,Annual,MEAN_EI,Mean equivalised income,EUR,Euro,ED5-8,Tertiary education (levels 5-8),T,Total,Y18-64,From 18 to 64 years,LV,Latvia,2023,,18414,,,,,
dataflow,ESTAT:ILC_DI08(1.0),Mean and median income by educational attainment level,A,Annual,MEAN_EI,Mean equivalised income,EUR,Euro,ED5-8,Tertiary education (levels 5-8),T,Total,Y18-64,From 18 to 64 years,LV,Latvia,2024,,20580,,,,,
dataflow,ESTAT:ILC_DI08(1.0),Mean and median income by educational attainment level,A,Annual,MEAN_EI,Mean equivalised income,EUR,Euro,ED5-8,Tertiary education (levels 5-8),T,Total,Y18-64,From 18 to 64 years,LV,Latvia,2025,,22987,,,,,
dataflow,ESTAT:ILC_DI08(1.0),Mean and median income by educational attainment level,A,Annual,MEAN_EI,Mean equivalised income,EUR,Euro,ED5-8,Tertiary education (levels 5-8),T,Total,Y18-64,From 18 to 64 years,ME,Montenegro,2016,,5695,,,,,
dataflow,ESTAT:ILC_DI08(1.0),Mean and median income by educational attainment level,A,Annual,MEAN_EI,Mean equivalised income,EUR,Euro,ED5-8,Tertiary education (levels 5-8),T,Total,Y18-64,From 18 to 64 years,ME,Montenegro,2017,,6254,,,,,
dataflow,ESTAT:ILC_DI08(1.0),Mean and median income by educational attainment level,A,Annual,MEAN_EI,Mean equivalised income,EUR,Euro,ED5-8,Tertiary education (levels 5-8),T,Total,Y18-64,From 18 to 64 years,ME,Montenegro,2018,,6300,,,,,
dataflow,ESTAT:ILC_DI08(1.0),Mean and median income by educational attainment level,A,Annual,MEAN_EI,Mean equivalised income,EUR,Euro,ED5-8,Tertiary education (levels 5-8),T,Total,Y18-64,From 18 to 64 years,ME,Montenegro,2019,,6328,,,,,
dataflow,ESTAT:ILC_DI08(1.0),Mean and median income by educational attainment level,A,Annual,MEAN_EI,Mean equivalised income,EUR,Euro,ED5-8,Tertiary education (levels 5-8),T,Total,Y18-64,From 18 to 64 years,ME,Montenegro,2020,,6423,,,,,
dataflow,ESTAT:ILC_DI08(1.0),Mean and median income by educational attainment level,A,Annual,MEAN_EI,Mean equivalised income,EUR,Euro,ED5-8,Tertiary education (levels 5-8),T,Total,Y18-64,From 18 to 64 years,ME,Montenegro,2021,,6362,,,,,
dataflow,ESTAT:ILC_DI08(1.0),Mean and median income by educational attainment level,A,Annual,MEAN_EI,Mean equivalised income,EUR,Euro,ED5-8,Tertiary education (levels 5-8),T,Total,Y18-64,From 18 to 64 years,ME,Montenegro,2022,,6986,,,,,
dataflow,ESTAT:ILC_DI08(1.0),Mean and median income by educational attainment level,A,Annual,MEAN_EI,Mean equivalised income,EUR,Euro,ED5-8,Tertiary education (levels 5-8),T,Total,Y18-64,From 18 to 64 years,ME,Montenegro,2023,,8442,,,,,
dataflow,ESTAT:ILC_DI08(1.0),Mean and median income by educational attainment level,A,Annual,MEAN_EI,Mean equivalised income,EUR,Euro,ED5-8,Tertiary education (levels 5-8),T,Total,Y18-64,From 18 to 64 years,MK,North Macedonia,2016,,3757,,,,,
dataflow,ESTAT:ILC_DI08(1.0),Mean and median income by educational attainment level,A,Annual,MEAN_EI,Mean equivalised income,EUR,Euro,ED5-8,Tertiary education (levels 5-8),T,Total,Y18-64,From 18 to 64 years,MK,North Macedonia,2017,,3909,,,,,
dataflow,ESTAT:ILC_DI08(1.0),Mean and median income by educational attainment level,A,Annual,MEAN_EI,Mean equivalised income,EUR,Euro,ED5-8,Tertiary education (levels 5-8),T,Total,Y18-64,From 18 to 64 years,MK,North Macedonia,2018,,4072,,,,,
dataflow,ESTAT:ILC_DI08(1.0),Mean and median income by educational attainment level,A,Annual,MEAN_EI,Mean equivalised income,EUR,Euro,ED5-8,Tertiary education (levels 5-8),T,Total,Y18-64,From 18 to 64 years,MK,North Macedonia,2019,,4219,,,,,
dataflow,ESTAT:ILC_DI08(1.0),Mean and median income by educational attainment level,A,Annual,MEAN_EI,Mean equivalised income,EUR,Euro,ED5-8,Tertiary education (levels 5-8),T,Total,Y18-64,From 18 to 64 years,MK,North Macedonia,2020,,4556,,,,,
dataflow,ESTAT:ILC_DI08(1.0),Mean and median income by educational attainment level,A,Annual,MEAN_EI,Mean equivalised income,EUR,Euro,ED5-8,Tertiary education (levels 5-8),T,Total,Y18-64,From 18 to 64 years,MK,North Macedonia,2021,,4751,,b,break in time series,,
dataflow,ESTAT:ILC_DI08(1.0),Mean and median income by educational attainment level,A,Annual,MEAN_EI,Mean equivalised income,EUR,Euro,ED5-8,Tertiary education (levels 5-8),T,Total,Y18-64,From 18 to 64 years,MK,North Macedonia,2022,,5142,,,,,
dataflow,ESTAT:ILC_DI08(1.0),Mean and median income by educational attainment level,A,Annual,MEAN_EI,Mean equivalised income,EUR,Euro,ED5-8,Tertiary education (levels 5-8),T,Total,Y18-64,From 18 to 64 years,MK,North Macedonia,2023,,5976,,,,,
dataflow,ESTAT:ILC_DI08(1.0),Mean and median income by educational attainment level,A,Annual,MEAN_EI,Mean equivalised income,EUR,Euro,ED5-8,Tertiary education (levels 5-8),T,Total,Y18-64,From 18 to 64 years,MK,North Macedonia,2024,,7095,,,,,
dataflow,ESTAT:ILC_DI08(1.0),Mean and median income by educational attainment level,A,Annual,MEAN_EI,Mean equivalised income,EUR,Euro,ED5-8,Tertiary education (levels 5-8),T,Total,Y18-64,From 18 to 64 years,MT,Malta,2016,,23896,,,,,
dataflow,ESTAT:ILC_DI08(1.0),Mean and median income by educational attainment level,A,Annual,MEAN_EI,Mean equivalised income,EUR,Euro,ED5-8,Tertiary education (levels 5-8),T,Total,Y18-64,From 18 to 64 years,MT,Malta,2017,,25102,,,,,
dataflow,ESTAT:ILC_DI08(1.0),Mean and median income by educational attainment level,A,Annual,MEAN_EI,Mean equivalised income,EUR,Euro,ED5-8,Tertiary education (levels 5-8),T,Total,Y18-64,From 18 to 64 years,MT,Malta,2018,,25238,,,,,
dataflow,ESTAT:ILC_DI08(1.0),Mean and median income by educational attainment level,A,Annual,MEAN_EI,Mean equivalised income,EUR,Euro,ED5-8,Tertiary education (levels 5-8),T,Total,Y18-64,From 18 to 64 years,MT,Malta,2019,,25631,,,,,
dataflow,ESTAT:ILC_DI08(1.0),Mean and median income by educational attainment level,A,Annual,MEAN_EI,Mean equivalised income,EUR,Euro,ED5-8,Tertiary education (levels 5-8),T,Total,Y18-64,From 18 to 64 years,MT,Malta,2020,,28830,,,,,
dataflow,ESTAT:ILC_DI08(1.0),Mean and median income by educational attainment level,A,Annual,MEAN_EI,Mean equivalised income,EUR,Euro,ED5-8,Tertiary education (levels 5-8),T,Total,Y18-64,From 18 to 64 years,MT,Malta,2021,,30388,,,,,
dataflow,ESTAT:ILC_DI08(1.0),Mean and median income by educational attainment level,A,Annual,MEAN_EI,Mean equivalised income,EUR,Euro,ED5-8,Tertiary education (levels 5-8),T,Total,Y18-64,From 18 to 64 years,MT,Malta,2022,,32688,,,,,
dataflow,ESTAT:ILC_DI08(1.0),Mean and median income by educational attainment level,A,Annual,MEAN_EI,Mean equivalised income,EUR,Euro,ED5-8,Tertiary education (levels 5-8),T,Total,Y18-64,From 18 to 64 years,MT,Malta,2023,,33485,,,,,
dataflow,ESTAT:ILC_DI08(1.0),Mean and median income by educational attainment level,A,Annual,MEAN_EI,Mean equivalised income,EUR,Euro,ED5-8,Tertiary education (levels 5-8),T,Total,Y18-64,From 18 to 64 years,MT,Malta,2024,,31997,,,,,
dataflow,ESTAT:ILC_DI08(1.0),Mean and median income by educational attainment level,A,Annual,MEAN_EI,Mean equivalised income,EUR,Euro,ED5-8,Tertiary education (levels 5-8),T,Total,Y18-64,From 18 to 64 years,MT,Malta,2025,,32889,,,,,
dataflow,ESTAT:ILC_DI08(1.0),Mean and median income by educational attainment level,A,Annual,MEAN_EI,Mean equivalised income,EUR,Euro,ED5-8,Tertiary education (levels 5-8),T,Total,Y18-64,From 18 to 64 years,NL,Netherlands,2016,,31720,,b,break in time series,,
dataflow,ESTAT:ILC_DI08(1.0),Mean and median income by educational attainment level,A,Annual,MEAN_EI,Mean equivalised income,EUR,Euro,ED5-8,Tertiary education (levels 5-8),T,Total,Y18-64,From 18 to 64 years,NL,Netherlands,2017,,32650,,,,,
dataflow,ESTAT:ILC_DI08(1.0),Mean and median income by educational attainment level,A,Annual,MEAN_EI,Mean equivalised income,EUR,Euro,ED5-8,Tertiary education (levels 5-8),T,Total,Y18-64,From 18 to 64 years,NL,Netherlands,2018,,33107,,,,,
dataflow,ESTAT:ILC_DI08(1.0),Mean and median income by educational attainment level,A,Annual,MEAN_EI,Mean equivalised income,EUR,Euro,ED5-8,Tertiary education (levels 5-8),T,Total,Y18-64,From 18 to 64 years,NL,Netherlands,2019,,33622,,,,,
dataflow,ESTAT:ILC_DI08(1.0),Mean and median income by educational attainment level,A,Annual,MEAN_EI,Mean equivalised income,EUR,Euro,ED5-8,Tertiary education (levels 5-8),T,Total,Y18-64,From 18 to 64 years,NL,Netherlands,2020,,35830,,,,,
dataflow,ESTAT:ILC_DI08(1.0),Mean and median income by educational attainment level,A,Annual,MEAN_EI,Mean equivalised income,EUR,Euro,ED5-8,Tertiary education (levels 5-8),T,Total,Y18-64,From 18 to 64 years,NL,Netherlands,2021,,36658,,,,,
dataflow,ESTAT:ILC_DI08(1.0),Mean and median income by educational attainment level,A,Annual,MEAN_EI,Mean equivalised income,EUR,Euro,ED5-8,Tertiary education (levels 5-8),T,Total,Y18-64,From 18 to 64 years,NL,Netherlands,2022,,37750,,,,,
dataflow,ESTAT:ILC_DI08(1.0),Mean and median income by educational attainment level,A,Annual,MEAN_EI,Mean equivalised income,EUR,Euro,ED5-8,Tertiary education (levels 5-8),T,Total,Y18-64,From 18 to 64 years,NL,Netherlands,2023,,39121,,,,,
dataflow,ESTAT:ILC_DI08(1.0),Mean and median income by educational attainment level,A,Annual,MEAN_EI,Mean equivalised income,EUR,Euro,ED5-8,Tertiary education (levels 5-8),T,Total,Y18-64,From 18 to 64 years,NL,Netherlands,2024,,42621,,,,,
dataflow,ESTAT:ILC_DI08(1.0),Mean and median income by educational attainment level,A,Annual,MEAN_EI,Mean equivalised income,EUR,Euro,ED5-8,Tertiary education (levels 5-8),T,Total,Y18-64,From 18 to 64 years,NL,Netherlands,2025,,45497,,,,,
dataflow,ESTAT:ILC_DI08(1.0),Mean and median income by educational attainment level,A,Annual,MEAN_EI,Mean equivalised income,EUR,Euro,ED5-8,Tertiary education (levels 5-8),T,Total,Y18-64,From 18 to 64 years,NO,Norway,2016,,50835,,,,,
dataflow,ESTAT:ILC_DI08(1.0),Mean and median income by educational attainment level,A,Annual,MEAN_EI,Mean equivalised income,EUR,Euro,ED5-8,Tertiary education (levels 5-8),T,Total,Y18-64,From 18 to 64 years,NO,Norway,2017,,49885,,,,,
dataflow,ESTAT:ILC_DI08(1.0),Mean and median income by educational attainment level,A,Annual,MEAN_EI,Mean equivalised income,EUR,Euro,ED5-8,Tertiary education (levels 5-8),T,Total,Y18-64,From 18 to 64 years,NO,Norway,2018,,49769,,,,,
dataflow,ESTAT:ILC_DI08(1.0),Mean and median income by educational attainment level,A,Annual,MEAN_EI,Mean equivalised income,EUR,Euro,ED5-8,Tertiary education (levels 5-8),T,Total,Y18-64,From 18 to 64 years,NO,Norway,2019,,50143,,,,,
dataflow,ESTAT:ILC_DI08(1.0),Mean and median income by educational attainment level,A,Annual,MEAN_EI,Mean equivalised income,EUR,Euro,ED5-8,Tertiary education (levels 5-8),T,Total,Y18-64,From 18 to 64 years,NO,Norway,2020,,50553,,,,,
dataflow,ESTAT:ILC_DI08(1.0),Mean and median income by educational attainment level,A,Annual,MEAN_EI,Mean equivalised income,EUR,Euro,ED5-8,Tertiary education (levels 5-8),T,Total,Y18-64,From 18 to 64 years,NO,Norway,2021,,45191,,b,break in time series,,
dataflow,ESTAT:ILC_DI08(1.0),Mean and median income by educational attainment level,A,Annual,MEAN_EI,Mean equivalised income,EUR,Euro,ED5-8,Tertiary education (levels 5-8),T,Total,Y18-64,From 18 to 64 years,NO,Norway,2022,,50501,,,,,
dataflow,ESTAT:ILC_DI08(1.0),Mean and median income by educational attainment level,A,Annual,MEAN_EI,Mean equivalised income,EUR,Euro,ED5-8,Tertiary education (levels 5-8),T,Total,Y18-64,From 18 to 64 years,NO,Norway,2023,,51556,,b,break in time series,,
dataflow,ESTAT:ILC_DI08(1.0),Mean and median income by educational attainment level,A,Annual,MEAN_EI,Mean equivalised income,EUR,Euro,ED5-8,Tertiary education (levels 5-8),T,Total,Y18-64,From 18 to 64 years,NO,Norway,2024,,48522,,,,,
dataflow,ESTAT:ILC_DI08(1.0),Mean and median income by educational attainment level,A,Annual,MEAN_EI,Mean equivalised income,EUR,Euro,ED5-8,Tertiary education (levels 5-8),T,Total,Y18-64,From 18 to 64 years,NO,Norway,2025,,50923,,,,,
dataflow,ESTAT:ILC_DI08(1.0),Mean and median income by educational attainment level,A,Annual,MEAN_EI,Mean equivalised income,EUR,Euro,ED5-8,Tertiary education (levels 5-8),T,Total,Y18-64,From 18 to 64 years,PL,Poland,2016,,9632,,,,,
dataflow,ESTAT:ILC_DI08(1.0),Mean and median income by educational attainment level,A,Annual,MEAN_EI,Mean equivalised income,EUR,Euro,ED5-8,Tertiary education (levels 5-8),T,Total,Y18-64,From 18 to 64 years,PL,Poland,2017,,9743,,,,,
dataflow,ESTAT:ILC_DI08(1.0),Mean and median income by educational attainment level,A,Annual,MEAN_EI,Mean equivalised income,EUR,Euro,ED5-8,Tertiary education (levels 5-8),T,Total,Y18-64,From 18 to 64 years,PL,Poland,2018,,10193,,,,,
dataflow,ESTAT:ILC_DI08(1.0),Mean and median income by educational attainment level,A,Annual,MEAN_EI,Mean equivalised income,EUR,Euro,ED5-8,Tertiary education (levels 5-8),T,Total,Y18-64,From 18 to 64 years,PL,Poland,2019,,11218,,,,,
dataflow,ESTAT:ILC_DI08(1.0),Mean and median income by educational attainment level,A,Annual,MEAN_EI,Mean equivalised income,EUR,Euro,ED5-8,Tertiary education (levels 5-8),T,Total,Y18-64,From 18 to 64 years,PL,Poland,2020,,12244,,,,,
dataflow,ESTAT:ILC_DI08(1.0),Mean and median income by educational attainment level,A,Annual,MEAN_EI,Mean equivalised income,EUR,Euro,ED5-8,Tertiary education (levels 5-8),T,Total,Y18-64,From 18 to 64 years,PL,Poland,2021,,12308,,,,,
dataflow,ESTAT:ILC_DI08(1.0),Mean and median income by educational attainment level,A,Annual,MEAN_EI,Mean equivalised income,EUR,Euro,ED5-8,Tertiary education (levels 5-8),T,Total,Y18-64,From 18 to 64 years,PL,Poland,2022,,13265,,,,,
dataflow,ESTAT:ILC_DI08(1.0),Mean and median income by educational attainment level,A,Annual,MEAN_EI,Mean equivalised income,EUR,Euro,ED5-8,Tertiary education (levels 5-8),T,Total,Y18-64,From 18 to 64 years,PL,Poland,2023,,14548,,,,,
dataflow,ESTAT:ILC_DI08(1.0),Mean and median income by educational attainment level,A,Annual,MEAN_EI,Mean equivalised income,EUR,Euro,ED5-8,Tertiary education (levels 5-8),T,Total,Y18-64,From 18 to 64 years,PL,Poland,2024,,16891,,,,,
dataflow,ESTAT:ILC_DI08(1.0),Mean and median income by educational attainment level,A,Annual,MEAN_EI,Mean equivalised income,EUR,Euro,ED5-8,Tertiary education (levels 5-8),T,Total,Y18-64,From 18 to 64 years,PL,Poland,2025,,19857,,,,,
dataflow,ESTAT:ILC_DI08(1.0),Mean and median income by educational attainment level,A,Annual,MEAN_EI,Mean equivalised income,EUR,Euro,ED5-8,Tertiary education (levels 5-8),T,Total,Y18-64,From 18 to 64 years,PT,Portugal,2016,,16539,,,,,
dataflow,ESTAT:ILC_DI08(1.0),Mean and median income by educational attainment level,A,Annual,MEAN_EI,Mean equivalised income,EUR,Euro,ED5-8,Tertiary education (levels 5-8),T,Total,Y18-64,From 18 to 64 years,PT,Portugal,2017,,16682,,,,,
dataflow,ESTAT:ILC_DI08(1.0),Mean and median income by educational attainment level,A,Annual,MEAN_EI,Mean equivalised income,EUR,Euro,ED5-8,Tertiary education (levels 5-8),T,Total,Y18-64,From 18 to 64 years,PT,Portugal,2018,,16399,,,,,
dataflow,ESTAT:ILC_DI08(1.0),Mean and median income by educational attainment level,A,Annual,MEAN_EI,Mean equivalised income,EUR,Euro,ED5-8,Tertiary education (levels 5-8),T,Total,Y18-64,From 18 to 64 years,PT,Portugal,2019,,17066,,,,,
dataflow,ESTAT:ILC_DI08(1.0),Mean and median income by educational attainment level,A,Annual,MEAN_EI,Mean equivalised income,EUR,Euro,ED5-8,Tertiary education (levels 5-8),T,Total,Y18-64,From 18 to 64 years,PT,Portugal,2020,,17931,,,,,
dataflow,ESTAT:ILC_DI08(1.0),Mean and median income by educational attainment level,A,Annual,MEAN_EI,Mean equivalised income,EUR,Euro,ED5-8,Tertiary education (levels 5-8),T,Total,Y18-64,From 18 to 64 years,PT,Portugal,2021,,18408,,,,,
dataflow,ESTAT:ILC_DI08(1.0),Mean and median income by educational attainment level,A,Annual,MEAN_EI,Mean equivalised income,EUR,Euro,ED5-8,Tertiary education (levels 5-8),T,Total,Y18-64,From 18 to 64 years,PT,Portugal,2022,,17912,,,,,
dataflow,ESTAT:ILC_DI08(1.0),Mean and median income by educational attainment level,A,Annual,MEAN_EI,Mean equivalised income,EUR,Euro,ED5-8,Tertiary education (levels 5-8),T,Total,Y18-64,From 18 to 64 years,PT,Portugal,2023,,20310,,,,,
dataflow,ESTAT:ILC_DI08(1.0),Mean and median income by educational attainment level,A,Annual,MEAN_EI,Mean equivalised income,EUR,Euro,ED5-8,Tertiary education (levels 5-8),T,Total,Y18-64,From 18 to 64 years,PT,Portugal,2024,,20575,,,,,
dataflow,ESTAT:ILC_DI08(1.0),Mean and median income by educational attainment level,A,Annual,MEAN_EI,Mean equivalised income,EUR,Euro,ED5-8,Tertiary education (levels 5-8),T,Total,Y18-64,From 18 to 64 years,PT,Portugal,2025,,23390,,,,,
dataflow,ESTAT:ILC_DI08(1.0),Mean and median income by educational attainment level,A,Annual,MEAN_EI,Mean equivalised income,EUR,Euro,ED5-8,Tertiary education (levels 5-8),T,Total,Y18-64,From 18 to 64 years,RO,Romania,2016,,4857,,,,,
dataflow,ESTAT:ILC_DI08(1.0),Mean and median income by educational attainment level,A,Annual,MEAN_EI,Mean equivalised income,EUR,Euro,ED5-8,Tertiary education (levels 5-8),T,Total,Y18-64,From 18 to 64 years,RO,Romania,2017,,5196,,,,,
dataflow,ESTAT:ILC_DI08(1.0),Mean and median income by educational attainment level,A,Annual,MEAN_EI,Mean equivalised income,EUR,Euro,ED5-8,Tertiary education (levels 5-8),T,Total,Y18-64,From 18 to 64 years,RO,Romania,2018,,7202,,,,,
dataflow,ESTAT:ILC_DI08(1.0),Mean and median income by educational attainment level,A,Annual,MEAN_EI,Mean equivalised income,EUR,Euro,ED5-8,Tertiary education (levels 5-8),T,Total,Y18-64,From 18 to 64 years,RO,Romania,2019,,8117,,,,,
dataflow,ESTAT:ILC_DI08(1.0),Mean and median income by educational attainment level,A,Annual,MEAN_EI,Mean equivalised income,EUR,Euro,ED5-8,Tertiary education (levels 5-8),T,Total,Y18-64,From 18 to 64 years,RO,Romania,2020,,8632,,,,,
dataflow,ESTAT:ILC_DI08(1.0),Mean and median income by educational attainment level,A,Annual,MEAN_EI,Mean equivalised income,EUR,Euro,ED5-8,Tertiary education (levels 5-8),T,Total,Y18-64,From 18 to 64 years,RO,Romania,2021,,9697,,,,,
dataflow,ESTAT:ILC_DI08(1.0),Mean and median income by educational attainment level,A,Annual,MEAN_EI,Mean equivalised income,EUR,Euro,ED5-8,Tertiary education (levels 5-8),T,Total,Y18-64,From 18 to 64 years,RO,Romania,2022,,10256,,,,,
dataflow,ESTAT:ILC_DI08(1.0),Mean and median income by educational attainment level,A,Annual,MEAN_EI,Mean equivalised income,EUR,Euro,ED5-8,Tertiary education (levels 5-8),T,Total,Y18-64,From 18 to 64 years,RO,Romania,2023,,11844,,,,,
dataflow,ESTAT:ILC_DI08(1.0),Mean and median income by educational attainment level,A,Annual,MEAN_EI,Mean equivalised income,EUR,Euro,ED5-8,Tertiary education (levels 5-8),T,Total,Y18-64,From 18 to 64 years,RO,Romania,2024,,13333,,,,,
dataflow,ESTAT:ILC_DI08(1.0),Mean and median income by educational attainment level,A,Annual,MEAN_EI,Mean equivalised income,EUR,Euro,ED5-8,Tertiary education (levels 5-8),T,Total,Y18-64,From 18 to 64 years,RO,Romania,2025,,14175,,,,,
dataflow,ESTAT:ILC_DI08(1.0),Mean and median income by educational attainment level,A,Annual,MEAN_EI,Mean equivalised income,EUR,Euro,ED5-8,Tertiary education (levels 5-8),T,Total,Y18-64,From 18 to 64 years,RS,Serbia,2016,,4250,,,,,
dataflow,ESTAT:ILC_DI08(1.0),Mean and median income by educational attainment level,A,Annual,MEAN_EI,Mean equivalised income,EUR,Euro,ED5-8,Tertiary education (levels 5-8),T,Total,Y18-64,From 18 to 64 years,RS,Serbia,2017,,4374,,,,,
dataflow,ESTAT:ILC_DI08(1.0),Mean and median income by educational attainment level,A,Annual,MEAN_EI,Mean equivalised income,EUR,Euro,ED5-8,Tertiary education (levels 5-8),T,Total,Y18-64,From 18 to 64 years,RS,Serbia,2018,,4502,,,,,
dataflow,ESTAT:ILC_DI08(1.0),Mean and median income by educational attainment level,A,Annual,MEAN_EI,Mean equivalised income,EUR,Euro,ED5-8,Tertiary education (levels 5-8),T,Total,Y18-64,From 18 to 64 years,RS,Serbia,2019,,5470,,,,,
dataflow,ESTAT:ILC_DI08(1.0),Mean and median income by educational attainment level,A,Annual,MEAN_EI,Mean equivalised income,EUR,Euro,ED5-8,Tertiary education (levels 5-8),T,Total,Y18-64,From 18 to 64 years,RS,Serbia,2020,,6298,,,,,
dataflow,ESTAT:ILC_DI08(1.0),Mean and median income by educational attainment level,A,Annual,MEAN_EI,Mean equivalised income,EUR,Euro,ED5-8,Tertiary education (levels 5-8),T,Total,Y18-64,From 18 to 64 years,RS,Serbia,2021,,6918,,,,,
dataflow,ESTAT:ILC_DI08(1.0),Mean and median income by educational attainment level,A,Annual,MEAN_EI,Mean equivalised income,EUR,Euro,ED5-8,Tertiary education (levels 5-8),T,Total,Y18-64,From 18 to 64 years,RS,Serbia,2022,,7735,,,,,
dataflow,ESTAT:ILC_DI08(1.0),Mean and median income by educational attainment level,A,Annual,MEAN_EI,Mean equivalised income,EUR,Euro,ED5-8,Tertiary education (levels 5-8),T,Total,Y18-64,From 18 to 64 years,RS,Serbia,2023,,8067,,,,,
dataflow,ESTAT:ILC_DI08(1.0),Mean and median income by educational attainment level,A,Annual,MEAN_EI,Mean equivalised income,EUR,Euro,ED5-8,Tertiary education (levels 5-8),T,Total,Y18-64,From 18 to 64 years,RS,Serbia,2024,,9929,,,,,
dataflow,ESTAT:ILC_DI08(1.0),Mean and median income by educational attainment level,A,Annual,MEAN_EI,Mean equivalised income,EUR,Euro,ED5-8,Tertiary education (levels 5-8),T,Total,Y18-64,From 18 to 64 years,RS,Serbia,2025,,13064,,,,,
dataflow,ESTAT:ILC_DI08(1.0),Mean and median income by educational attainment level,A,Annual,MEAN_EI,Mean equivalised income,EUR,Euro,ED5-8,Tertiary education (levels 5-8),T,Total,Y18-64,From 18 to 64 years,SE,Sweden,2016,,31721,,,,,
dataflow,ESTAT:ILC_DI08(1.0),Mean and median income by educational attainment level,A,Annual,MEAN_EI,Mean equivalised income,EUR,Euro,ED5-8,Tertiary education (levels 5-8),T,Total,Y18-64,From 18 to 64 years,SE,Sweden,2017,,32115,,,,,
dataflow,ESTAT:ILC_DI08(1.0),Mean and median income by educational attainment level,A,Annual,MEAN_EI,Mean equivalised income,EUR,Euro,ED5-8,Tertiary education (levels 5-8),T,Total,Y18-64,From 18 to 64 years,SE,Sweden,2018,,32959,,,,,
dataflow,ESTAT:ILC_DI08(1.0),Mean and median income by educational attainment level,A,Annual,MEAN_EI,Mean equivalised income,EUR,Euro,ED5-8,Tertiary education (levels 5-8),T,Total,Y18-64,From 18 to 64 years,SE,Sweden,2019,,32825,,,,,
dataflow,ESTAT:ILC_DI08(1.0),Mean and median income by educational attainment level,A,Annual,MEAN_EI,Mean equivalised income,EUR,Euro,ED5-8,Tertiary education (levels 5-8),T,Total,Y18-64,From 18 to 64 years,SE,Sweden,2020,,32536,,,,,
dataflow,ESTAT:ILC_DI08(1.0),Mean and median income by educational attainment level,A,Annual,MEAN_EI,Mean equivalised income,EUR,Euro,ED5-8,Tertiary education (levels 5-8),T,Total,Y18-64,From 18 to 64 years,SE,Sweden,2021,,33731,,,,,
dataflow,ESTAT:ILC_DI08(1.0),Mean and median income by educational attainment level,A,Annual,MEAN_EI,Mean equivalised income,EUR,Euro,ED5-8,Tertiary education (levels 5-8),T,Total,Y18-64,From 18 to 64 years,SE,Sweden,2022,,34993,,,,,
dataflow,ESTAT:ILC_DI08(1.0),Mean and median income by educational attainment level,A,Annual,MEAN_EI,Mean equivalised income,EUR,Euro,ED5-8,Tertiary education (levels 5-8),T,Total,Y18-64,From 18 to 64 years,SE,Sweden,2023,,35269,,,,,
dataflow,ESTAT:ILC_DI08(1.0),Mean and median income by educational attainment level,A,Annual,MEAN_EI,Mean equivalised income,EUR,Euro,ED5-8,Tertiary education (levels 5-8),T,Total,Y18-64,From 18 to 64 years,SE,Sweden,2024,,34826,,,,,
dataflow,ESTAT:ILC_DI08(1.0),Mean and median income by educational attainment level,A,Annual,MEAN_EI,Mean equivalised income,EUR,Euro,ED5-8,Tertiary education (levels 5-8),T,Total,Y18-64,From 18 to 64 years,SE,Sweden,2025,,37049,,,,,
dataflow,ESTAT:ILC_DI08(1.0),Mean and median income by educational attainment level,A,Annual,MEAN_EI,Mean equivalised income,EUR,Euro,ED5-8,Tertiary education (levels 5-8),T,Total,Y18-64,From 18 to 64 years,SI,Slovenia,2016,,16974,,,,,
dataflow,ESTAT:ILC_DI08(1.0),Mean and median income by educational attainment level,A,Annual,MEAN_EI,Mean equivalised income,EUR,Euro,ED5-8,Tertiary education (levels 5-8),T,Total,Y18-64,From 18 to 64 years,SI,Slovenia,2017,,17208,,,,,
dataflow,ESTAT:ILC_DI08(1.0),Mean and median income by educational attainment level,A,Annual,MEAN_EI,Mean equivalised income,EUR,Euro,ED5-8,Tertiary education (levels 5-8),T,Total,Y18-64,From 18 to 64 years,SI,Slovenia,2018,,17911,,,,,
dataflow,ESTAT:ILC_DI08(1.0),Mean and median income by educational attainment level,A,Annual,MEAN_EI,Mean equivalised income,EUR,Euro,ED5-8,Tertiary education (levels 5-8),T,Total,Y18-64,From 18 to 64 years,SI,Slovenia,2019,,19234,,,,,
dataflow,ESTAT:ILC_DI08(1.0),Mean and median income by educational attainment level,A,Annual,MEAN_EI,Mean equivalised income,EUR,Euro,ED5-8,Tertiary education (levels 5-8),T,Total,Y18-64,From 18 to 64 years,SI,Slovenia,2020,,19931,,,,,
dataflow,ESTAT:ILC_DI08(1.0),Mean and median income by educational attainment level,A,Annual,MEAN_EI,Mean equivalised income,EUR,Euro,ED5-8,Tertiary education (levels 5-8),T,Total,Y18-64,From 18 to 64 years,SI,Slovenia,2021,,20047,,,,,
dataflow,ESTAT:ILC_DI08(1.0),Mean and median income by educational attainment level,A,Annual,MEAN_EI,Mean equivalised income,EUR,Euro,ED5-8,Tertiary education (levels 5-8),T,Total,Y18-64,From 18 to 64 years,SI,Slovenia,2022,,21588,,,,,
dataflow,ESTAT:ILC_DI08(1.0),Mean and median income by educational attainment level,A,Annual,MEAN_EI,Mean equivalised income,EUR,Euro,ED5-8,Tertiary education (levels 5-8),T,Total,Y18-64,From 18 to 64 years,SI,Slovenia,2023,,23542,,,,,
dataflow,ESTAT:ILC_DI08(1.0),Mean and median income by educational attainment level,A,Annual,MEAN_EI,Mean equivalised income,EUR,Euro,ED5-8,Tertiary education (levels 5-8),T,Total,Y18-64,From 18 to 64 years,SI,Slovenia,2024,,25825,,,,,
dataflow,ESTAT:ILC_DI08(1.0),Mean and median income by educational attainment level,A,Annual,MEAN_EI,Mean equivalised income,EUR,Euro,ED5-8,Tertiary education (levels 5-8),T,Total,Y18-64,From 18 to 64 years,SI,Slovenia,2025,,27909,,,,,
dataflow,ESTAT:ILC_DI08(1.0),Mean and median income by educational attainment level,A,Annual,MEAN_EI,Mean equivalised income,EUR,Euro,ED5-8,Tertiary education (levels 5-8),T,Total,Y18-64,From 18 to 64 years,SK,Slovakia,2016,,9271,,,,,
dataflow,ESTAT:ILC_DI08(1.0),Mean and median income by educational attainment level,A,Annual,MEAN_EI,Mean equivalised income,EUR,Euro,ED5-8,Tertiary education (levels 5-8),T,Total,Y18-64,From 18 to 64 years,SK,Slovakia,2017,,9250,,,,,
dataflow,ESTAT:ILC_DI08(1.0),Mean and median income by educational attainment level,A,Annual,MEAN_EI,Mean equivalised income,EUR,Euro,ED5-8,Tertiary education (levels 5-8),T,Total,Y18-64,From 18 to 64 years,SK,Slovakia,2018,,9414,,,,,
dataflow,ESTAT:ILC_DI08(1.0),Mean and median income by educational attainment level,A,Annual,MEAN_EI,Mean equivalised income,EUR,Euro,ED5-8,Tertiary education (levels 5-8),T,Total,Y18-64,From 18 to 64 years,SK,Slovakia,2019,,10585,,,,,
dataflow,ESTAT:ILC_DI08(1.0),Mean and median income by educational attainment level,A,Annual,MEAN_EI,Mean equivalised income,EUR,Euro,ED5-8,Tertiary education (levels 5-8),T,Total,Y18-64,From 18 to 64 years,SK,Slovakia,2020,,10910,,,,,
dataflow,ESTAT:ILC_DI08(1.0),Mean and median income by educational attainment level,A,Annual,MEAN_EI,Mean equivalised income,EUR,Euro,ED5-8,Tertiary education (levels 5-8),T,Total,Y18-64,From 18 to 64 years,SK,Slovakia,2021,,10627,,,,,
dataflow,ESTAT:ILC_DI08(1.0),Mean and median income by educational attainment level,A,Annual,MEAN_EI,Mean equivalised income,EUR,Euro,ED5-8,Tertiary education (levels 5-8),T,Total,Y18-64,From 18 to 64 years,SK,Slovakia,2022,,10888,,,,,
dataflow,ESTAT:ILC_DI08(1.0),Mean and median income by educational attainment level,A,Annual,MEAN_EI,Mean equivalised income,EUR,Euro,ED5-8,Tertiary education (levels 5-8),T,Total,Y18-64,From 18 to 64 years,SK,Slovakia,2023,,10722,,,,,
dataflow,ESTAT:ILC_DI08(1.0),Mean and median income by educational attainment level,A,Annual,MEAN_EI,Mean equivalised income,EUR,Euro,ED5-8,Tertiary education (levels 5-8),T,Total,Y18-64,From 18 to 64 years,SK,Slovakia,2024,,12168,,,,,
dataflow,ESTAT:ILC_DI08(1.0),Mean and median income by educational attainment level,A,Annual,MEAN_EI,Mean equivalised income,EUR,Euro,ED5-8,Tertiary education (levels 5-8),T,Total,Y18-64,From 18 to 64 years,SK,Slovakia,2025,,17088,,,,,
dataflow,ESTAT:ILC_DI08(1.0),Mean and median income by educational attainment level,A,Annual,MEAN_EI,Mean equivalised income,EUR,Euro,ED5-8,Tertiary education (levels 5-8),T,Total,Y18-64,From 18 to 64 years,TR,Türkiye,2016,,10591,,,,,
dataflow,ESTAT:ILC_DI08(1.0),Mean and median income by educational attainment level,A,Annual,MEAN_EI,Mean equivalised income,EUR,Euro,ED5-8,Tertiary education (levels 5-8),T,Total,Y18-64,From 18 to 64 years,TR,Türkiye,2017,,10739,,,,,
dataflow,ESTAT:ILC_DI08(1.0),Mean and median income by educational attainment level,A,Annual,MEAN_EI,Mean equivalised income,EUR,Euro,ED5-8,Tertiary education (levels 5-8),T,Total,Y18-64,From 18 to 64 years,TR,Türkiye,2018,,9392,,,,,
dataflow,ESTAT:ILC_DI08(1.0),Mean and median income by educational attainment level,A,Annual,MEAN_EI,Mean equivalised income,EUR,Euro,ED5-8,Tertiary education (levels 5-8),T,Total,Y18-64,From 18 to 64 years,TR,Türkiye,2019,,7566,,,,,
dataflow,ESTAT:ILC_DI08(1.0),Mean and median income by educational attainment level,A,Annual,MEAN_EI,Mean equivalised income,EUR,Euro,ED5-8,Tertiary education (levels 5-8),T,Total,Y18-64,From 18 to 64 years,TR,Türkiye,2020,,8047,,,,,
dataflow,ESTAT:ILC_DI08(1.0),Mean and median income by educational attainment level,A,Annual,MEAN_EI,Mean equivalised income,EUR,Euro,ED5-8,Tertiary education (levels 5-8),T,Total,Y18-64,From 18 to 64 years,TR,Türkiye,2021,,6768,,,,,
dataflow,ESTAT:ILC_DI08(1.0),Mean and median income by educational attainment level,A,Annual,MEAN_EI,Mean equivalised income,EUR,Euro,ED5-8,Tertiary education (levels 5-8),T,Total,Y18-64,From 18 to 64 years,TR,Türkiye,2022,,7084,,,,,
dataflow,ESTAT:ILC_DI08(1.0),Mean and median income by educational attainment level,A,Annual,MEAN_EI,Mean equivalised income,EUR,Euro,ED5-8,Tertiary education (levels 5-8),T,Total,Y18-64,From 18 to 64 years,TR,Türkiye,2023,,7418,,,,,
dataflow,ESTAT:ILC_DI08(1.0),Mean and median income by educational attainment level,A,Annual,MEAN_EI,Mean equivalised income,EUR,Euro,ED5-8,Tertiary education (levels 5-8),T,Total,Y18-64,From 18 to 64 years,TR,Türkiye,2024,,10408,,,,,
dataflow,ESTAT:ILC_DI08(1.0),Mean and median income by educational attainment level,A,Annual,MEAN_EI,Mean equivalised income,EUR,Euro,ED5-8,Tertiary education (levels 5-8),T,Total,Y18-64,From 18 to 64 years,TR,Türkiye,2025,,15210,,,,,
dataflow,ESTAT:ILC_DI08(1.0),Mean and median income by educational attainment level,A,Annual,MEAN_EI,Mean equivalised income,EUR,Euro,ED5-8,Tertiary education (levels 5-8),T,Total,Y18-64,From 18 to 64 years,UK,United Kingdom,2016,,31558,,,,,
dataflow,ESTAT:ILC_DI08(1.0),Mean and median income by educational attainment level,A,Annual,MEAN_EI,Mean equivalised income,EUR,Euro,ED5-8,Tertiary education (levels 5-8),T,Total,Y18-64,From 18 to 64 years,UK,United Kingdom,2017,,31875,,b,break in time series,,
dataflow,ESTAT:ILC_DI08(1.0),Mean and median income by educational attainment level,A,Annual,MEAN_EI,Mean equivalised income,EUR,Euro,ED5-8,Tertiary education (levels 5-8),T,Total,Y18-64,From 18 to 64 years,UK,United Kingdom,2018,,32406,,,,,
dataflow,ESTAT:ILC_DI08(1.0),Mean and median income by educational attainment level,A,Annual,MEAN_EI,Mean equivalised income,EUR,Euro,ED5-8,Tertiary education (levels 5-8),T,Total,Y18-64,From 18 to 64 years,XK,Kosovo*,2018,,4144,,,,,
dataflow,ESTAT:ILC_DI08(1.0),Mean and median income by educational attainment level,A,Annual,MED_EI,Median equivalised income,EUR,Euro,ED0-2,"Less than primary, primary and lower secondary education (levels 0-2)",T,Total,Y18-64,From 18 to 64 years,AL,Albania,2017,,1427,,,,,
dataflow,ESTAT:ILC_DI08(1.0),Mean and median income by educational attainment level,A,Annual,MED_EI,Median equivalised income,EUR,Euro,ED0-2,"Less than primary, primary and lower secondary education (levels 0-2)",T,Total,Y18-64,From 18 to 64 years,AL,Albania,2018,,1622,,,,,
dataflow,ESTAT:ILC_DI08(1.0),Mean and median income by educational attainment level,A,Annual,MED_EI,Median equivalised income,EUR,Euro,ED0-2,"Less than primary, primary and lower secondary education (levels 0-2)",T,Total,Y18-64,From 18 to 64 years,AL,Albania,2019,,1854,,,,,
dataflow,ESTAT:ILC_DI08(1.0),Mean and median income by educational attainment level,A,Annual,MED_EI,Median equivalised income,EUR,Euro,ED0-2,"Less than primary, primary and lower secondary education (levels 0-2)",T,Total,Y18-64,From 18 to 64 years,AL,Albania,2020,,2097,,,,,
dataflow,ESTAT:ILC_DI08(1.0),Mean and median income by educational attainment level,A,Annual,MED_EI,Median equivalised income,EUR,Euro,ED0-2,"Less than primary, primary and lower secondary education (levels 0-2)",T,Total,Y18-64,From 18 to 64 years,AL,Albania,2021,,2090,,,,,
dataflow,ESTAT:ILC_DI08(1.0),Mean and median income by educational attainment level,A,Annual,MED_EI,Median equivalised income,EUR,Euro,ED0-2,"Less than primary, primary and lower secondary education (levels 0-2)",T,Total,Y18-64,From 18 to 64 years,AL,Albania,2022,,2563,,,,,
dataflow,ESTAT:ILC_DI08(1.0),Mean and median income by educational attainment level,A,Annual,MED_EI,Median equivalised income,EUR,Euro,ED0-2,"Less than primary, primary and lower secondary education (levels 0-2)",T,Total,Y18-64,From 18 to 64 years,AL,Albania,2023,,3194,,,,,
dataflow,ESTAT:ILC_DI08(1.0),Mean and median income by educational attainment level,A,Annual,MED_EI,Median equivalised income,EUR,Euro,ED0-2,"Less than primary, primary and lower secondary education (levels 0-2)",T,Total,Y18-64,From 18 to 64 years,AT,Austria,2016,,19617,,,,,
dataflow,ESTAT:ILC_DI08(1.0),Mean and median income by educational attainment level,A,Annual,MED_EI,Median equivalised income,EUR,Euro,ED0-2,"Less than primary, primary and lower secondary education (levels 0-2)",T,Total,Y18-64,From 18 to 64 years,AT,Austria,2017,,20892,,,,,
dataflow,ESTAT:ILC_DI08(1.0),Mean and median income by educational attainment level,A,Annual,MED_EI,Median equivalised income,EUR,Euro,ED0-2,"Less than primary, primary and lower secondary education (levels 0-2)",T,Total,Y18-64,From 18 to 64 years,AT,Austria,2018,,21290,,,,,
dataflow,ESTAT:ILC_DI08(1.0),Mean and median income by educational attainment level,A,Annual,MED_EI,Median equivalised income,EUR,Euro,ED0-2,"Less than primary, primary and lower secondary education (levels 0-2)",T,Total,Y18-64,From 18 to 64 years,AT,Austria,2019,,21301,,,,,
dataflow,ESTAT:ILC_DI08(1.0),Mean and median income by educational attainment level,A,Annual,MED_EI,Median equivalised income,EUR,Euro,ED0-2,"Less than primary, primary and lower secondary education (levels 0-2)",T,Total,Y18-64,From 18 to 64 years,AT,Austria,2020,,21588,,,,,
dataflow,ESTAT:ILC_DI08(1.0),Mean and median income by educational attainment level,A,Annual,MED_EI,Median equivalised income,EUR,Euro,ED0-2,"Less than primary, primary and lower secondary education (levels 0-2)",T,Total,Y18-64,From 18 to 64 years,AT,Austria,2021,,21711,,,,,
dataflow,ESTAT:ILC_DI08(1.0),Mean and median income by educational attainment level,A,Annual,MED_EI,Median equivalised income,EUR,Euro,ED0-2,"Less than primary, primary and lower secondary education (levels 0-2)",T,Total,Y18-64,From 18 to 64 years,AT,Austria,2022,,21587,,,,,
dataflow,ESTAT:ILC_DI08(1.0),Mean and median income by educational attainment level,A,Annual,MED_EI,Median equivalised income,EUR,Euro,ED0-2,"Less than primary, primary and lower secondary education (levels 0-2)",T,Total,Y18-64,From 18 to 64 years,AT,Austria,2023,,24290,,,,,
dataflow,ESTAT:ILC_DI08(1.0),Mean and median income by educational attainment level,A,Annual,MED_EI,Median equivalised income,EUR,Euro,ED0-2,"Less than primary, primary and lower secondary education (levels 0-2)",T,Total,Y18-64,From 18 to 64 years,AT,Austria,2024,,26702,,,,,
dataflow,ESTAT:ILC_DI08(1.0),Mean and median income by educational attainment level,A,Annual,MED_EI,Median equivalised income,EUR,Euro,ED0-2,"Less than primary, primary and lower secondary education (levels 0-2)",T,Total,Y18-64,From 18 to 64 years,AT,Austria,2025,,29013,,,,,
dataflow,ESTAT:ILC_DI08(1.0),Mean and median income by educational attainment level,A,Annual,MED_EI,Median equivalised income,EUR,Euro,ED0-2,"Less than primary, primary and lower secondary education (levels 0-2)",T,Total,Y18-64,From 18 to 64 years,BE,Belgium,2016,,17032,,,,,
dataflow,ESTAT:ILC_DI08(1.0),Mean and median income by educational attainment level,A,Annual,MED_EI,Median equivalised income,EUR,Euro,ED0-2,"Less than primary, primary and lower secondary education (levels 0-2)",T,Total,Y18-64,From 18 to 64 years,BE,Belgium,2017,,17393,,,,,
dataflow,ESTAT:ILC_DI08(1.0),Mean and median income by educational attainment level,A,Annual,MED_EI,Median equivalised income,EUR,Euro,ED0-2,"Less than primary, primary and lower secondary education (levels 0-2)",T,Total,Y18-64,From 18 to 64 years,BE,Belgium,2018,,17672,,,,,
dataflow,ESTAT:ILC_DI08(1.0),Mean and median income by educational attainment level,A,Annual,MED_EI,Median equivalised income,EUR,Euro,ED0-2,"Less than primary, primary and lower secondary education (levels 0-2)",T,Total,Y18-64,From 18 to 64 years,BE,Belgium,2019,,19724,,b,break in time series,,
dataflow,ESTAT:ILC_DI08(1.0),Mean and median income by educational attainment level,A,Annual,MED_EI,Median equivalised income,EUR,Euro,ED0-2,"Less than primary, primary and lower secondary education (levels 0-2)",T,Total,Y18-64,From 18 to 64 years,BE,Belgium,2020,,20439,,,,,
dataflow,ESTAT:ILC_DI08(1.0),Mean and median income by educational attainment level,A,Annual,MED_EI,Median equivalised income,EUR,Euro,ED0-2,"Less than primary, primary and lower secondary education (levels 0-2)",T,Total,Y18-64,From 18 to 64 years,BE,Belgium,2021,,20083,,,,,
dataflow,ESTAT:ILC_DI08(1.0),Mean and median income by educational attainment level,A,Annual,MED_EI,Median equivalised income,EUR,Euro,ED0-2,"Less than primary, primary and lower secondary education (levels 0-2)",T,Total,Y18-64,From 18 to 64 years,BE,Belgium,2022,,20419,,,,,
dataflow,ESTAT:ILC_DI08(1.0),Mean and median income by educational attainment level,A,Annual,MED_EI,Median equivalised income,EUR,Euro,ED0-2,"Less than primary, primary and lower secondary education (levels 0-2)",T,Total,Y18-64,From 18 to 64 years,BE,Belgium,2023,,21438,,,,,
dataflow,ESTAT:ILC_DI08(1.0),Mean and median income by educational attainment level,A,Annual,MED_EI,Median equivalised income,EUR,Euro,ED0-2,"Less than primary, primary and lower secondary education (levels 0-2)",T,Total,Y18-64,From 18 to 64 years,BE,Belgium,2024,,23167,,,,,
dataflow,ESTAT:ILC_DI08(1.0),Mean and median income by educational attainment level,A,Annual,MED_EI,Median equivalised income,EUR,Euro,ED0-2,"Less than primary, primary and lower secondary education (levels 0-2)",T,Total,Y18-64,From 18 to 64 years,BE,Belgium,2025,,24322,,,,,
dataflow,ESTAT:ILC_DI08(1.0),Mean and median income by educational attainment level,A,Annual,MED_EI,Median equivalised income,EUR,Euro,ED0-2,"Less than primary, primary and lower secondary education (levels 0-2)",T,Total,Y18-64,From 18 to 64 years,BG,Bulgaria,2016,,1756,,b,break in time series,,
dataflow,ESTAT:ILC_DI08(1.0),Mean and median income by educational attainment level,A,Annual,MED_EI,Median equivalised income,EUR,Euro,ED0-2,"Less than primary, primary and lower secondary education (levels 0-2)",T,Total,Y18-64,From 18 to 64 years,BG,Bulgaria,2017,,1971,,,,,
dataflow,ESTAT:ILC_DI08(1.0),Mean and median income by educational attainment level,A,Annual,MED_EI,Median equivalised income,EUR,Euro,ED0-2,"Less than primary, primary and lower secondary education (levels 0-2)",T,Total,Y18-64,From 18 to 64 years,BG,Bulgaria,2018,,2170,,,,,
dataflow,ESTAT:ILC_DI08(1.0),Mean and median income by educational attainment level,A,Annual,MED_EI,Median equivalised income,EUR,Euro,ED0-2,"Less than primary, primary and lower secondary education (levels 0-2)",T,Total,Y18-64,From 18 to 64 years,BG,Bulgaria,2019,,2532,,,,,
dataflow,ESTAT:ILC_DI08(1.0),Mean and median income by educational attainment level,A,Annual,MED_EI,Median equivalised income,EUR,Euro,ED0-2,"Less than primary, primary and lower secondary education (levels 0-2)",T,Total,Y18-64,From 18 to 64 years,BG,Bulgaria,2020,,2661,,,,,
dataflow,ESTAT:ILC_DI08(1.0),Mean and median income by educational attainment level,A,Annual,MED_EI,Median equivalised income,EUR,Euro,ED0-2,"Less than primary, primary and lower secondary education (levels 0-2)",T,Total,Y18-64,From 18 to 64 years,BG,Bulgaria,2021,,3203,,,,,
dataflow,ESTAT:ILC_DI08(1.0),Mean and median income by educational attainment level,A,Annual,MED_EI,Median equivalised income,EUR,Euro,ED0-2,"Less than primary, primary and lower secondary education (levels 0-2)",T,Total,Y18-64,From 18 to 64 years,BG,Bulgaria,2022,,3046,,,,,
dataflow,ESTAT:ILC_DI08(1.0),Mean and median income by educational attainment level,A,Annual,MED_EI,Median equivalised income,EUR,Euro,ED0-2,"Less than primary, primary and lower secondary education (levels 0-2)",T,Total,Y18-64,From 18 to 64 years,BG,Bulgaria,2023,,3684,,,,,
dataflow,ESTAT:ILC_DI08(1.0),Mean and median income by educational attainment level,A,Annual,MED_EI,Median equivalised income,EUR,Euro,ED0-2,"Less than primary, primary and lower secondary education (levels 0-2)",T,Total,Y18-64,From 18 to 64 years,BG,Bulgaria,2024,,4526,,,,,
dataflow,ESTAT:ILC_DI08(1.0),Mean and median income by educational attainment level,A,Annual,MED_EI,Median equivalised income,EUR,Euro,ED0-2,"Less than primary, primary and lower secondary education (levels 0-2)",T,Total,Y18-64,From 18 to 64 years,BG,Bulgaria,2025,,5253,,,,,
dataflow,ESTAT:ILC_DI08(1.0),Mean and median income by educational attainment level,A,Annual,MED_EI,Median equivalised income,EUR,Euro,ED0-2,"Less than primary, primary and lower secondary education (levels 0-2)",T,Total,Y18-64,From 18 to 64 years,CH,Switzerland,2016,,35719,,,,,
dataflow,ESTAT:ILC_DI08(1.0),Mean and median income by educational attainment level,A,Annual,MED_EI,Median equivalised income,EUR,Euro,ED0-2,"Less than primary, primary and lower secondary education (levels 0-2)",T,Total,Y18-64,From 18 to 64 years,CH,Switzerland,2017,,36462,,,,,
dataflow,ESTAT:ILC_DI08(1.0),Mean and median income by educational attainment level,A,Annual,MED_EI,Median equivalised income,EUR,Euro,ED0-2,"Less than primary, primary and lower secondary education (levels 0-2)",T,Total,Y18-64,From 18 to 64 years,CH,Switzerland,2018,,35447,,,,,
dataflow,ESTAT:ILC_DI08(1.0),Mean and median income by educational attainment level,A,Annual,MED_EI,Median equivalised income,EUR,Euro,ED0-2,"Less than primary, primary and lower secondary education (levels 0-2)",T,Total,Y18-64,From 18 to 64 years,CH,Switzerland,2019,,32811,,,,,
dataflow,ESTAT:ILC_DI08(1.0),Mean and median income by educational attainment level,A,Annual,MED_EI,Median equivalised income,EUR,Euro,ED0-2,"Less than primary, primary and lower secondary education (levels 0-2)",T,Total,Y18-64,From 18 to 64 years,CH,Switzerland,2020,,33411,,,,,
dataflow,ESTAT:ILC_DI08(1.0),Mean and median income by educational attainment level,A,Annual,MED_EI,Median equivalised income,EUR,Euro,ED0-2,"Less than primary, primary and lower secondary education (levels 0-2)",T,Total,Y18-64,From 18 to 64 years,CH,Switzerland,2021,,35247,,,,,
dataflow,ESTAT:ILC_DI08(1.0),Mean and median income by educational attainment level,A,Annual,MED_EI,Median equivalised income,EUR,Euro,ED0-2,"Less than primary, primary and lower secondary education (levels 0-2)",T,Total,Y18-64,From 18 to 64 years,CH,Switzerland,2022,,35231,,,,,
dataflow,ESTAT:ILC_DI08(1.0),Mean and median income by educational attainment level,A,Annual,MED_EI,Median equivalised income,EUR,Euro,ED0-2,"Less than primary, primary and lower secondary education (levels 0-2)",T,Total,Y18-64,From 18 to 64 years,CH,Switzerland,2023,,40505,,,,,
dataflow,ESTAT:ILC_DI08(1.0),Mean and median income by educational attainment level,A,Annual,MED_EI,Median equivalised income,EUR,Euro,ED0-2,"Less than primary, primary and lower secondary education (levels 0-2)",T,Total,Y18-64,From 18 to 64 years,CH,Switzerland,2024,,42113,,,,,
dataflow,ESTAT:ILC_DI08(1.0),Mean and median income by educational attainment level,A,Annual,MED_EI,Median equivalised income,EUR,Euro,ED0-2,"Less than primary, primary and lower secondary education (levels 0-2)",T,Total,Y18-64,From 18 to 64 years,CY,Cyprus,2016,,10755,,,,,
dataflow,ESTAT:ILC_DI08(1.0),Mean and median income by educational attainment level,A,Annual,MED_EI,Median equivalised income,EUR,Euro,ED0-2,"Less than primary, primary and lower secondary education (levels 0-2)",T,Total,Y18-64,From 18 to 64 years,CY,Cyprus,2017,,11293,,,,,
dataflow,ESTAT:ILC_DI08(1.0),Mean and median income by educational attainment level,A,Annual,MED_EI,Median equivalised income,EUR,Euro,ED0-2,"Less than primary, primary and lower secondary education (levels 0-2)",T,Total,Y18-64,From 18 to 64 years,CY,Cyprus,2018,,11963,,,,,
dataflow,ESTAT:ILC_DI08(1.0),Mean and median income by educational attainment level,A,Annual,MED_EI,Median equivalised income,EUR,Euro,ED0-2,"Less than primary, primary and lower secondary education (levels 0-2)",T,Total,Y18-64,From 18 to 64 years,CY,Cyprus,2019,,13535,,,,,
dataflow,ESTAT:ILC_DI08(1.0),Mean and median income by educational attainment level,A,Annual,MED_EI,Median equivalised income,EUR,Euro,ED0-2,"Less than primary, primary and lower secondary education (levels 0-2)",T,Total,Y18-64,From 18 to 64 years,CY,Cyprus,2020,,13237,,,,,
dataflow,ESTAT:ILC_DI08(1.0),Mean and median income by educational attainment level,A,Annual,MED_EI,Median equivalised income,EUR,Euro,ED0-2,"Less than primary, primary and lower secondary education (levels 0-2)",T,Total,Y18-64,From 18 to 64 years,CY,Cyprus,2021,,14346,,,,,
dataflow,ESTAT:ILC_DI08(1.0),Mean and median income by educational attainment level,A,Annual,MED_EI,Median equivalised income,EUR,Euro,ED0-2,"Less than primary, primary and lower secondary education (levels 0-2)",T,Total,Y18-64,From 18 to 64 years,CY,Cyprus,2022,,14311,,,,,
dataflow,ESTAT:ILC_DI08(1.0),Mean and median income by educational attainment level,A,Annual,MED_EI,Median equivalised income,EUR,Euro,ED0-2,"Less than primary, primary and lower secondary education (levels 0-2)",T,Total,Y18-64,From 18 to 64 years,CY,Cyprus,2023,,15653,,,,,
dataflow,ESTAT:ILC_DI08(1.0),Mean and median income by educational attainment level,A,Annual,MED_EI,Median equivalised income,EUR,Euro,ED0-2,"Less than primary, primary and lower secondary education (levels 0-2)",T,Total,Y18-64,From 18 to 64 years,CY,Cyprus,2024,,16389,,,,,
dataflow,ESTAT:ILC_DI08(1.0),Mean and median income by educational attainment level,A,Annual,MED_EI,Median equivalised income,EUR,Euro,ED0-2,"Less than primary, primary and lower secondary education (levels 0-2)",T,Total,Y18-64,From 18 to 64 years,CY,Cyprus,2025,,16704,,,,,
dataflow,ESTAT:ILC_DI08(1.0),Mean and median income by educational attainment level,A,Annual,MED_EI,Median equivalised income,EUR,Euro,ED0-2,"Less than primary, primary and lower secondary education (levels 0-2)",T,Total,Y18-64,From 18 to 64 years,CZ,Czechia,2016,,6164,,,,,
dataflow,ESTAT:ILC_DI08(1.0),Mean and median income by educational attainment level,A,Annual,MED_EI,Median equivalised income,EUR,Euro,ED0-2,"Less than primary, primary and lower secondary education (levels 0-2)",T,Total,Y18-64,From 18 to 64 years,CZ,Czechia,2017,,6790,,,,,
dataflow,ESTAT:ILC_DI08(1.0),Mean and median income by educational attainment level,A,Annual,MED_EI,Median equivalised income,EUR,Euro,ED0-2,"Less than primary, primary and lower secondary education (levels 0-2)",T,Total,Y18-64,From 18 to 64 years,CZ,Czechia,2018,,7590,,,,,
dataflow,ESTAT:ILC_DI08(1.0),Mean and median income by educational attainment level,A,Annual,MED_EI,Median equivalised income,EUR,Euro,ED0-2,"Less than primary, primary and lower secondary education (levels 0-2)",T,Total,Y18-64,From 18 to 64 years,CZ,Czechia,2019,,8674,,,,,
dataflow,ESTAT:ILC_DI08(1.0),Mean and median income by educational attainment level,A,Annual,MED_EI,Median equivalised income,EUR,Euro,ED0-2,"Less than primary, primary and lower secondary education (levels 0-2)",T,Total,Y18-64,From 18 to 64 years,CZ,Czechia,2020,,8831,,,,,
dataflow,ESTAT:ILC_DI08(1.0),Mean and median income by educational attainment level,A,Annual,MED_EI,Median equivalised income,EUR,Euro,ED0-2,"Less than primary, primary and lower secondary education (levels 0-2)",T,Total,Y18-64,From 18 to 64 years,CZ,Czechia,2021,,9157,,,,,
dataflow,ESTAT:ILC_DI08(1.0),Mean and median income by educational attainment level,A,Annual,MED_EI,Median equivalised income,EUR,Euro,ED0-2,"Less than primary, primary and lower secondary education (levels 0-2)",T,Total,Y18-64,From 18 to 64 years,CZ,Czechia,2022,,10889,,,,,
dataflow,ESTAT:ILC_DI08(1.0),Mean and median income by educational attainment level,A,Annual,MED_EI,Median equivalised income,EUR,Euro,ED0-2,"Less than primary, primary and lower secondary education (levels 0-2)",T,Total,Y18-64,From 18 to 64 years,CZ,Czechia,2023,,11336,,,,,
dataflow,ESTAT:ILC_DI08(1.0),Mean and median income by educational attainment level,A,Annual,MED_EI,Median equivalised income,EUR,Euro,ED0-2,"Less than primary, primary and lower secondary education (levels 0-2)",T,Total,Y18-64,From 18 to 64 years,CZ,Czechia,2024,,12635,,,,,
dataflow,ESTAT:ILC_DI08(1.0),Mean and median income by educational attainment level,A,Annual,MED_EI,Median equivalised income,EUR,Euro,ED0-2,"Less than primary, primary and lower secondary education (levels 0-2)",T,Total,Y18-64,From 18 to 64 years,CZ,Czechia,2025,,12800,,,,,
dataflow,ESTAT:ILC_DI08(1.0),Mean and median income by educational attainment level,A,Annual,MED_EI,Median equivalised income,EUR,Euro,ED0-2,"Less than primary, primary and lower secondary education (levels 0-2)",T,Total,Y18-64,From 18 to 64 years,DE,Germany,2016,,15904,,,,,
dataflow,ESTAT:ILC_DI08(1.0),Mean and median income by educational attainment level,A,Annual,MED_EI,Median equivalised income,EUR,Euro,ED0-2,"Less than primary, primary and lower secondary education (levels 0-2)",T,Total,Y18-64,From 18 to 64 years,DE,Germany,2017,,16296,,,,,
dataflow,ESTAT:ILC_DI08(1.0),Mean and median income by educational attainment level,A,Annual,MED_EI,Median equivalised income,EUR,Euro,ED0-2,"Less than primary, primary and lower secondary education (levels 0-2)",T,Total,Y18-64,From 18 to 64 years,DE,Germany,2018,,17285,,,,,
dataflow,ESTAT:ILC_DI08(1.0),Mean and median income by educational attainment level,A,Annual,MED_EI,Median equivalised income,EUR,Euro,ED0-2,"Less than primary, primary and lower secondary education (levels 0-2)",T,Total,Y18-64,From 18 to 64 years,DE,Germany,2019,,18136,,,,,
dataflow,ESTAT:ILC_DI08(1.0),Mean and median income by educational attainment level,A,Annual,MED_EI,Median equivalised income,EUR,Euro,ED0-2,"Less than primary, primary and lower secondary education (levels 0-2)",T,Total,Y18-64,From 18 to 64 years,DE,Germany,2020,,21360,,b,break in time series,,
dataflow,ESTAT:ILC_DI08(1.0),Mean and median income by educational attainment level,A,Annual,MED_EI,Median equivalised income,EUR,Euro,ED0-2,"Less than primary, primary and lower secondary education (levels 0-2)",T,Total,Y18-64,From 18 to 64 years,DE,Germany,2021,,19783,,,,,
dataflow,ESTAT:ILC_DI08(1.0),Mean and median income by educational attainment level,A,Annual,MED_EI,Median equivalised income,EUR,Euro,ED0-2,"Less than primary, primary and lower secondary education (levels 0-2)",T,Total,Y18-64,From 18 to 64 years,DE,Germany,2022,,20200,,,,,
dataflow,ESTAT:ILC_DI08(1.0),Mean and median income by educational attainment level,A,Annual,MED_EI,Median equivalised income,EUR,Euro,ED0-2,"Less than primary, primary and lower secondary education (levels 0-2)",T,Total,Y18-64,From 18 to 64 years,DE,Germany,2023,,21430,,,,,
dataflow,ESTAT:ILC_DI08(1.0),Mean and median income by educational attainment level,A,Annual,MED_EI,Median equivalised income,EUR,Euro,ED0-2,"Less than primary, primary and lower secondary education (levels 0-2)",T,Total,Y18-64,From 18 to 64 years,DE,Germany,2024,,22132,,,,,
dataflow,ESTAT:ILC_DI08(1.0),Mean and median income by educational attainment level,A,Annual,MED_EI,Median equivalised income,EUR,Euro,ED0-2,"Less than primary, primary and lower secondary education (levels 0-2)",T,Total,Y18-64,From 18 to 64 years,DE,Germany,2025,,22400,,,,,
dataflow,ESTAT:ILC_DI08(1.0),Mean and median income by educational attainment level,A,Annual,MED_EI,Median equivalised income,EUR,Euro,ED0-2,"Less than primary, primary and lower secondary education (levels 0-2)",T,Total,Y18-64,From 18 to 64 years,DK,Denmark,2016,,26961,,,,,
dataflow,ESTAT:ILC_DI08(1.0),Mean and median income by educational attainment level,A,Annual,MED_EI,Median equivalised income,EUR,Euro,ED0-2,"Less than primary, primary and lower secondary education (levels 0-2)",T,Total,Y18-64,From 18 to 64 years,DK,Denmark,2017,,26580,,,,,
dataflow,ESTAT:ILC_DI08(1.0),Mean and median income by educational attainment level,A,Annual,MED_EI,Median equivalised income,EUR,Euro,ED0-2,"Less than primary, primary and lower secondary education (levels 0-2)",T,Total,Y18-64,From 18 to 64 years,DK,Denmark,2018,,28299,,,,,
dataflow,ESTAT:ILC_DI08(1.0),Mean and median income by educational attainment level,A,Annual,MED_EI,Median equivalised income,EUR,Euro,ED0-2,"Less than primary, primary and lower secondary education (levels 0-2)",T,Total,Y18-64,From 18 to 64 years,DK,Denmark,2019,,29092,,,,,
dataflow,ESTAT:ILC_DI08(1.0),Mean and median income by educational attainment level,A,Annual,MED_EI,Median equivalised income,EUR,Euro,ED0-2,"Less than primary, primary and lower secondary education (levels 0-2)",T,Total,Y18-64,From 18 to 64 years,DK,Denmark,2020,,27804,,,,,
dataflow,ESTAT:ILC_DI08(1.0),Mean and median income by educational attainment level,A,Annual,MED_EI,Median equivalised income,EUR,Euro,ED0-2,"Less than primary, primary and lower secondary education (levels 0-2)",T,Total,Y18-64,From 18 to 64 years,DK,Denmark,2021,,29042,,,,,
dataflow,ESTAT:ILC_DI08(1.0),Mean and median income by educational attainment level,A,Annual,MED_EI,Median equivalised income,EUR,Euro,ED0-2,"Less than primary, primary and lower secondary education (levels 0-2)",T,Total,Y18-64,From 18 to 64 years,DK,Denmark,2022,,30407,,,,,
dataflow,ESTAT:ILC_DI08(1.0),Mean and median income by educational attainment level,A,Annual,MED_EI,Median equivalised income,EUR,Euro,ED0-2,"Less than primary, primary and lower secondary education (levels 0-2)",T,Total,Y18-64,From 18 to 64 years,DK,Denmark,2023,,32552,,,,,
dataflow,ESTAT:ILC_DI08(1.0),Mean and median income by educational attainment level,A,Annual,MED_EI,Median equivalised income,EUR,Euro,ED0-2,"Less than primary, primary and lower secondary education (levels 0-2)",T,Total,Y18-64,From 18 to 64 years,DK,Denmark,2024,,32362,,,,,
dataflow,ESTAT:ILC_DI08(1.0),Mean and median income by educational attainment level,A,Annual,MED_EI,Median equivalised income,EUR,Euro,ED0-2,"Less than primary, primary and lower secondary education (levels 0-2)",T,Total,Y18-64,From 18 to 64 years,DK,Denmark,2025,,33958,,,,,
dataflow,ESTAT:ILC_DI08(1.0),Mean and median income by educational attainment level,A,Annual,MED_EI,Median equivalised income,EUR,Euro,ED0-2,"Less than primary, primary and lower secondary education (levels 0-2)",T,Total,Y18-64,From 18 to 64 years,EA,"Euro area (EA11-1999, EA12-2001, EA13-2007, EA15-2008, EA16-2009, EA17-2011, EA18-2014, EA19-2015, EA20-2023, EA21-2026)",2016,,13515,,e,estimated,,
dataflow,ESTAT:ILC_DI08(1.0),Mean and median income by educational attainment level,A,Annual,MED_EI,Median equivalised income,EUR,Euro,ED0-2,"Less than primary, primary and lower secondary education (levels 0-2)",T,Total,Y18-64,From 18 to 64 years,EA,"Euro area (EA11-1999, EA12-2001, EA13-2007, EA15-2008, EA16-2009, EA17-2011, EA18-2014, EA19-2015, EA20-2023, EA21-2026)",2017,,14144,,e,estimated,,
dataflow,ESTAT:ILC_DI08(1.0),Mean and median income by educational attainment level,A,Annual,MED_EI,Median equivalised income,EUR,Euro,ED0-2,"Less than primary, primary and lower secondary education (levels 0-2)",T,Total,Y18-64,From 18 to 64 years,EA,"Euro area (EA11-1999, EA12-2001, EA13-2007, EA15-2008, EA16-2009, EA17-2011, EA18-2014, EA19-2015, EA20-2023, EA21-2026)",2018,,14571,,e,estimated,,
dataflow,ESTAT:ILC_DI08(1.0),Mean and median income by educational attainment level,A,Annual,MED_EI,Median equivalised income,EUR,Euro,ED0-2,"Less than primary, primary and lower secondary education (levels 0-2)",T,Total,Y18-64,From 18 to 64 years,EA,"Euro area (EA11-1999, EA12-2001, EA13-2007, EA15-2008, EA16-2009, EA17-2011, EA18-2014, EA19-2015, EA20-2023, EA21-2026)",2019,,15074,,,,,
dataflow,ESTAT:ILC_DI08(1.0),Mean and median income by educational attainment level,A,Annual,MED_EI,Median equivalised income,EUR,Euro,ED0-2,"Less than primary, primary and lower secondary education (levels 0-2)",T,Total,Y18-64,From 18 to 64 years,EA,"Euro area (EA11-1999, EA12-2001, EA13-2007, EA15-2008, EA16-2009, EA17-2011, EA18-2014, EA19-2015, EA20-2023, EA21-2026)",2020,,15982,,b,break in time series,,
dataflow,ESTAT:ILC_DI08(1.0),Mean and median income by educational attainment level,A,Annual,MED_EI,Median equivalised income,EUR,Euro,ED0-2,"Less than primary, primary and lower secondary education (levels 0-2)",T,Total,Y18-64,From 18 to 64 years,EA,"Euro area (EA11-1999, EA12-2001, EA13-2007, EA15-2008, EA16-2009, EA17-2011, EA18-2014, EA19-2015, EA20-2023, EA21-2026)",2021,,15804,,,,,
dataflow,ESTAT:ILC_DI08(1.0),Mean and median income by educational attainment level,A,Annual,MED_EI,Median equivalised income,EUR,Euro,ED0-2,"Less than primary, primary and lower secondary education (levels 0-2)",T,Total,Y18-64,From 18 to 64 years,EA18,Euro area - 18 countries (2014),2016,,13546,,,,,
dataflow,ESTAT:ILC_DI08(1.0),Mean and median income by educational attainment level,A,Annual,MED_EI,Median equivalised income,EUR,Euro,ED0-2,"Less than primary, primary and lower secondary education (levels 0-2)",T,Total,Y18-64,From 18 to 64 years,EA18,Euro area - 18 countries (2014),2017,,14173,,,,,
dataflow,ESTAT:ILC_DI08(1.0),Mean and median income by educational attainment level,A,Annual,MED_EI,Median equivalised income,EUR,Euro,ED0-2,"Less than primary, primary and lower secondary education (levels 0-2)",T,Total,Y18-64,From 18 to 64 years,EA18,Euro area - 18 countries (2014),2018,,14600,,,,,
dataflow,ESTAT:ILC_DI08(1.0),Mean and median income by educational attainment level,A,Annual,MED_EI,Median equivalised income,EUR,Euro,ED0-2,"Less than primary, primary and lower secondary education (levels 0-2)",T,Total,Y18-64,From 18 to 64 years,EA18,Euro area - 18 countries (2014),2019,,15103,,,,,
dataflow,ESTAT:ILC_DI08(1.0),Mean and median income by educational attainment level,A,Annual,MED_EI,Median equivalised income,EUR,Euro,ED0-2,"Less than primary, primary and lower secondary education (levels 0-2)",T,Total,Y18-64,From 18 to 64 years,EA18,Euro area - 18 countries (2014),2020,,16008,,b,break in time series,,
dataflow,ESTAT:ILC_DI08(1.0),Mean and median income by educational attainment level,A,Annual,MED_EI,Median equivalised income,EUR,Euro,ED0-2,"Less than primary, primary and lower secondary education (levels 0-2)",T,Total,Y18-64,From 18 to 64 years,EA19,Euro area - 19 countries  (2015-2022),2016,,13515,,,,,
dataflow,ESTAT:ILC_DI08(1.0),Mean and median income by educational attainment level,A,Annual,MED_EI,Median equivalised income,EUR,Euro,ED0-2,"Less than primary, primary and lower secondary education (levels 0-2)",T,Total,Y18-64,From 18 to 64 years,EA19,Euro area - 19 countries  (2015-2022),2017,,14144,,,,,
dataflow,ESTAT:ILC_DI08(1.0),Mean and median income by educational attainment level,A,Annual,MED_EI,Median equivalised income,EUR,Euro,ED0-2,"Less than primary, primary and lower secondary education (levels 0-2)",T,Total,Y18-64,From 18 to 64 years,EA19,Euro area - 19 countries  (2015-2022),2018,,14571,,,,,
dataflow,ESTAT:ILC_DI08(1.0),Mean and median income by educational attainment level,A,Annual,MED_EI,Median equivalised income,EUR,Euro,ED0-2,"Less than primary, primary and lower secondary education (levels 0-2)",T,Total,Y18-64,From 18 to 64 years,EA19,Euro area - 19 countries  (2015-2022),2019,,15074,,,,,
dataflow,ESTAT:ILC_DI08(1.0),Mean and median income by educational attainment level,A,Annual,MED_EI,Median equivalised income,EUR,Euro,ED0-2,"Less than primary, primary and lower secondary education (levels 0-2)",T,Total,Y18-64,From 18 to 64 years,EA19,Euro area - 19 countries  (2015-2022),2020,,15982,,b,break in time series,,
dataflow,ESTAT:ILC_DI08(1.0),Mean and median income by educational attainment level,A,Annual,MED_EI,Median equivalised income,EUR,Euro,ED0-2,"Less than primary, primary and lower secondary education (levels 0-2)",T,Total,Y18-64,From 18 to 64 years,EA19,Euro area - 19 countries  (2015-2022),2021,,15804,,,,,
dataflow,ESTAT:ILC_DI08(1.0),Mean and median income by educational attainment level,A,Annual,MED_EI,Median equivalised income,EUR,Euro,ED0-2,"Less than primary, primary and lower secondary education (levels 0-2)",T,Total,Y18-64,From 18 to 64 years,EA20,Euro area – 20 countries (2023-2025),2016,,13436,,,,,
dataflow,ESTAT:ILC_DI08(1.0),Mean and median income by educational attainment level,A,Annual,MED_EI,Median equivalised income,EUR,Euro,ED0-2,"Less than primary, primary and lower secondary education (levels 0-2)",T,Total,Y18-64,From 18 to 64 years,EA20,Euro area – 20 countries (2023-2025),2017,,14063,,,,,
dataflow,ESTAT:ILC_DI08(1.0),Mean and median income by educational attainment level,A,Annual,MED_EI,Median equivalised income,EUR,Euro,ED0-2,"Less than primary, primary and lower secondary education (levels 0-2)",T,Total,Y18-64,From 18 to 64 years,EA20,Euro area – 20 countries (2023-2025),2018,,14497,,,,,
dataflow,ESTAT:ILC_DI08(1.0),Mean and median income by educational attainment level,A,Annual,MED_EI,Median equivalised income,EUR,Euro,ED0-2,"Less than primary, primary and lower secondary education (levels 0-2)",T,Total,Y18-64,From 18 to 64 years,EA20,Euro area – 20 countries (2023-2025),2019,,15000,,,,,
dataflow,ESTAT:ILC_DI08(1.0),Mean and median income by educational attainment level,A,Annual,MED_EI,Median equivalised income,EUR,Euro,ED0-2,"Less than primary, primary and lower secondary education (levels 0-2)",T,Total,Y18-64,From 18 to 64 years,EA20,Euro area – 20 countries (2023-2025),2020,,15927,,,,,
dataflow,ESTAT:ILC_DI08(1.0),Mean and median income by educational attainment level,A,Annual,MED_EI,Median equivalised income,EUR,Euro,ED0-2,"Less than primary, primary and lower secondary education (levels 0-2)",T,Total,Y18-64,From 18 to 64 years,EA20,Euro area – 20 countries (2023-2025),2021,,15775,,,,,
dataflow,ESTAT:ILC_DI08(1.0),Mean and median income by educational attainment level,A,Annual,MED_EI,Median equivalised income,EUR,Euro,ED0-2,"Less than primary, primary and lower secondary education (levels 0-2)",T,Total,Y18-64,From 18 to 64 years,EA20,Euro area – 20 countries (2023-2025),2022,,16471,,,,,
dataflow,ESTAT:ILC_DI08(1.0),Mean and median income by educational attainment level,A,Annual,MED_EI,Median equivalised income,EUR,Euro,ED0-2,"Less than primary, primary and lower secondary education (levels 0-2)",T,Total,Y18-64,From 18 to 64 years,EA20,Euro area – 20 countries (2023-2025),2023,,17588,,,,,
dataflow,ESTAT:ILC_DI08(1.0),Mean and median income by educational attainment level,A,Annual,MED_EI,Median equivalised income,EUR,Euro,ED0-2,"Less than primary, primary and lower secondary education (levels 0-2)",T,Total,Y18-64,From 18 to 64 years,EA20,Euro area – 20 countries (2023-2025),2024,,18491,,,,,
dataflow,ESTAT:ILC_DI08(1.0),Mean and median income by educational attainment level,A,Annual,MED_EI,Median equivalised income,EUR,Euro,ED0-2,"Less than primary, primary and lower secondary education (levels 0-2)",T,Total,Y18-64,From 18 to 64 years,EA20,Euro area – 20 countries (2023-2025),2025,,19237,,,,,
dataflow,ESTAT:ILC_DI08(1.0),Mean and median income by educational attainment level,A,Annual,MED_EI,Median equivalised income,EUR,Euro,ED0-2,"Less than primary, primary and lower secondary education (levels 0-2)",T,Total,Y18-64,From 18 to 64 years,EA21,Euro area – 21 countries (from 2026),2025,,19039,,,,,
dataflow,ESTAT:ILC_DI08(1.0),Mean and median income by educational attainment level,A,Annual,MED_EI,Median equivalised income,EUR,Euro,ED0-2,"Less than primary, primary and lower secondary education (levels 0-2)",T,Total,Y18-64,From 18 to 64 years,EE,Estonia,2016,,7150,,,,,
dataflow,ESTAT:ILC_DI08(1.0),Mean and median income by educational attainment level,A,Annual,MED_EI,Median equivalised income,EUR,Euro,ED0-2,"Less than primary, primary and lower secondary education (levels 0-2)",T,Total,Y18-64,From 18 to 64 years,EE,Estonia,2017,,7828,,,,,
dataflow,ESTAT:ILC_DI08(1.0),Mean and median income by educational attainment level,A,Annual,MED_EI,Median equivalised income,EUR,Euro,ED0-2,"Less than primary, primary and lower secondary education (levels 0-2)",T,Total,Y18-64,From 18 to 64 years,EE,Estonia,2018,,8646,,,,,
dataflow,ESTAT:ILC_DI08(1.0),Mean and median income by educational attainment level,A,Annual,MED_EI,Median equivalised income,EUR,Euro,ED0-2,"Less than primary, primary and lower secondary education (levels 0-2)",T,Total,Y18-64,From 18 to 64 years,EE,Estonia,2019,,9253,,,,,
dataflow,ESTAT:ILC_DI08(1.0),Mean and median income by educational attainment level,A,Annual,MED_EI,Median equivalised income,EUR,Euro,ED0-2,"Less than primary, primary and lower secondary education (levels 0-2)",T,Total,Y18-64,From 18 to 64 years,EE,Estonia,2020,,10339,,,,,
dataflow,ESTAT:ILC_DI08(1.0),Mean and median income by educational attainment level,A,Annual,MED_EI,Median equivalised income,EUR,Euro,ED0-2,"Less than primary, primary and lower secondary education (levels 0-2)",T,Total,Y18-64,From 18 to 64 years,EE,Estonia,2021,,10676,,,,,
dataflow,ESTAT:ILC_DI08(1.0),Mean and median income by educational attainment level,A,Annual,MED_EI,Median equivalised income,EUR,Euro,ED0-2,"Less than primary, primary and lower secondary education (levels 0-2)",T,Total,Y18-64,From 18 to 64 years,EE,Estonia,2022,,12146,,,,,
dataflow,ESTAT:ILC_DI08(1.0),Mean and median income by educational attainment level,A,Annual,MED_EI,Median equivalised income,EUR,Euro,ED0-2,"Less than primary, primary and lower secondary education (levels 0-2)",T,Total,Y18-64,From 18 to 64 years,EE,Estonia,2023,,12499,,,,,
dataflow,ESTAT:ILC_DI08(1.0),Mean and median income by educational attainment level,A,Annual,MED_EI,Median equivalised income,EUR,Euro,ED0-2,"Less than primary, primary and lower secondary education (levels 0-2)",T,Total,Y18-64,From 18 to 64 years,EE,Estonia,2024,,13731,,,,,
dataflow,ESTAT:ILC_DI08(1.0),Mean and median income by educational attainment level,A,Annual,MED_EI,Median equivalised income,EUR,Euro,ED0-2,"Less than primary, primary and lower secondary education (levels 0-2)",T,Total,Y18-64,From 18 to 64 years,EE,Estonia,2025,,14378,,,,,
dataflow,ESTAT:ILC_DI08(1.0),Mean and median income by educational attainment level,A,Annual,MED_EI,Median equivalised income,EUR,Euro,ED0-2,"Less than primary, primary and lower secondary education (levels 0-2)",T,Total,Y18-64,From 18 to 64 years,EL,Greece,2016,,5800,,,,,
dataflow,ESTAT:ILC_DI08(1.0),Mean and median income by educational attainment level,A,Annual,MED_EI,Median equivalised income,EUR,Euro,ED0-2,"Less than primary, primary and lower secondary education (levels 0-2)",T,Total,Y18-64,From 18 to 64 years,EL,Greece,2017,,6006,,,,,
dataflow,ESTAT:ILC_DI08(1.0),Mean and median income by educational attainment level,A,Annual,MED_EI,Median equivalised income,EUR,Euro,ED0-2,"Less than primary, primary and lower secondary education (levels 0-2)",T,Total,Y18-64,From 18 to 64 years,EL,Greece,2018,,6158,,,,,
dataflow,ESTAT:ILC_DI08(1.0),Mean and median income by educational attainment level,A,Annual,MED_EI,Median equivalised income,EUR,Euro,ED0-2,"Less than primary, primary and lower secondary education (levels 0-2)",T,Total,Y18-64,From 18 to 64 years,EL,Greece,2019,,6516,,,,,
dataflow,ESTAT:ILC_DI08(1.0),Mean and median income by educational attainment level,A,Annual,MED_EI,Median equivalised income,EUR,Euro,ED0-2,"Less than primary, primary and lower secondary education (levels 0-2)",T,Total,Y18-64,From 18 to 64 years,EL,Greece,2020,,6783,,,,,
dataflow,ESTAT:ILC_DI08(1.0),Mean and median income by educational attainment level,A,Annual,MED_EI,Median equivalised income,EUR,Euro,ED0-2,"Less than primary, primary and lower secondary education (levels 0-2)",T,Total,Y18-64,From 18 to 64 years,EL,Greece,2021,,6684,,,,,
dataflow,ESTAT:ILC_DI08(1.0),Mean and median income by educational attainment level,A,Annual,MED_EI,Median equivalised income,EUR,Euro,ED0-2,"Less than primary, primary and lower secondary education (levels 0-2)",T,Total,Y18-64,From 18 to 64 years,EL,Greece,2022,,7336,,,,,
dataflow,ESTAT:ILC_DI08(1.0),Mean and median income by educational attainment level,A,Annual,MED_EI,Median equivalised income,EUR,Euro,ED0-2,"Less than primary, primary and lower secondary education (levels 0-2)",T,Total,Y18-64,From 18 to 64 years,EL,Greece,2023,,8026,,,,,
dataflow,ESTAT:ILC_DI08(1.0),Mean and median income by educational attainment level,A,Annual,MED_EI,Median equivalised income,EUR,Euro,ED0-2,"Less than primary, primary and lower secondary education (levels 0-2)",T,Total,Y18-64,From 18 to 64 years,EL,Greece,2024,,8969,,,,,
dataflow,ESTAT:ILC_DI08(1.0),Mean and median income by educational attainment level,A,Annual,MED_EI,Median equivalised income,EUR,Euro,ED0-2,"Less than primary, primary and lower secondary education (levels 0-2)",T,Total,Y18-64,From 18 to 64 years,EL,Greece,2025,,9485,,,,,
dataflow,ESTAT:ILC_DI08(1.0),Mean and median income by educational attainment level,A,Annual,MED_EI,Median equivalised income,EUR,Euro,ED0-2,"Less than primary, primary and lower secondary education (levels 0-2)",T,Total,Y18-64,From 18 to 64 years,ES,Spain,2016,,10509,,,,,
dataflow,ESTAT:ILC_DI08(1.0),Mean and median income by educational attainment level,A,Annual,MED_EI,Median equivalised income,EUR,Euro,ED0-2,"Less than primary, primary and lower secondary education (levels 0-2)",T,Total,Y18-64,From 18 to 64 years,ES,Spain,2017,,11280,,,,,
dataflow,ESTAT:ILC_DI08(1.0),Mean and median income by educational attainment level,A,Annual,MED_EI,Median equivalised income,EUR,Euro,ED0-2,"Less than primary, primary and lower secondary education (levels 0-2)",T,Total,Y18-64,From 18 to 64 years,ES,Spain,2018,,11601,,,,,
dataflow,ESTAT:ILC_DI08(1.0),Mean and median income by educational attainment level,A,Annual,MED_EI,Median equivalised income,EUR,Euro,ED0-2,"Less than primary, primary and lower secondary education (levels 0-2)",T,Total,Y18-64,From 18 to 64 years,ES,Spain,2019,,12143,,,,,
dataflow,ESTAT:ILC_DI08(1.0),Mean and median income by educational attainment level,A,Annual,MED_EI,Median equivalised income,EUR,Euro,ED0-2,"Less than primary, primary and lower secondary education (levels 0-2)",T,Total,Y18-64,From 18 to 64 years,ES,Spain,2020,,13156,,,,,
dataflow,ESTAT:ILC_DI08(1.0),Mean and median income by educational attainment level,A,Annual,MED_EI,Median equivalised income,EUR,Euro,ED0-2,"Less than primary, primary and lower secondary education (levels 0-2)",T,Total,Y18-64,From 18 to 64 years,ES,Spain,2021,,12587,,,,,
dataflow,ESTAT:ILC_DI08(1.0),Mean and median income by educational attainment level,A,Annual,MED_EI,Median equivalised income,EUR,Euro,ED0-2,"Less than primary, primary and lower secondary education (levels 0-2)",T,Total,Y18-64,From 18 to 64 years,ES,Spain,2022,,13556,,,,,
dataflow,ESTAT:ILC_DI08(1.0),Mean and median income by educational attainment level,A,Annual,MED_EI,Median equivalised income,EUR,Euro,ED0-2,"Less than primary, primary and lower secondary education (levels 0-2)",T,Total,Y18-64,From 18 to 64 years,ES,Spain,2023,,14862,,,,,
dataflow,ESTAT:ILC_DI08(1.0),Mean and median income by educational attainment level,A,Annual,MED_EI,Median equivalised income,EUR,Euro,ED0-2,"Less than primary, primary and lower secondary education (levels 0-2)",T,Total,Y18-64,From 18 to 64 years,ES,Spain,2024,,15933,,,,,
dataflow,ESTAT:ILC_DI08(1.0),Mean and median income by educational attainment level,A,Annual,MED_EI,Median equivalised income,EUR,Euro,ED0-2,"Less than primary, primary and lower secondary education (levels 0-2)",T,Total,Y18-64,From 18 to 64 years,ES,Spain,2025,,16599,,,,,
dataflow,ESTAT:ILC_DI08(1.0),Mean and median income by educational attainment level,A,Annual,MED_EI,Median equivalised income,EUR,Euro,ED0-2,"Less than primary, primary and lower secondary education (levels 0-2)",T,Total,Y18-64,From 18 to 64 years,EU,"European Union (EU6-1958, EU9-1973, EU10-1981, EU12-1986, EU15-1995, EU25-2004, EU27-2007, EU28-2013, EU27-2020)",2016,,12969,,e,estimated,,
dataflow,ESTAT:ILC_DI08(1.0),Mean and median income by educational attainment level,A,Annual,MED_EI,Median equivalised income,EUR,Euro,ED0-2,"Less than primary, primary and lower secondary education (levels 0-2)",T,Total,Y18-64,From 18 to 64 years,EU,"European Union (EU6-1958, EU9-1973, EU10-1981, EU12-1986, EU15-1995, EU25-2004, EU27-2007, EU28-2013, EU27-2020)",2017,,13058,,e,estimated,,
dataflow,ESTAT:ILC_DI08(1.0),Mean and median income by educational attainment level,A,Annual,MED_EI,Median equivalised income,EUR,Euro,ED0-2,"Less than primary, primary and lower secondary education (levels 0-2)",T,Total,Y18-64,From 18 to 64 years,EU,"European Union (EU6-1958, EU9-1973, EU10-1981, EU12-1986, EU15-1995, EU25-2004, EU27-2007, EU28-2013, EU27-2020)",2018,,13768,,e,estimated,,
dataflow,ESTAT:ILC_DI08(1.0),Mean and median income by educational attainment level,A,Annual,MED_EI,Median equivalised income,EUR,Euro,ED0-2,"Less than primary, primary and lower secondary education (levels 0-2)",T,Total,Y18-64,From 18 to 64 years,EU,"European Union (EU6-1958, EU9-1973, EU10-1981, EU12-1986, EU15-1995, EU25-2004, EU27-2007, EU28-2013, EU27-2020)",2019,,14254,,e,estimated,,
dataflow,ESTAT:ILC_DI08(1.0),Mean and median income by educational attainment level,A,Annual,MED_EI,Median equivalised income,EUR,Euro,ED0-2,"Less than primary, primary and lower secondary education (levels 0-2)",T,Total,Y18-64,From 18 to 64 years,EU27_2007,European Union - 27 countries (2007-2013),2016,,13022,,,,,
dataflow,ESTAT:ILC_DI08(1.0),Mean and median income by educational attainment level,A,Annual,MED_EI,Median equivalised income,EUR,Euro,ED0-2,"Less than primary, primary and lower secondary education (levels 0-2)",T,Total,Y18-64,From 18 to 64 years,EU27_2007,European Union - 27 countries (2007-2013),2017,,13116,,,,,
dataflow,ESTAT:ILC_DI08(1.0),Mean and median income by educational attainment level,A,Annual,MED_EI,Median equivalised income,EUR,Euro,ED0-2,"Less than primary, primary and lower secondary education (levels 0-2)",T,Total,Y18-64,From 18 to 64 years,EU27_2007,European Union - 27 countries (2007-2013),2018,,13822,,,,,
dataflow,ESTAT:ILC_DI08(1.0),Mean and median income by educational attainment level,A,Annual,MED_EI,Median equivalised income,EUR,Euro,ED0-2,"Less than primary, primary and lower secondary education (levels 0-2)",T,Total,Y18-64,From 18 to 64 years,EU27_2007,European Union - 27 countries (2007-2013),2019,,14306,,e,estimated,,
dataflow,ESTAT:ILC_DI08(1.0),Mean and median income by educational attainment level,A,Annual,MED_EI,Median equivalised income,EUR,Euro,ED0-2,"Less than primary, primary and lower secondary education (levels 0-2)",T,Total,Y18-64,From 18 to 64 years,EU27_2020,European Union - 27 countries (from 2020),2016,,12093,,e,estimated,,
dataflow,ESTAT:ILC_DI08(1.0),Mean and median income by educational attainment level,A,Annual,MED_EI,Median equivalised income,EUR,Euro,ED0-2,"Less than primary, primary and lower secondary education (levels 0-2)",T,Total,Y18-64,From 18 to 64 years,EU27_2020,European Union - 27 countries (from 2020),2017,,12913,,e,estimated,,
dataflow,ESTAT:ILC_DI08(1.0),Mean and median income by educational attainment level,A,Annual,MED_EI,Median equivalised income,EUR,Euro,ED0-2,"Less than primary, primary and lower secondary education (levels 0-2)",T,Total,Y18-64,From 18 to 64 years,EU27_2020,European Union - 27 countries (from 2020),2018,,13411,,e,estimated,,
dataflow,ESTAT:ILC_DI08(1.0),Mean and median income by educational attainment level,A,Annual,MED_EI,Median equivalised income,EUR,Euro,ED0-2,"Less than primary, primary and lower secondary education (levels 0-2)",T,Total,Y18-64,From 18 to 64 years,EU27_2020,European Union - 27 countries (from 2020),2019,,13929,,,,,
dataflow,ESTAT:ILC_DI08(1.0),Mean and median income by educational attainment level,A,Annual,MED_EI,Median equivalised income,EUR,Euro,ED0-2,"Less than primary, primary and lower secondary education (levels 0-2)",T,Total,Y18-64,From 18 to 64 years,EU27_2020,European Union - 27 countries (from 2020),2020,,14793,,,,,
dataflow,ESTAT:ILC_DI08(1.0),Mean and median income by educational attainment level,A,Annual,MED_EI,Median equivalised income,EUR,Euro,ED0-2,"Less than primary, primary and lower secondary education (levels 0-2)",T,Total,Y18-64,From 18 to 64 years,EU27_2020,European Union - 27 countries (from 2020),2021,,14712,,,,,
dataflow,ESTAT:ILC_DI08(1.0),Mean and median income by educational attainment level,A,Annual,MED_EI,Median equivalised income,EUR,Euro,ED0-2,"Less than primary, primary and lower secondary education (levels 0-2)",T,Total,Y18-64,From 18 to 64 years,EU27_2020,European Union - 27 countries (from 2020),2022,,15455,,,,,
dataflow,ESTAT:ILC_DI08(1.0),Mean and median income by educational attainment level,A,Annual,MED_EI,Median equivalised income,EUR,Euro,ED0-2,"Less than primary, primary and lower secondary education (levels 0-2)",T,Total,Y18-64,From 18 to 64 years,EU27_2020,European Union - 27 countries (from 2020),2023,,16577,,,,,
dataflow,ESTAT:ILC_DI08(1.0),Mean and median income by educational attainment level,A,Annual,MED_EI,Median equivalised income,EUR,Euro,ED0-2,"Less than primary, primary and lower secondary education (levels 0-2)",T,Total,Y18-64,From 18 to 64 years,EU27_2020,European Union - 27 countries (from 2020),2024,,17522,,,,,
dataflow,ESTAT:ILC_DI08(1.0),Mean and median income by educational attainment level,A,Annual,MED_EI,Median equivalised income,EUR,Euro,ED0-2,"Less than primary, primary and lower secondary education (levels 0-2)",T,Total,Y18-64,From 18 to 64 years,EU27_2020,European Union - 27 countries (from 2020),2025,,18260,,,,,
dataflow,ESTAT:ILC_DI08(1.0),Mean and median income by educational attainment level,A,Annual,MED_EI,Median equivalised income,EUR,Euro,ED0-2,"Less than primary, primary and lower secondary education (levels 0-2)",T,Total,Y18-64,From 18 to 64 years,EU28,European Union - 28 countries (2013-2020),2016,,12969,,,,,
dataflow,ESTAT:ILC_DI08(1.0),Mean and median income by educational attainment level,A,Annual,MED_EI,Median equivalised income,EUR,Euro,ED0-2,"Less than primary, primary and lower secondary education (levels 0-2)",T,Total,Y18-64,From 18 to 64 years,EU28,European Union - 28 countries (2013-2020),2017,,13058,,,,,
dataflow,ESTAT:ILC_DI08(1.0),Mean and median income by educational attainment level,A,Annual,MED_EI,Median equivalised income,EUR,Euro,ED0-2,"Less than primary, primary and lower secondary education (levels 0-2)",T,Total,Y18-64,From 18 to 64 years,EU28,European Union - 28 countries (2013-2020),2018,,13768,,,,,
dataflow,ESTAT:ILC_DI08(1.0),Mean and median income by educational attainment level,A,Annual,MED_EI,Median equivalised income,EUR,Euro,ED0-2,"Less than primary, primary and lower secondary education (levels 0-2)",T,Total,Y18-64,From 18 to 64 years,EU28,European Union - 28 countries (2013-2020),2019,,14254,,e,estimated,,
dataflow,ESTAT:ILC_DI08(1.0),Mean and median income by educational attainment level,A,Annual,MED_EI,Median equivalised income,EUR,Euro,ED0-2,"Less than primary, primary and lower secondary education (levels 0-2)",T,Total,Y18-64,From 18 to 64 years,FI,Finland,2016,,21337,,,,,
dataflow,ESTAT:ILC_DI08(1.0),Mean and median income by educational attainment level,A,Annual,MED_EI,Median equivalised income,EUR,Euro,ED0-2,"Less than primary, primary and lower secondary education (levels 0-2)",T,Total,Y18-64,From 18 to 64 years,FI,Finland,2017,,22034,,,,,
dataflow,ESTAT:ILC_DI08(1.0),Mean and median income by educational attainment level,A,Annual,MED_EI,Median equivalised income,EUR,Euro,ED0-2,"Less than primary, primary and lower secondary education (levels 0-2)",T,Total,Y18-64,From 18 to 64 years,FI,Finland,2018,,21763,,,,,
dataflow,ESTAT:ILC_DI08(1.0),Mean and median income by educational attainment level,A,Annual,MED_EI,Median equivalised income,EUR,Euro,ED0-2,"Less than primary, primary and lower secondary education (levels 0-2)",T,Total,Y18-64,From 18 to 64 years,FI,Finland,2019,,21093,,,,,
dataflow,ESTAT:ILC_DI08(1.0),Mean and median income by educational attainment level,A,Annual,MED_EI,Median equivalised income,EUR,Euro,ED0-2,"Less than primary, primary and lower secondary education (levels 0-2)",T,Total,Y18-64,From 18 to 64 years,FI,Finland,2020,,22127,,,,,
dataflow,ESTAT:ILC_DI08(1.0),Mean and median income by educational attainment level,A,Annual,MED_EI,Median equivalised income,EUR,Euro,ED0-2,"Less than primary, primary and lower secondary education (levels 0-2)",T,Total,Y18-64,From 18 to 64 years,FI,Finland,2021,,22320,,,,,
dataflow,ESTAT:ILC_DI08(1.0),Mean and median income by educational attainment level,A,Annual,MED_EI,Median equivalised income,EUR,Euro,ED0-2,"Less than primary, primary and lower secondary education (levels 0-2)",T,Total,Y18-64,From 18 to 64 years,FI,Finland,2022,,24316,,,,,
dataflow,ESTAT:ILC_DI08(1.0),Mean and median income by educational attainment level,A,Annual,MED_EI,Median equivalised income,EUR,Euro,ED0-2,"Less than primary, primary and lower secondary education (levels 0-2)",T,Total,Y18-64,From 18 to 64 years,FI,Finland,2023,,26020,,,,,
dataflow,ESTAT:ILC_DI08(1.0),Mean and median income by educational attainment level,A,Annual,MED_EI,Median equivalised income,EUR,Euro,ED0-2,"Less than primary, primary and lower secondary education (levels 0-2)",T,Total,Y18-64,From 18 to 64 years,FI,Finland,2024,,26662,,,,,
dataflow,ESTAT:ILC_DI08(1.0),Mean and median income by educational attainment level,A,Annual,MED_EI,Median equivalised income,EUR,Euro,ED0-2,"Less than primary, primary and lower secondary education (levels 0-2)",T,Total,Y18-64,From 18 to 64 years,FI,Finland,2025,,25936,,,,,
dataflow,ESTAT:ILC_DI08(1.0),Mean and median income by educational attainment level,A,Annual,MED_EI,Median equivalised income,EUR,Euro,ED0-2,"Less than primary, primary and lower secondary education (levels 0-2)",T,Total,Y18-64,From 18 to 64 years,FR,France,2016,,18272,,,,,
dataflow,ESTAT:ILC_DI08(1.0),Mean and median income by educational attainment level,A,Annual,MED_EI,Median equivalised income,EUR,Euro,ED0-2,"Less than primary, primary and lower secondary education (levels 0-2)",T,Total,Y18-64,From 18 to 64 years,FR,France,2017,,18727,,,,,
dataflow,ESTAT:ILC_DI08(1.0),Mean and median income by educational attainment level,A,Annual,MED_EI,Median equivalised income,EUR,Euro,ED0-2,"Less than primary, primary and lower secondary education (levels 0-2)",T,Total,Y18-64,From 18 to 64 years,FR,France,2018,,19291,,,,,
dataflow,ESTAT:ILC_DI08(1.0),Mean and median income by educational attainment level,A,Annual,MED_EI,Median equivalised income,EUR,Euro,ED0-2,"Less than primary, primary and lower secondary education (levels 0-2)",T,Total,Y18-64,From 18 to 64 years,FR,France,2019,,19017,,,,,
dataflow,ESTAT:ILC_DI08(1.0),Mean and median income by educational attainment level,A,Annual,MED_EI,Median equivalised income,EUR,Euro,ED0-2,"Less than primary, primary and lower secondary education (levels 0-2)",T,Total,Y18-64,From 18 to 64 years,FR,France,2020,,17815,,b,break in time series,,
dataflow,ESTAT:ILC_DI08(1.0),Mean and median income by educational attainment level,A,Annual,MED_EI,Median equivalised income,EUR,Euro,ED0-2,"Less than primary, primary and lower secondary education (levels 0-2)",T,Total,Y18-64,From 18 to 64 years,FR,France,2021,,18230,,,,,
dataflow,ESTAT:ILC_DI08(1.0),Mean and median income by educational attainment level,A,Annual,MED_EI,Median equivalised income,EUR,Euro,ED0-2,"Less than primary, primary and lower secondary education (levels 0-2)",T,Total,Y18-64,From 18 to 64 years,FR,France,2022,,18170,,b,break in time series,,
dataflow,ESTAT:ILC_DI08(1.0),Mean and median income by educational attainment level,A,Annual,MED_EI,Median equivalised income,EUR,Euro,ED0-2,"Less than primary, primary and lower secondary education (levels 0-2)",T,Total,Y18-64,From 18 to 64 years,FR,France,2023,,19068,,,,,
dataflow,ESTAT:ILC_DI08(1.0),Mean and median income by educational attainment level,A,Annual,MED_EI,Median equivalised income,EUR,Euro,ED0-2,"Less than primary, primary and lower secondary education (levels 0-2)",T,Total,Y18-64,From 18 to 64 years,FR,France,2024,,19456,,,,,
dataflow,ESTAT:ILC_DI08(1.0),Mean and median income by educational attainment level,A,Annual,MED_EI,Median equivalised income,EUR,Euro,ED0-2,"Less than primary, primary and lower secondary education (levels 0-2)",T,Total,Y18-64,From 18 to 64 years,FR,France,2025,,20204,,,,,
dataflow,ESTAT:ILC_DI08(1.0),Mean and median income by educational attainment level,A,Annual,MED_EI,Median equivalised income,EUR,Euro,ED0-2,"Less than primary, primary and lower secondary education (levels 0-2)",T,Total,Y18-64,From 18 to 64 years,HR,Croatia,2016,,4433,,,,,
dataflow,ESTAT:ILC_DI08(1.0),Mean and median income by educational attainment level,A,Annual,MED_EI,Median equivalised income,EUR,Euro,ED0-2,"Less than primary, primary and lower secondary education (levels 0-2)",T,Total,Y18-64,From 18 to 64 years,HR,Croatia,2017,,4651,,,,,
dataflow,ESTAT:ILC_DI08(1.0),Mean and median income by educational attainment level,A,Annual,MED_EI,Median equivalised income,EUR,Euro,ED0-2,"Less than primary, primary and lower secondary education (levels 0-2)",T,Total,Y18-64,From 18 to 64 years,HR,Croatia,2018,,5022,,,,,
dataflow,ESTAT:ILC_DI08(1.0),Mean and median income by educational attainment level,A,Annual,MED_EI,Median equivalised income,EUR,Euro,ED0-2,"Less than primary, primary and lower secondary education (levels 0-2)",T,Total,Y18-64,From 18 to 64 years,HR,Croatia,2019,,5421,,,,,
dataflow,ESTAT:ILC_DI08(1.0),Mean and median income by educational attainment level,A,Annual,MED_EI,Median equivalised income,EUR,Euro,ED0-2,"Less than primary, primary and lower secondary education (levels 0-2)",T,Total,Y18-64,From 18 to 64 years,HR,Croatia,2020,,6180,,,,,
dataflow,ESTAT:ILC_DI08(1.0),Mean and median income by educational attainment level,A,Annual,MED_EI,Median equivalised income,EUR,Euro,ED0-2,"Less than primary, primary and lower secondary education (levels 0-2)",T,Total,Y18-64,From 18 to 64 years,HR,Croatia,2021,,6061,,,,,
dataflow,ESTAT:ILC_DI08(1.0),Mean and median income by educational attainment level,A,Annual,MED_EI,Median equivalised income,EUR,Euro,ED0-2,"Less than primary, primary and lower secondary education (levels 0-2)",T,Total,Y18-64,From 18 to 64 years,HR,Croatia,2022,,6610,,,,,
dataflow,ESTAT:ILC_DI08(1.0),Mean and median income by educational attainment level,A,Annual,MED_EI,Median equivalised income,EUR,Euro,ED0-2,"Less than primary, primary and lower secondary education (levels 0-2)",T,Total,Y18-64,From 18 to 64 years,HR,Croatia,2023,,7555,,b,break in time series,,
dataflow,ESTAT:ILC_DI08(1.0),Mean and median income by educational attainment level,A,Annual,MED_EI,Median equivalised income,EUR,Euro,ED0-2,"Less than primary, primary and lower secondary education (levels 0-2)",T,Total,Y18-64,From 18 to 64 years,HR,Croatia,2024,,9106,,b,break in time series,,
dataflow,ESTAT:ILC_DI08(1.0),Mean and median income by educational attainment level,A,Annual,MED_EI,Median equivalised income,EUR,Euro,ED0-2,"Less than primary, primary and lower secondary education (levels 0-2)",T,Total,Y18-64,From 18 to 64 years,HR,Croatia,2025,,11400,,,,,
dataflow,ESTAT:ILC_DI08(1.0),Mean and median income by educational attainment level,A,Annual,MED_EI,Median equivalised income,EUR,Euro,ED0-2,"Less than primary, primary and lower secondary education (levels 0-2)",T,Total,Y18-64,From 18 to 64 years,HU,Hungary,2016,,3415,,,,,
dataflow,ESTAT:ILC_DI08(1.0),Mean and median income by educational attainment level,A,Annual,MED_EI,Median equivalised income,EUR,Euro,ED0-2,"Less than primary, primary and lower secondary education (levels 0-2)",T,Total,Y18-64,From 18 to 64 years,HU,Hungary,2017,,3809,,,,,
dataflow,ESTAT:ILC_DI08(1.0),Mean and median income by educational attainment level,A,Annual,MED_EI,Median equivalised income,EUR,Euro,ED0-2,"Less than primary, primary and lower secondary education (levels 0-2)",T,Total,Y18-64,From 18 to 64 years,HU,Hungary,2018,,3878,,,,,
dataflow,ESTAT:ILC_DI08(1.0),Mean and median income by educational attainment level,A,Annual,MED_EI,Median equivalised income,EUR,Euro,ED0-2,"Less than primary, primary and lower secondary education (levels 0-2)",T,Total,Y18-64,From 18 to 64 years,HU,Hungary,2019,,4595,,b,break in time series,,
dataflow,ESTAT:ILC_DI08(1.0),Mean and median income by educational attainment level,A,Annual,MED_EI,Median equivalised income,EUR,Euro,ED0-2,"Less than primary, primary and lower secondary education (levels 0-2)",T,Total,Y18-64,From 18 to 64 years,HU,Hungary,2020,,4322,,,,,
dataflow,ESTAT:ILC_DI08(1.0),Mean and median income by educational attainment level,A,Annual,MED_EI,Median equivalised income,EUR,Euro,ED0-2,"Less than primary, primary and lower secondary education (levels 0-2)",T,Total,Y18-64,From 18 to 64 years,HU,Hungary,2021,,4945,,,,,
dataflow,ESTAT:ILC_DI08(1.0),Mean and median income by educational attainment level,A,Annual,MED_EI,Median equivalised income,EUR,Euro,ED0-2,"Less than primary, primary and lower secondary education (levels 0-2)",T,Total,Y18-64,From 18 to 64 years,HU,Hungary,2022,,5529,,,,,
dataflow,ESTAT:ILC_DI08(1.0),Mean and median income by educational attainment level,A,Annual,MED_EI,Median equivalised income,EUR,Euro,ED0-2,"Less than primary, primary and lower secondary education (levels 0-2)",T,Total,Y18-64,From 18 to 64 years,HU,Hungary,2023,,6077,,,,,
dataflow,ESTAT:ILC_DI08(1.0),Mean and median income by educational attainment level,A,Annual,MED_EI,Median equivalised income,EUR,Euro,ED0-2,"Less than primary, primary and lower secondary education (levels 0-2)",T,Total,Y18-64,From 18 to 64 years,HU,Hungary,2024,,6738,,,,,
dataflow,ESTAT:ILC_DI08(1.0),Mean and median income by educational attainment level,A,Annual,MED_EI,Median equivalised income,EUR,Euro,ED0-2,"Less than primary, primary and lower secondary education (levels 0-2)",T,Total,Y18-64,From 18 to 64 years,HU,Hungary,2025,,6713,,,,,
dataflow,ESTAT:ILC_DI08(1.0),Mean and median income by educational attainment level,A,Annual,MED_EI,Median equivalised income,EUR,Euro,ED0-2,"Less than primary, primary and lower secondary education (levels 0-2)",T,Total,Y18-64,From 18 to 64 years,IE,Ireland,2016,,17572,,,,,
dataflow,ESTAT:ILC_DI08(1.0),Mean and median income by educational attainment level,A,Annual,MED_EI,Median equivalised income,EUR,Euro,ED0-2,"Less than primary, primary and lower secondary education (levels 0-2)",T,Total,Y18-64,From 18 to 64 years,IE,Ireland,2017,,18465,,,,,
dataflow,ESTAT:ILC_DI08(1.0),Mean and median income by educational attainment level,A,Annual,MED_EI,Median equivalised income,EUR,Euro,ED0-2,"Less than primary, primary and lower secondary education (levels 0-2)",T,Total,Y18-64,From 18 to 64 years,IE,Ireland,2018,,19529,,,,,
dataflow,ESTAT:ILC_DI08(1.0),Mean and median income by educational attainment level,A,Annual,MED_EI,Median equivalised income,EUR,Euro,ED0-2,"Less than primary, primary and lower secondary education (levels 0-2)",T,Total,Y18-64,From 18 to 64 years,IE,Ireland,2019,,20119,,b,break in time series,,
dataflow,ESTAT:ILC_DI08(1.0),Mean and median income by educational attainment level,A,Annual,MED_EI,Median equivalised income,EUR,Euro,ED0-2,"Less than primary, primary and lower secondary education (levels 0-2)",T,Total,Y18-64,From 18 to 64 years,IE,Ireland,2020,,21597,,b,break in time series,,
dataflow,ESTAT:ILC_DI08(1.0),Mean and median income by educational attainment level,A,Annual,MED_EI,Median equivalised income,EUR,Euro,ED0-2,"Less than primary, primary and lower secondary education (levels 0-2)",T,Total,Y18-64,From 18 to 64 years,IE,Ireland,2021,,22390,,,,,
dataflow,ESTAT:ILC_DI08(1.0),Mean and median income by educational attainment level,A,Annual,MED_EI,Median equivalised income,EUR,Euro,ED0-2,"Less than primary, primary and lower secondary education (levels 0-2)",T,Total,Y18-64,From 18 to 64 years,IE,Ireland,2022,,23856,,,,,
dataflow,ESTAT:ILC_DI08(1.0),Mean and median income by educational attainment level,A,Annual,MED_EI,Median equivalised income,EUR,Euro,ED0-2,"Less than primary, primary and lower secondary education (levels 0-2)",T,Total,Y18-64,From 18 to 64 years,IE,Ireland,2023,,25470,,,,,
dataflow,ESTAT:ILC_DI08(1.0),Mean and median income by educational attainment level,A,Annual,MED_EI,Median equivalised income,EUR,Euro,ED0-2,"Less than primary, primary and lower secondary education (levels 0-2)",T,Total,Y18-64,From 18 to 64 years,IE,Ireland,2024,,26582,,,,,
dataflow,ESTAT:ILC_DI08(1.0),Mean and median income by educational attainment level,A,Annual,MED_EI,Median equivalised income,EUR,Euro,ED0-2,"Less than primary, primary and lower secondary education (levels 0-2)",T,Total,Y18-64,From 18 to 64 years,IE,Ireland,2025,,27954,,,,,
dataflow,ESTAT:ILC_DI08(1.0),Mean and median income by educational attainment level,A,Annual,MED_EI,Median equivalised income,EUR,Euro,ED0-2,"Less than primary, primary and lower secondary education (levels 0-2)",T,Total,Y18-64,From 18 to 64 years,IS,Iceland,2016,,28262,,,,,
dataflow,ESTAT:ILC_DI08(1.0),Mean and median income by educational attainment level,A,Annual,MED_EI,Median equivalised income,EUR,Euro,ED0-2,"Less than primary, primary and lower secondary education (levels 0-2)",T,Total,Y18-64,From 18 to 64 years,IS,Iceland,2017,,33611,,,,,
dataflow,ESTAT:ILC_DI08(1.0),Mean and median income by educational attainment level,A,Annual,MED_EI,Median equivalised income,EUR,Euro,ED0-2,"Less than primary, primary and lower secondary education (levels 0-2)",T,Total,Y18-64,From 18 to 64 years,IS,Iceland,2018,,38524,,,,,
dataflow,ESTAT:ILC_DI08(1.0),Mean and median income by educational attainment level,A,Annual,MED_EI,Median equivalised income,EUR,Euro,ED0-2,"Less than primary, primary and lower secondary education (levels 0-2)",T,Total,Y18-64,From 18 to 64 years,IS,Iceland,2019,,36219,,,,,
dataflow,ESTAT:ILC_DI08(1.0),Mean and median income by educational attainment level,A,Annual,MED_EI,Median equivalised income,EUR,Euro,ED0-2,"Less than primary, primary and lower secondary education (levels 0-2)",T,Total,Y18-64,From 18 to 64 years,IS,Iceland,2020,,34232,,,,,
dataflow,ESTAT:ILC_DI08(1.0),Mean and median income by educational attainment level,A,Annual,MED_EI,Median equivalised income,EUR,Euro,ED0-2,"Less than primary, primary and lower secondary education (levels 0-2)",T,Total,Y18-64,From 18 to 64 years,IT,Italy,2016,,12957,,,,,
dataflow,ESTAT:ILC_DI08(1.0),Mean and median income by educational attainment level,A,Annual,MED_EI,Median equivalised income,EUR,Euro,ED0-2,"Less than primary, primary and lower secondary education (levels 0-2)",T,Total,Y18-64,From 18 to 64 years,IT,Italy,2017,,13485,,,,,
dataflow,ESTAT:ILC_DI08(1.0),Mean and median income by educational attainment level,A,Annual,MED_EI,Median equivalised income,EUR,Euro,ED0-2,"Less than primary, primary and lower secondary education (levels 0-2)",T,Total,Y18-64,From 18 to 64 years,IT,Italy,2018,,13657,,,,,
dataflow,ESTAT:ILC_DI08(1.0),Mean and median income by educational attainment level,A,Annual,MED_EI,Median equivalised income,EUR,Euro,ED0-2,"Less than primary, primary and lower secondary education (levels 0-2)",T,Total,Y18-64,From 18 to 64 years,IT,Italy,2019,,14377,,,,,
dataflow,ESTAT:ILC_DI08(1.0),Mean and median income by educational attainment level,A,Annual,MED_EI,Median equivalised income,EUR,Euro,ED0-2,"Less than primary, primary and lower secondary education (levels 0-2)",T,Total,Y18-64,From 18 to 64 years,IT,Italy,2020,,14640,,,,,
dataflow,ESTAT:ILC_DI08(1.0),Mean and median income by educational attainment level,A,Annual,MED_EI,Median equivalised income,EUR,Euro,ED0-2,"Less than primary, primary and lower secondary education (levels 0-2)",T,Total,Y18-64,From 18 to 64 years,IT,Italy,2021,,14571,,,,,
dataflow,ESTAT:ILC_DI08(1.0),Mean and median income by educational attainment level,A,Annual,MED_EI,Median equivalised income,EUR,Euro,ED0-2,"Less than primary, primary and lower secondary education (levels 0-2)",T,Total,Y18-64,From 18 to 64 years,IT,Italy,2022,,15252,,,,,
dataflow,ESTAT:ILC_DI08(1.0),Mean and median income by educational attainment level,A,Annual,MED_EI,Median equivalised income,EUR,Euro,ED0-2,"Less than primary, primary and lower secondary education (levels 0-2)",T,Total,Y18-64,From 18 to 64 years,IT,Italy,2023,,16475,,,,,
dataflow,ESTAT:ILC_DI08(1.0),Mean and median income by educational attainment level,A,Annual,MED_EI,Median equivalised income,EUR,Euro,ED0-2,"Less than primary, primary and lower secondary education (levels 0-2)",T,Total,Y18-64,From 18 to 64 years,IT,Italy,2024,,17148,,,,,
dataflow,ESTAT:ILC_DI08(1.0),Mean and median income by educational attainment level,A,Annual,MED_EI,Median equivalised income,EUR,Euro,ED0-2,"Less than primary, primary and lower secondary education (levels 0-2)",T,Total,Y18-64,From 18 to 64 years,IT,Italy,2025,,17765,,,,,
dataflow,ESTAT:ILC_DI08(1.0),Mean and median income by educational attainment level,A,Annual,MED_EI,Median equivalised income,EUR,Euro,ED0-2,"Less than primary, primary and lower secondary education (levels 0-2)",T,Total,Y18-64,From 18 to 64 years,LT,Lithuania,2016,,3817,,,,,
dataflow,ESTAT:ILC_DI08(1.0),Mean and median income by educational attainment level,A,Annual,MED_EI,Median equivalised income,EUR,Euro,ED0-2,"Less than primary, primary and lower secondary education (levels 0-2)",T,Total,Y18-64,From 18 to 64 years,LT,Lithuania,2017,,4047,,,,,
dataflow,ESTAT:ILC_DI08(1.0),Mean and median income by educational attainment level,A,Annual,MED_EI,Median equivalised income,EUR,Euro,ED0-2,"Less than primary, primary and lower secondary education (levels 0-2)",T,Total,Y18-64,From 18 to 64 years,LT,Lithuania,2018,,4828,,,,,
dataflow,ESTAT:ILC_DI08(1.0),Mean and median income by educational attainment level,A,Annual,MED_EI,Median equivalised income,EUR,Euro,ED0-2,"Less than primary, primary and lower secondary education (levels 0-2)",T,Total,Y18-64,From 18 to 64 years,LT,Lithuania,2019,,5345,,,,,
dataflow,ESTAT:ILC_DI08(1.0),Mean and median income by educational attainment level,A,Annual,MED_EI,Median equivalised income,EUR,Euro,ED0-2,"Less than primary, primary and lower secondary education (levels 0-2)",T,Total,Y18-64,From 18 to 64 years,LT,Lithuania,2020,,6536,,,,,
dataflow,ESTAT:ILC_DI08(1.0),Mean and median income by educational attainment level,A,Annual,MED_EI,Median equivalised income,EUR,Euro,ED0-2,"Less than primary, primary and lower secondary education (levels 0-2)",T,Total,Y18-64,From 18 to 64 years,LT,Lithuania,2021,,7543,,,,,
dataflow,ESTAT:ILC_DI08(1.0),Mean and median income by educational attainment level,A,Annual,MED_EI,Median equivalised income,EUR,Euro,ED0-2,"Less than primary, primary and lower secondary education (levels 0-2)",T,Total,Y18-64,From 18 to 64 years,LT,Lithuania,2022,,8226,,,,,
dataflow,ESTAT:ILC_DI08(1.0),Mean and median income by educational attainment level,A,Annual,MED_EI,Median equivalised income,EUR,Euro,ED0-2,"Less than primary, primary and lower secondary education (levels 0-2)",T,Total,Y18-64,From 18 to 64 years,LT,Lithuania,2023,,8609,,,,,
dataflow,ESTAT:ILC_DI08(1.0),Mean and median income by educational attainment level,A,Annual,MED_EI,Median equivalised income,EUR,Euro,ED0-2,"Less than primary, primary and lower secondary education (levels 0-2)",T,Total,Y18-64,From 18 to 64 years,LT,Lithuania,2024,,9443,,p,provisional,,
dataflow,ESTAT:ILC_DI08(1.0),Mean and median income by educational attainment level,A,Annual,MED_EI,Median equivalised income,EUR,Euro,ED0-2,"Less than primary, primary and lower secondary education (levels 0-2)",T,Total,Y18-64,From 18 to 64 years,LT,Lithuania,2025,,10748,,p,provisional,,
dataflow,ESTAT:ILC_DI08(1.0),Mean and median income by educational attainment level,A,Annual,MED_EI,Median equivalised income,EUR,Euro,ED0-2,"Less than primary, primary and lower secondary education (levels 0-2)",T,Total,Y18-64,From 18 to 64 years,LU,Luxembourg,2016,,26552,,b,break in time series,,
dataflow,ESTAT:ILC_DI08(1.0),Mean and median income by educational attainment level,A,Annual,MED_EI,Median equivalised income,EUR,Euro,ED0-2,"Less than primary, primary and lower secondary education (levels 0-2)",T,Total,Y18-64,From 18 to 64 years,LU,Luxembourg,2017,,28826,,,,,
dataflow,ESTAT:ILC_DI08(1.0),Mean and median income by educational attainment level,A,Annual,MED_EI,Median equivalised income,EUR,Euro,ED0-2,"Less than primary, primary and lower secondary education (levels 0-2)",T,Total,Y18-64,From 18 to 64 years,LU,Luxembourg,2018,,27152,,,,,
dataflow,ESTAT:ILC_DI08(1.0),Mean and median income by educational attainment level,A,Annual,MED_EI,Median equivalised income,EUR,Euro,ED0-2,"Less than primary, primary and lower secondary education (levels 0-2)",T,Total,Y18-64,From 18 to 64 years,LU,Luxembourg,2019,,28469,,,,,
dataflow,ESTAT:ILC_DI08(1.0),Mean and median income by educational attainment level,A,Annual,MED_EI,Median equivalised income,EUR,Euro,ED0-2,"Less than primary, primary and lower secondary education (levels 0-2)",T,Total,Y18-64,From 18 to 64 years,LU,Luxembourg,2020,,27263,,b,break in time series,,
dataflow,ESTAT:ILC_DI08(1.0),Mean and median income by educational attainment level,A,Annual,MED_EI,Median equivalised income,EUR,Euro,ED0-2,"Less than primary, primary and lower secondary education (levels 0-2)",T,Total,Y18-64,From 18 to 64 years,LU,Luxembourg,2021,,30842,,b,break in time series,,
dataflow,ESTAT:ILC_DI08(1.0),Mean and median income by educational attainment level,A,Annual,MED_EI,Median equivalised income,EUR,Euro,ED0-2,"Less than primary, primary and lower secondary education (levels 0-2)",T,Total,Y18-64,From 18 to 64 years,LU,Luxembourg,2022,,34043,,b,break in time series,,
dataflow,ESTAT:ILC_DI08(1.0),Mean and median income by educational attainment level,A,Annual,MED_EI,Median equivalised income,EUR,Euro,ED0-2,"Less than primary, primary and lower secondary education (levels 0-2)",T,Total,Y18-64,From 18 to 64 years,LU,Luxembourg,2023,,33496,,,,,
dataflow,ESTAT:ILC_DI08(1.0),Mean and median income by educational attainment level,A,Annual,MED_EI,Median equivalised income,EUR,Euro,ED0-2,"Less than primary, primary and lower secondary education (levels 0-2)",T,Total,Y18-64,From 18 to 64 years,LU,Luxembourg,2024,,33457,,,,,
dataflow,ESTAT:ILC_DI08(1.0),Mean and median income by educational attainment level,A,Annual,MED_EI,Median equivalised income,EUR,Euro,ED0-2,"Less than primary, primary and lower secondary education (levels 0-2)",T,Total,Y18-64,From 18 to 64 years,LU,Luxembourg,2025,,37672,,b,break in time series,,
dataflow,ESTAT:ILC_DI08(1.0),Mean and median income by educational attainment level,A,Annual,MED_EI,Median equivalised income,EUR,Euro,ED0-2,"Less than primary, primary and lower secondary education (levels 0-2)",T,Total,Y18-64,From 18 to 64 years,LV,Latvia,2016,,4722,,,,,
dataflow,ESTAT:ILC_DI08(1.0),Mean and median income by educational attainment level,A,Annual,MED_EI,Median equivalised income,EUR,Euro,ED0-2,"Less than primary, primary and lower secondary education (levels 0-2)",T,Total,Y18-64,From 18 to 64 years,LV,Latvia,2017,,4936,,,,,
dataflow,ESTAT:ILC_DI08(1.0),Mean and median income by educational attainment level,A,Annual,MED_EI,Median equivalised income,EUR,Euro,ED0-2,"Less than primary, primary and lower secondary education (levels 0-2)",T,Total,Y18-64,From 18 to 64 years,LV,Latvia,2018,,5612,,,,,
dataflow,ESTAT:ILC_DI08(1.0),Mean and median income by educational attainment level,A,Annual,MED_EI,Median equivalised income,EUR,Euro,ED0-2,"Less than primary, primary and lower secondary education (levels 0-2)",T,Total,Y18-64,From 18 to 64 years,LV,Latvia,2019,,6227,,,,,
dataflow,ESTAT:ILC_DI08(1.0),Mean and median income by educational attainment level,A,Annual,MED_EI,Median equivalised income,EUR,Euro,ED0-2,"Less than primary, primary and lower secondary education (levels 0-2)",T,Total,Y18-64,From 18 to 64 years,LV,Latvia,2020,,6993,,,,,
dataflow,ESTAT:ILC_DI08(1.0),Mean and median income by educational attainment level,A,Annual,MED_EI,Median equivalised income,EUR,Euro,ED0-2,"Less than primary, primary and lower secondary education (levels 0-2)",T,Total,Y18-64,From 18 to 64 years,LV,Latvia,2021,,6798,,,,,
dataflow,ESTAT:ILC_DI08(1.0),Mean and median income by educational attainment level,A,Annual,MED_EI,Median equivalised income,EUR,Euro,ED0-2,"Less than primary, primary and lower secondary education (levels 0-2)",T,Total,Y18-64,From 18 to 64 years,LV,Latvia,2022,,7654,,,,,
dataflow,ESTAT:ILC_DI08(1.0),Mean and median income by educational attainment level,A,Annual,MED_EI,Median equivalised income,EUR,Euro,ED0-2,"Less than primary, primary and lower secondary education (levels 0-2)",T,Total,Y18-64,From 18 to 64 years,LV,Latvia,2023,,9235,,,,,
dataflow,ESTAT:ILC_DI08(1.0),Mean and median income by educational attainment level,A,Annual,MED_EI,Median equivalised income,EUR,Euro,ED0-2,"Less than primary, primary and lower secondary education (levels 0-2)",T,Total,Y18-64,From 18 to 64 years,LV,Latvia,2024,,10325,,,,,
dataflow,ESTAT:ILC_DI08(1.0),Mean and median income by educational attainment level,A,Annual,MED_EI,Median equivalised income,EUR,Euro,ED0-2,"Less than primary, primary and lower secondary education (levels 0-2)",T,Total,Y18-64,From 18 to 64 years,LV,Latvia,2025,,10788,,,,,
dataflow,ESTAT:ILC_DI08(1.0),Mean and median income by educational attainment level,A,Annual,MED_EI,Median equivalised income,EUR,Euro,ED0-2,"Less than primary, primary and lower secondary education (levels 0-2)",T,Total,Y18-64,From 18 to 64 years,ME,Montenegro,2016,,2039,,,,,
dataflow,ESTAT:ILC_DI08(1.0),Mean and median income by educational attainment level,A,Annual,MED_EI,Median equivalised income,EUR,Euro,ED0-2,"Less than primary, primary and lower secondary education (levels 0-2)",T,Total,Y18-64,From 18 to 64 years,ME,Montenegro,2017,,2220,,,,,
dataflow,ESTAT:ILC_DI08(1.0),Mean and median income by educational attainment level,A,Annual,MED_EI,Median equivalised income,EUR,Euro,ED0-2,"Less than primary, primary and lower secondary education (levels 0-2)",T,Total,Y18-64,From 18 to 64 years,ME,Montenegro,2018,,2145,,,,,
dataflow,ESTAT:ILC_DI08(1.0),Mean and median income by educational attainment level,A,Annual,MED_EI,Median equivalised income,EUR,Euro,ED0-2,"Less than primary, primary and lower secondary education (levels 0-2)",T,Total,Y18-64,From 18 to 64 years,ME,Montenegro,2019,,2358,,,,,
dataflow,ESTAT:ILC_DI08(1.0),Mean and median income by educational attainment level,A,Annual,MED_EI,Median equivalised income,EUR,Euro,ED0-2,"Less than primary, primary and lower secondary education (levels 0-2)",T,Total,Y18-64,From 18 to 64 years,ME,Montenegro,2020,,2567,,,,,
dataflow,ESTAT:ILC_DI08(1.0),Mean and median income by educational attainment level,A,Annual,MED_EI,Median equivalised income,EUR,Euro,ED0-2,"Less than primary, primary and lower secondary education (levels 0-2)",T,Total,Y18-64,From 18 to 64 years,ME,Montenegro,2021,,2595,,,,,
dataflow,ESTAT:ILC_DI08(1.0),Mean and median income by educational attainment level,A,Annual,MED_EI,Median equivalised income,EUR,Euro,ED0-2,"Less than primary, primary and lower secondary education (levels 0-2)",T,Total,Y18-64,From 18 to 64 years,ME,Montenegro,2022,,3218,,,,,
dataflow,ESTAT:ILC_DI08(1.0),Mean and median income by educational attainment level,A,Annual,MED_EI,Median equivalised income,EUR,Euro,ED0-2,"Less than primary, primary and lower secondary education (levels 0-2)",T,Total,Y18-64,From 18 to 64 years,ME,Montenegro,2023,,3983,,,,,
dataflow,ESTAT:ILC_DI08(1.0),Mean and median income by educational attainment level,A,Annual,MED_EI,Median equivalised income,EUR,Euro,ED0-2,"Less than primary, primary and lower secondary education (levels 0-2)",T,Total,Y18-64,From 18 to 64 years,MK,North Macedonia,2016,,1638,,,,,
dataflow,ESTAT:ILC_DI08(1.0),Mean and median income by educational attainment level,A,Annual,MED_EI,Median equivalised income,EUR,Euro,ED0-2,"Less than primary, primary and lower secondary education (levels 0-2)",T,Total,Y18-64,From 18 to 64 years,MK,North Macedonia,2017,,1670,,,,,
dataflow,ESTAT:ILC_DI08(1.0),Mean and median income by educational attainment level,A,Annual,MED_EI,Median equivalised income,EUR,Euro,ED0-2,"Less than primary, primary and lower secondary education (levels 0-2)",T,Total,Y18-64,From 18 to 64 years,MK,North Macedonia,2018,,1824,,,,,
dataflow,ESTAT:ILC_DI08(1.0),Mean and median income by educational attainment level,A,Annual,MED_EI,Median equivalised income,EUR,Euro,ED0-2,"Less than primary, primary and lower secondary education (levels 0-2)",T,Total,Y18-64,From 18 to 64 years,MK,North Macedonia,2019,,1868,,,,,
dataflow,ESTAT:ILC_DI08(1.0),Mean and median income by educational attainment level,A,Annual,MED_EI,Median equivalised income,EUR,Euro,ED0-2,"Less than primary, primary and lower secondary education (levels 0-2)",T,Total,Y18-64,From 18 to 64 years,MK,North Macedonia,2020,,2059,,,,,
dataflow,ESTAT:ILC_DI08(1.0),Mean and median income by educational attainment level,A,Annual,MED_EI,Median equivalised income,EUR,Euro,ED0-2,"Less than primary, primary and lower secondary education (levels 0-2)",T,Total,Y18-64,From 18 to 64 years,MK,North Macedonia,2021,,2197,,b,break in time series,,
dataflow,ESTAT:ILC_DI08(1.0),Mean and median income by educational attainment level,A,Annual,MED_EI,Median equivalised income,EUR,Euro,ED0-2,"Less than primary, primary and lower secondary education (levels 0-2)",T,Total,Y18-64,From 18 to 64 years,MK,North Macedonia,2022,,2396,,,,,
dataflow,ESTAT:ILC_DI08(1.0),Mean and median income by educational attainment level,A,Annual,MED_EI,Median equivalised income,EUR,Euro,ED0-2,"Less than primary, primary and lower secondary education (levels 0-2)",T,Total,Y18-64,From 18 to 64 years,MK,North Macedonia,2023,,2862,,,,,
dataflow,ESTAT:ILC_DI08(1.0),Mean and median income by educational attainment level,A,Annual,MED_EI,Median equivalised income,EUR,Euro,ED0-2,"Less than primary, primary and lower secondary education (levels 0-2)",T,Total,Y18-64,From 18 to 64 years,MK,North Macedonia,2024,,3249,,,,,
dataflow,ESTAT:ILC_DI08(1.0),Mean and median income by educational attainment level,A,Annual,MED_EI,Median equivalised income,EUR,Euro,ED0-2,"Less than primary, primary and lower secondary education (levels 0-2)",T,Total,Y18-64,From 18 to 64 years,MT,Malta,2016,,12137,,,,,
dataflow,ESTAT:ILC_DI08(1.0),Mean and median income by educational attainment level,A,Annual,MED_EI,Median equivalised income,EUR,Euro,ED0-2,"Less than primary, primary and lower secondary education (levels 0-2)",T,Total,Y18-64,From 18 to 64 years,MT,Malta,2017,,13005,,,,,
dataflow,ESTAT:ILC_DI08(1.0),Mean and median income by educational attainment level,A,Annual,MED_EI,Median equivalised income,EUR,Euro,ED0-2,"Less than primary, primary and lower secondary education (levels 0-2)",T,Total,Y18-64,From 18 to 64 years,MT,Malta,2018,,13324,,,,,
dataflow,ESTAT:ILC_DI08(1.0),Mean and median income by educational attainment level,A,Annual,MED_EI,Median equivalised income,EUR,Euro,ED0-2,"Less than primary, primary and lower secondary education (levels 0-2)",T,Total,Y18-64,From 18 to 64 years,MT,Malta,2019,,13992,,,,,
dataflow,ESTAT:ILC_DI08(1.0),Mean and median income by educational attainment level,A,Annual,MED_EI,Median equivalised income,EUR,Euro,ED0-2,"Less than primary, primary and lower secondary education (levels 0-2)",T,Total,Y18-64,From 18 to 64 years,MT,Malta,2020,,14462,,,,,
dataflow,ESTAT:ILC_DI08(1.0),Mean and median income by educational attainment level,A,Annual,MED_EI,Median equivalised income,EUR,Euro,ED0-2,"Less than primary, primary and lower secondary education (levels 0-2)",T,Total,Y18-64,From 18 to 64 years,MT,Malta,2021,,15105,,,,,
dataflow,ESTAT:ILC_DI08(1.0),Mean and median income by educational attainment level,A,Annual,MED_EI,Median equivalised income,EUR,Euro,ED0-2,"Less than primary, primary and lower secondary education (levels 0-2)",T,Total,Y18-64,From 18 to 64 years,MT,Malta,2022,,15633,,,,,
dataflow,ESTAT:ILC_DI08(1.0),Mean and median income by educational attainment level,A,Annual,MED_EI,Median equivalised income,EUR,Euro,ED0-2,"Less than primary, primary and lower secondary education (levels 0-2)",T,Total,Y18-64,From 18 to 64 years,MT,Malta,2023,,17335,,,,,
dataflow,ESTAT:ILC_DI08(1.0),Mean and median income by educational attainment level,A,Annual,MED_EI,Median equivalised income,EUR,Euro,ED0-2,"Less than primary, primary and lower secondary education (levels 0-2)",T,Total,Y18-64,From 18 to 64 years,MT,Malta,2024,,18277,,,,,
dataflow,ESTAT:ILC_DI08(1.0),Mean and median income by educational attainment level,A,Annual,MED_EI,Median equivalised income,EUR,Euro,ED0-2,"Less than primary, primary and lower secondary education (levels 0-2)",T,Total,Y18-64,From 18 to 64 years,MT,Malta,2025,,19557,,,,,
dataflow,ESTAT:ILC_DI08(1.0),Mean and median income by educational attainment level,A,Annual,MED_EI,Median equivalised income,EUR,Euro,ED0-2,"Less than primary, primary and lower secondary education (levels 0-2)",T,Total,Y18-64,From 18 to 64 years,NL,Netherlands,2016,,19604,,b,break in time series,,
dataflow,ESTAT:ILC_DI08(1.0),Mean and median income by educational attainment level,A,Annual,MED_EI,Median equivalised income,EUR,Euro,ED0-2,"Less than primary, primary and lower secondary education (levels 0-2)",T,Total,Y18-64,From 18 to 64 years,NL,Netherlands,2017,,20560,,,,,
dataflow,ESTAT:ILC_DI08(1.0),Mean and median income by educational attainment level,A,Annual,MED_EI,Median equivalised income,EUR,Euro,ED0-2,"Less than primary, primary and lower secondary education (levels 0-2)",T,Total,Y18-64,From 18 to 64 years,NL,Netherlands,2018,,21283,,,,,
dataflow,ESTAT:ILC_DI08(1.0),Mean and median income by educational attainment level,A,Annual,MED_EI,Median equivalised income,EUR,Euro,ED0-2,"Less than primary, primary and lower secondary education (levels 0-2)",T,Total,Y18-64,From 18 to 64 years,NL,Netherlands,2019,,22165,,,,,
dataflow,ESTAT:ILC_DI08(1.0),Mean and median income by educational attainment level,A,Annual,MED_EI,Median equivalised income,EUR,Euro,ED0-2,"Less than primary, primary and lower secondary education (levels 0-2)",T,Total,Y18-64,From 18 to 64 years,NL,Netherlands,2020,,23168,,,,,
dataflow,ESTAT:ILC_DI08(1.0),Mean and median income by educational attainment level,A,Annual,MED_EI,Median equivalised income,EUR,Euro,ED0-2,"Less than primary, primary and lower secondary education (levels 0-2)",T,Total,Y18-64,From 18 to 64 years,NL,Netherlands,2021,,24644,,,,,
dataflow,ESTAT:ILC_DI08(1.0),Mean and median income by educational attainment level,A,Annual,MED_EI,Median equivalised income,EUR,Euro,ED0-2,"Less than primary, primary and lower secondary education (levels 0-2)",T,Total,Y18-64,From 18 to 64 years,NL,Netherlands,2022,,26394,,,,,
dataflow,ESTAT:ILC_DI08(1.0),Mean and median income by educational attainment level,A,Annual,MED_EI,Median equivalised income,EUR,Euro,ED0-2,"Less than primary, primary and lower secondary education (levels 0-2)",T,Total,Y18-64,From 18 to 64 years,NL,Netherlands,2023,,24822,,,,,
dataflow,ESTAT:ILC_DI08(1.0),Mean and median income by educational attainment level,A,Annual,MED_EI,Median equivalised income,EUR,Euro,ED0-2,"Less than primary, primary and lower secondary education (levels 0-2)",T,Total,Y18-64,From 18 to 64 years,NL,Netherlands,2024,,27941,,,,,
dataflow,ESTAT:ILC_DI08(1.0),Mean and median income by educational attainment level,A,Annual,MED_EI,Median equivalised income,EUR,Euro,ED0-2,"Less than primary, primary and lower secondary education (levels 0-2)",T,Total,Y18-64,From 18 to 64 years,NL,Netherlands,2025,,31199,,,,,
dataflow,ESTAT:ILC_DI08(1.0),Mean and median income by educational attainment level,A,Annual,MED_EI,Median equivalised income,EUR,Euro,ED0-2,"Less than primary, primary and lower secondary education (levels 0-2)",T,Total,Y18-64,From 18 to 64 years,NO,Norway,2016,,35135,,,,,
dataflow,ESTAT:ILC_DI08(1.0),Mean and median income by educational attainment level,A,Annual,MED_EI,Median equivalised income,EUR,Euro,ED0-2,"Less than primary, primary and lower secondary education (levels 0-2)",T,Total,Y18-64,From 18 to 64 years,NO,Norway,2017,,33605,,,,,
dataflow,ESTAT:ILC_DI08(1.0),Mean and median income by educational attainment level,A,Annual,MED_EI,Median equivalised income,EUR,Euro,ED0-2,"Less than primary, primary and lower secondary education (levels 0-2)",T,Total,Y18-64,From 18 to 64 years,NO,Norway,2018,,33821,,,,,
dataflow,ESTAT:ILC_DI08(1.0),Mean and median income by educational attainment level,A,Annual,MED_EI,Median equivalised income,EUR,Euro,ED0-2,"Less than primary, primary and lower secondary education (levels 0-2)",T,Total,Y18-64,From 18 to 64 years,NO,Norway,2019,,33676,,,,,
dataflow,ESTAT:ILC_DI08(1.0),Mean and median income by educational attainment level,A,Annual,MED_EI,Median equivalised income,EUR,Euro,ED0-2,"Less than primary, primary and lower secondary education (levels 0-2)",T,Total,Y18-64,From 18 to 64 years,NO,Norway,2020,,35852,,,,,
dataflow,ESTAT:ILC_DI08(1.0),Mean and median income by educational attainment level,A,Annual,MED_EI,Median equivalised income,EUR,Euro,ED0-2,"Less than primary, primary and lower secondary education (levels 0-2)",T,Total,Y18-64,From 18 to 64 years,NO,Norway,2021,,31738,,b,break in time series,,
dataflow,ESTAT:ILC_DI08(1.0),Mean and median income by educational attainment level,A,Annual,MED_EI,Median equivalised income,EUR,Euro,ED0-2,"Less than primary, primary and lower secondary education (levels 0-2)",T,Total,Y18-64,From 18 to 64 years,NO,Norway,2022,,35017,,,,,
dataflow,ESTAT:ILC_DI08(1.0),Mean and median income by educational attainment level,A,Annual,MED_EI,Median equivalised income,EUR,Euro,ED0-2,"Less than primary, primary and lower secondary education (levels 0-2)",T,Total,Y18-64,From 18 to 64 years,NO,Norway,2023,,38379,,b,break in time series,,
dataflow,ESTAT:ILC_DI08(1.0),Mean and median income by educational attainment level,A,Annual,MED_EI,Median equivalised income,EUR,Euro,ED0-2,"Less than primary, primary and lower secondary education (levels 0-2)",T,Total,Y18-64,From 18 to 64 years,NO,Norway,2024,,36467,,,,,
dataflow,ESTAT:ILC_DI08(1.0),Mean and median income by educational attainment level,A,Annual,MED_EI,Median equivalised income,EUR,Euro,ED0-2,"Less than primary, primary and lower secondary education (levels 0-2)",T,Total,Y18-64,From 18 to 64 years,NO,Norway,2025,,37792,,,,,
dataflow,ESTAT:ILC_DI08(1.0),Mean and median income by educational attainment level,A,Annual,MED_EI,Median equivalised income,EUR,Euro,ED0-2,"Less than primary, primary and lower secondary education (levels 0-2)",T,Total,Y18-64,From 18 to 64 years,PL,Poland,2016,,4277,,,,,
dataflow,ESTAT:ILC_DI08(1.0),Mean and median income by educational attainment level,A,Annual,MED_EI,Median equivalised income,EUR,Euro,ED0-2,"Less than primary, primary and lower secondary education (levels 0-2)",T,Total,Y18-64,From 18 to 64 years,PL,Poland,2017,,4536,,,,,
dataflow,ESTAT:ILC_DI08(1.0),Mean and median income by educational attainment level,A,Annual,MED_EI,Median equivalised income,EUR,Euro,ED0-2,"Less than primary, primary and lower secondary education (levels 0-2)",T,Total,Y18-64,From 18 to 64 years,PL,Poland,2018,,5037,,,,,
dataflow,ESTAT:ILC_DI08(1.0),Mean and median income by educational attainment level,A,Annual,MED_EI,Median equivalised income,EUR,Euro,ED0-2,"Less than primary, primary and lower secondary education (levels 0-2)",T,Total,Y18-64,From 18 to 64 years,PL,Poland,2019,,5484,,,,,
dataflow,ESTAT:ILC_DI08(1.0),Mean and median income by educational attainment level,A,Annual,MED_EI,Median equivalised income,EUR,Euro,ED0-2,"Less than primary, primary and lower secondary education (levels 0-2)",T,Total,Y18-64,From 18 to 64 years,PL,Poland,2020,,6028,,,,,
dataflow,ESTAT:ILC_DI08(1.0),Mean and median income by educational attainment level,A,Annual,MED_EI,Median equivalised income,EUR,Euro,ED0-2,"Less than primary, primary and lower secondary education (levels 0-2)",T,Total,Y18-64,From 18 to 64 years,PL,Poland,2021,,6423,,,,,
dataflow,ESTAT:ILC_DI08(1.0),Mean and median income by educational attainment level,A,Annual,MED_EI,Median equivalised income,EUR,Euro,ED0-2,"Less than primary, primary and lower secondary education (levels 0-2)",T,Total,Y18-64,From 18 to 64 years,PL,Poland,2022,,7230,,,,,
dataflow,ESTAT:ILC_DI08(1.0),Mean and median income by educational attainment level,A,Annual,MED_EI,Median equivalised income,EUR,Euro,ED0-2,"Less than primary, primary and lower secondary education (levels 0-2)",T,Total,Y18-64,From 18 to 64 years,PL,Poland,2023,,7571,,,,,
dataflow,ESTAT:ILC_DI08(1.0),Mean and median income by educational attainment level,A,Annual,MED_EI,Median equivalised income,EUR,Euro,ED0-2,"Less than primary, primary and lower secondary education (levels 0-2)",T,Total,Y18-64,From 18 to 64 years,PL,Poland,2024,,9185,,,,,
dataflow,ESTAT:ILC_DI08(1.0),Mean and median income by educational attainment level,A,Annual,MED_EI,Median equivalised income,EUR,Euro,ED0-2,"Less than primary, primary and lower secondary education (levels 0-2)",T,Total,Y18-64,From 18 to 64 years,PL,Poland,2025,,11280,,,,,
dataflow,ESTAT:ILC_DI08(1.0),Mean and median income by educational attainment level,A,Annual,MED_EI,Median equivalised income,EUR,Euro,ED0-2,"Less than primary, primary and lower secondary education (levels 0-2)",T,Total,Y18-64,From 18 to 64 years,PT,Portugal,2016,,7630,,,,,
dataflow,ESTAT:ILC_DI08(1.0),Mean and median income by educational attainment level,A,Annual,MED_EI,Median equivalised income,EUR,Euro,ED0-2,"Less than primary, primary and lower secondary education (levels 0-2)",T,Total,Y18-64,From 18 to 64 years,PT,Portugal,2017,,7957,,,,,
dataflow,ESTAT:ILC_DI08(1.0),Mean and median income by educational attainment level,A,Annual,MED_EI,Median equivalised income,EUR,Euro,ED0-2,"Less than primary, primary and lower secondary education (levels 0-2)",T,Total,Y18-64,From 18 to 64 years,PT,Portugal,2018,,8251,,,,,
dataflow,ESTAT:ILC_DI08(1.0),Mean and median income by educational attainment level,A,Annual,MED_EI,Median equivalised income,EUR,Euro,ED0-2,"Less than primary, primary and lower secondary education (levels 0-2)",T,Total,Y18-64,From 18 to 64 years,PT,Portugal,2019,,8832,,,,,
dataflow,ESTAT:ILC_DI08(1.0),Mean and median income by educational attainment level,A,Annual,MED_EI,Median equivalised income,EUR,Euro,ED0-2,"Less than primary, primary and lower secondary education (levels 0-2)",T,Total,Y18-64,From 18 to 64 years,PT,Portugal,2020,,9291,,,,,
dataflow,ESTAT:ILC_DI08(1.0),Mean and median income by educational attainment level,A,Annual,MED_EI,Median equivalised income,EUR,Euro,ED0-2,"Less than primary, primary and lower secondary education (levels 0-2)",T,Total,Y18-64,From 18 to 64 years,PT,Portugal,2021,,9356,,,,,
dataflow,ESTAT:ILC_DI08(1.0),Mean and median income by educational attainment level,A,Annual,MED_EI,Median equivalised income,EUR,Euro,ED0-2,"Less than primary, primary and lower secondary education (levels 0-2)",T,Total,Y18-64,From 18 to 64 years,PT,Portugal,2022,,9333,,,,,
dataflow,ESTAT:ILC_DI08(1.0),Mean and median income by educational attainment level,A,Annual,MED_EI,Median equivalised income,EUR,Euro,ED0-2,"Less than primary, primary and lower secondary education (levels 0-2)",T,Total,Y18-64,From 18 to 64 years,PT,Portugal,2023,,10002,,,,,
dataflow,ESTAT:ILC_DI08(1.0),Mean and median income by educational attainment level,A,Annual,MED_EI,Median equivalised income,EUR,Euro,ED0-2,"Less than primary, primary and lower secondary education (levels 0-2)",T,Total,Y18-64,From 18 to 64 years,PT,Portugal,2024,,11128,,,,,
dataflow,ESTAT:ILC_DI08(1.0),Mean and median income by educational attainment level,A,Annual,MED_EI,Median equivalised income,EUR,Euro,ED0-2,"Less than primary, primary and lower secondary education (levels 0-2)",T,Total,Y18-64,From 18 to 64 years,PT,Portugal,2025,,12581,,,,,
dataflow,ESTAT:ILC_DI08(1.0),Mean and median income by educational attainment level,A,Annual,MED_EI,Median equivalised income,EUR,Euro,ED0-2,"Less than primary, primary and lower secondary education (levels 0-2)",T,Total,Y18-64,From 18 to 64 years,RO,Romania,2016,,1814,,,,,
dataflow,ESTAT:ILC_DI08(1.0),Mean and median income by educational attainment level,A,Annual,MED_EI,Median equivalised income,EUR,Euro,ED0-2,"Less than primary, primary and lower secondary education (levels 0-2)",T,Total,Y18-64,From 18 to 64 years,RO,Romania,2017,,1748,,,,,
dataflow,ESTAT:ILC_DI08(1.0),Mean and median income by educational attainment level,A,Annual,MED_EI,Median equivalised income,EUR,Euro,ED0-2,"Less than primary, primary and lower secondary education (levels 0-2)",T,Total,Y18-64,From 18 to 64 years,RO,Romania,2018,,1956,,,,,
dataflow,ESTAT:ILC_DI08(1.0),Mean and median income by educational attainment level,A,Annual,MED_EI,Median equivalised income,EUR,Euro,ED0-2,"Less than primary, primary and lower secondary education (levels 0-2)",T,Total,Y18-64,From 18 to 64 years,RO,Romania,2019,,2279,,,,,
dataflow,ESTAT:ILC_DI08(1.0),Mean and median income by educational attainment level,A,Annual,MED_EI,Median equivalised income,EUR,Euro,ED0-2,"Less than primary, primary and lower secondary education (levels 0-2)",T,Total,Y18-64,From 18 to 64 years,RO,Romania,2020,,2418,,,,,
dataflow,ESTAT:ILC_DI08(1.0),Mean and median income by educational attainment level,A,Annual,MED_EI,Median equivalised income,EUR,Euro,ED0-2,"Less than primary, primary and lower secondary education (levels 0-2)",T,Total,Y18-64,From 18 to 64 years,RO,Romania,2021,,2862,,,,,
dataflow,ESTAT:ILC_DI08(1.0),Mean and median income by educational attainment level,A,Annual,MED_EI,Median equivalised income,EUR,Euro,ED0-2,"Less than primary, primary and lower secondary education (levels 0-2)",T,Total,Y18-64,From 18 to 64 years,RO,Romania,2022,,3269,,,,,
dataflow,ESTAT:ILC_DI08(1.0),Mean and median income by educational attainment level,A,Annual,MED_EI,Median equivalised income,EUR,Euro,ED0-2,"Less than primary, primary and lower secondary education (levels 0-2)",T,Total,Y18-64,From 18 to 64 years,RO,Romania,2023,,3428,,,,,
dataflow,ESTAT:ILC_DI08(1.0),Mean and median income by educational attainment level,A,Annual,MED_EI,Median equivalised income,EUR,Euro,ED0-2,"Less than primary, primary and lower secondary education (levels 0-2)",T,Total,Y18-64,From 18 to 64 years,RO,Romania,2024,,5024,,,,,
dataflow,ESTAT:ILC_DI08(1.0),Mean and median income by educational attainment level,A,Annual,MED_EI,Median equivalised income,EUR,Euro,ED0-2,"Less than primary, primary and lower secondary education (levels 0-2)",T,Total,Y18-64,From 18 to 64 years,RO,Romania,2025,,5264,,,,,
dataflow,ESTAT:ILC_DI08(1.0),Mean and median income by educational attainment level,A,Annual,MED_EI,Median equivalised income,EUR,Euro,ED0-2,"Less than primary, primary and lower secondary education (levels 0-2)",T,Total,Y18-64,From 18 to 64 years,RS,Serbia,2016,,1565,,,,,
dataflow,ESTAT:ILC_DI08(1.0),Mean and median income by educational attainment level,A,Annual,MED_EI,Median equivalised income,EUR,Euro,ED0-2,"Less than primary, primary and lower secondary education (levels 0-2)",T,Total,Y18-64,From 18 to 64 years,RS,Serbia,2017,,1623,,,,,
dataflow,ESTAT:ILC_DI08(1.0),Mean and median income by educational attainment level,A,Annual,MED_EI,Median equivalised income,EUR,Euro,ED0-2,"Less than primary, primary and lower secondary education (levels 0-2)",T,Total,Y18-64,From 18 to 64 years,RS,Serbia,2018,,1766,,,,,
dataflow,ESTAT:ILC_DI08(1.0),Mean and median income by educational attainment level,A,Annual,MED_EI,Median equivalised income,EUR,Euro,ED0-2,"Less than primary, primary and lower secondary education (levels 0-2)",T,Total,Y18-64,From 18 to 64 years,RS,Serbia,2019,,2070,,,,,
dataflow,ESTAT:ILC_DI08(1.0),Mean and median income by educational attainment level,A,Annual,MED_EI,Median equivalised income,EUR,Euro,ED0-2,"Less than primary, primary and lower secondary education (levels 0-2)",T,Total,Y18-64,From 18 to 64 years,RS,Serbia,2020,,2415,,,,,
dataflow,ESTAT:ILC_DI08(1.0),Mean and median income by educational attainment level,A,Annual,MED_EI,Median equivalised income,EUR,Euro,ED0-2,"Less than primary, primary and lower secondary education (levels 0-2)",T,Total,Y18-64,From 18 to 64 years,RS,Serbia,2021,,2667,,,,,
dataflow,ESTAT:ILC_DI08(1.0),Mean and median income by educational attainment level,A,Annual,MED_EI,Median equivalised income,EUR,Euro,ED0-2,"Less than primary, primary and lower secondary education (levels 0-2)",T,Total,Y18-64,From 18 to 64 years,RS,Serbia,2022,,3076,,,,,
dataflow,ESTAT:ILC_DI08(1.0),Mean and median income by educational attainment level,A,Annual,MED_EI,Median equivalised income,EUR,Euro,ED0-2,"Less than primary, primary and lower secondary education (levels 0-2)",T,Total,Y18-64,From 18 to 64 years,RS,Serbia,2023,,3375,,,,,
dataflow,ESTAT:ILC_DI08(1.0),Mean and median income by educational attainment level,A,Annual,MED_EI,Median equivalised income,EUR,Euro,ED0-2,"Less than primary, primary and lower secondary education (levels 0-2)",T,Total,Y18-64,From 18 to 64 years,RS,Serbia,2024,,4010,,,,,
dataflow,ESTAT:ILC_DI08(1.0),Mean and median income by educational attainment level,A,Annual,MED_EI,Median equivalised income,EUR,Euro,ED0-2,"Less than primary, primary and lower secondary education (levels 0-2)",T,Total,Y18-64,From 18 to 64 years,RS,Serbia,2025,,5226,,,,,
dataflow,ESTAT:ILC_DI08(1.0),Mean and median income by educational attainment level,A,Annual,MED_EI,Median equivalised income,EUR,Euro,ED0-2,"Less than primary, primary and lower secondary education (levels 0-2)",T,Total,Y18-64,From 18 to 64 years,SE,Sweden,2016,,21661,,,,,
dataflow,ESTAT:ILC_DI08(1.0),Mean and median income by educational attainment level,A,Annual,MED_EI,Median equivalised income,EUR,Euro,ED0-2,"Less than primary, primary and lower secondary education (levels 0-2)",T,Total,Y18-64,From 18 to 64 years,SE,Sweden,2017,,21577,,,,,
dataflow,ESTAT:ILC_DI08(1.0),Mean and median income by educational attainment level,A,Annual,MED_EI,Median equivalised income,EUR,Euro,ED0-2,"Less than primary, primary and lower secondary education (levels 0-2)",T,Total,Y18-64,From 18 to 64 years,SE,Sweden,2018,,21642,,,,,
dataflow,ESTAT:ILC_DI08(1.0),Mean and median income by educational attainment level,A,Annual,MED_EI,Median equivalised income,EUR,Euro,ED0-2,"Less than primary, primary and lower secondary education (levels 0-2)",T,Total,Y18-64,From 18 to 64 years,SE,Sweden,2019,,19485,,,,,
dataflow,ESTAT:ILC_DI08(1.0),Mean and median income by educational attainment level,A,Annual,MED_EI,Median equivalised income,EUR,Euro,ED0-2,"Less than primary, primary and lower secondary education (levels 0-2)",T,Total,Y18-64,From 18 to 64 years,SE,Sweden,2020,,20598,,,,,
dataflow,ESTAT:ILC_DI08(1.0),Mean and median income by educational attainment level,A,Annual,MED_EI,Median equivalised income,EUR,Euro,ED0-2,"Less than primary, primary and lower secondary education (levels 0-2)",T,Total,Y18-64,From 18 to 64 years,SE,Sweden,2021,,19779,,,,,
dataflow,ESTAT:ILC_DI08(1.0),Mean and median income by educational attainment level,A,Annual,MED_EI,Median equivalised income,EUR,Euro,ED0-2,"Less than primary, primary and lower secondary education (levels 0-2)",T,Total,Y18-64,From 18 to 64 years,SE,Sweden,2022,,21594,,,,,
dataflow,ESTAT:ILC_DI08(1.0),Mean and median income by educational attainment level,A,Annual,MED_EI,Median equivalised income,EUR,Euro,ED0-2,"Less than primary, primary and lower secondary education (levels 0-2)",T,Total,Y18-64,From 18 to 64 years,SE,Sweden,2023,,21585,,,,,
dataflow,ESTAT:ILC_DI08(1.0),Mean and median income by educational attainment level,A,Annual,MED_EI,Median equivalised income,EUR,Euro,ED0-2,"Less than primary, primary and lower secondary education (levels 0-2)",T,Total,Y18-64,From 18 to 64 years,SE,Sweden,2024,,22476,,,,,
dataflow,ESTAT:ILC_DI08(1.0),Mean and median income by educational attainment level,A,Annual,MED_EI,Median equivalised income,EUR,Euro,ED0-2,"Less than primary, primary and lower secondary education (levels 0-2)",T,Total,Y18-64,From 18 to 64 years,SE,Sweden,2025,,23525,,,,,
dataflow,ESTAT:ILC_DI08(1.0),Mean and median income by educational attainment level,A,Annual,MED_EI,Median equivalised income,EUR,Euro,ED0-2,"Less than primary, primary and lower secondary education (levels 0-2)",T,Total,Y18-64,From 18 to 64 years,SI,Slovenia,2016,,10038,,,,,
dataflow,ESTAT:ILC_DI08(1.0),Mean and median income by educational attainment level,A,Annual,MED_EI,Median equivalised income,EUR,Euro,ED0-2,"Less than primary, primary and lower secondary education (levels 0-2)",T,Total,Y18-64,From 18 to 64 years,SI,Slovenia,2017,,10669,,,,,
dataflow,ESTAT:ILC_DI08(1.0),Mean and median income by educational attainment level,A,Annual,MED_EI,Median equivalised income,EUR,Euro,ED0-2,"Less than primary, primary and lower secondary education (levels 0-2)",T,Total,Y18-64,From 18 to 64 years,SI,Slovenia,2018,,10939,,,,,
dataflow,ESTAT:ILC_DI08(1.0),Mean and median income by educational attainment level,A,Annual,MED_EI,Median equivalised income,EUR,Euro,ED0-2,"Less than primary, primary and lower secondary education (levels 0-2)",T,Total,Y18-64,From 18 to 64 years,SI,Slovenia,2019,,11544,,,,,
dataflow,ESTAT:ILC_DI08(1.0),Mean and median income by educational attainment level,A,Annual,MED_EI,Median equivalised income,EUR,Euro,ED0-2,"Less than primary, primary and lower secondary education (levels 0-2)",T,Total,Y18-64,From 18 to 64 years,SI,Slovenia,2020,,12092,,,,,
dataflow,ESTAT:ILC_DI08(1.0),Mean and median income by educational attainment level,A,Annual,MED_EI,Median equivalised income,EUR,Euro,ED0-2,"Less than primary, primary and lower secondary education (levels 0-2)",T,Total,Y18-64,From 18 to 64 years,SI,Slovenia,2021,,12805,,,,,
dataflow,ESTAT:ILC_DI08(1.0),Mean and median income by educational attainment level,A,Annual,MED_EI,Median equivalised income,EUR,Euro,ED0-2,"Less than primary, primary and lower secondary education (levels 0-2)",T,Total,Y18-64,From 18 to 64 years,SI,Slovenia,2022,,13648,,,,,
dataflow,ESTAT:ILC_DI08(1.0),Mean and median income by educational attainment level,A,Annual,MED_EI,Median equivalised income,EUR,Euro,ED0-2,"Less than primary, primary and lower secondary education (levels 0-2)",T,Total,Y18-64,From 18 to 64 years,SI,Slovenia,2023,,15026,,,,,
dataflow,ESTAT:ILC_DI08(1.0),Mean and median income by educational attainment level,A,Annual,MED_EI,Median equivalised income,EUR,Euro,ED0-2,"Less than primary, primary and lower secondary education (levels 0-2)",T,Total,Y18-64,From 18 to 64 years,SI,Slovenia,2024,,16442,,,,,
dataflow,ESTAT:ILC_DI08(1.0),Mean and median income by educational attainment level,A,Annual,MED_EI,Median equivalised income,EUR,Euro,ED0-2,"Less than primary, primary and lower secondary education (levels 0-2)",T,Total,Y18-64,From 18 to 64 years,SI,Slovenia,2025,,17493,,,,,
dataflow,ESTAT:ILC_DI08(1.0),Mean and median income by educational attainment level,A,Annual,MED_EI,Median equivalised income,EUR,Euro,ED0-2,"Less than primary, primary and lower secondary education (levels 0-2)",T,Total,Y18-64,From 18 to 64 years,SK,Slovakia,2016,,5426,,,,,
dataflow,ESTAT:ILC_DI08(1.0),Mean and median income by educational attainment level,A,Annual,MED_EI,Median equivalised income,EUR,Euro,ED0-2,"Less than primary, primary and lower secondary education (levels 0-2)",T,Total,Y18-64,From 18 to 64 years,SK,Slovakia,2017,,5491,,,,,
dataflow,ESTAT:ILC_DI08(1.0),Mean and median income by educational attainment level,A,Annual,MED_EI,Median equivalised income,EUR,Euro,ED0-2,"Less than primary, primary and lower secondary education (levels 0-2)",T,Total,Y18-64,From 18 to 64 years,SK,Slovakia,2018,,5743,,,,,
dataflow,ESTAT:ILC_DI08(1.0),Mean and median income by educational attainment level,A,Annual,MED_EI,Median equivalised income,EUR,Euro,ED0-2,"Less than primary, primary and lower secondary education (levels 0-2)",T,Total,Y18-64,From 18 to 64 years,SK,Slovakia,2019,,5951,,,,,
dataflow,ESTAT:ILC_DI08(1.0),Mean and median income by educational attainment level,A,Annual,MED_EI,Median equivalised income,EUR,Euro,ED0-2,"Less than primary, primary and lower secondary education (levels 0-2)",T,Total,Y18-64,From 18 to 64 years,SK,Slovakia,2020,,6094,,,,,
dataflow,ESTAT:ILC_DI08(1.0),Mean and median income by educational attainment level,A,Annual,MED_EI,Median equivalised income,EUR,Euro,ED0-2,"Less than primary, primary and lower secondary education (levels 0-2)",T,Total,Y18-64,From 18 to 64 years,SK,Slovakia,2021,,5944,,,,,
dataflow,ESTAT:ILC_DI08(1.0),Mean and median income by educational attainment level,A,Annual,MED_EI,Median equivalised income,EUR,Euro,ED0-2,"Less than primary, primary and lower secondary education (levels 0-2)",T,Total,Y18-64,From 18 to 64 years,SK,Slovakia,2022,,5615,,,,,
dataflow,ESTAT:ILC_DI08(1.0),Mean and median income by educational attainment level,A,Annual,MED_EI,Median equivalised income,EUR,Euro,ED0-2,"Less than primary, primary and lower secondary education (levels 0-2)",T,Total,Y18-64,From 18 to 64 years,SK,Slovakia,2023,,6444,,,,,
dataflow,ESTAT:ILC_DI08(1.0),Mean and median income by educational attainment level,A,Annual,MED_EI,Median equivalised income,EUR,Euro,ED0-2,"Less than primary, primary and lower secondary education (levels 0-2)",T,Total,Y18-64,From 18 to 64 years,SK,Slovakia,2024,,7009,,,,,
dataflow,ESTAT:ILC_DI08(1.0),Mean and median income by educational attainment level,A,Annual,MED_EI,Median equivalised income,EUR,Euro,ED0-2,"Less than primary, primary and lower secondary education (levels 0-2)",T,Total,Y18-64,From 18 to 64 years,SK,Slovakia,2025,,8759,,,,,
dataflow,ESTAT:ILC_DI08(1.0),Mean and median income by educational attainment level,A,Annual,MED_EI,Median equivalised income,EUR,Euro,ED0-2,"Less than primary, primary and lower secondary education (levels 0-2)",T,Total,Y18-64,From 18 to 64 years,TR,Türkiye,2016,,3408,,,,,
dataflow,ESTAT:ILC_DI08(1.0),Mean and median income by educational attainment level,A,Annual,MED_EI,Median equivalised income,EUR,Euro,ED0-2,"Less than primary, primary and lower secondary education (levels 0-2)",T,Total,Y18-64,From 18 to 64 years,TR,Türkiye,2017,,3544,,,,,
dataflow,ESTAT:ILC_DI08(1.0),Mean and median income by educational attainment level,A,Annual,MED_EI,Median equivalised income,EUR,Euro,ED0-2,"Less than primary, primary and lower secondary education (levels 0-2)",T,Total,Y18-64,From 18 to 64 years,TR,Türkiye,2018,,3233,,,,,
dataflow,ESTAT:ILC_DI08(1.0),Mean and median income by educational attainment level,A,Annual,MED_EI,Median equivalised income,EUR,Euro,ED0-2,"Less than primary, primary and lower secondary education (levels 0-2)",T,Total,Y18-64,From 18 to 64 years,TR,Türkiye,2019,,2780,,,,,
dataflow,ESTAT:ILC_DI08(1.0),Mean and median income by educational attainment level,A,Annual,MED_EI,Median equivalised income,EUR,Euro,ED0-2,"Less than primary, primary and lower secondary education (levels 0-2)",T,Total,Y18-64,From 18 to 64 years,TR,Türkiye,2020,,2831,,,,,
dataflow,ESTAT:ILC_DI08(1.0),Mean and median income by educational attainment level,A,Annual,MED_EI,Median equivalised income,EUR,Euro,ED0-2,"Less than primary, primary and lower secondary education (levels 0-2)",T,Total,Y18-64,From 18 to 64 years,TR,Türkiye,2021,,2453,,,,,
dataflow,ESTAT:ILC_DI08(1.0),Mean and median income by educational attainment level,A,Annual,MED_EI,Median equivalised income,EUR,Euro,ED0-2,"Less than primary, primary and lower secondary education (levels 0-2)",T,Total,Y18-64,From 18 to 64 years,TR,Türkiye,2022,,2481,,,,,
dataflow,ESTAT:ILC_DI08(1.0),Mean and median income by educational attainment level,A,Annual,MED_EI,Median equivalised income,EUR,Euro,ED0-2,"Less than primary, primary and lower secondary education (levels 0-2)",T,Total,Y18-64,From 18 to 64 years,TR,Türkiye,2023,,2632,,,,,
dataflow,ESTAT:ILC_DI08(1.0),Mean and median income by educational attainment level,A,Annual,MED_EI,Median equivalised income,EUR,Euro,ED0-2,"Less than primary, primary and lower secondary education (levels 0-2)",T,Total,Y18-64,From 18 to 64 years,TR,Türkiye,2024,,3576,,,,,
dataflow,ESTAT:ILC_DI08(1.0),Mean and median income by educational attainment level,A,Annual,MED_EI,Median equivalised income,EUR,Euro,ED0-2,"Less than primary, primary and lower secondary education (levels 0-2)",T,Total,Y18-64,From 18 to 64 years,TR,Türkiye,2025,,5265,,,,,
dataflow,ESTAT:ILC_DI08(1.0),Mean and median income by educational attainment level,A,Annual,MED_EI,Median equivalised income,EUR,Euro,ED0-2,"Less than primary, primary and lower secondary education (levels 0-2)",T,Total,Y18-64,From 18 to 64 years,UK,United Kingdom,2016,,18447,,,,,
dataflow,ESTAT:ILC_DI08(1.0),Mean and median income by educational attainment level,A,Annual,MED_EI,Median equivalised income,EUR,Euro,ED0-2,"Less than primary, primary and lower secondary education (levels 0-2)",T,Total,Y18-64,From 18 to 64 years,UK,United Kingdom,2017,,16629,,b,break in time series,,
dataflow,ESTAT:ILC_DI08(1.0),Mean and median income by educational attainment level,A,Annual,MED_EI,Median equivalised income,EUR,Euro,ED0-2,"Less than primary, primary and lower secondary education (levels 0-2)",T,Total,Y18-64,From 18 to 64 years,UK,United Kingdom,2018,,17764,,,,,
dataflow,ESTAT:ILC_DI08(1.0),Mean and median income by educational attainment level,A,Annual,MED_EI,Median equivalised income,EUR,Euro,ED0-2,"Less than primary, primary and lower secondary education (levels 0-2)",T,Total,Y18-64,From 18 to 64 years,XK,Kosovo*,2018,,1705,,,,,
dataflow,ESTAT:ILC_DI08(1.0),Mean and median income by educational attainment level,A,Annual,MED_EI,Median equivalised income,EUR,Euro,ED3_4,Upper secondary and post-secondary non-tertiary education (levels 3 and 4),T,Total,Y18-64,From 18 to 64 years,AL,Albania,2017,,2013,,,,,
dataflow,ESTAT:ILC_DI08(1.0),Mean and median income by educational attainment level,A,Annual,MED_EI,Median equivalised income,EUR,Euro,ED3_4,Upper secondary and post-secondary non-tertiary education (levels 3 and 4),T,Total,Y18-64,From 18 to 64 years,AL,Albania,2018,,2243,,,,,
dataflow,ESTAT:ILC_DI08(1.0),Mean and median income by educational attainment level,A,Annual,MED_EI,Median equivalised income,EUR,Euro,ED3_4,Upper secondary and post-secondary non-tertiary education (levels 3 and 4),T,Total,Y18-64,From 18 to 64 years,AL,Albania,2019,,2535,,,,,
dataflow,ESTAT:ILC_DI08(1.0),Mean and median income by educational attainment level,A,Annual,MED_EI,Median equivalised income,EUR,Euro,ED3_4,Upper secondary and post-secondary non-tertiary education (levels 3 and 4),T,Total,Y18-64,From 18 to 64 years,AL,Albania,2020,,2817,,,,,
dataflow,ESTAT:ILC_DI08(1.0),Mean and median income by educational attainment level,A,Annual,MED_EI,Median equivalised income,EUR,Euro,ED3_4,Upper secondary and post-secondary non-tertiary education (levels 3 and 4),T,Total,Y18-64,From 18 to 64 years,AL,Albania,2021,,2825,,,,,
dataflow,ESTAT:ILC_DI08(1.0),Mean and median income by educational attainment level,A,Annual,MED_EI,Median equivalised income,EUR,Euro,ED3_4,Upper secondary and post-secondary non-tertiary education (levels 3 and 4),T,Total,Y18-64,From 18 to 64 years,AL,Albania,2022,,3397,,,,,
dataflow,ESTAT:ILC_DI08(1.0),Mean and median income by educational attainment level,A,Annual,MED_EI,Median equivalised income,EUR,Euro,ED3_4,Upper secondary and post-secondary non-tertiary education (levels 3 and 4),T,Total,Y18-64,From 18 to 64 years,AL,Albania,2023,,4119,,,,,
dataflow,ESTAT:ILC_DI08(1.0),Mean and median income by educational attainment level,A,Annual,MED_EI,Median equivalised income,EUR,Euro,ED3_4,Upper secondary and post-secondary non-tertiary education (levels 3 and 4),T,Total,Y18-64,From 18 to 64 years,AT,Austria,2016,,24495,,,,,
dataflow,ESTAT:ILC_DI08(1.0),Mean and median income by educational attainment level,A,Annual,MED_EI,Median equivalised income,EUR,Euro,ED3_4,Upper secondary and post-secondary non-tertiary education (levels 3 and 4),T,Total,Y18-64,From 18 to 64 years,AT,Austria,2017,,25747,,,,,
dataflow,ESTAT:ILC_DI08(1.0),Mean and median income by educational attainment level,A,Annual,MED_EI,Median equivalised income,EUR,Euro,ED3_4,Upper secondary and post-secondary non-tertiary education (levels 3 and 4),T,Total,Y18-64,From 18 to 64 years,AT,Austria,2018,,26358,,,,,
dataflow,ESTAT:ILC_DI08(1.0),Mean and median income by educational attainment level,A,Annual,MED_EI,Median equivalised income,EUR,Euro,ED3_4,Upper secondary and post-secondary non-tertiary education (levels 3 and 4),T,Total,Y18-64,From 18 to 64 years,AT,Austria,2019,,26790,,,,,
dataflow,ESTAT:ILC_DI08(1.0),Mean and median income by educational attainment level,A,Annual,MED_EI,Median equivalised income,EUR,Euro,ED3_4,Upper secondary and post-secondary non-tertiary education (levels 3 and 4),T,Total,Y18-64,From 18 to 64 years,AT,Austria,2020,,27294,,,,,
dataflow,ESTAT:ILC_DI08(1.0),Mean and median income by educational attainment level,A,Annual,MED_EI,Median equivalised income,EUR,Euro,ED3_4,Upper secondary and post-secondary non-tertiary education (levels 3 and 4),T,Total,Y18-64,From 18 to 64 years,AT,Austria,2021,,28124,,,,,
dataflow,ESTAT:ILC_DI08(1.0),Mean and median income by educational attainment level,A,Annual,MED_EI,Median equivalised income,EUR,Euro,ED3_4,Upper secondary and post-secondary non-tertiary education (levels 3 and 4),T,Total,Y18-64,From 18 to 64 years,AT,Austria,2022,,28829,,,,,
dataflow,ESTAT:ILC_DI08(1.0),Mean and median income by educational attainment level,A,Annual,MED_EI,Median equivalised income,EUR,Euro,ED3_4,Upper secondary and post-secondary non-tertiary education (levels 3 and 4),T,Total,Y18-64,From 18 to 64 years,AT,Austria,2023,,32981,,,,,
dataflow,ESTAT:ILC_DI08(1.0),Mean and median income by educational attainment level,A,Annual,MED_EI,Median equivalised income,EUR,Euro,ED3_4,Upper secondary and post-secondary non-tertiary education (levels 3 and 4),T,Total,Y18-64,From 18 to 64 years,AT,Austria,2024,,34402,,,,,
dataflow,ESTAT:ILC_DI08(1.0),Mean and median income by educational attainment level,A,Annual,MED_EI,Median equivalised income,EUR,Euro,ED3_4,Upper secondary and post-secondary non-tertiary education (levels 3 and 4),T,Total,Y18-64,From 18 to 64 years,AT,Austria,2025,,37866,,,,,
dataflow,ESTAT:ILC_DI08(1.0),Mean and median income by educational attainment level,A,Annual,MED_EI,Median equivalised income,EUR,Euro,ED3_4,Upper secondary and post-secondary non-tertiary education (levels 3 and 4),T,Total,Y18-64,From 18 to 64 years,BE,Belgium,2016,,22441,,,,,
dataflow,ESTAT:ILC_DI08(1.0),Mean and median income by educational attainment level,A,Annual,MED_EI,Median equivalised income,EUR,Euro,ED3_4,Upper secondary and post-secondary non-tertiary education (levels 3 and 4),T,Total,Y18-64,From 18 to 64 years,BE,Belgium,2017,,22675,,,,,
dataflow,ESTAT:ILC_DI08(1.0),Mean and median income by educational attainment level,A,Annual,MED_EI,Median equivalised income,EUR,Euro,ED3_4,Upper secondary and post-secondary non-tertiary education (levels 3 and 4),T,Total,Y18-64,From 18 to 64 years,BE,Belgium,2018,,24132,,,,,
dataflow,ESTAT:ILC_DI08(1.0),Mean and median income by educational attainment level,A,Annual,MED_EI,Median equivalised income,EUR,Euro,ED3_4,Upper secondary and post-secondary non-tertiary education (levels 3 and 4),T,Total,Y18-64,From 18 to 64 years,BE,Belgium,2019,,24833,,b,break in time series,,
dataflow,ESTAT:ILC_DI08(1.0),Mean and median income by educational attainment level,A,Annual,MED_EI,Median equivalised income,EUR,Euro,ED3_4,Upper secondary and post-secondary non-tertiary education (levels 3 and 4),T,Total,Y18-64,From 18 to 64 years,BE,Belgium,2020,,25814,,,,,
dataflow,ESTAT:ILC_DI08(1.0),Mean and median income by educational attainment level,A,Annual,MED_EI,Median equivalised income,EUR,Euro,ED3_4,Upper secondary and post-secondary non-tertiary education (levels 3 and 4),T,Total,Y18-64,From 18 to 64 years,BE,Belgium,2021,,25817,,,,,
dataflow,ESTAT:ILC_DI08(1.0),Mean and median income by educational attainment level,A,Annual,MED_EI,Median equivalised income,EUR,Euro,ED3_4,Upper secondary and post-secondary non-tertiary education (levels 3 and 4),T,Total,Y18-64,From 18 to 64 years,BE,Belgium,2022,,27148,,,,,
dataflow,ESTAT:ILC_DI08(1.0),Mean and median income by educational attainment level,A,Annual,MED_EI,Median equivalised income,EUR,Euro,ED3_4,Upper secondary and post-secondary non-tertiary education (levels 3 and 4),T,Total,Y18-64,From 18 to 64 years,BE,Belgium,2023,,29065,,,,,
dataflow,ESTAT:ILC_DI08(1.0),Mean and median income by educational attainment level,A,Annual,MED_EI,Median equivalised income,EUR,Euro,ED3_4,Upper secondary and post-secondary non-tertiary education (levels 3 and 4),T,Total,Y18-64,From 18 to 64 years,BE,Belgium,2024,,30439,,,,,
dataflow,ESTAT:ILC_DI08(1.0),Mean and median income by educational attainment level,A,Annual,MED_EI,Median equivalised income,EUR,Euro,ED3_4,Upper secondary and post-secondary non-tertiary education (levels 3 and 4),T,Total,Y18-64,From 18 to 64 years,BE,Belgium,2025,,31840,,,,,
dataflow,ESTAT:ILC_DI08(1.0),Mean and median income by educational attainment level,A,Annual,MED_EI,Median equivalised income,EUR,Euro,ED3_4,Upper secondary and post-secondary non-tertiary education (levels 3 and 4),T,Total,Y18-64,From 18 to 64 years,BG,Bulgaria,2016,,3474,,b,break in time series,,
dataflow,ESTAT:ILC_DI08(1.0),Mean and median income by educational attainment level,A,Annual,MED_EI,Median equivalised income,EUR,Euro,ED3_4,Upper secondary and post-secondary non-tertiary education (levels 3 and 4),T,Total,Y18-64,From 18 to 64 years,BG,Bulgaria,2017,,4082,,,,,
dataflow,ESTAT:ILC_DI08(1.0),Mean and median income by educational attainment level,A,Annual,MED_EI,Median equivalised income,EUR,Euro,ED3_4,Upper secondary and post-secondary non-tertiary education (levels 3 and 4),T,Total,Y18-64,From 18 to 64 years,BG,Bulgaria,2018,,4000,,,,,
dataflow,ESTAT:ILC_DI08(1.0),Mean and median income by educational attainment level,A,Annual,MED_EI,Median equivalised income,EUR,Euro,ED3_4,Upper secondary and post-secondary non-tertiary education (levels 3 and 4),T,Total,Y18-64,From 18 to 64 years,BG,Bulgaria,2019,,4819,,,,,
dataflow,ESTAT:ILC_DI08(1.0),Mean and median income by educational attainment level,A,Annual,MED_EI,Median equivalised income,EUR,Euro,ED3_4,Upper secondary and post-secondary non-tertiary education (levels 3 and 4),T,Total,Y18-64,From 18 to 64 years,BG,Bulgaria,2020,,5191,,,,,
dataflow,ESTAT:ILC_DI08(1.0),Mean and median income by educational attainment level,A,Annual,MED_EI,Median equivalised income,EUR,Euro,ED3_4,Upper secondary and post-secondary non-tertiary education (levels 3 and 4),T,Total,Y18-64,From 18 to 64 years,BG,Bulgaria,2021,,5602,,,,,
dataflow,ESTAT:ILC_DI08(1.0),Mean and median income by educational attainment level,A,Annual,MED_EI,Median equivalised income,EUR,Euro,ED3_4,Upper secondary and post-secondary non-tertiary education (levels 3 and 4),T,Total,Y18-64,From 18 to 64 years,BG,Bulgaria,2022,,6004,,,,,
dataflow,ESTAT:ILC_DI08(1.0),Mean and median income by educational attainment level,A,Annual,MED_EI,Median equivalised income,EUR,Euro,ED3_4,Upper secondary and post-secondary non-tertiary education (levels 3 and 4),T,Total,Y18-64,From 18 to 64 years,BG,Bulgaria,2023,,7146,,,,,
dataflow,ESTAT:ILC_DI08(1.0),Mean and median income by educational attainment level,A,Annual,MED_EI,Median equivalised income,EUR,Euro,ED3_4,Upper secondary and post-secondary non-tertiary education (levels 3 and 4),T,Total,Y18-64,From 18 to 64 years,BG,Bulgaria,2024,,8481,,,,,
dataflow,ESTAT:ILC_DI08(1.0),Mean and median income by educational attainment level,A,Annual,MED_EI,Median equivalised income,EUR,Euro,ED3_4,Upper secondary and post-secondary non-tertiary education (levels 3 and 4),T,Total,Y18-64,From 18 to 64 years,BG,Bulgaria,2025,,9632,,,,,
dataflow,ESTAT:ILC_DI08(1.0),Mean and median income by educational attainment level,A,Annual,MED_EI,Median equivalised income,EUR,Euro,ED3_4,Upper secondary and post-secondary non-tertiary education (levels 3 and 4),T,Total,Y18-64,From 18 to 64 years,CH,Switzerland,2016,,45635,,,,,
dataflow,ESTAT:ILC_DI08(1.0),Mean and median income by educational attainment level,A,Annual,MED_EI,Median equivalised income,EUR,Euro,ED3_4,Upper secondary and post-secondary non-tertiary education (levels 3 and 4),T,Total,Y18-64,From 18 to 64 years,CH,Switzerland,2017,,44236,,,,,
dataflow,ESTAT:ILC_DI08(1.0),Mean and median income by educational attainment level,A,Annual,MED_EI,Median equivalised income,EUR,Euro,ED3_4,Upper secondary and post-secondary non-tertiary education (levels 3 and 4),T,Total,Y18-64,From 18 to 64 years,CH,Switzerland,2018,,43685,,,,,
dataflow,ESTAT:ILC_DI08(1.0),Mean and median income by educational attainment level,A,Annual,MED_EI,Median equivalised income,EUR,Euro,ED3_4,Upper secondary and post-secondary non-tertiary education (levels 3 and 4),T,Total,Y18-64,From 18 to 64 years,CH,Switzerland,2019,,43118,,,,,
dataflow,ESTAT:ILC_DI08(1.0),Mean and median income by educational attainment level,A,Annual,MED_EI,Median equivalised income,EUR,Euro,ED3_4,Upper secondary and post-secondary non-tertiary education (levels 3 and 4),T,Total,Y18-64,From 18 to 64 years,CH,Switzerland,2020,,43597,,,,,
dataflow,ESTAT:ILC_DI08(1.0),Mean and median income by educational attainment level,A,Annual,MED_EI,Median equivalised income,EUR,Euro,ED3_4,Upper secondary and post-secondary non-tertiary education (levels 3 and 4),T,Total,Y18-64,From 18 to 64 years,CH,Switzerland,2021,,44465,,,,,
dataflow,ESTAT:ILC_DI08(1.0),Mean and median income by educational attainment level,A,Annual,MED_EI,Median equivalised income,EUR,Euro,ED3_4,Upper secondary and post-secondary non-tertiary education (levels 3 and 4),T,Total,Y18-64,From 18 to 64 years,CH,Switzerland,2022,,45187,,,,,
dataflow,ESTAT:ILC_DI08(1.0),Mean and median income by educational attainment level,A,Annual,MED_EI,Median equivalised income,EUR,Euro,ED3_4,Upper secondary and post-secondary non-tertiary education (levels 3 and 4),T,Total,Y18-64,From 18 to 64 years,CH,Switzerland,2023,,50170,,,,,
dataflow,ESTAT:ILC_DI08(1.0),Mean and median income by educational attainment level,A,Annual,MED_EI,Median equivalised income,EUR,Euro,ED3_4,Upper secondary and post-secondary non-tertiary education (levels 3 and 4),T,Total,Y18-64,From 18 to 64 years,CH,Switzerland,2024,,53285,,,,,
dataflow,ESTAT:ILC_DI08(1.0),Mean and median income by educational attainment level,A,Annual,MED_EI,Median equivalised income,EUR,Euro,ED3_4,Upper secondary and post-secondary non-tertiary education (levels 3 and 4),T,Total,Y18-64,From 18 to 64 years,CY,Cyprus,2016,,13473,,,,,
dataflow,ESTAT:ILC_DI08(1.0),Mean and median income by educational attainment level,A,Annual,MED_EI,Median equivalised income,EUR,Euro,ED3_4,Upper secondary and post-secondary non-tertiary education (levels 3 and 4),T,Total,Y18-64,From 18 to 64 years,CY,Cyprus,2017,,13819,,,,,
dataflow,ESTAT:ILC_DI08(1.0),Mean and median income by educational attainment level,A,Annual,MED_EI,Median equivalised income,EUR,Euro,ED3_4,Upper secondary and post-secondary non-tertiary education (levels 3 and 4),T,Total,Y18-64,From 18 to 64 years,CY,Cyprus,2018,,14874,,,,,
dataflow,ESTAT:ILC_DI08(1.0),Mean and median income by educational attainment level,A,Annual,MED_EI,Median equivalised income,EUR,Euro,ED3_4,Upper secondary and post-secondary non-tertiary education (levels 3 and 4),T,Total,Y18-64,From 18 to 64 years,CY,Cyprus,2019,,16153,,,,,
dataflow,ESTAT:ILC_DI08(1.0),Mean and median income by educational attainment level,A,Annual,MED_EI,Median equivalised income,EUR,Euro,ED3_4,Upper secondary and post-secondary non-tertiary education (levels 3 and 4),T,Total,Y18-64,From 18 to 64 years,CY,Cyprus,2020,,16352,,,,,
dataflow,ESTAT:ILC_DI08(1.0),Mean and median income by educational attainment level,A,Annual,MED_EI,Median equivalised income,EUR,Euro,ED3_4,Upper secondary and post-secondary non-tertiary education (levels 3 and 4),T,Total,Y18-64,From 18 to 64 years,CY,Cyprus,2021,,16590,,,,,
dataflow,ESTAT:ILC_DI08(1.0),Mean and median income by educational attainment level,A,Annual,MED_EI,Median equivalised income,EUR,Euro,ED3_4,Upper secondary and post-secondary non-tertiary education (levels 3 and 4),T,Total,Y18-64,From 18 to 64 years,CY,Cyprus,2022,,17639,,,,,
dataflow,ESTAT:ILC_DI08(1.0),Mean and median income by educational attainment level,A,Annual,MED_EI,Median equivalised income,EUR,Euro,ED3_4,Upper secondary and post-secondary non-tertiary education (levels 3 and 4),T,Total,Y18-64,From 18 to 64 years,CY,Cyprus,2023,,18544,,,,,
dataflow,ESTAT:ILC_DI08(1.0),Mean and median income by educational attainment level,A,Annual,MED_EI,Median equivalised income,EUR,Euro,ED3_4,Upper secondary and post-secondary non-tertiary education (levels 3 and 4),T,Total,Y18-64,From 18 to 64 years,CY,Cyprus,2024,,19374,,,,,
dataflow,ESTAT:ILC_DI08(1.0),Mean and median income by educational attainment level,A,Annual,MED_EI,Median equivalised income,EUR,Euro,ED3_4,Upper secondary and post-secondary non-tertiary education (levels 3 and 4),T,Total,Y18-64,From 18 to 64 years,CY,Cyprus,2025,,21120,,,,,
dataflow,ESTAT:ILC_DI08(1.0),Mean and median income by educational attainment level,A,Annual,MED_EI,Median equivalised income,EUR,Euro,ED3_4,Upper secondary and post-secondary non-tertiary education (levels 3 and 4),T,Total,Y18-64,From 18 to 64 years,CZ,Czechia,2016,,8321,,,,,
dataflow,ESTAT:ILC_DI08(1.0),Mean and median income by educational attainment level,A,Annual,MED_EI,Median equivalised income,EUR,Euro,ED3_4,Upper secondary and post-secondary non-tertiary education (levels 3 and 4),T,Total,Y18-64,From 18 to 64 years,CZ,Czechia,2017,,8767,,,,,
dataflow,ESTAT:ILC_DI08(1.0),Mean and median income by educational attainment level,A,Annual,MED_EI,Median equivalised income,EUR,Euro,ED3_4,Upper secondary and post-secondary non-tertiary education (levels 3 and 4),T,Total,Y18-64,From 18 to 64 years,CZ,Czechia,2018,,9628,,,,,
dataflow,ESTAT:ILC_DI08(1.0),Mean and median income by educational attainment level,A,Annual,MED_EI,Median equivalised income,EUR,Euro,ED3_4,Upper secondary and post-secondary non-tertiary education (levels 3 and 4),T,Total,Y18-64,From 18 to 64 years,CZ,Czechia,2019,,10568,,,,,
dataflow,ESTAT:ILC_DI08(1.0),Mean and median income by educational attainment level,A,Annual,MED_EI,Median equivalised income,EUR,Euro,ED3_4,Upper secondary and post-secondary non-tertiary education (levels 3 and 4),T,Total,Y18-64,From 18 to 64 years,CZ,Czechia,2020,,11276,,,,,
dataflow,ESTAT:ILC_DI08(1.0),Mean and median income by educational attainment level,A,Annual,MED_EI,Median equivalised income,EUR,Euro,ED3_4,Upper secondary and post-secondary non-tertiary education (levels 3 and 4),T,Total,Y18-64,From 18 to 64 years,CZ,Czechia,2021,,11163,,,,,
dataflow,ESTAT:ILC_DI08(1.0),Mean and median income by educational attainment level,A,Annual,MED_EI,Median equivalised income,EUR,Euro,ED3_4,Upper secondary and post-secondary non-tertiary education (levels 3 and 4),T,Total,Y18-64,From 18 to 64 years,CZ,Czechia,2022,,12922,,,,,
dataflow,ESTAT:ILC_DI08(1.0),Mean and median income by educational attainment level,A,Annual,MED_EI,Median equivalised income,EUR,Euro,ED3_4,Upper secondary and post-secondary non-tertiary education (levels 3 and 4),T,Total,Y18-64,From 18 to 64 years,CZ,Czechia,2023,,14450,,,,,
dataflow,ESTAT:ILC_DI08(1.0),Mean and median income by educational attainment level,A,Annual,MED_EI,Median equivalised income,EUR,Euro,ED3_4,Upper secondary and post-secondary non-tertiary education (levels 3 and 4),T,Total,Y18-64,From 18 to 64 years,CZ,Czechia,2024,,16033,,,,,
dataflow,ESTAT:ILC_DI08(1.0),Mean and median income by educational attainment level,A,Annual,MED_EI,Median equivalised income,EUR,Euro,ED3_4,Upper secondary and post-secondary non-tertiary education (levels 3 and 4),T,Total,Y18-64,From 18 to 64 years,CZ,Czechia,2025,,15921,,,,,
dataflow,ESTAT:ILC_DI08(1.0),Mean and median income by educational attainment level,A,Annual,MED_EI,Median equivalised income,EUR,Euro,ED3_4,Upper secondary and post-secondary non-tertiary education (levels 3 and 4),T,Total,Y18-64,From 18 to 64 years,DE,Germany,2016,,21222,,,,,
dataflow,ESTAT:ILC_DI08(1.0),Mean and median income by educational attainment level,A,Annual,MED_EI,Median equivalised income,EUR,Euro,ED3_4,Upper secondary and post-secondary non-tertiary education (levels 3 and 4),T,Total,Y18-64,From 18 to 64 years,DE,Germany,2017,,21655,,,,,
dataflow,ESTAT:ILC_DI08(1.0),Mean and median income by educational attainment level,A,Annual,MED_EI,Median equivalised income,EUR,Euro,ED3_4,Upper secondary and post-secondary non-tertiary education (levels 3 and 4),T,Total,Y18-64,From 18 to 64 years,DE,Germany,2018,,22105,,,,,
dataflow,ESTAT:ILC_DI08(1.0),Mean and median income by educational attainment level,A,Annual,MED_EI,Median equivalised income,EUR,Euro,ED3_4,Upper secondary and post-secondary non-tertiary education (levels 3 and 4),T,Total,Y18-64,From 18 to 64 years,DE,Germany,2019,,23699,,,,,
dataflow,ESTAT:ILC_DI08(1.0),Mean and median income by educational attainment level,A,Annual,MED_EI,Median equivalised income,EUR,Euro,ED3_4,Upper secondary and post-secondary non-tertiary education (levels 3 and 4),T,Total,Y18-64,From 18 to 64 years,DE,Germany,2020,,26774,,b,break in time series,,
dataflow,ESTAT:ILC_DI08(1.0),Mean and median income by educational attainment level,A,Annual,MED_EI,Median equivalised income,EUR,Euro,ED3_4,Upper secondary and post-secondary non-tertiary education (levels 3 and 4),T,Total,Y18-64,From 18 to 64 years,DE,Germany,2021,,25804,,,,,
dataflow,ESTAT:ILC_DI08(1.0),Mean and median income by educational attainment level,A,Annual,MED_EI,Median equivalised income,EUR,Euro,ED3_4,Upper secondary and post-secondary non-tertiary education (levels 3 and 4),T,Total,Y18-64,From 18 to 64 years,DE,Germany,2022,,25874,,,,,
dataflow,ESTAT:ILC_DI08(1.0),Mean and median income by educational attainment level,A,Annual,MED_EI,Median equivalised income,EUR,Euro,ED3_4,Upper secondary and post-secondary non-tertiary education (levels 3 and 4),T,Total,Y18-64,From 18 to 64 years,DE,Germany,2023,,27197,,,,,
dataflow,ESTAT:ILC_DI08(1.0),Mean and median income by educational attainment level,A,Annual,MED_EI,Median equivalised income,EUR,Euro,ED3_4,Upper secondary and post-secondary non-tertiary education (levels 3 and 4),T,Total,Y18-64,From 18 to 64 years,DE,Germany,2024,,28747,,,,,
dataflow,ESTAT:ILC_DI08(1.0),Mean and median income by educational attainment level,A,Annual,MED_EI,Median equivalised income,EUR,Euro,ED3_4,Upper secondary and post-secondary non-tertiary education (levels 3 and 4),T,Total,Y18-64,From 18 to 64 years,DE,Germany,2025,,30000,,,,,
dataflow,ESTAT:ILC_DI08(1.0),Mean and median income by educational attainment level,A,Annual,MED_EI,Median equivalised income,EUR,Euro,ED3_4,Upper secondary and post-secondary non-tertiary education (levels 3 and 4),T,Total,Y18-64,From 18 to 64 years,DK,Denmark,2016,,29489,,,,,
dataflow,ESTAT:ILC_DI08(1.0),Mean and median income by educational attainment level,A,Annual,MED_EI,Median equivalised income,EUR,Euro,ED3_4,Upper secondary and post-secondary non-tertiary education (levels 3 and 4),T,Total,Y18-64,From 18 to 64 years,DK,Denmark,2017,,30223,,,,,
dataflow,ESTAT:ILC_DI08(1.0),Mean and median income by educational attainment level,A,Annual,MED_EI,Median equivalised income,EUR,Euro,ED3_4,Upper secondary and post-secondary non-tertiary education (levels 3 and 4),T,Total,Y18-64,From 18 to 64 years,DK,Denmark,2018,,31092,,,,,
dataflow,ESTAT:ILC_DI08(1.0),Mean and median income by educational attainment level,A,Annual,MED_EI,Median equivalised income,EUR,Euro,ED3_4,Upper secondary and post-secondary non-tertiary education (levels 3 and 4),T,Total,Y18-64,From 18 to 64 years,DK,Denmark,2019,,31057,,,,,
dataflow,ESTAT:ILC_DI08(1.0),Mean and median income by educational attainment level,A,Annual,MED_EI,Median equivalised income,EUR,Euro,ED3_4,Upper secondary and post-secondary non-tertiary education (levels 3 and 4),T,Total,Y18-64,From 18 to 64 years,DK,Denmark,2020,,31900,,,,,
dataflow,ESTAT:ILC_DI08(1.0),Mean and median income by educational attainment level,A,Annual,MED_EI,Median equivalised income,EUR,Euro,ED3_4,Upper secondary and post-secondary non-tertiary education (levels 3 and 4),T,Total,Y18-64,From 18 to 64 years,DK,Denmark,2021,,33466,,,,,
dataflow,ESTAT:ILC_DI08(1.0),Mean and median income by educational attainment level,A,Annual,MED_EI,Median equivalised income,EUR,Euro,ED3_4,Upper secondary and post-secondary non-tertiary education (levels 3 and 4),T,Total,Y18-64,From 18 to 64 years,DK,Denmark,2022,,34546,,,,,
dataflow,ESTAT:ILC_DI08(1.0),Mean and median income by educational attainment level,A,Annual,MED_EI,Median equivalised income,EUR,Euro,ED3_4,Upper secondary and post-secondary non-tertiary education (levels 3 and 4),T,Total,Y18-64,From 18 to 64 years,DK,Denmark,2023,,34364,,,,,
dataflow,ESTAT:ILC_DI08(1.0),Mean and median income by educational attainment level,A,Annual,MED_EI,Median equivalised income,EUR,Euro,ED3_4,Upper secondary and post-secondary non-tertiary education (levels 3 and 4),T,Total,Y18-64,From 18 to 64 years,DK,Denmark,2024,,35209,,,,,
dataflow,ESTAT:ILC_DI08(1.0),Mean and median income by educational attainment level,A,Annual,MED_EI,Median equivalised income,EUR,Euro,ED3_4,Upper secondary and post-secondary non-tertiary education (levels 3 and 4),T,Total,Y18-64,From 18 to 64 years,DK,Denmark,2025,,36167,,,,,
dataflow,ESTAT:ILC_DI08(1.0),Mean and median income by educational attainment level,A,Annual,MED_EI,Median equivalised income,EUR,Euro,ED3_4,Upper secondary and post-secondary non-tertiary education (levels 3 and 4),T,Total,Y18-64,From 18 to 64 years,EA,"Euro area (EA11-1999, EA12-2001, EA13-2007, EA15-2008, EA16-2009, EA17-2011, EA18-2014, EA19-2015, EA20-2023, EA21-2026)",2016,,18860,,e,estimated,,
dataflow,ESTAT:ILC_DI08(1.0),Mean and median income by educational attainment level,A,Annual,MED_EI,Median equivalised income,EUR,Euro,ED3_4,Upper secondary and post-secondary non-tertiary education (levels 3 and 4),T,Total,Y18-64,From 18 to 64 years,EA,"Euro area (EA11-1999, EA12-2001, EA13-2007, EA15-2008, EA16-2009, EA17-2011, EA18-2014, EA19-2015, EA20-2023, EA21-2026)",2017,,19241,,e,estimated,,
dataflow,ESTAT:ILC_DI08(1.0),Mean and median income by educational attainment level,A,Annual,MED_EI,Median equivalised income,EUR,Euro,ED3_4,Upper secondary and post-secondary non-tertiary education (levels 3 and 4),T,Total,Y18-64,From 18 to 64 years,EA,"Euro area (EA11-1999, EA12-2001, EA13-2007, EA15-2008, EA16-2009, EA17-2011, EA18-2014, EA19-2015, EA20-2023, EA21-2026)",2018,,19598,,e,estimated,,
dataflow,ESTAT:ILC_DI08(1.0),Mean and median income by educational attainment level,A,Annual,MED_EI,Median equivalised income,EUR,Euro,ED3_4,Upper secondary and post-secondary non-tertiary education (levels 3 and 4),T,Total,Y18-64,From 18 to 64 years,EA,"Euro area (EA11-1999, EA12-2001, EA13-2007, EA15-2008, EA16-2009, EA17-2011, EA18-2014, EA19-2015, EA20-2023, EA21-2026)",2019,,20257,,,,,
dataflow,ESTAT:ILC_DI08(1.0),Mean and median income by educational attainment level,A,Annual,MED_EI,Median equivalised income,EUR,Euro,ED3_4,Upper secondary and post-secondary non-tertiary education (levels 3 and 4),T,Total,Y18-64,From 18 to 64 years,EA,"Euro area (EA11-1999, EA12-2001, EA13-2007, EA15-2008, EA16-2009, EA17-2011, EA18-2014, EA19-2015, EA20-2023, EA21-2026)",2020,,21583,,b,break in time series,,
dataflow,ESTAT:ILC_DI08(1.0),Mean and median income by educational attainment level,A,Annual,MED_EI,Median equivalised income,EUR,Euro,ED3_4,Upper secondary and post-secondary non-tertiary education (levels 3 and 4),T,Total,Y18-64,From 18 to 64 years,EA,"Euro area (EA11-1999, EA12-2001, EA13-2007, EA15-2008, EA16-2009, EA17-2011, EA18-2014, EA19-2015, EA20-2023, EA21-2026)",2021,,21381,,,,,
dataflow,ESTAT:ILC_DI08(1.0),Mean and median income by educational attainment level,A,Annual,MED_EI,Median equivalised income,EUR,Euro,ED3_4,Upper secondary and post-secondary non-tertiary education (levels 3 and 4),T,Total,Y18-64,From 18 to 64 years,EA18,Euro area - 18 countries (2014),2016,,19008,,,,,
dataflow,ESTAT:ILC_DI08(1.0),Mean and median income by educational attainment level,A,Annual,MED_EI,Median equivalised income,EUR,Euro,ED3_4,Upper secondary and post-secondary non-tertiary education (levels 3 and 4),T,Total,Y18-64,From 18 to 64 years,EA18,Euro area - 18 countries (2014),2017,,19383,,,,,
dataflow,ESTAT:ILC_DI08(1.0),Mean and median income by educational attainment level,A,Annual,MED_EI,Median equivalised income,EUR,Euro,ED3_4,Upper secondary and post-secondary non-tertiary education (levels 3 and 4),T,Total,Y18-64,From 18 to 64 years,EA18,Euro area - 18 countries (2014),2018,,19728,,,,,
dataflow,ESTAT:ILC_DI08(1.0),Mean and median income by educational attainment level,A,Annual,MED_EI,Median equivalised income,EUR,Euro,ED3_4,Upper secondary and post-secondary non-tertiary education (levels 3 and 4),T,Total,Y18-64,From 18 to 64 years,EA18,Euro area - 18 countries (2014),2019,,20387,,,,,
dataflow,ESTAT:ILC_DI08(1.0),Mean and median income by educational attainment level,A,Annual,MED_EI,Median equivalised income,EUR,Euro,ED3_4,Upper secondary and post-secondary non-tertiary education (levels 3 and 4),T,Total,Y18-64,From 18 to 64 years,EA18,Euro area - 18 countries (2014),2020,,21717,,b,break in time series,,
dataflow,ESTAT:ILC_DI08(1.0),Mean and median income by educational attainment level,A,Annual,MED_EI,Median equivalised income,EUR,Euro,ED3_4,Upper secondary and post-secondary non-tertiary education (levels 3 and 4),T,Total,Y18-64,From 18 to 64 years,EA19,Euro area - 19 countries  (2015-2022),2016,,18860,,,,,
dataflow,ESTAT:ILC_DI08(1.0),Mean and median income by educational attainment level,A,Annual,MED_EI,Median equivalised income,EUR,Euro,ED3_4,Upper secondary and post-secondary non-tertiary education (levels 3 and 4),T,Total,Y18-64,From 18 to 64 years,EA19,Euro area - 19 countries  (2015-2022),2017,,19241,,,,,
dataflow,ESTAT:ILC_DI08(1.0),Mean and median income by educational attainment level,A,Annual,MED_EI,Median equivalised income,EUR,Euro,ED3_4,Upper secondary and post-secondary non-tertiary education (levels 3 and 4),T,Total,Y18-64,From 18 to 64 years,EA19,Euro area - 19 countries  (2015-2022),2018,,19598,,,,,
dataflow,ESTAT:ILC_DI08(1.0),Mean and median income by educational attainment level,A,Annual,MED_EI,Median equivalised income,EUR,Euro,ED3_4,Upper secondary and post-secondary non-tertiary education (levels 3 and 4),T,Total,Y18-64,From 18 to 64 years,EA19,Euro area - 19 countries  (2015-2022),2019,,20257,,,,,
dataflow,ESTAT:ILC_DI08(1.0),Mean and median income by educational attainment level,A,Annual,MED_EI,Median equivalised income,EUR,Euro,ED3_4,Upper secondary and post-secondary non-tertiary education (levels 3 and 4),T,Total,Y18-64,From 18 to 64 years,EA19,Euro area - 19 countries  (2015-2022),2020,,21583,,b,break in time series,,
dataflow,ESTAT:ILC_DI08(1.0),Mean and median income by educational attainment level,A,Annual,MED_EI,Median equivalised income,EUR,Euro,ED3_4,Upper secondary and post-secondary non-tertiary education (levels 3 and 4),T,Total,Y18-64,From 18 to 64 years,EA19,Euro area - 19 countries  (2015-2022),2021,,21381,,,,,
dataflow,ESTAT:ILC_DI08(1.0),Mean and median income by educational attainment level,A,Annual,MED_EI,Median equivalised income,EUR,Euro,ED3_4,Upper secondary and post-secondary non-tertiary education (levels 3 and 4),T,Total,Y18-64,From 18 to 64 years,EA20,Euro area – 20 countries (2023-2025),2016,,18636,,,,,
dataflow,ESTAT:ILC_DI08(1.0),Mean and median income by educational attainment level,A,Annual,MED_EI,Median equivalised income,EUR,Euro,ED3_4,Upper secondary and post-secondary non-tertiary education (levels 3 and 4),T,Total,Y18-64,From 18 to 64 years,EA20,Euro area – 20 countries (2023-2025),2017,,19021,,,,,
dataflow,ESTAT:ILC_DI08(1.0),Mean and median income by educational attainment level,A,Annual,MED_EI,Median equivalised income,EUR,Euro,ED3_4,Upper secondary and post-secondary non-tertiary education (levels 3 and 4),T,Total,Y18-64,From 18 to 64 years,EA20,Euro area – 20 countries (2023-2025),2018,,19380,,,,,
dataflow,ESTAT:ILC_DI08(1.0),Mean and median income by educational attainment level,A,Annual,MED_EI,Median equivalised income,EUR,Euro,ED3_4,Upper secondary and post-secondary non-tertiary education (levels 3 and 4),T,Total,Y18-64,From 18 to 64 years,EA20,Euro area – 20 countries (2023-2025),2019,,20044,,,,,
dataflow,ESTAT:ILC_DI08(1.0),Mean and median income by educational attainment level,A,Annual,MED_EI,Median equivalised income,EUR,Euro,ED3_4,Upper secondary and post-secondary non-tertiary education (levels 3 and 4),T,Total,Y18-64,From 18 to 64 years,EA20,Euro area – 20 countries (2023-2025),2020,,21355,,,,,
dataflow,ESTAT:ILC_DI08(1.0),Mean and median income by educational attainment level,A,Annual,MED_EI,Median equivalised income,EUR,Euro,ED3_4,Upper secondary and post-secondary non-tertiary education (levels 3 and 4),T,Total,Y18-64,From 18 to 64 years,EA20,Euro area – 20 countries (2023-2025),2021,,21099,,,,,
dataflow,ESTAT:ILC_DI08(1.0),Mean and median income by educational attainment level,A,Annual,MED_EI,Median equivalised income,EUR,Euro,ED3_4,Upper secondary and post-secondary non-tertiary education (levels 3 and 4),T,Total,Y18-64,From 18 to 64 years,EA20,Euro area – 20 countries (2023-2025),2022,,21677,,,,,
dataflow,ESTAT:ILC_DI08(1.0),Mean and median income by educational attainment level,A,Annual,MED_EI,Median equivalised income,EUR,Euro,ED3_4,Upper secondary and post-secondary non-tertiary education (levels 3 and 4),T,Total,Y18-64,From 18 to 64 years,EA20,Euro area – 20 countries (2023-2025),2023,,22944,,,,,
dataflow,ESTAT:ILC_DI08(1.0),Mean and median income by educational attainment level,A,Annual,MED_EI,Median equivalised income,EUR,Euro,ED3_4,Upper secondary and post-secondary non-tertiary education (levels 3 and 4),T,Total,Y18-64,From 18 to 64 years,EA20,Euro area – 20 countries (2023-2025),2024,,24118,,,,,
dataflow,ESTAT:ILC_DI08(1.0),Mean and median income by educational attainment level,A,Annual,MED_EI,Median equivalised income,EUR,Euro,ED3_4,Upper secondary and post-secondary non-tertiary education (levels 3 and 4),T,Total,Y18-64,From 18 to 64 years,EA20,Euro area – 20 countries (2023-2025),2025,,25481,,,,,
dataflow,ESTAT:ILC_DI08(1.0),Mean and median income by educational attainment level,A,Annual,MED_EI,Median equivalised income,EUR,Euro,ED3_4,Upper secondary and post-secondary non-tertiary education (levels 3 and 4),T,Total,Y18-64,From 18 to 64 years,EA21,Euro area – 21 countries (from 2026),2025,,25126,,,,,
dataflow,ESTAT:ILC_DI08(1.0),Mean and median income by educational attainment level,A,Annual,MED_EI,Median equivalised income,EUR,Euro,ED3_4,Upper secondary and post-secondary non-tertiary education (levels 3 and 4),T,Total,Y18-64,From 18 to 64 years,EE,Estonia,2016,,8828,,,,,
dataflow,ESTAT:ILC_DI08(1.0),Mean and median income by educational attainment level,A,Annual,MED_EI,Median equivalised income,EUR,Euro,ED3_4,Upper secondary and post-secondary non-tertiary education (levels 3 and 4),T,Total,Y18-64,From 18 to 64 years,EE,Estonia,2017,,9403,,,,,
dataflow,ESTAT:ILC_DI08(1.0),Mean and median income by educational attainment level,A,Annual,MED_EI,Median equivalised income,EUR,Euro,ED3_4,Upper secondary and post-secondary non-tertiary education (levels 3 and 4),T,Total,Y18-64,From 18 to 64 years,EE,Estonia,2018,,10572,,,,,
dataflow,ESTAT:ILC_DI08(1.0),Mean and median income by educational attainment level,A,Annual,MED_EI,Median equivalised income,EUR,Euro,ED3_4,Upper secondary and post-secondary non-tertiary education (levels 3 and 4),T,Total,Y18-64,From 18 to 64 years,EE,Estonia,2019,,11546,,,,,
dataflow,ESTAT:ILC_DI08(1.0),Mean and median income by educational attainment level,A,Annual,MED_EI,Median equivalised income,EUR,Euro,ED3_4,Upper secondary and post-secondary non-tertiary education (levels 3 and 4),T,Total,Y18-64,From 18 to 64 years,EE,Estonia,2020,,12334,,,,,
dataflow,ESTAT:ILC_DI08(1.0),Mean and median income by educational attainment level,A,Annual,MED_EI,Median equivalised income,EUR,Euro,ED3_4,Upper secondary and post-secondary non-tertiary education (levels 3 and 4),T,Total,Y18-64,From 18 to 64 years,EE,Estonia,2021,,12572,,,,,
dataflow,ESTAT:ILC_DI08(1.0),Mean and median income by educational attainment level,A,Annual,MED_EI,Median equivalised income,EUR,Euro,ED3_4,Upper secondary and post-secondary non-tertiary education (levels 3 and 4),T,Total,Y18-64,From 18 to 64 years,EE,Estonia,2022,,15057,,,,,
dataflow,ESTAT:ILC_DI08(1.0),Mean and median income by educational attainment level,A,Annual,MED_EI,Median equivalised income,EUR,Euro,ED3_4,Upper secondary and post-secondary non-tertiary education (levels 3 and 4),T,Total,Y18-64,From 18 to 64 years,EE,Estonia,2023,,15070,,,,,
dataflow,ESTAT:ILC_DI08(1.0),Mean and median income by educational attainment level,A,Annual,MED_EI,Median equivalised income,EUR,Euro,ED3_4,Upper secondary and post-secondary non-tertiary education (levels 3 and 4),T,Total,Y18-64,From 18 to 64 years,EE,Estonia,2024,,15835,,,,,
dataflow,ESTAT:ILC_DI08(1.0),Mean and median income by educational attainment level,A,Annual,MED_EI,Median equivalised income,EUR,Euro,ED3_4,Upper secondary and post-secondary non-tertiary education (levels 3 and 4),T,Total,Y18-64,From 18 to 64 years,EE,Estonia,2025,,16588,,,,,
dataflow,ESTAT:ILC_DI08(1.0),Mean and median income by educational attainment level,A,Annual,MED_EI,Median equivalised income,EUR,Euro,ED3_4,Upper secondary and post-secondary non-tertiary education (levels 3 and 4),T,Total,Y18-64,From 18 to 64 years,EL,Greece,2016,,7214,,,,,
dataflow,ESTAT:ILC_DI08(1.0),Mean and median income by educational attainment level,A,Annual,MED_EI,Median equivalised income,EUR,Euro,ED3_4,Upper secondary and post-secondary non-tertiary education (levels 3 and 4),T,Total,Y18-64,From 18 to 64 years,EL,Greece,2017,,7325,,,,,
dataflow,ESTAT:ILC_DI08(1.0),Mean and median income by educational attainment level,A,Annual,MED_EI,Median equivalised income,EUR,Euro,ED3_4,Upper secondary and post-secondary non-tertiary education (levels 3 and 4),T,Total,Y18-64,From 18 to 64 years,EL,Greece,2018,,7660,,,,,
dataflow,ESTAT:ILC_DI08(1.0),Mean and median income by educational attainment level,A,Annual,MED_EI,Median equivalised income,EUR,Euro,ED3_4,Upper secondary and post-secondary non-tertiary education (levels 3 and 4),T,Total,Y18-64,From 18 to 64 years,EL,Greece,2019,,8061,,,,,
dataflow,ESTAT:ILC_DI08(1.0),Mean and median income by educational attainment level,A,Annual,MED_EI,Median equivalised income,EUR,Euro,ED3_4,Upper secondary and post-secondary non-tertiary education (levels 3 and 4),T,Total,Y18-64,From 18 to 64 years,EL,Greece,2020,,8585,,,,,
dataflow,ESTAT:ILC_DI08(1.0),Mean and median income by educational attainment level,A,Annual,MED_EI,Median equivalised income,EUR,Euro,ED3_4,Upper secondary and post-secondary non-tertiary education (levels 3 and 4),T,Total,Y18-64,From 18 to 64 years,EL,Greece,2021,,8620,,,,,
dataflow,ESTAT:ILC_DI08(1.0),Mean and median income by educational attainment level,A,Annual,MED_EI,Median equivalised income,EUR,Euro,ED3_4,Upper secondary and post-secondary non-tertiary education (levels 3 and 4),T,Total,Y18-64,From 18 to 64 years,EL,Greece,2022,,9325,,,,,
dataflow,ESTAT:ILC_DI08(1.0),Mean and median income by educational attainment level,A,Annual,MED_EI,Median equivalised income,EUR,Euro,ED3_4,Upper secondary and post-secondary non-tertiary education (levels 3 and 4),T,Total,Y18-64,From 18 to 64 years,EL,Greece,2023,,9843,,,,,
dataflow,ESTAT:ILC_DI08(1.0),Mean and median income by educational attainment level,A,Annual,MED_EI,Median equivalised income,EUR,Euro,ED3_4,Upper secondary and post-secondary non-tertiary education (levels 3 and 4),T,Total,Y18-64,From 18 to 64 years,EL,Greece,2024,,10722,,,,,
dataflow,ESTAT:ILC_DI08(1.0),Mean and median income by educational attainment level,A,Annual,MED_EI,Median equivalised income,EUR,Euro,ED3_4,Upper secondary and post-secondary non-tertiary education (levels 3 and 4),T,Total,Y18-64,From 18 to 64 years,EL,Greece,2025,,11948,,,,,
dataflow,ESTAT:ILC_DI08(1.0),Mean and median income by educational attainment level,A,Annual,MED_EI,Median equivalised income,EUR,Euro,ED3_4,Upper secondary and post-secondary non-tertiary education (levels 3 and 4),T,Total,Y18-64,From 18 to 64 years,ES,Spain,2016,,14166,,,,,
dataflow,ESTAT:ILC_DI08(1.0),Mean and median income by educational attainment level,A,Annual,MED_EI,Median equivalised income,EUR,Euro,ED3_4,Upper secondary and post-secondary non-tertiary education (levels 3 and 4),T,Total,Y18-64,From 18 to 64 years,ES,Spain,2017,,14532,,,,,
dataflow,ESTAT:ILC_DI08(1.0),Mean and median income by educational attainment level,A,Annual,MED_EI,Median equivalised income,EUR,Euro,ED3_4,Upper secondary and post-secondary non-tertiary education (levels 3 and 4),T,Total,Y18-64,From 18 to 64 years,ES,Spain,2018,,14882,,,,,
dataflow,ESTAT:ILC_DI08(1.0),Mean and median income by educational attainment level,A,Annual,MED_EI,Median equivalised income,EUR,Euro,ED3_4,Upper secondary and post-secondary non-tertiary education (levels 3 and 4),T,Total,Y18-64,From 18 to 64 years,ES,Spain,2019,,14975,,,,,
dataflow,ESTAT:ILC_DI08(1.0),Mean and median income by educational attainment level,A,Annual,MED_EI,Median equivalised income,EUR,Euro,ED3_4,Upper secondary and post-secondary non-tertiary education (levels 3 and 4),T,Total,Y18-64,From 18 to 64 years,ES,Spain,2020,,15824,,,,,
dataflow,ESTAT:ILC_DI08(1.0),Mean and median income by educational attainment level,A,Annual,MED_EI,Median equivalised income,EUR,Euro,ED3_4,Upper secondary and post-secondary non-tertiary education (levels 3 and 4),T,Total,Y18-64,From 18 to 64 years,ES,Spain,2021,,15518,,,,,
dataflow,ESTAT:ILC_DI08(1.0),Mean and median income by educational attainment level,A,Annual,MED_EI,Median equivalised income,EUR,Euro,ED3_4,Upper secondary and post-secondary non-tertiary education (levels 3 and 4),T,Total,Y18-64,From 18 to 64 years,ES,Spain,2022,,16320,,,,,
dataflow,ESTAT:ILC_DI08(1.0),Mean and median income by educational attainment level,A,Annual,MED_EI,Median equivalised income,EUR,Euro,ED3_4,Upper secondary and post-secondary non-tertiary education (levels 3 and 4),T,Total,Y18-64,From 18 to 64 years,ES,Spain,2023,,17637,,,,,
dataflow,ESTAT:ILC_DI08(1.0),Mean and median income by educational attainment level,A,Annual,MED_EI,Median equivalised income,EUR,Euro,ED3_4,Upper secondary and post-secondary non-tertiary education (levels 3 and 4),T,Total,Y18-64,From 18 to 64 years,ES,Spain,2024,,18796,,,,,
dataflow,ESTAT:ILC_DI08(1.0),Mean and median income by educational attainment level,A,Annual,MED_EI,Median equivalised income,EUR,Euro,ED3_4,Upper secondary and post-secondary non-tertiary education (levels 3 and 4),T,Total,Y18-64,From 18 to 64 years,ES,Spain,2025,,19639,,,,,
dataflow,ESTAT:ILC_DI08(1.0),Mean and median income by educational attainment level,A,Annual,MED_EI,Median equivalised income,EUR,Euro,ED3_4,Upper secondary and post-secondary non-tertiary education (levels 3 and 4),T,Total,Y18-64,From 18 to 64 years,EU,"European Union (EU6-1958, EU9-1973, EU10-1981, EU12-1986, EU15-1995, EU25-2004, EU27-2007, EU28-2013, EU27-2020)",2016,,16347,,e,estimated,,
dataflow,ESTAT:ILC_DI08(1.0),Mean and median income by educational attainment level,A,Annual,MED_EI,Median equivalised income,EUR,Euro,ED3_4,Upper secondary and post-secondary non-tertiary education (levels 3 and 4),T,Total,Y18-64,From 18 to 64 years,EU,"European Union (EU6-1958, EU9-1973, EU10-1981, EU12-1986, EU15-1995, EU25-2004, EU27-2007, EU28-2013, EU27-2020)",2017,,16252,,e,estimated,,
dataflow,ESTAT:ILC_DI08(1.0),Mean and median income by educational attainment level,A,Annual,MED_EI,Median equivalised income,EUR,Euro,ED3_4,Upper secondary and post-secondary non-tertiary education (levels 3 and 4),T,Total,Y18-64,From 18 to 64 years,EU,"European Union (EU6-1958, EU9-1973, EU10-1981, EU12-1986, EU15-1995, EU25-2004, EU27-2007, EU28-2013, EU27-2020)",2018,,16863,,e,estimated,,
dataflow,ESTAT:ILC_DI08(1.0),Mean and median income by educational attainment level,A,Annual,MED_EI,Median equivalised income,EUR,Euro,ED3_4,Upper secondary and post-secondary non-tertiary education (levels 3 and 4),T,Total,Y18-64,From 18 to 64 years,EU,"European Union (EU6-1958, EU9-1973, EU10-1981, EU12-1986, EU15-1995, EU25-2004, EU27-2007, EU28-2013, EU27-2020)",2019,,17455,,e,estimated,,
dataflow,ESTAT:ILC_DI08(1.0),Mean and median income by educational attainment level,A,Annual,MED_EI,Median equivalised income,EUR,Euro,ED3_4,Upper secondary and post-secondary non-tertiary education (levels 3 and 4),T,Total,Y18-64,From 18 to 64 years,EU27_2007,European Union - 27 countries (2007-2013),2016,,16469,,,,,
dataflow,ESTAT:ILC_DI08(1.0),Mean and median income by educational attainment level,A,Annual,MED_EI,Median equivalised income,EUR,Euro,ED3_4,Upper secondary and post-secondary non-tertiary education (levels 3 and 4),T,Total,Y18-64,From 18 to 64 years,EU27_2007,European Union - 27 countries (2007-2013),2017,,16373,,,,,
dataflow,ESTAT:ILC_DI08(1.0),Mean and median income by educational attainment level,A,Annual,MED_EI,Median equivalised income,EUR,Euro,ED3_4,Upper secondary and post-secondary non-tertiary education (levels 3 and 4),T,Total,Y18-64,From 18 to 64 years,EU27_2007,European Union - 27 countries (2007-2013),2018,,16982,,,,,
dataflow,ESTAT:ILC_DI08(1.0),Mean and median income by educational attainment level,A,Annual,MED_EI,Median equivalised income,EUR,Euro,ED3_4,Upper secondary and post-secondary non-tertiary education (levels 3 and 4),T,Total,Y18-64,From 18 to 64 years,EU27_2007,European Union - 27 countries (2007-2013),2019,,17573,,e,estimated,,
dataflow,ESTAT:ILC_DI08(1.0),Mean and median income by educational attainment level,A,Annual,MED_EI,Median equivalised income,EUR,Euro,ED3_4,Upper secondary and post-secondary non-tertiary education (levels 3 and 4),T,Total,Y18-64,From 18 to 64 years,EU27_2020,European Union - 27 countries (from 2020),2016,,15832,,e,estimated,,
dataflow,ESTAT:ILC_DI08(1.0),Mean and median income by educational attainment level,A,Annual,MED_EI,Median equivalised income,EUR,Euro,ED3_4,Upper secondary and post-secondary non-tertiary education (levels 3 and 4),T,Total,Y18-64,From 18 to 64 years,EU27_2020,European Union - 27 countries (from 2020),2017,,16096,,e,estimated,,
dataflow,ESTAT:ILC_DI08(1.0),Mean and median income by educational attainment level,A,Annual,MED_EI,Median equivalised income,EUR,Euro,ED3_4,Upper secondary and post-secondary non-tertiary education (levels 3 and 4),T,Total,Y18-64,From 18 to 64 years,EU27_2020,European Union - 27 countries (from 2020),2018,,16563,,e,estimated,,
dataflow,ESTAT:ILC_DI08(1.0),Mean and median income by educational attainment level,A,Annual,MED_EI,Median equivalised income,EUR,Euro,ED3_4,Upper secondary and post-secondary non-tertiary education (levels 3 and 4),T,Total,Y18-64,From 18 to 64 years,EU27_2020,European Union - 27 countries (from 2020),2019,,17203,,,,,
dataflow,ESTAT:ILC_DI08(1.0),Mean and median income by educational attainment level,A,Annual,MED_EI,Median equivalised income,EUR,Euro,ED3_4,Upper secondary and post-secondary non-tertiary education (levels 3 and 4),T,Total,Y18-64,From 18 to 64 years,EU27_2020,European Union - 27 countries (from 2020),2020,,18249,,,,,
dataflow,ESTAT:ILC_DI08(1.0),Mean and median income by educational attainment level,A,Annual,MED_EI,Median equivalised income,EUR,Euro,ED3_4,Upper secondary and post-secondary non-tertiary education (levels 3 and 4),T,Total,Y18-64,From 18 to 64 years,EU27_2020,European Union - 27 countries (from 2020),2021,,18158,,,,,
dataflow,ESTAT:ILC_DI08(1.0),Mean and median income by educational attainment level,A,Annual,MED_EI,Median equivalised income,EUR,Euro,ED3_4,Upper secondary and post-secondary non-tertiary education (levels 3 and 4),T,Total,Y18-64,From 18 to 64 years,EU27_2020,European Union - 27 countries (from 2020),2022,,18873,,,,,
dataflow,ESTAT:ILC_DI08(1.0),Mean and median income by educational attainment level,A,Annual,MED_EI,Median equivalised income,EUR,Euro,ED3_4,Upper secondary and post-secondary non-tertiary education (levels 3 and 4),T,Total,Y18-64,From 18 to 64 years,EU27_2020,European Union - 27 countries (from 2020),2023,,20186,,,,,
dataflow,ESTAT:ILC_DI08(1.0),Mean and median income by educational attainment level,A,Annual,MED_EI,Median equivalised income,EUR,Euro,ED3_4,Upper secondary and post-secondary non-tertiary education (levels 3 and 4),T,Total,Y18-64,From 18 to 64 years,EU27_2020,European Union - 27 countries (from 2020),2024,,21406,,,,,
dataflow,ESTAT:ILC_DI08(1.0),Mean and median income by educational attainment level,A,Annual,MED_EI,Median equivalised income,EUR,Euro,ED3_4,Upper secondary and post-secondary non-tertiary education (levels 3 and 4),T,Total,Y18-64,From 18 to 64 years,EU27_2020,European Union - 27 countries (from 2020),2025,,22720,,,,,
dataflow,ESTAT:ILC_DI08(1.0),Mean and median income by educational attainment level,A,Annual,MED_EI,Median equivalised income,EUR,Euro,ED3_4,Upper secondary and post-secondary non-tertiary education (levels 3 and 4),T,Total,Y18-64,From 18 to 64 years,EU28,European Union - 28 countries (2013-2020),2016,,16347,,,,,
dataflow,ESTAT:ILC_DI08(1.0),Mean and median income by educational attainment level,A,Annual,MED_EI,Median equivalised income,EUR,Euro,ED3_4,Upper secondary and post-secondary non-tertiary education (levels 3 and 4),T,Total,Y18-64,From 18 to 64 years,EU28,European Union - 28 countries (2013-2020),2017,,16252,,,,,
dataflow,ESTAT:ILC_DI08(1.0),Mean and median income by educational attainment level,A,Annual,MED_EI,Median equivalised income,EUR,Euro,ED3_4,Upper secondary and post-secondary non-tertiary education (levels 3 and 4),T,Total,Y18-64,From 18 to 64 years,EU28,European Union - 28 countries (2013-2020),2018,,16863,,,,,
dataflow,ESTAT:ILC_DI08(1.0),Mean and median income by educational attainment level,A,Annual,MED_EI,Median equivalised income,EUR,Euro,ED3_4,Upper secondary and post-secondary non-tertiary education (levels 3 and 4),T,Total,Y18-64,From 18 to 64 years,EU28,European Union - 28 countries (2013-2020),2019,,17455,,e,estimated,,
dataflow,ESTAT:ILC_DI08(1.0),Mean and median income by educational attainment level,A,Annual,MED_EI,Median equivalised income,EUR,Euro,ED3_4,Upper secondary and post-secondary non-tertiary education (levels 3 and 4),T,Total,Y18-64,From 18 to 64 years,FI,Finland,2016,,23166,,,,,
dataflow,ESTAT:ILC_DI08(1.0),Mean and median income by educational attainment level,A,Annual,MED_EI,Median equivalised income,EUR,Euro,ED3_4,Upper secondary and post-secondary non-tertiary education (levels 3 and 4),T,Total,Y18-64,From 18 to 64 years,FI,Finland,2017,,23895,,,,,
dataflow,ESTAT:ILC_DI08(1.0),Mean and median income by educational attainment level,A,Annual,MED_EI,Median equivalised income,EUR,Euro,ED3_4,Upper secondary and post-secondary non-tertiary education (levels 3 and 4),T,Total,Y18-64,From 18 to 64 years,FI,Finland,2018,,24499,,,,,
dataflow,ESTAT:ILC_DI08(1.0),Mean and median income by educational attainment level,A,Annual,MED_EI,Median equivalised income,EUR,Euro,ED3_4,Upper secondary and post-secondary non-tertiary education (levels 3 and 4),T,Total,Y18-64,From 18 to 64 years,FI,Finland,2019,,24941,,,,,
dataflow,ESTAT:ILC_DI08(1.0),Mean and median income by educational attainment level,A,Annual,MED_EI,Median equivalised income,EUR,Euro,ED3_4,Upper secondary and post-secondary non-tertiary education (levels 3 and 4),T,Total,Y18-64,From 18 to 64 years,FI,Finland,2020,,25293,,,,,
dataflow,ESTAT:ILC_DI08(1.0),Mean and median income by educational attainment level,A,Annual,MED_EI,Median equivalised income,EUR,Euro,ED3_4,Upper secondary and post-secondary non-tertiary education (levels 3 and 4),T,Total,Y18-64,From 18 to 64 years,FI,Finland,2021,,25362,,,,,
dataflow,ESTAT:ILC_DI08(1.0),Mean and median income by educational attainment level,A,Annual,MED_EI,Median equivalised income,EUR,Euro,ED3_4,Upper secondary and post-secondary non-tertiary education (levels 3 and 4),T,Total,Y18-64,From 18 to 64 years,FI,Finland,2022,,26320,,,,,
dataflow,ESTAT:ILC_DI08(1.0),Mean and median income by educational attainment level,A,Annual,MED_EI,Median equivalised income,EUR,Euro,ED3_4,Upper secondary and post-secondary non-tertiary education (levels 3 and 4),T,Total,Y18-64,From 18 to 64 years,FI,Finland,2023,,27277,,,,,
dataflow,ESTAT:ILC_DI08(1.0),Mean and median income by educational attainment level,A,Annual,MED_EI,Median equivalised income,EUR,Euro,ED3_4,Upper secondary and post-secondary non-tertiary education (levels 3 and 4),T,Total,Y18-64,From 18 to 64 years,FI,Finland,2024,,28478,,,,,
dataflow,ESTAT:ILC_DI08(1.0),Mean and median income by educational attainment level,A,Annual,MED_EI,Median equivalised income,EUR,Euro,ED3_4,Upper secondary and post-secondary non-tertiary education (levels 3 and 4),T,Total,Y18-64,From 18 to 64 years,FI,Finland,2025,,29672,,,,,
dataflow,ESTAT:ILC_DI08(1.0),Mean and median income by educational attainment level,A,Annual,MED_EI,Median equivalised income,EUR,Euro,ED3_4,Upper secondary and post-secondary non-tertiary education (levels 3 and 4),T,Total,Y18-64,From 18 to 64 years,FR,France,2016,,21021,,,,,
dataflow,ESTAT:ILC_DI08(1.0),Mean and median income by educational attainment level,A,Annual,MED_EI,Median equivalised income,EUR,Euro,ED3_4,Upper secondary and post-secondary non-tertiary education (levels 3 and 4),T,Total,Y18-64,From 18 to 64 years,FR,France,2017,,21374,,,,,
dataflow,ESTAT:ILC_DI08(1.0),Mean and median income by educational attainment level,A,Annual,MED_EI,Median equivalised income,EUR,Euro,ED3_4,Upper secondary and post-secondary non-tertiary education (levels 3 and 4),T,Total,Y18-64,From 18 to 64 years,FR,France,2018,,21513,,,,,
dataflow,ESTAT:ILC_DI08(1.0),Mean and median income by educational attainment level,A,Annual,MED_EI,Median equivalised income,EUR,Euro,ED3_4,Upper secondary and post-secondary non-tertiary education (levels 3 and 4),T,Total,Y18-64,From 18 to 64 years,FR,France,2019,,21693,,,,,
dataflow,ESTAT:ILC_DI08(1.0),Mean and median income by educational attainment level,A,Annual,MED_EI,Median equivalised income,EUR,Euro,ED3_4,Upper secondary and post-secondary non-tertiary education (levels 3 and 4),T,Total,Y18-64,From 18 to 64 years,FR,France,2020,,21512,,b,break in time series,,
dataflow,ESTAT:ILC_DI08(1.0),Mean and median income by educational attainment level,A,Annual,MED_EI,Median equivalised income,EUR,Euro,ED3_4,Upper secondary and post-secondary non-tertiary education (levels 3 and 4),T,Total,Y18-64,From 18 to 64 years,FR,France,2021,,21948,,,,,
dataflow,ESTAT:ILC_DI08(1.0),Mean and median income by educational attainment level,A,Annual,MED_EI,Median equivalised income,EUR,Euro,ED3_4,Upper secondary and post-secondary non-tertiary education (levels 3 and 4),T,Total,Y18-64,From 18 to 64 years,FR,France,2022,,22453,,b,break in time series,,
dataflow,ESTAT:ILC_DI08(1.0),Mean and median income by educational attainment level,A,Annual,MED_EI,Median equivalised income,EUR,Euro,ED3_4,Upper secondary and post-secondary non-tertiary education (levels 3 and 4),T,Total,Y18-64,From 18 to 64 years,FR,France,2023,,23411,,,,,
dataflow,ESTAT:ILC_DI08(1.0),Mean and median income by educational attainment level,A,Annual,MED_EI,Median equivalised income,EUR,Euro,ED3_4,Upper secondary and post-secondary non-tertiary education (levels 3 and 4),T,Total,Y18-64,From 18 to 64 years,FR,France,2024,,24735,,,,,
dataflow,ESTAT:ILC_DI08(1.0),Mean and median income by educational attainment level,A,Annual,MED_EI,Median equivalised income,EUR,Euro,ED3_4,Upper secondary and post-secondary non-tertiary education (levels 3 and 4),T,Total,Y18-64,From 18 to 64 years,FR,France,2025,,25425,,,,,
dataflow,ESTAT:ILC_DI08(1.0),Mean and median income by educational attainment level,A,Annual,MED_EI,Median equivalised income,EUR,Euro,ED3_4,Upper secondary and post-secondary non-tertiary education (levels 3 and 4),T,Total,Y18-64,From 18 to 64 years,HR,Croatia,2016,,6051,,,,,
dataflow,ESTAT:ILC_DI08(1.0),Mean and median income by educational attainment level,A,Annual,MED_EI,Median equivalised income,EUR,Euro,ED3_4,Upper secondary and post-secondary non-tertiary education (levels 3 and 4),T,Total,Y18-64,From 18 to 64 years,HR,Croatia,2017,,6471,,,,,
dataflow,ESTAT:ILC_DI08(1.0),Mean and median income by educational attainment level,A,Annual,MED_EI,Median equivalised income,EUR,Euro,ED3_4,Upper secondary and post-secondary non-tertiary education (levels 3 and 4),T,Total,Y18-64,From 18 to 64 years,HR,Croatia,2018,,6930,,,,,
dataflow,ESTAT:ILC_DI08(1.0),Mean and median income by educational attainment level,A,Annual,MED_EI,Median equivalised income,EUR,Euro,ED3_4,Upper secondary and post-secondary non-tertiary education (levels 3 and 4),T,Total,Y18-64,From 18 to 64 years,HR,Croatia,2019,,7451,,,,,
dataflow,ESTAT:ILC_DI08(1.0),Mean and median income by educational attainment level,A,Annual,MED_EI,Median equivalised income,EUR,Euro,ED3_4,Upper secondary and post-secondary non-tertiary education (levels 3 and 4),T,Total,Y18-64,From 18 to 64 years,HR,Croatia,2020,,8045,,,,,
dataflow,ESTAT:ILC_DI08(1.0),Mean and median income by educational attainment level,A,Annual,MED_EI,Median equivalised income,EUR,Euro,ED3_4,Upper secondary and post-secondary non-tertiary education (levels 3 and 4),T,Total,Y18-64,From 18 to 64 years,HR,Croatia,2021,,8403,,,,,
dataflow,ESTAT:ILC_DI08(1.0),Mean and median income by educational attainment level,A,Annual,MED_EI,Median equivalised income,EUR,Euro,ED3_4,Upper secondary and post-secondary non-tertiary education (levels 3 and 4),T,Total,Y18-64,From 18 to 64 years,HR,Croatia,2022,,9246,,,,,
dataflow,ESTAT:ILC_DI08(1.0),Mean and median income by educational attainment level,A,Annual,MED_EI,Median equivalised income,EUR,Euro,ED3_4,Upper secondary and post-secondary non-tertiary education (levels 3 and 4),T,Total,Y18-64,From 18 to 64 years,HR,Croatia,2023,,10338,,b,break in time series,,
dataflow,ESTAT:ILC_DI08(1.0),Mean and median income by educational attainment level,A,Annual,MED_EI,Median equivalised income,EUR,Euro,ED3_4,Upper secondary and post-secondary non-tertiary education (levels 3 and 4),T,Total,Y18-64,From 18 to 64 years,HR,Croatia,2024,,12877,,b,break in time series,,
dataflow,ESTAT:ILC_DI08(1.0),Mean and median income by educational attainment level,A,Annual,MED_EI,Median equivalised income,EUR,Euro,ED3_4,Upper secondary and post-secondary non-tertiary education (levels 3 and 4),T,Total,Y18-64,From 18 to 64 years,HR,Croatia,2025,,15615,,,,,
dataflow,ESTAT:ILC_DI08(1.0),Mean and median income by educational attainment level,A,Annual,MED_EI,Median equivalised income,EUR,Euro,ED3_4,Upper secondary and post-secondary non-tertiary education (levels 3 and 4),T,Total,Y18-64,From 18 to 64 years,HU,Hungary,2016,,4795,,,,,
dataflow,ESTAT:ILC_DI08(1.0),Mean and median income by educational attainment level,A,Annual,MED_EI,Median equivalised income,EUR,Euro,ED3_4,Upper secondary and post-secondary non-tertiary education (levels 3 and 4),T,Total,Y18-64,From 18 to 64 years,HU,Hungary,2017,,5178,,,,,
dataflow,ESTAT:ILC_DI08(1.0),Mean and median income by educational attainment level,A,Annual,MED_EI,Median equivalised income,EUR,Euro,ED3_4,Upper secondary and post-secondary non-tertiary education (levels 3 and 4),T,Total,Y18-64,From 18 to 64 years,HU,Hungary,2018,,5570,,,,,
dataflow,ESTAT:ILC_DI08(1.0),Mean and median income by educational attainment level,A,Annual,MED_EI,Median equivalised income,EUR,Euro,ED3_4,Upper secondary and post-secondary non-tertiary education (levels 3 and 4),T,Total,Y18-64,From 18 to 64 years,HU,Hungary,2019,,5887,,b,break in time series,,
dataflow,ESTAT:ILC_DI08(1.0),Mean and median income by educational attainment level,A,Annual,MED_EI,Median equivalised income,EUR,Euro,ED3_4,Upper secondary and post-secondary non-tertiary education (levels 3 and 4),T,Total,Y18-64,From 18 to 64 years,HU,Hungary,2020,,6126,,,,,
dataflow,ESTAT:ILC_DI08(1.0),Mean and median income by educational attainment level,A,Annual,MED_EI,Median equivalised income,EUR,Euro,ED3_4,Upper secondary and post-secondary non-tertiary education (levels 3 and 4),T,Total,Y18-64,From 18 to 64 years,HU,Hungary,2021,,6762,,,,,
dataflow,ESTAT:ILC_DI08(1.0),Mean and median income by educational attainment level,A,Annual,MED_EI,Median equivalised income,EUR,Euro,ED3_4,Upper secondary and post-secondary non-tertiary education (levels 3 and 4),T,Total,Y18-64,From 18 to 64 years,HU,Hungary,2022,,7339,,,,,
dataflow,ESTAT:ILC_DI08(1.0),Mean and median income by educational attainment level,A,Annual,MED_EI,Median equivalised income,EUR,Euro,ED3_4,Upper secondary and post-secondary non-tertiary education (levels 3 and 4),T,Total,Y18-64,From 18 to 64 years,HU,Hungary,2023,,7382,,,,,
dataflow,ESTAT:ILC_DI08(1.0),Mean and median income by educational attainment level,A,Annual,MED_EI,Median equivalised income,EUR,Euro,ED3_4,Upper secondary and post-secondary non-tertiary education (levels 3 and 4),T,Total,Y18-64,From 18 to 64 years,HU,Hungary,2024,,8589,,,,,
dataflow,ESTAT:ILC_DI08(1.0),Mean and median income by educational attainment level,A,Annual,MED_EI,Median equivalised income,EUR,Euro,ED3_4,Upper secondary and post-secondary non-tertiary education (levels 3 and 4),T,Total,Y18-64,From 18 to 64 years,HU,Hungary,2025,,8831,,,,,
dataflow,ESTAT:ILC_DI08(1.0),Mean and median income by educational attainment level,A,Annual,MED_EI,Median equivalised income,EUR,Euro,ED3_4,Upper secondary and post-secondary non-tertiary education (levels 3 and 4),T,Total,Y18-64,From 18 to 64 years,IE,Ireland,2016,,21406,,,,,
dataflow,ESTAT:ILC_DI08(1.0),Mean and median income by educational attainment level,A,Annual,MED_EI,Median equivalised income,EUR,Euro,ED3_4,Upper secondary and post-secondary non-tertiary education (levels 3 and 4),T,Total,Y18-64,From 18 to 64 years,IE,Ireland,2017,,22139,,,,,
dataflow,ESTAT:ILC_DI08(1.0),Mean and median income by educational attainment level,A,Annual,MED_EI,Median equivalised income,EUR,Euro,ED3_4,Upper secondary and post-secondary non-tertiary education (levels 3 and 4),T,Total,Y18-64,From 18 to 64 years,IE,Ireland,2018,,24367,,,,,
dataflow,ESTAT:ILC_DI08(1.0),Mean and median income by educational attainment level,A,Annual,MED_EI,Median equivalised income,EUR,Euro,ED3_4,Upper secondary and post-secondary non-tertiary education (levels 3 and 4),T,Total,Y18-64,From 18 to 64 years,IE,Ireland,2019,,24442,,b,break in time series,,
dataflow,ESTAT:ILC_DI08(1.0),Mean and median income by educational attainment level,A,Annual,MED_EI,Median equivalised income,EUR,Euro,ED3_4,Upper secondary and post-secondary non-tertiary education (levels 3 and 4),T,Total,Y18-64,From 18 to 64 years,IE,Ireland,2020,,25516,,b,break in time series,,
dataflow,ESTAT:ILC_DI08(1.0),Mean and median income by educational attainment level,A,Annual,MED_EI,Median equivalised income,EUR,Euro,ED3_4,Upper secondary and post-secondary non-tertiary education (levels 3 and 4),T,Total,Y18-64,From 18 to 64 years,IE,Ireland,2021,,27910,,,,,
dataflow,ESTAT:ILC_DI08(1.0),Mean and median income by educational attainment level,A,Annual,MED_EI,Median equivalised income,EUR,Euro,ED3_4,Upper secondary and post-secondary non-tertiary education (levels 3 and 4),T,Total,Y18-64,From 18 to 64 years,IE,Ireland,2022,,29891,,,,,
dataflow,ESTAT:ILC_DI08(1.0),Mean and median income by educational attainment level,A,Annual,MED_EI,Median equivalised income,EUR,Euro,ED3_4,Upper secondary and post-secondary non-tertiary education (levels 3 and 4),T,Total,Y18-64,From 18 to 64 years,IE,Ireland,2023,,29928,,,,,
dataflow,ESTAT:ILC_DI08(1.0),Mean and median income by educational attainment level,A,Annual,MED_EI,Median equivalised income,EUR,Euro,ED3_4,Upper secondary and post-secondary non-tertiary education (levels 3 and 4),T,Total,Y18-64,From 18 to 64 years,IE,Ireland,2024,,31954,,,,,
dataflow,ESTAT:ILC_DI08(1.0),Mean and median income by educational attainment level,A,Annual,MED_EI,Median equivalised income,EUR,Euro,ED3_4,Upper secondary and post-secondary non-tertiary education (levels 3 and 4),T,Total,Y18-64,From 18 to 64 years,IE,Ireland,2025,,34481,,,,,
dataflow,ESTAT:ILC_DI08(1.0),Mean and median income by educational attainment level,A,Annual,MED_EI,Median equivalised income,EUR,Euro,ED3_4,Upper secondary and post-secondary non-tertiary education (levels 3 and 4),T,Total,Y18-64,From 18 to 64 years,IS,Iceland,2016,,29296,,,,,
dataflow,ESTAT:ILC_DI08(1.0),Mean and median income by educational attainment level,A,Annual,MED_EI,Median equivalised income,EUR,Euro,ED3_4,Upper secondary and post-secondary non-tertiary education (levels 3 and 4),T,Total,Y18-64,From 18 to 64 years,IS,Iceland,2017,,35087,,,,,
dataflow,ESTAT:ILC_DI08(1.0),Mean and median income by educational attainment level,A,Annual,MED_EI,Median equivalised income,EUR,Euro,ED3_4,Upper secondary and post-secondary non-tertiary education (levels 3 and 4),T,Total,Y18-64,From 18 to 64 years,IS,Iceland,2018,,41479,,,,,
dataflow,ESTAT:ILC_DI08(1.0),Mean and median income by educational attainment level,A,Annual,MED_EI,Median equivalised income,EUR,Euro,ED3_4,Upper secondary and post-secondary non-tertiary education (levels 3 and 4),T,Total,Y18-64,From 18 to 64 years,IS,Iceland,2019,,38869,,,,,
dataflow,ESTAT:ILC_DI08(1.0),Mean and median income by educational attainment level,A,Annual,MED_EI,Median equivalised income,EUR,Euro,ED3_4,Upper secondary and post-secondary non-tertiary education (levels 3 and 4),T,Total,Y18-64,From 18 to 64 years,IS,Iceland,2020,,36632,,,,,
dataflow,ESTAT:ILC_DI08(1.0),Mean and median income by educational attainment level,A,Annual,MED_EI,Median equivalised income,EUR,Euro,ED3_4,Upper secondary and post-secondary non-tertiary education (levels 3 and 4),T,Total,Y18-64,From 18 to 64 years,IT,Italy,2016,,17894,,,,,
dataflow,ESTAT:ILC_DI08(1.0),Mean and median income by educational attainment level,A,Annual,MED_EI,Median equivalised income,EUR,Euro,ED3_4,Upper secondary and post-secondary non-tertiary education (levels 3 and 4),T,Total,Y18-64,From 18 to 64 years,IT,Italy,2017,,18119,,,,,
dataflow,ESTAT:ILC_DI08(1.0),Mean and median income by educational attainment level,A,Annual,MED_EI,Median equivalised income,EUR,Euro,ED3_4,Upper secondary and post-secondary non-tertiary education (levels 3 and 4),T,Total,Y18-64,From 18 to 64 years,IT,Italy,2018,,18243,,,,,
dataflow,ESTAT:ILC_DI08(1.0),Mean and median income by educational attainment level,A,Annual,MED_EI,Median equivalised income,EUR,Euro,ED3_4,Upper secondary and post-secondary non-tertiary education (levels 3 and 4),T,Total,Y18-64,From 18 to 64 years,IT,Italy,2019,,18227,,,,,
dataflow,ESTAT:ILC_DI08(1.0),Mean and median income by educational attainment level,A,Annual,MED_EI,Median equivalised income,EUR,Euro,ED3_4,Upper secondary and post-secondary non-tertiary education (levels 3 and 4),T,Total,Y18-64,From 18 to 64 years,IT,Italy,2020,,19102,,,,,
dataflow,ESTAT:ILC_DI08(1.0),Mean and median income by educational attainment level,A,Annual,MED_EI,Median equivalised income,EUR,Euro,ED3_4,Upper secondary and post-secondary non-tertiary education (levels 3 and 4),T,Total,Y18-64,From 18 to 64 years,IT,Italy,2021,,18317,,,,,
dataflow,ESTAT:ILC_DI08(1.0),Mean and median income by educational attainment level,A,Annual,MED_EI,Median equivalised income,EUR,Euro,ED3_4,Upper secondary and post-secondary non-tertiary education (levels 3 and 4),T,Total,Y18-64,From 18 to 64 years,IT,Italy,2022,,19509,,,,,
dataflow,ESTAT:ILC_DI08(1.0),Mean and median income by educational attainment level,A,Annual,MED_EI,Median equivalised income,EUR,Euro,ED3_4,Upper secondary and post-secondary non-tertiary education (levels 3 and 4),T,Total,Y18-64,From 18 to 64 years,IT,Italy,2023,,21286,,,,,
dataflow,ESTAT:ILC_DI08(1.0),Mean and median income by educational attainment level,A,Annual,MED_EI,Median equivalised income,EUR,Euro,ED3_4,Upper secondary and post-secondary non-tertiary education (levels 3 and 4),T,Total,Y18-64,From 18 to 64 years,IT,Italy,2024,,21514,,,,,
dataflow,ESTAT:ILC_DI08(1.0),Mean and median income by educational attainment level,A,Annual,MED_EI,Median equivalised income,EUR,Euro,ED3_4,Upper secondary and post-secondary non-tertiary education (levels 3 and 4),T,Total,Y18-64,From 18 to 64 years,IT,Italy,2025,,23196,,,,,
dataflow,ESTAT:ILC_DI08(1.0),Mean and median income by educational attainment level,A,Annual,MED_EI,Median equivalised income,EUR,Euro,ED3_4,Upper secondary and post-secondary non-tertiary education (levels 3 and 4),T,Total,Y18-64,From 18 to 64 years,LT,Lithuania,2016,,5572,,,,,
dataflow,ESTAT:ILC_DI08(1.0),Mean and median income by educational attainment level,A,Annual,MED_EI,Median equivalised income,EUR,Euro,ED3_4,Upper secondary and post-secondary non-tertiary education (levels 3 and 4),T,Total,Y18-64,From 18 to 64 years,LT,Lithuania,2017,,6002,,,,,
dataflow,ESTAT:ILC_DI08(1.0),Mean and median income by educational attainment level,A,Annual,MED_EI,Median equivalised income,EUR,Euro,ED3_4,Upper secondary and post-secondary non-tertiary education (levels 3 and 4),T,Total,Y18-64,From 18 to 64 years,LT,Lithuania,2018,,6809,,,,,
dataflow,ESTAT:ILC_DI08(1.0),Mean and median income by educational attainment level,A,Annual,MED_EI,Median equivalised income,EUR,Euro,ED3_4,Upper secondary and post-secondary non-tertiary education (levels 3 and 4),T,Total,Y18-64,From 18 to 64 years,LT,Lithuania,2019,,7446,,,,,
dataflow,ESTAT:ILC_DI08(1.0),Mean and median income by educational attainment level,A,Annual,MED_EI,Median equivalised income,EUR,Euro,ED3_4,Upper secondary and post-secondary non-tertiary education (levels 3 and 4),T,Total,Y18-64,From 18 to 64 years,LT,Lithuania,2020,,8301,,,,,
dataflow,ESTAT:ILC_DI08(1.0),Mean and median income by educational attainment level,A,Annual,MED_EI,Median equivalised income,EUR,Euro,ED3_4,Upper secondary and post-secondary non-tertiary education (levels 3 and 4),T,Total,Y18-64,From 18 to 64 years,LT,Lithuania,2021,,9287,,,,,
dataflow,ESTAT:ILC_DI08(1.0),Mean and median income by educational attainment level,A,Annual,MED_EI,Median equivalised income,EUR,Euro,ED3_4,Upper secondary and post-secondary non-tertiary education (levels 3 and 4),T,Total,Y18-64,From 18 to 64 years,LT,Lithuania,2022,,9761,,,,,
dataflow,ESTAT:ILC_DI08(1.0),Mean and median income by educational attainment level,A,Annual,MED_EI,Median equivalised income,EUR,Euro,ED3_4,Upper secondary and post-secondary non-tertiary education (levels 3 and 4),T,Total,Y18-64,From 18 to 64 years,LT,Lithuania,2023,,10669,,,,,
dataflow,ESTAT:ILC_DI08(1.0),Mean and median income by educational attainment level,A,Annual,MED_EI,Median equivalised income,EUR,Euro,ED3_4,Upper secondary and post-secondary non-tertiary education (levels 3 and 4),T,Total,Y18-64,From 18 to 64 years,LT,Lithuania,2024,,11594,,p,provisional,,
dataflow,ESTAT:ILC_DI08(1.0),Mean and median income by educational attainment level,A,Annual,MED_EI,Median equivalised income,EUR,Euro,ED3_4,Upper secondary and post-secondary non-tertiary education (levels 3 and 4),T,Total,Y18-64,From 18 to 64 years,LT,Lithuania,2025,,12737,,p,provisional,,
dataflow,ESTAT:ILC_DI08(1.0),Mean and median income by educational attainment level,A,Annual,MED_EI,Median equivalised income,EUR,Euro,ED3_4,Upper secondary and post-secondary non-tertiary education (levels 3 and 4),T,Total,Y18-64,From 18 to 64 years,LU,Luxembourg,2016,,34281,,b,break in time series,,
dataflow,ESTAT:ILC_DI08(1.0),Mean and median income by educational attainment level,A,Annual,MED_EI,Median equivalised income,EUR,Euro,ED3_4,Upper secondary and post-secondary non-tertiary education (levels 3 and 4),T,Total,Y18-64,From 18 to 64 years,LU,Luxembourg,2017,,37125,,,,,
dataflow,ESTAT:ILC_DI08(1.0),Mean and median income by educational attainment level,A,Annual,MED_EI,Median equivalised income,EUR,Euro,ED3_4,Upper secondary and post-secondary non-tertiary education (levels 3 and 4),T,Total,Y18-64,From 18 to 64 years,LU,Luxembourg,2018,,34957,,,,,
dataflow,ESTAT:ILC_DI08(1.0),Mean and median income by educational attainment level,A,Annual,MED_EI,Median equivalised income,EUR,Euro,ED3_4,Upper secondary and post-secondary non-tertiary education (levels 3 and 4),T,Total,Y18-64,From 18 to 64 years,LU,Luxembourg,2019,,35405,,,,,
dataflow,ESTAT:ILC_DI08(1.0),Mean and median income by educational attainment level,A,Annual,MED_EI,Median equivalised income,EUR,Euro,ED3_4,Upper secondary and post-secondary non-tertiary education (levels 3 and 4),T,Total,Y18-64,From 18 to 64 years,LU,Luxembourg,2020,,36354,,b,break in time series,,
dataflow,ESTAT:ILC_DI08(1.0),Mean and median income by educational attainment level,A,Annual,MED_EI,Median equivalised income,EUR,Euro,ED3_4,Upper secondary and post-secondary non-tertiary education (levels 3 and 4),T,Total,Y18-64,From 18 to 64 years,LU,Luxembourg,2021,,40383,,b,break in time series,,
dataflow,ESTAT:ILC_DI08(1.0),Mean and median income by educational attainment level,A,Annual,MED_EI,Median equivalised income,EUR,Euro,ED3_4,Upper secondary and post-secondary non-tertiary education (levels 3 and 4),T,Total,Y18-64,From 18 to 64 years,LU,Luxembourg,2022,,41936,,b,break in time series,,
dataflow,ESTAT:ILC_DI08(1.0),Mean and median income by educational attainment level,A,Annual,MED_EI,Median equivalised income,EUR,Euro,ED3_4,Upper secondary and post-secondary non-tertiary education (levels 3 and 4),T,Total,Y18-64,From 18 to 64 years,LU,Luxembourg,2023,,45083,,,,,
dataflow,ESTAT:ILC_DI08(1.0),Mean and median income by educational attainment level,A,Annual,MED_EI,Median equivalised income,EUR,Euro,ED3_4,Upper secondary and post-secondary non-tertiary education (levels 3 and 4),T,Total,Y18-64,From 18 to 64 years,LU,Luxembourg,2024,,46313,,,,,
dataflow,ESTAT:ILC_DI08(1.0),Mean and median income by educational attainment level,A,Annual,MED_EI,Median equivalised income,EUR,Euro,ED3_4,Upper secondary and post-secondary non-tertiary education (levels 3 and 4),T,Total,Y18-64,From 18 to 64 years,LU,Luxembourg,2025,,48836,,b,break in time series,,
dataflow,ESTAT:ILC_DI08(1.0),Mean and median income by educational attainment level,A,Annual,MED_EI,Median equivalised income,EUR,Euro,ED3_4,Upper secondary and post-secondary non-tertiary education (levels 3 and 4),T,Total,Y18-64,From 18 to 64 years,LV,Latvia,2016,,6427,,,,,
dataflow,ESTAT:ILC_DI08(1.0),Mean and median income by educational attainment level,A,Annual,MED_EI,Median equivalised income,EUR,Euro,ED3_4,Upper secondary and post-secondary non-tertiary education (levels 3 and 4),T,Total,Y18-64,From 18 to 64 years,LV,Latvia,2017,,6706,,,,,
dataflow,ESTAT:ILC_DI08(1.0),Mean and median income by educational attainment level,A,Annual,MED_EI,Median equivalised income,EUR,Euro,ED3_4,Upper secondary and post-secondary non-tertiary education (levels 3 and 4),T,Total,Y18-64,From 18 to 64 years,LV,Latvia,2018,,7336,,,,,
dataflow,ESTAT:ILC_DI08(1.0),Mean and median income by educational attainment level,A,Annual,MED_EI,Median equivalised income,EUR,Euro,ED3_4,Upper secondary and post-secondary non-tertiary education (levels 3 and 4),T,Total,Y18-64,From 18 to 64 years,LV,Latvia,2019,,8017,,,,,
dataflow,ESTAT:ILC_DI08(1.0),Mean and median income by educational attainment level,A,Annual,MED_EI,Median equivalised income,EUR,Euro,ED3_4,Upper secondary and post-secondary non-tertiary education (levels 3 and 4),T,Total,Y18-64,From 18 to 64 years,LV,Latvia,2020,,8633,,,,,
dataflow,ESTAT:ILC_DI08(1.0),Mean and median income by educational attainment level,A,Annual,MED_EI,Median equivalised income,EUR,Euro,ED3_4,Upper secondary and post-secondary non-tertiary education (levels 3 and 4),T,Total,Y18-64,From 18 to 64 years,LV,Latvia,2021,,9184,,,,,
dataflow,ESTAT:ILC_DI08(1.0),Mean and median income by educational attainment level,A,Annual,MED_EI,Median equivalised income,EUR,Euro,ED3_4,Upper secondary and post-secondary non-tertiary education (levels 3 and 4),T,Total,Y18-64,From 18 to 64 years,LV,Latvia,2022,,9992,,,,,
dataflow,ESTAT:ILC_DI08(1.0),Mean and median income by educational attainment level,A,Annual,MED_EI,Median equivalised income,EUR,Euro,ED3_4,Upper secondary and post-secondary non-tertiary education (levels 3 and 4),T,Total,Y18-64,From 18 to 64 years,LV,Latvia,2023,,10835,,,,,
dataflow,ESTAT:ILC_DI08(1.0),Mean and median income by educational attainment level,A,Annual,MED_EI,Median equivalised income,EUR,Euro,ED3_4,Upper secondary and post-secondary non-tertiary education (levels 3 and 4),T,Total,Y18-64,From 18 to 64 years,LV,Latvia,2024,,12420,,,,,
dataflow,ESTAT:ILC_DI08(1.0),Mean and median income by educational attainment level,A,Annual,MED_EI,Median equivalised income,EUR,Euro,ED3_4,Upper secondary and post-secondary non-tertiary education (levels 3 and 4),T,Total,Y18-64,From 18 to 64 years,LV,Latvia,2025,,13521,,,,,
dataflow,ESTAT:ILC_DI08(1.0),Mean and median income by educational attainment level,A,Annual,MED_EI,Median equivalised income,EUR,Euro,ED3_4,Upper secondary and post-secondary non-tertiary education (levels 3 and 4),T,Total,Y18-64,From 18 to 64 years,ME,Montenegro,2016,,3200,,,,,
dataflow,ESTAT:ILC_DI08(1.0),Mean and median income by educational attainment level,A,Annual,MED_EI,Median equivalised income,EUR,Euro,ED3_4,Upper secondary and post-secondary non-tertiary education (levels 3 and 4),T,Total,Y18-64,From 18 to 64 years,ME,Montenegro,2017,,3509,,,,,
dataflow,ESTAT:ILC_DI08(1.0),Mean and median income by educational attainment level,A,Annual,MED_EI,Median equivalised income,EUR,Euro,ED3_4,Upper secondary and post-secondary non-tertiary education (levels 3 and 4),T,Total,Y18-64,From 18 to 64 years,ME,Montenegro,2018,,3826,,,,,
dataflow,ESTAT:ILC_DI08(1.0),Mean and median income by educational attainment level,A,Annual,MED_EI,Median equivalised income,EUR,Euro,ED3_4,Upper secondary and post-secondary non-tertiary education (levels 3 and 4),T,Total,Y18-64,From 18 to 64 years,ME,Montenegro,2019,,3882,,,,,
dataflow,ESTAT:ILC_DI08(1.0),Mean and median income by educational attainment level,A,Annual,MED_EI,Median equivalised income,EUR,Euro,ED3_4,Upper secondary and post-secondary non-tertiary education (levels 3 and 4),T,Total,Y18-64,From 18 to 64 years,ME,Montenegro,2020,,3955,,,,,
dataflow,ESTAT:ILC_DI08(1.0),Mean and median income by educational attainment level,A,Annual,MED_EI,Median equivalised income,EUR,Euro,ED3_4,Upper secondary and post-secondary non-tertiary education (levels 3 and 4),T,Total,Y18-64,From 18 to 64 years,ME,Montenegro,2021,,3840,,,,,
dataflow,ESTAT:ILC_DI08(1.0),Mean and median income by educational attainment level,A,Annual,MED_EI,Median equivalised income,EUR,Euro,ED3_4,Upper secondary and post-secondary non-tertiary education (levels 3 and 4),T,Total,Y18-64,From 18 to 64 years,ME,Montenegro,2022,,4341,,,,,
dataflow,ESTAT:ILC_DI08(1.0),Mean and median income by educational attainment level,A,Annual,MED_EI,Median equivalised income,EUR,Euro,ED3_4,Upper secondary and post-secondary non-tertiary education (levels 3 and 4),T,Total,Y18-64,From 18 to 64 years,ME,Montenegro,2023,,5660,,,,,
dataflow,ESTAT:ILC_DI08(1.0),Mean and median income by educational attainment level,A,Annual,MED_EI,Median equivalised income,EUR,Euro,ED3_4,Upper secondary and post-secondary non-tertiary education (levels 3 and 4),T,Total,Y18-64,From 18 to 64 years,MK,North Macedonia,2016,,2453,,,,,
dataflow,ESTAT:ILC_DI08(1.0),Mean and median income by educational attainment level,A,Annual,MED_EI,Median equivalised income,EUR,Euro,ED3_4,Upper secondary and post-secondary non-tertiary education (levels 3 and 4),T,Total,Y18-64,From 18 to 64 years,MK,North Macedonia,2017,,2703,,,,,
dataflow,ESTAT:ILC_DI08(1.0),Mean and median income by educational attainment level,A,Annual,MED_EI,Median equivalised income,EUR,Euro,ED3_4,Upper secondary and post-secondary non-tertiary education (levels 3 and 4),T,Total,Y18-64,From 18 to 64 years,MK,North Macedonia,2018,,2848,,,,,
dataflow,ESTAT:ILC_DI08(1.0),Mean and median income by educational attainment level,A,Annual,MED_EI,Median equivalised income,EUR,Euro,ED3_4,Upper secondary and post-secondary non-tertiary education (levels 3 and 4),T,Total,Y18-64,From 18 to 64 years,MK,North Macedonia,2019,,2971,,,,,
dataflow,ESTAT:ILC_DI08(1.0),Mean and median income by educational attainment level,A,Annual,MED_EI,Median equivalised income,EUR,Euro,ED3_4,Upper secondary and post-secondary non-tertiary education (levels 3 and 4),T,Total,Y18-64,From 18 to 64 years,MK,North Macedonia,2020,,3278,,,,,
dataflow,ESTAT:ILC_DI08(1.0),Mean and median income by educational attainment level,A,Annual,MED_EI,Median equivalised income,EUR,Euro,ED3_4,Upper secondary and post-secondary non-tertiary education (levels 3 and 4),T,Total,Y18-64,From 18 to 64 years,MK,North Macedonia,2021,,3489,,b,break in time series,,
dataflow,ESTAT:ILC_DI08(1.0),Mean and median income by educational attainment level,A,Annual,MED_EI,Median equivalised income,EUR,Euro,ED3_4,Upper secondary and post-secondary non-tertiary education (levels 3 and 4),T,Total,Y18-64,From 18 to 64 years,MK,North Macedonia,2022,,3855,,,,,
dataflow,ESTAT:ILC_DI08(1.0),Mean and median income by educational attainment level,A,Annual,MED_EI,Median equivalised income,EUR,Euro,ED3_4,Upper secondary and post-secondary non-tertiary education (levels 3 and 4),T,Total,Y18-64,From 18 to 64 years,MK,North Macedonia,2023,,4233,,,,,
dataflow,ESTAT:ILC_DI08(1.0),Mean and median income by educational attainment level,A,Annual,MED_EI,Median equivalised income,EUR,Euro,ED3_4,Upper secondary and post-secondary non-tertiary education (levels 3 and 4),T,Total,Y18-64,From 18 to 64 years,MK,North Macedonia,2024,,5284,,,,,
dataflow,ESTAT:ILC_DI08(1.0),Mean and median income by educational attainment level,A,Annual,MED_EI,Median equivalised income,EUR,Euro,ED3_4,Upper secondary and post-secondary non-tertiary education (levels 3 and 4),T,Total,Y18-64,From 18 to 64 years,MT,Malta,2016,,15637,,,,,
dataflow,ESTAT:ILC_DI08(1.0),Mean and median income by educational attainment level,A,Annual,MED_EI,Median equivalised income,EUR,Euro,ED3_4,Upper secondary and post-secondary non-tertiary education (levels 3 and 4),T,Total,Y18-64,From 18 to 64 years,MT,Malta,2017,,16612,,,,,
dataflow,ESTAT:ILC_DI08(1.0),Mean and median income by educational attainment level,A,Annual,MED_EI,Median equivalised income,EUR,Euro,ED3_4,Upper secondary and post-secondary non-tertiary education (levels 3 and 4),T,Total,Y18-64,From 18 to 64 years,MT,Malta,2018,,16811,,,,,
dataflow,ESTAT:ILC_DI08(1.0),Mean and median income by educational attainment level,A,Annual,MED_EI,Median equivalised income,EUR,Euro,ED3_4,Upper secondary and post-secondary non-tertiary education (levels 3 and 4),T,Total,Y18-64,From 18 to 64 years,MT,Malta,2019,,17517,,,,,
dataflow,ESTAT:ILC_DI08(1.0),Mean and median income by educational attainment level,A,Annual,MED_EI,Median equivalised income,EUR,Euro,ED3_4,Upper secondary and post-secondary non-tertiary education (levels 3 and 4),T,Total,Y18-64,From 18 to 64 years,MT,Malta,2020,,18281,,,,,
dataflow,ESTAT:ILC_DI08(1.0),Mean and median income by educational attainment level,A,Annual,MED_EI,Median equivalised income,EUR,Euro,ED3_4,Upper secondary and post-secondary non-tertiary education (levels 3 and 4),T,Total,Y18-64,From 18 to 64 years,MT,Malta,2021,,19685,,,,,
dataflow,ESTAT:ILC_DI08(1.0),Mean and median income by educational attainment level,A,Annual,MED_EI,Median equivalised income,EUR,Euro,ED3_4,Upper secondary and post-secondary non-tertiary education (levels 3 and 4),T,Total,Y18-64,From 18 to 64 years,MT,Malta,2022,,20523,,,,,
dataflow,ESTAT:ILC_DI08(1.0),Mean and median income by educational attainment level,A,Annual,MED_EI,Median equivalised income,EUR,Euro,ED3_4,Upper secondary and post-secondary non-tertiary education (levels 3 and 4),T,Total,Y18-64,From 18 to 64 years,MT,Malta,2023,,21802,,,,,
dataflow,ESTAT:ILC_DI08(1.0),Mean and median income by educational attainment level,A,Annual,MED_EI,Median equivalised income,EUR,Euro,ED3_4,Upper secondary and post-secondary non-tertiary education (levels 3 and 4),T,Total,Y18-64,From 18 to 64 years,MT,Malta,2024,,22904,,,,,
dataflow,ESTAT:ILC_DI08(1.0),Mean and median income by educational attainment level,A,Annual,MED_EI,Median equivalised income,EUR,Euro,ED3_4,Upper secondary and post-secondary non-tertiary education (levels 3 and 4),T,Total,Y18-64,From 18 to 64 years,MT,Malta,2025,,23902,,,,,
dataflow,ESTAT:ILC_DI08(1.0),Mean and median income by educational attainment level,A,Annual,MED_EI,Median equivalised income,EUR,Euro,ED3_4,Upper secondary and post-secondary non-tertiary education (levels 3 and 4),T,Total,Y18-64,From 18 to 64 years,NL,Netherlands,2016,,22716,,b,break in time series,,
dataflow,ESTAT:ILC_DI08(1.0),Mean and median income by educational attainment level,A,Annual,MED_EI,Median equivalised income,EUR,Euro,ED3_4,Upper secondary and post-secondary non-tertiary education (levels 3 and 4),T,Total,Y18-64,From 18 to 64 years,NL,Netherlands,2017,,23463,,,,,
dataflow,ESTAT:ILC_DI08(1.0),Mean and median income by educational attainment level,A,Annual,MED_EI,Median equivalised income,EUR,Euro,ED3_4,Upper secondary and post-secondary non-tertiary education (levels 3 and 4),T,Total,Y18-64,From 18 to 64 years,NL,Netherlands,2018,,23766,,,,,
dataflow,ESTAT:ILC_DI08(1.0),Mean and median income by educational attainment level,A,Annual,MED_EI,Median equivalised income,EUR,Euro,ED3_4,Upper secondary and post-secondary non-tertiary education (levels 3 and 4),T,Total,Y18-64,From 18 to 64 years,NL,Netherlands,2019,,24296,,,,,
dataflow,ESTAT:ILC_DI08(1.0),Mean and median income by educational attainment level,A,Annual,MED_EI,Median equivalised income,EUR,Euro,ED3_4,Upper secondary and post-secondary non-tertiary education (levels 3 and 4),T,Total,Y18-64,From 18 to 64 years,NL,Netherlands,2020,,26071,,,,,
dataflow,ESTAT:ILC_DI08(1.0),Mean and median income by educational attainment level,A,Annual,MED_EI,Median equivalised income,EUR,Euro,ED3_4,Upper secondary and post-secondary non-tertiary education (levels 3 and 4),T,Total,Y18-64,From 18 to 64 years,NL,Netherlands,2021,,28756,,,,,
dataflow,ESTAT:ILC_DI08(1.0),Mean and median income by educational attainment level,A,Annual,MED_EI,Median equivalised income,EUR,Euro,ED3_4,Upper secondary and post-secondary non-tertiary education (levels 3 and 4),T,Total,Y18-64,From 18 to 64 years,NL,Netherlands,2022,,29517,,,,,
dataflow,ESTAT:ILC_DI08(1.0),Mean and median income by educational attainment level,A,Annual,MED_EI,Median equivalised income,EUR,Euro,ED3_4,Upper secondary and post-secondary non-tertiary education (levels 3 and 4),T,Total,Y18-64,From 18 to 64 years,NL,Netherlands,2023,,29581,,,,,
dataflow,ESTAT:ILC_DI08(1.0),Mean and median income by educational attainment level,A,Annual,MED_EI,Median equivalised income,EUR,Euro,ED3_4,Upper secondary and post-secondary non-tertiary education (levels 3 and 4),T,Total,Y18-64,From 18 to 64 years,NL,Netherlands,2024,,32462,,,,,
dataflow,ESTAT:ILC_DI08(1.0),Mean and median income by educational attainment level,A,Annual,MED_EI,Median equivalised income,EUR,Euro,ED3_4,Upper secondary and post-secondary non-tertiary education (levels 3 and 4),T,Total,Y18-64,From 18 to 64 years,NL,Netherlands,2025,,34953,,,,,
dataflow,ESTAT:ILC_DI08(1.0),Mean and median income by educational attainment level,A,Annual,MED_EI,Median equivalised income,EUR,Euro,ED3_4,Upper secondary and post-secondary non-tertiary education (levels 3 and 4),T,Total,Y18-64,From 18 to 64 years,NO,Norway,2016,,41164,,,,,
dataflow,ESTAT:ILC_DI08(1.0),Mean and median income by educational attainment level,A,Annual,MED_EI,Median equivalised income,EUR,Euro,ED3_4,Upper secondary and post-secondary non-tertiary education (levels 3 and 4),T,Total,Y18-64,From 18 to 64 years,NO,Norway,2017,,40496,,,,,
dataflow,ESTAT:ILC_DI08(1.0),Mean and median income by educational attainment level,A,Annual,MED_EI,Median equivalised income,EUR,Euro,ED3_4,Upper secondary and post-secondary non-tertiary education (levels 3 and 4),T,Total,Y18-64,From 18 to 64 years,NO,Norway,2018,,41042,,,,,
dataflow,ESTAT:ILC_DI08(1.0),Mean and median income by educational attainment level,A,Annual,MED_EI,Median equivalised income,EUR,Euro,ED3_4,Upper secondary and post-secondary non-tertiary education (levels 3 and 4),T,Total,Y18-64,From 18 to 64 years,NO,Norway,2019,,41226,,,,,
dataflow,ESTAT:ILC_DI08(1.0),Mean and median income by educational attainment level,A,Annual,MED_EI,Median equivalised income,EUR,Euro,ED3_4,Upper secondary and post-secondary non-tertiary education (levels 3 and 4),T,Total,Y18-64,From 18 to 64 years,NO,Norway,2020,,42047,,,,,
dataflow,ESTAT:ILC_DI08(1.0),Mean and median income by educational attainment level,A,Annual,MED_EI,Median equivalised income,EUR,Euro,ED3_4,Upper secondary and post-secondary non-tertiary education (levels 3 and 4),T,Total,Y18-64,From 18 to 64 years,NO,Norway,2021,,37262,,b,break in time series,,
dataflow,ESTAT:ILC_DI08(1.0),Mean and median income by educational attainment level,A,Annual,MED_EI,Median equivalised income,EUR,Euro,ED3_4,Upper secondary and post-secondary non-tertiary education (levels 3 and 4),T,Total,Y18-64,From 18 to 64 years,NO,Norway,2022,,41134,,,,,
dataflow,ESTAT:ILC_DI08(1.0),Mean and median income by educational attainment level,A,Annual,MED_EI,Median equivalised income,EUR,Euro,ED3_4,Upper secondary and post-secondary non-tertiary education (levels 3 and 4),T,Total,Y18-64,From 18 to 64 years,NO,Norway,2023,,43053,,b,break in time series,,
dataflow,ESTAT:ILC_DI08(1.0),Mean and median income by educational attainment level,A,Annual,MED_EI,Median equivalised income,EUR,Euro,ED3_4,Upper secondary and post-secondary non-tertiary education (levels 3 and 4),T,Total,Y18-64,From 18 to 64 years,NO,Norway,2024,,41359,,,,,
dataflow,ESTAT:ILC_DI08(1.0),Mean and median income by educational attainment level,A,Annual,MED_EI,Median equivalised income,EUR,Euro,ED3_4,Upper secondary and post-secondary non-tertiary education (levels 3 and 4),T,Total,Y18-64,From 18 to 64 years,NO,Norway,2025,,43118,,,,,
dataflow,ESTAT:ILC_DI08(1.0),Mean and median income by educational attainment level,A,Annual,MED_EI,Median equivalised income,EUR,Euro,ED3_4,Upper secondary and post-secondary non-tertiary education (levels 3 and 4),T,Total,Y18-64,From 18 to 64 years,PL,Poland,2016,,5572,,,,,
dataflow,ESTAT:ILC_DI08(1.0),Mean and median income by educational attainment level,A,Annual,MED_EI,Median equivalised income,EUR,Euro,ED3_4,Upper secondary and post-secondary non-tertiary education (levels 3 and 4),T,Total,Y18-64,From 18 to 64 years,PL,Poland,2017,,5721,,,,,
dataflow,ESTAT:ILC_DI08(1.0),Mean and median income by educational attainment level,A,Annual,MED_EI,Median equivalised income,EUR,Euro,ED3_4,Upper secondary and post-secondary non-tertiary education (levels 3 and 4),T,Total,Y18-64,From 18 to 64 years,PL,Poland,2018,,6321,,,,,
dataflow,ESTAT:ILC_DI08(1.0),Mean and median income by educational attainment level,A,Annual,MED_EI,Median equivalised income,EUR,Euro,ED3_4,Upper secondary and post-secondary non-tertiary education (levels 3 and 4),T,Total,Y18-64,From 18 to 64 years,PL,Poland,2019,,6861,,,,,
dataflow,ESTAT:ILC_DI08(1.0),Mean and median income by educational attainment level,A,Annual,MED_EI,Median equivalised income,EUR,Euro,ED3_4,Upper secondary and post-secondary non-tertiary education (levels 3 and 4),T,Total,Y18-64,From 18 to 64 years,PL,Poland,2020,,7629,,,,,
dataflow,ESTAT:ILC_DI08(1.0),Mean and median income by educational attainment level,A,Annual,MED_EI,Median equivalised income,EUR,Euro,ED3_4,Upper secondary and post-secondary non-tertiary education (levels 3 and 4),T,Total,Y18-64,From 18 to 64 years,PL,Poland,2021,,7900,,,,,
dataflow,ESTAT:ILC_DI08(1.0),Mean and median income by educational attainment level,A,Annual,MED_EI,Median equivalised income,EUR,Euro,ED3_4,Upper secondary and post-secondary non-tertiary education (levels 3 and 4),T,Total,Y18-64,From 18 to 64 years,PL,Poland,2022,,8611,,,,,
dataflow,ESTAT:ILC_DI08(1.0),Mean and median income by educational attainment level,A,Annual,MED_EI,Median equivalised income,EUR,Euro,ED3_4,Upper secondary and post-secondary non-tertiary education (levels 3 and 4),T,Total,Y18-64,From 18 to 64 years,PL,Poland,2023,,9756,,,,,
dataflow,ESTAT:ILC_DI08(1.0),Mean and median income by educational attainment level,A,Annual,MED_EI,Median equivalised income,EUR,Euro,ED3_4,Upper secondary and post-secondary non-tertiary education (levels 3 and 4),T,Total,Y18-64,From 18 to 64 years,PL,Poland,2024,,11490,,,,,
dataflow,ESTAT:ILC_DI08(1.0),Mean and median income by educational attainment level,A,Annual,MED_EI,Median equivalised income,EUR,Euro,ED3_4,Upper secondary and post-secondary non-tertiary education (levels 3 and 4),T,Total,Y18-64,From 18 to 64 years,PL,Poland,2025,,13703,,,,,
dataflow,ESTAT:ILC_DI08(1.0),Mean and median income by educational attainment level,A,Annual,MED_EI,Median equivalised income,EUR,Euro,ED3_4,Upper secondary and post-secondary non-tertiary education (levels 3 and 4),T,Total,Y18-64,From 18 to 64 years,PT,Portugal,2016,,9916,,,,,
dataflow,ESTAT:ILC_DI08(1.0),Mean and median income by educational attainment level,A,Annual,MED_EI,Median equivalised income,EUR,Euro,ED3_4,Upper secondary and post-secondary non-tertiary education (levels 3 and 4),T,Total,Y18-64,From 18 to 64 years,PT,Portugal,2017,,9746,,,,,
dataflow,ESTAT:ILC_DI08(1.0),Mean and median income by educational attainment level,A,Annual,MED_EI,Median equivalised income,EUR,Euro,ED3_4,Upper secondary and post-secondary non-tertiary education (levels 3 and 4),T,Total,Y18-64,From 18 to 64 years,PT,Portugal,2018,,9983,,,,,
dataflow,ESTAT:ILC_DI08(1.0),Mean and median income by educational attainment level,A,Annual,MED_EI,Median equivalised income,EUR,Euro,ED3_4,Upper secondary and post-secondary non-tertiary education (levels 3 and 4),T,Total,Y18-64,From 18 to 64 years,PT,Portugal,2019,,10594,,,,,
dataflow,ESTAT:ILC_DI08(1.0),Mean and median income by educational attainment level,A,Annual,MED_EI,Median equivalised income,EUR,Euro,ED3_4,Upper secondary and post-secondary non-tertiary education (levels 3 and 4),T,Total,Y18-64,From 18 to 64 years,PT,Portugal,2020,,11365,,,,,
dataflow,ESTAT:ILC_DI08(1.0),Mean and median income by educational attainment level,A,Annual,MED_EI,Median equivalised income,EUR,Euro,ED3_4,Upper secondary and post-secondary non-tertiary education (levels 3 and 4),T,Total,Y18-64,From 18 to 64 years,PT,Portugal,2021,,11253,,,,,
dataflow,ESTAT:ILC_DI08(1.0),Mean and median income by educational attainment level,A,Annual,MED_EI,Median equivalised income,EUR,Euro,ED3_4,Upper secondary and post-secondary non-tertiary education (levels 3 and 4),T,Total,Y18-64,From 18 to 64 years,PT,Portugal,2022,,11123,,,,,
dataflow,ESTAT:ILC_DI08(1.0),Mean and median income by educational attainment level,A,Annual,MED_EI,Median equivalised income,EUR,Euro,ED3_4,Upper secondary and post-secondary non-tertiary education (levels 3 and 4),T,Total,Y18-64,From 18 to 64 years,PT,Portugal,2023,,12056,,,,,
dataflow,ESTAT:ILC_DI08(1.0),Mean and median income by educational attainment level,A,Annual,MED_EI,Median equivalised income,EUR,Euro,ED3_4,Upper secondary and post-secondary non-tertiary education (levels 3 and 4),T,Total,Y18-64,From 18 to 64 years,PT,Portugal,2024,,13265,,,,,
dataflow,ESTAT:ILC_DI08(1.0),Mean and median income by educational attainment level,A,Annual,MED_EI,Median equivalised income,EUR,Euro,ED3_4,Upper secondary and post-secondary non-tertiary education (levels 3 and 4),T,Total,Y18-64,From 18 to 64 years,PT,Portugal,2025,,14548,,,,,
dataflow,ESTAT:ILC_DI08(1.0),Mean and median income by educational attainment level,A,Annual,MED_EI,Median equivalised income,EUR,Euro,ED3_4,Upper secondary and post-secondary non-tertiary education (levels 3 and 4),T,Total,Y18-64,From 18 to 64 years,RO,Romania,2016,,2647,,,,,
dataflow,ESTAT:ILC_DI08(1.0),Mean and median income by educational attainment level,A,Annual,MED_EI,Median equivalised income,EUR,Euro,ED3_4,Upper secondary and post-secondary non-tertiary education (levels 3 and 4),T,Total,Y18-64,From 18 to 64 years,RO,Romania,2017,,2935,,,,,
dataflow,ESTAT:ILC_DI08(1.0),Mean and median income by educational attainment level,A,Annual,MED_EI,Median equivalised income,EUR,Euro,ED3_4,Upper secondary and post-secondary non-tertiary education (levels 3 and 4),T,Total,Y18-64,From 18 to 64 years,RO,Romania,2018,,3620,,,,,
dataflow,ESTAT:ILC_DI08(1.0),Mean and median income by educational attainment level,A,Annual,MED_EI,Median equivalised income,EUR,Euro,ED3_4,Upper secondary and post-secondary non-tertiary education (levels 3 and 4),T,Total,Y18-64,From 18 to 64 years,RO,Romania,2019,,4165,,,,,
dataflow,ESTAT:ILC_DI08(1.0),Mean and median income by educational attainment level,A,Annual,MED_EI,Median equivalised income,EUR,Euro,ED3_4,Upper secondary and post-secondary non-tertiary education (levels 3 and 4),T,Total,Y18-64,From 18 to 64 years,RO,Romania,2020,,4663,,,,,
dataflow,ESTAT:ILC_DI08(1.0),Mean and median income by educational attainment level,A,Annual,MED_EI,Median equivalised income,EUR,Euro,ED3_4,Upper secondary and post-secondary non-tertiary education (levels 3 and 4),T,Total,Y18-64,From 18 to 64 years,RO,Romania,2021,,5188,,,,,
dataflow,ESTAT:ILC_DI08(1.0),Mean and median income by educational attainment level,A,Annual,MED_EI,Median equivalised income,EUR,Euro,ED3_4,Upper secondary and post-secondary non-tertiary education (levels 3 and 4),T,Total,Y18-64,From 18 to 64 years,RO,Romania,2022,,5670,,,,,
dataflow,ESTAT:ILC_DI08(1.0),Mean and median income by educational attainment level,A,Annual,MED_EI,Median equivalised income,EUR,Euro,ED3_4,Upper secondary and post-secondary non-tertiary education (levels 3 and 4),T,Total,Y18-64,From 18 to 64 years,RO,Romania,2023,,6808,,,,,
dataflow,ESTAT:ILC_DI08(1.0),Mean and median income by educational attainment level,A,Annual,MED_EI,Median equivalised income,EUR,Euro,ED3_4,Upper secondary and post-secondary non-tertiary education (levels 3 and 4),T,Total,Y18-64,From 18 to 64 years,RO,Romania,2024,,8241,,,,,
dataflow,ESTAT:ILC_DI08(1.0),Mean and median income by educational attainment level,A,Annual,MED_EI,Median equivalised income,EUR,Euro,ED3_4,Upper secondary and post-secondary non-tertiary education (levels 3 and 4),T,Total,Y18-64,From 18 to 64 years,RO,Romania,2025,,8599,,,,,
dataflow,ESTAT:ILC_DI08(1.0),Mean and median income by educational attainment level,A,Annual,MED_EI,Median equivalised income,EUR,Euro,ED3_4,Upper secondary and post-secondary non-tertiary education (levels 3 and 4),T,Total,Y18-64,From 18 to 64 years,RS,Serbia,2016,,2403,,,,,
dataflow,ESTAT:ILC_DI08(1.0),Mean and median income by educational attainment level,A,Annual,MED_EI,Median equivalised income,EUR,Euro,ED3_4,Upper secondary and post-secondary non-tertiary education (levels 3 and 4),T,Total,Y18-64,From 18 to 64 years,RS,Serbia,2017,,2534,,,,,
dataflow,ESTAT:ILC_DI08(1.0),Mean and median income by educational attainment level,A,Annual,MED_EI,Median equivalised income,EUR,Euro,ED3_4,Upper secondary and post-secondary non-tertiary education (levels 3 and 4),T,Total,Y18-64,From 18 to 64 years,RS,Serbia,2018,,2736,,,,,
dataflow,ESTAT:ILC_DI08(1.0),Mean and median income by educational attainment level,A,Annual,MED_EI,Median equivalised income,EUR,Euro,ED3_4,Upper secondary and post-secondary non-tertiary education (levels 3 and 4),T,Total,Y18-64,From 18 to 64 years,RS,Serbia,2019,,3247,,,,,
dataflow,ESTAT:ILC_DI08(1.0),Mean and median income by educational attainment level,A,Annual,MED_EI,Median equivalised income,EUR,Euro,ED3_4,Upper secondary and post-secondary non-tertiary education (levels 3 and 4),T,Total,Y18-64,From 18 to 64 years,RS,Serbia,2020,,3700,,,,,
dataflow,ESTAT:ILC_DI08(1.0),Mean and median income by educational attainment level,A,Annual,MED_EI,Median equivalised income,EUR,Euro,ED3_4,Upper secondary and post-secondary non-tertiary education (levels 3 and 4),T,Total,Y18-64,From 18 to 64 years,RS,Serbia,2021,,4033,,,,,
dataflow,ESTAT:ILC_DI08(1.0),Mean and median income by educational attainment level,A,Annual,MED_EI,Median equivalised income,EUR,Euro,ED3_4,Upper secondary and post-secondary non-tertiary education (levels 3 and 4),T,Total,Y18-64,From 18 to 64 years,RS,Serbia,2022,,4497,,,,,
dataflow,ESTAT:ILC_DI08(1.0),Mean and median income by educational attainment level,A,Annual,MED_EI,Median equivalised income,EUR,Euro,ED3_4,Upper secondary and post-secondary non-tertiary education (levels 3 and 4),T,Total,Y18-64,From 18 to 64 years,RS,Serbia,2023,,5050,,,,,
dataflow,ESTAT:ILC_DI08(1.0),Mean and median income by educational attainment level,A,Annual,MED_EI,Median equivalised income,EUR,Euro,ED3_4,Upper secondary and post-secondary non-tertiary education (levels 3 and 4),T,Total,Y18-64,From 18 to 64 years,RS,Serbia,2024,,6141,,,,,
dataflow,ESTAT:ILC_DI08(1.0),Mean and median income by educational attainment level,A,Annual,MED_EI,Median equivalised income,EUR,Euro,ED3_4,Upper secondary and post-secondary non-tertiary education (levels 3 and 4),T,Total,Y18-64,From 18 to 64 years,RS,Serbia,2025,,8094,,,,,
dataflow,ESTAT:ILC_DI08(1.0),Mean and median income by educational attainment level,A,Annual,MED_EI,Median equivalised income,EUR,Euro,ED3_4,Upper secondary and post-secondary non-tertiary education (levels 3 and 4),T,Total,Y18-64,From 18 to 64 years,SE,Sweden,2016,,27704,,,,,
dataflow,ESTAT:ILC_DI08(1.0),Mean and median income by educational attainment level,A,Annual,MED_EI,Median equivalised income,EUR,Euro,ED3_4,Upper secondary and post-secondary non-tertiary education (levels 3 and 4),T,Total,Y18-64,From 18 to 64 years,SE,Sweden,2017,,27929,,,,,
dataflow,ESTAT:ILC_DI08(1.0),Mean and median income by educational attainment level,A,Annual,MED_EI,Median equivalised income,EUR,Euro,ED3_4,Upper secondary and post-secondary non-tertiary education (levels 3 and 4),T,Total,Y18-64,From 18 to 64 years,SE,Sweden,2018,,27934,,,,,
dataflow,ESTAT:ILC_DI08(1.0),Mean and median income by educational attainment level,A,Annual,MED_EI,Median equivalised income,EUR,Euro,ED3_4,Upper secondary and post-secondary non-tertiary education (levels 3 and 4),T,Total,Y18-64,From 18 to 64 years,SE,Sweden,2019,,27107,,,,,
dataflow,ESTAT:ILC_DI08(1.0),Mean and median income by educational attainment level,A,Annual,MED_EI,Median equivalised income,EUR,Euro,ED3_4,Upper secondary and post-secondary non-tertiary education (levels 3 and 4),T,Total,Y18-64,From 18 to 64 years,SE,Sweden,2020,,27491,,,,,
dataflow,ESTAT:ILC_DI08(1.0),Mean and median income by educational attainment level,A,Annual,MED_EI,Median equivalised income,EUR,Euro,ED3_4,Upper secondary and post-secondary non-tertiary education (levels 3 and 4),T,Total,Y18-64,From 18 to 64 years,SE,Sweden,2021,,27942,,,,,
dataflow,ESTAT:ILC_DI08(1.0),Mean and median income by educational attainment level,A,Annual,MED_EI,Median equivalised income,EUR,Euro,ED3_4,Upper secondary and post-secondary non-tertiary education (levels 3 and 4),T,Total,Y18-64,From 18 to 64 years,SE,Sweden,2022,,29370,,,,,
dataflow,ESTAT:ILC_DI08(1.0),Mean and median income by educational attainment level,A,Annual,MED_EI,Median equivalised income,EUR,Euro,ED3_4,Upper secondary and post-secondary non-tertiary education (levels 3 and 4),T,Total,Y18-64,From 18 to 64 years,SE,Sweden,2023,,29555,,,,,
dataflow,ESTAT:ILC_DI08(1.0),Mean and median income by educational attainment level,A,Annual,MED_EI,Median equivalised income,EUR,Euro,ED3_4,Upper secondary and post-secondary non-tertiary education (levels 3 and 4),T,Total,Y18-64,From 18 to 64 years,SE,Sweden,2024,,28715,,,,,
dataflow,ESTAT:ILC_DI08(1.0),Mean and median income by educational attainment level,A,Annual,MED_EI,Median equivalised income,EUR,Euro,ED3_4,Upper secondary and post-secondary non-tertiary education (levels 3 and 4),T,Total,Y18-64,From 18 to 64 years,SE,Sweden,2025,,30792,,,,,
dataflow,ESTAT:ILC_DI08(1.0),Mean and median income by educational attainment level,A,Annual,MED_EI,Median equivalised income,EUR,Euro,ED3_4,Upper secondary and post-secondary non-tertiary education (levels 3 and 4),T,Total,Y18-64,From 18 to 64 years,SI,Slovenia,2016,,12025,,,,,
dataflow,ESTAT:ILC_DI08(1.0),Mean and median income by educational attainment level,A,Annual,MED_EI,Median equivalised income,EUR,Euro,ED3_4,Upper secondary and post-secondary non-tertiary education (levels 3 and 4),T,Total,Y18-64,From 18 to 64 years,SI,Slovenia,2017,,12427,,,,,
dataflow,ESTAT:ILC_DI08(1.0),Mean and median income by educational attainment level,A,Annual,MED_EI,Median equivalised income,EUR,Euro,ED3_4,Upper secondary and post-secondary non-tertiary education (levels 3 and 4),T,Total,Y18-64,From 18 to 64 years,SI,Slovenia,2018,,12939,,,,,
dataflow,ESTAT:ILC_DI08(1.0),Mean and median income by educational attainment level,A,Annual,MED_EI,Median equivalised income,EUR,Euro,ED3_4,Upper secondary and post-secondary non-tertiary education (levels 3 and 4),T,Total,Y18-64,From 18 to 64 years,SI,Slovenia,2019,,13908,,,,,
dataflow,ESTAT:ILC_DI08(1.0),Mean and median income by educational attainment level,A,Annual,MED_EI,Median equivalised income,EUR,Euro,ED3_4,Upper secondary and post-secondary non-tertiary education (levels 3 and 4),T,Total,Y18-64,From 18 to 64 years,SI,Slovenia,2020,,14720,,,,,
dataflow,ESTAT:ILC_DI08(1.0),Mean and median income by educational attainment level,A,Annual,MED_EI,Median equivalised income,EUR,Euro,ED3_4,Upper secondary and post-secondary non-tertiary education (levels 3 and 4),T,Total,Y18-64,From 18 to 64 years,SI,Slovenia,2021,,15140,,,,,
dataflow,ESTAT:ILC_DI08(1.0),Mean and median income by educational attainment level,A,Annual,MED_EI,Median equivalised income,EUR,Euro,ED3_4,Upper secondary and post-secondary non-tertiary education (levels 3 and 4),T,Total,Y18-64,From 18 to 64 years,SI,Slovenia,2022,,16287,,,,,
dataflow,ESTAT:ILC_DI08(1.0),Mean and median income by educational attainment level,A,Annual,MED_EI,Median equivalised income,EUR,Euro,ED3_4,Upper secondary and post-secondary non-tertiary education (levels 3 and 4),T,Total,Y18-64,From 18 to 64 years,SI,Slovenia,2023,,17970,,,,,
dataflow,ESTAT:ILC_DI08(1.0),Mean and median income by educational attainment level,A,Annual,MED_EI,Median equivalised income,EUR,Euro,ED3_4,Upper secondary and post-secondary non-tertiary education (levels 3 and 4),T,Total,Y18-64,From 18 to 64 years,SI,Slovenia,2024,,19532,,,,,
dataflow,ESTAT:ILC_DI08(1.0),Mean and median income by educational attainment level,A,Annual,MED_EI,Median equivalised income,EUR,Euro,ED3_4,Upper secondary and post-secondary non-tertiary education (levels 3 and 4),T,Total,Y18-64,From 18 to 64 years,SI,Slovenia,2025,,20700,,,,,
dataflow,ESTAT:ILC_DI08(1.0),Mean and median income by educational attainment level,A,Annual,MED_EI,Median equivalised income,EUR,Euro,ED3_4,Upper secondary and post-secondary non-tertiary education (levels 3 and 4),T,Total,Y18-64,From 18 to 64 years,SK,Slovakia,2016,,7231,,,,,
dataflow,ESTAT:ILC_DI08(1.0),Mean and median income by educational attainment level,A,Annual,MED_EI,Median equivalised income,EUR,Euro,ED3_4,Upper secondary and post-secondary non-tertiary education (levels 3 and 4),T,Total,Y18-64,From 18 to 64 years,SK,Slovakia,2017,,7455,,,,,
dataflow,ESTAT:ILC_DI08(1.0),Mean and median income by educational attainment level,A,Annual,MED_EI,Median equivalised income,EUR,Euro,ED3_4,Upper secondary and post-secondary non-tertiary education (levels 3 and 4),T,Total,Y18-64,From 18 to 64 years,SK,Slovakia,2018,,7999,,,,,
dataflow,ESTAT:ILC_DI08(1.0),Mean and median income by educational attainment level,A,Annual,MED_EI,Median equivalised income,EUR,Euro,ED3_4,Upper secondary and post-secondary non-tertiary education (levels 3 and 4),T,Total,Y18-64,From 18 to 64 years,SK,Slovakia,2019,,8640,,,,,
dataflow,ESTAT:ILC_DI08(1.0),Mean and median income by educational attainment level,A,Annual,MED_EI,Median equivalised income,EUR,Euro,ED3_4,Upper secondary and post-secondary non-tertiary education (levels 3 and 4),T,Total,Y18-64,From 18 to 64 years,SK,Slovakia,2020,,9235,,,,,
dataflow,ESTAT:ILC_DI08(1.0),Mean and median income by educational attainment level,A,Annual,MED_EI,Median equivalised income,EUR,Euro,ED3_4,Upper secondary and post-secondary non-tertiary education (levels 3 and 4),T,Total,Y18-64,From 18 to 64 years,SK,Slovakia,2021,,8947,,,,,
dataflow,ESTAT:ILC_DI08(1.0),Mean and median income by educational attainment level,A,Annual,MED_EI,Median equivalised income,EUR,Euro,ED3_4,Upper secondary and post-secondary non-tertiary education (levels 3 and 4),T,Total,Y18-64,From 18 to 64 years,SK,Slovakia,2022,,9171,,,,,
dataflow,ESTAT:ILC_DI08(1.0),Mean and median income by educational attainment level,A,Annual,MED_EI,Median equivalised income,EUR,Euro,ED3_4,Upper secondary and post-secondary non-tertiary education (levels 3 and 4),T,Total,Y18-64,From 18 to 64 years,SK,Slovakia,2023,,9548,,,,,
dataflow,ESTAT:ILC_DI08(1.0),Mean and median income by educational attainment level,A,Annual,MED_EI,Median equivalised income,EUR,Euro,ED3_4,Upper secondary and post-secondary non-tertiary education (levels 3 and 4),T,Total,Y18-64,From 18 to 64 years,SK,Slovakia,2024,,9943,,,,,
dataflow,ESTAT:ILC_DI08(1.0),Mean and median income by educational attainment level,A,Annual,MED_EI,Median equivalised income,EUR,Euro,ED3_4,Upper secondary and post-secondary non-tertiary education (levels 3 and 4),T,Total,Y18-64,From 18 to 64 years,SK,Slovakia,2025,,13133,,,,,
dataflow,ESTAT:ILC_DI08(1.0),Mean and median income by educational attainment level,A,Annual,MED_EI,Median equivalised income,EUR,Euro,ED3_4,Upper secondary and post-secondary non-tertiary education (levels 3 and 4),T,Total,Y18-64,From 18 to 64 years,TR,Türkiye,2016,,4650,,,,,
dataflow,ESTAT:ILC_DI08(1.0),Mean and median income by educational attainment level,A,Annual,MED_EI,Median equivalised income,EUR,Euro,ED3_4,Upper secondary and post-secondary non-tertiary education (levels 3 and 4),T,Total,Y18-64,From 18 to 64 years,TR,Türkiye,2017,,4786,,,,,
dataflow,ESTAT:ILC_DI08(1.0),Mean and median income by educational attainment level,A,Annual,MED_EI,Median equivalised income,EUR,Euro,ED3_4,Upper secondary and post-secondary non-tertiary education (levels 3 and 4),T,Total,Y18-64,From 18 to 64 years,TR,Türkiye,2018,,4236,,,,,
dataflow,ESTAT:ILC_DI08(1.0),Mean and median income by educational attainment level,A,Annual,MED_EI,Median equivalised income,EUR,Euro,ED3_4,Upper secondary and post-secondary non-tertiary education (levels 3 and 4),T,Total,Y18-64,From 18 to 64 years,TR,Türkiye,2019,,3586,,,,,
dataflow,ESTAT:ILC_DI08(1.0),Mean and median income by educational attainment level,A,Annual,MED_EI,Median equivalised income,EUR,Euro,ED3_4,Upper secondary and post-secondary non-tertiary education (levels 3 and 4),T,Total,Y18-64,From 18 to 64 years,TR,Türkiye,2020,,3680,,,,,
dataflow,ESTAT:ILC_DI08(1.0),Mean and median income by educational attainment level,A,Annual,MED_EI,Median equivalised income,EUR,Euro,ED3_4,Upper secondary and post-secondary non-tertiary education (levels 3 and 4),T,Total,Y18-64,From 18 to 64 years,TR,Türkiye,2021,,3152,,,,,
dataflow,ESTAT:ILC_DI08(1.0),Mean and median income by educational attainment level,A,Annual,MED_EI,Median equivalised income,EUR,Euro,ED3_4,Upper secondary and post-secondary non-tertiary education (levels 3 and 4),T,Total,Y18-64,From 18 to 64 years,TR,Türkiye,2022,,3216,,,,,
dataflow,ESTAT:ILC_DI08(1.0),Mean and median income by educational attainment level,A,Annual,MED_EI,Median equivalised income,EUR,Euro,ED3_4,Upper secondary and post-secondary non-tertiary education (levels 3 and 4),T,Total,Y18-64,From 18 to 64 years,TR,Türkiye,2023,,3415,,,,,
dataflow,ESTAT:ILC_DI08(1.0),Mean and median income by educational attainment level,A,Annual,MED_EI,Median equivalised income,EUR,Euro,ED3_4,Upper secondary and post-secondary non-tertiary education (levels 3 and 4),T,Total,Y18-64,From 18 to 64 years,TR,Türkiye,2024,,4658,,,,,
dataflow,ESTAT:ILC_DI08(1.0),Mean and median income by educational attainment level,A,Annual,MED_EI,Median equivalised income,EUR,Euro,ED3_4,Upper secondary and post-secondary non-tertiary education (levels 3 and 4),T,Total,Y18-64,From 18 to 64 years,TR,Türkiye,2025,,6964,,,,,
dataflow,ESTAT:ILC_DI08(1.0),Mean and median income by educational attainment level,A,Annual,MED_EI,Median equivalised income,EUR,Euro,ED3_4,Upper secondary and post-secondary non-tertiary education (levels 3 and 4),T,Total,Y18-64,From 18 to 64 years,UK,United Kingdom,2016,,21557,,,,,
dataflow,ESTAT:ILC_DI08(1.0),Mean and median income by educational attainment level,A,Annual,MED_EI,Median equivalised income,EUR,Euro,ED3_4,Upper secondary and post-secondary non-tertiary education (levels 3 and 4),T,Total,Y18-64,From 18 to 64 years,UK,United Kingdom,2017,,20507,,b,break in time series,,
dataflow,ESTAT:ILC_DI08(1.0),Mean and median income by educational attainment level,A,Annual,MED_EI,Median equivalised income,EUR,Euro,ED3_4,Upper secondary and post-secondary non-tertiary education (levels 3 and 4),T,Total,Y18-64,From 18 to 64 years,UK,United Kingdom,2018,,21120,,,,,
dataflow,ESTAT:ILC_DI08(1.0),Mean and median income by educational attainment level,A,Annual,MED_EI,Median equivalised income,EUR,Euro,ED3_4,Upper secondary and post-secondary non-tertiary education (levels 3 and 4),T,Total,Y18-64,From 18 to 64 years,XK,Kosovo*,2018,,2110,,,,,
dataflow,ESTAT:ILC_DI08(1.0),Mean and median income by educational attainment level,A,Annual,MED_EI,Median equivalised income,EUR,Euro,ED5-8,Tertiary education (levels 5-8),T,Total,Y18-64,From 18 to 64 years,AL,Albania,2017,,3316,,,,,
dataflow,ESTAT:ILC_DI08(1.0),Mean and median income by educational attainment level,A,Annual,MED_EI,Median equivalised income,EUR,Euro,ED5-8,Tertiary education (levels 5-8),T,Total,Y18-64,From 18 to 64 years,AL,Albania,2018,,3531,,,,,
dataflow,ESTAT:ILC_DI08(1.0),Mean and median income by educational attainment level,A,Annual,MED_EI,Median equivalised income,EUR,Euro,ED5-8,Tertiary education (levels 5-8),T,Total,Y18-64,From 18 to 64 years,AL,Albania,2019,,4083,,,,,
dataflow,ESTAT:ILC_DI08(1.0),Mean and median income by educational attainment level,A,Annual,MED_EI,Median equivalised income,EUR,Euro,ED5-8,Tertiary education (levels 5-8),T,Total,Y18-64,From 18 to 64 years,AL,Albania,2020,,4329,,,,,
dataflow,ESTAT:ILC_DI08(1.0),Mean and median income by educational attainment level,A,Annual,MED_EI,Median equivalised income,EUR,Euro,ED5-8,Tertiary education (levels 5-8),T,Total,Y18-64,From 18 to 64 years,AL,Albania,2021,,4348,,,,,
dataflow,ESTAT:ILC_DI08(1.0),Mean and median income by educational attainment level,A,Annual,MED_EI,Median equivalised income,EUR,Euro,ED5-8,Tertiary education (levels 5-8),T,Total,Y18-64,From 18 to 64 years,AL,Albania,2022,,4792,,,,,
dataflow,ESTAT:ILC_DI08(1.0),Mean and median income by educational attainment level,A,Annual,MED_EI,Median equivalised income,EUR,Euro,ED5-8,Tertiary education (levels 5-8),T,Total,Y18-64,From 18 to 64 years,AL,Albania,2023,,5642,,,,,
dataflow,ESTAT:ILC_DI08(1.0),Mean and median income by educational attainment level,A,Annual,MED_EI,Median equivalised income,EUR,Euro,ED5-8,Tertiary education (levels 5-8),T,Total,Y18-64,From 18 to 64 years,AT,Austria,2016,,29262,,,,,
dataflow,ESTAT:ILC_DI08(1.0),Mean and median income by educational attainment level,A,Annual,MED_EI,Median equivalised income,EUR,Euro,ED5-8,Tertiary education (levels 5-8),T,Total,Y18-64,From 18 to 64 years,AT,Austria,2017,,31117,,,,,
dataflow,ESTAT:ILC_DI08(1.0),Mean and median income by educational attainment level,A,Annual,MED_EI,Median equivalised income,EUR,Euro,ED5-8,Tertiary education (levels 5-8),T,Total,Y18-64,From 18 to 64 years,AT,Austria,2018,,30743,,,,,
dataflow,ESTAT:ILC_DI08(1.0),Mean and median income by educational attainment level,A,Annual,MED_EI,Median equivalised income,EUR,Euro,ED5-8,Tertiary education (levels 5-8),T,Total,Y18-64,From 18 to 64 years,AT,Austria,2019,,30905,,,,,
dataflow,ESTAT:ILC_DI08(1.0),Mean and median income by educational attainment level,A,Annual,MED_EI,Median equivalised income,EUR,Euro,ED5-8,Tertiary education (levels 5-8),T,Total,Y18-64,From 18 to 64 years,AT,Austria,2020,,32365,,,,,
dataflow,ESTAT:ILC_DI08(1.0),Mean and median income by educational attainment level,A,Annual,MED_EI,Median equivalised income,EUR,Euro,ED5-8,Tertiary education (levels 5-8),T,Total,Y18-64,From 18 to 64 years,AT,Austria,2021,,32710,,,,,
dataflow,ESTAT:ILC_DI08(1.0),Mean and median income by educational attainment level,A,Annual,MED_EI,Median equivalised income,EUR,Euro,ED5-8,Tertiary education (levels 5-8),T,Total,Y18-64,From 18 to 64 years,AT,Austria,2022,,33334,,,,,
dataflow,ESTAT:ILC_DI08(1.0),Mean and median income by educational attainment level,A,Annual,MED_EI,Median equivalised income,EUR,Euro,ED5-8,Tertiary education (levels 5-8),T,Total,Y18-64,From 18 to 64 years,AT,Austria,2023,,37322,,,,,
dataflow,ESTAT:ILC_DI08(1.0),Mean and median income by educational attainment level,A,Annual,MED_EI,Median equivalised income,EUR,Euro,ED5-8,Tertiary education (levels 5-8),T,Total,Y18-64,From 18 to 64 years,AT,Austria,2024,,39660,,,,,
dataflow,ESTAT:ILC_DI08(1.0),Mean and median income by educational attainment level,A,Annual,MED_EI,Median equivalised income,EUR,Euro,ED5-8,Tertiary education (levels 5-8),T,Total,Y18-64,From 18 to 64 years,AT,Austria,2025,,42495,,,,,
dataflow,ESTAT:ILC_DI08(1.0),Mean and median income by educational attainment level,A,Annual,MED_EI,Median equivalised income,EUR,Euro,ED5-8,Tertiary education (levels 5-8),T,Total,Y18-64,From 18 to 64 years,BE,Belgium,2016,,29902,,,,,
dataflow,ESTAT:ILC_DI08(1.0),Mean and median income by educational attainment level,A,Annual,MED_EI,Median equivalised income,EUR,Euro,ED5-8,Tertiary education (levels 5-8),T,Total,Y18-64,From 18 to 64 years,BE,Belgium,2017,,29763,,,,,
dataflow,ESTAT:ILC_DI08(1.0),Mean and median income by educational attainment level,A,Annual,MED_EI,Median equivalised income,EUR,Euro,ED5-8,Tertiary education (levels 5-8),T,Total,Y18-64,From 18 to 64 years,BE,Belgium,2018,,30644,,,,,
dataflow,ESTAT:ILC_DI08(1.0),Mean and median income by educational attainment level,A,Annual,MED_EI,Median equivalised income,EUR,Euro,ED5-8,Tertiary education (levels 5-8),T,Total,Y18-64,From 18 to 64 years,BE,Belgium,2019,,31047,,b,break in time series,,
dataflow,ESTAT:ILC_DI08(1.0),Mean and median income by educational attainment level,A,Annual,MED_EI,Median equivalised income,EUR,Euro,ED5-8,Tertiary education (levels 5-8),T,Total,Y18-64,From 18 to 64 years,BE,Belgium,2020,,32457,,,,,
dataflow,ESTAT:ILC_DI08(1.0),Mean and median income by educational attainment level,A,Annual,MED_EI,Median equivalised income,EUR,Euro,ED5-8,Tertiary education (levels 5-8),T,Total,Y18-64,From 18 to 64 years,BE,Belgium,2021,,32521,,,,,
dataflow,ESTAT:ILC_DI08(1.0),Mean and median income by educational attainment level,A,Annual,MED_EI,Median equivalised income,EUR,Euro,ED5-8,Tertiary education (levels 5-8),T,Total,Y18-64,From 18 to 64 years,BE,Belgium,2022,,34003,,,,,
dataflow,ESTAT:ILC_DI08(1.0),Mean and median income by educational attainment level,A,Annual,MED_EI,Median equivalised income,EUR,Euro,ED5-8,Tertiary education (levels 5-8),T,Total,Y18-64,From 18 to 64 years,BE,Belgium,2023,,35280,,,,,
dataflow,ESTAT:ILC_DI08(1.0),Mean and median income by educational attainment level,A,Annual,MED_EI,Median equivalised income,EUR,Euro,ED5-8,Tertiary education (levels 5-8),T,Total,Y18-64,From 18 to 64 years,BE,Belgium,2024,,37856,,,,,
dataflow,ESTAT:ILC_DI08(1.0),Mean and median income by educational attainment level,A,Annual,MED_EI,Median equivalised income,EUR,Euro,ED5-8,Tertiary education (levels 5-8),T,Total,Y18-64,From 18 to 64 years,BE,Belgium,2025,,38938,,,,,
dataflow,ESTAT:ILC_DI08(1.0),Mean and median income by educational attainment level,A,Annual,MED_EI,Median equivalised income,EUR,Euro,ED5-8,Tertiary education (levels 5-8),T,Total,Y18-64,From 18 to 64 years,BG,Bulgaria,2016,,5154,,b,break in time series,,
dataflow,ESTAT:ILC_DI08(1.0),Mean and median income by educational attainment level,A,Annual,MED_EI,Median equivalised income,EUR,Euro,ED5-8,Tertiary education (levels 5-8),T,Total,Y18-64,From 18 to 64 years,BG,Bulgaria,2017,,6075,,,,,
dataflow,ESTAT:ILC_DI08(1.0),Mean and median income by educational attainment level,A,Annual,MED_EI,Median equivalised income,EUR,Euro,ED5-8,Tertiary education (levels 5-8),T,Total,Y18-64,From 18 to 64 years,BG,Bulgaria,2018,,6015,,,,,
dataflow,ESTAT:ILC_DI08(1.0),Mean and median income by educational attainment level,A,Annual,MED_EI,Median equivalised income,EUR,Euro,ED5-8,Tertiary education (levels 5-8),T,Total,Y18-64,From 18 to 64 years,BG,Bulgaria,2019,,7282,,,,,
dataflow,ESTAT:ILC_DI08(1.0),Mean and median income by educational attainment level,A,Annual,MED_EI,Median equivalised income,EUR,Euro,ED5-8,Tertiary education (levels 5-8),T,Total,Y18-64,From 18 to 64 years,BG,Bulgaria,2020,,7811,,,,,
dataflow,ESTAT:ILC_DI08(1.0),Mean and median income by educational attainment level,A,Annual,MED_EI,Median equivalised income,EUR,Euro,ED5-8,Tertiary education (levels 5-8),T,Total,Y18-64,From 18 to 64 years,BG,Bulgaria,2021,,8290,,,,,
dataflow,ESTAT:ILC_DI08(1.0),Mean and median income by educational attainment level,A,Annual,MED_EI,Median equivalised income,EUR,Euro,ED5-8,Tertiary education (levels 5-8),T,Total,Y18-64,From 18 to 64 years,BG,Bulgaria,2022,,9248,,,,,
dataflow,ESTAT:ILC_DI08(1.0),Mean and median income by educational attainment level,A,Annual,MED_EI,Median equivalised income,EUR,Euro,ED5-8,Tertiary education (levels 5-8),T,Total,Y18-64,From 18 to 64 years,BG,Bulgaria,2023,,10774,,,,,
dataflow,ESTAT:ILC_DI08(1.0),Mean and median income by educational attainment level,A,Annual,MED_EI,Median equivalised income,EUR,Euro,ED5-8,Tertiary education (levels 5-8),T,Total,Y18-64,From 18 to 64 years,BG,Bulgaria,2024,,12569,,,,,
dataflow,ESTAT:ILC_DI08(1.0),Mean and median income by educational attainment level,A,Annual,MED_EI,Median equivalised income,EUR,Euro,ED5-8,Tertiary education (levels 5-8),T,Total,Y18-64,From 18 to 64 years,BG,Bulgaria,2025,,13996,,,,,
dataflow,ESTAT:ILC_DI08(1.0),Mean and median income by educational attainment level,A,Annual,MED_EI,Median equivalised income,EUR,Euro,ED5-8,Tertiary education (levels 5-8),T,Total,Y18-64,From 18 to 64 years,CH,Switzerland,2016,,58040,,,,,
dataflow,ESTAT:ILC_DI08(1.0),Mean and median income by educational attainment level,A,Annual,MED_EI,Median equivalised income,EUR,Euro,ED5-8,Tertiary education (levels 5-8),T,Total,Y18-64,From 18 to 64 years,CH,Switzerland,2017,,57051,,,,,
dataflow,ESTAT:ILC_DI08(1.0),Mean and median income by educational attainment level,A,Annual,MED_EI,Median equivalised income,EUR,Euro,ED5-8,Tertiary education (levels 5-8),T,Total,Y18-64,From 18 to 64 years,CH,Switzerland,2018,,54014,,,,,
dataflow,ESTAT:ILC_DI08(1.0),Mean and median income by educational attainment level,A,Annual,MED_EI,Median equivalised income,EUR,Euro,ED5-8,Tertiary education (levels 5-8),T,Total,Y18-64,From 18 to 64 years,CH,Switzerland,2019,,51924,,,,,
dataflow,ESTAT:ILC_DI08(1.0),Mean and median income by educational attainment level,A,Annual,MED_EI,Median equivalised income,EUR,Euro,ED5-8,Tertiary education (levels 5-8),T,Total,Y18-64,From 18 to 64 years,CH,Switzerland,2020,,55042,,,,,
dataflow,ESTAT:ILC_DI08(1.0),Mean and median income by educational attainment level,A,Annual,MED_EI,Median equivalised income,EUR,Euro,ED5-8,Tertiary education (levels 5-8),T,Total,Y18-64,From 18 to 64 years,CH,Switzerland,2021,,57904,,,,,
dataflow,ESTAT:ILC_DI08(1.0),Mean and median income by educational attainment level,A,Annual,MED_EI,Median equivalised income,EUR,Euro,ED5-8,Tertiary education (levels 5-8),T,Total,Y18-64,From 18 to 64 years,CH,Switzerland,2022,,58702,,,,,
dataflow,ESTAT:ILC_DI08(1.0),Mean and median income by educational attainment level,A,Annual,MED_EI,Median equivalised income,EUR,Euro,ED5-8,Tertiary education (levels 5-8),T,Total,Y18-64,From 18 to 64 years,CH,Switzerland,2023,,63193,,,,,
dataflow,ESTAT:ILC_DI08(1.0),Mean and median income by educational attainment level,A,Annual,MED_EI,Median equivalised income,EUR,Euro,ED5-8,Tertiary education (levels 5-8),T,Total,Y18-64,From 18 to 64 years,CH,Switzerland,2024,,66807,,,,,
dataflow,ESTAT:ILC_DI08(1.0),Mean and median income by educational attainment level,A,Annual,MED_EI,Median equivalised income,EUR,Euro,ED5-8,Tertiary education (levels 5-8),T,Total,Y18-64,From 18 to 64 years,CY,Cyprus,2016,,19140,,,,,
dataflow,ESTAT:ILC_DI08(1.0),Mean and median income by educational attainment level,A,Annual,MED_EI,Median equivalised income,EUR,Euro,ED5-8,Tertiary education (levels 5-8),T,Total,Y18-64,From 18 to 64 years,CY,Cyprus,2017,,19406,,,,,
dataflow,ESTAT:ILC_DI08(1.0),Mean and median income by educational attainment level,A,Annual,MED_EI,Median equivalised income,EUR,Euro,ED5-8,Tertiary education (levels 5-8),T,Total,Y18-64,From 18 to 64 years,CY,Cyprus,2018,,19503,,,,,
dataflow,ESTAT:ILC_DI08(1.0),Mean and median income by educational attainment level,A,Annual,MED_EI,Median equivalised income,EUR,Euro,ED5-8,Tertiary education (levels 5-8),T,Total,Y18-64,From 18 to 64 years,CY,Cyprus,2019,,21445,,,,,
dataflow,ESTAT:ILC_DI08(1.0),Mean and median income by educational attainment level,A,Annual,MED_EI,Median equivalised income,EUR,Euro,ED5-8,Tertiary education (levels 5-8),T,Total,Y18-64,From 18 to 64 years,CY,Cyprus,2020,,21842,,,,,
dataflow,ESTAT:ILC_DI08(1.0),Mean and median income by educational attainment level,A,Annual,MED_EI,Median equivalised income,EUR,Euro,ED5-8,Tertiary education (levels 5-8),T,Total,Y18-64,From 18 to 64 years,CY,Cyprus,2021,,22423,,,,,
dataflow,ESTAT:ILC_DI08(1.0),Mean and median income by educational attainment level,A,Annual,MED_EI,Median equivalised income,EUR,Euro,ED5-8,Tertiary education (levels 5-8),T,Total,Y18-64,From 18 to 64 years,CY,Cyprus,2022,,23271,,,,,
dataflow,ESTAT:ILC_DI08(1.0),Mean and median income by educational attainment level,A,Annual,MED_EI,Median equivalised income,EUR,Euro,ED5-8,Tertiary education (levels 5-8),T,Total,Y18-64,From 18 to 64 years,CY,Cyprus,2023,,24243,,,,,
dataflow,ESTAT:ILC_DI08(1.0),Mean and median income by educational attainment level,A,Annual,MED_EI,Median equivalised income,EUR,Euro,ED5-8,Tertiary education (levels 5-8),T,Total,Y18-64,From 18 to 64 years,CY,Cyprus,2024,,25793,,,,,
dataflow,ESTAT:ILC_DI08(1.0),Mean and median income by educational attainment level,A,Annual,MED_EI,Median equivalised income,EUR,Euro,ED5-8,Tertiary education (levels 5-8),T,Total,Y18-64,From 18 to 64 years,CY,Cyprus,2025,,27403,,,,,
dataflow,ESTAT:ILC_DI08(1.0),Mean and median income by educational attainment level,A,Annual,MED_EI,Median equivalised income,EUR,Euro,ED5-8,Tertiary education (levels 5-8),T,Total,Y18-64,From 18 to 64 years,CZ,Czechia,2016,,10598,,,,,
dataflow,ESTAT:ILC_DI08(1.0),Mean and median income by educational attainment level,A,Annual,MED_EI,Median equivalised income,EUR,Euro,ED5-8,Tertiary education (levels 5-8),T,Total,Y18-64,From 18 to 64 years,CZ,Czechia,2017,,11276,,,,,
dataflow,ESTAT:ILC_DI08(1.0),Mean and median income by educational attainment level,A,Annual,MED_EI,Median equivalised income,EUR,Euro,ED5-8,Tertiary education (levels 5-8),T,Total,Y18-64,From 18 to 64 years,CZ,Czechia,2018,,12331,,,,,
dataflow,ESTAT:ILC_DI08(1.0),Mean and median income by educational attainment level,A,Annual,MED_EI,Median equivalised income,EUR,Euro,ED5-8,Tertiary education (levels 5-8),T,Total,Y18-64,From 18 to 64 years,CZ,Czechia,2019,,13611,,,,,
dataflow,ESTAT:ILC_DI08(1.0),Mean and median income by educational attainment level,A,Annual,MED_EI,Median equivalised income,EUR,Euro,ED5-8,Tertiary education (levels 5-8),T,Total,Y18-64,From 18 to 64 years,CZ,Czechia,2020,,14737,,,,,
dataflow,ESTAT:ILC_DI08(1.0),Mean and median income by educational attainment level,A,Annual,MED_EI,Median equivalised income,EUR,Euro,ED5-8,Tertiary education (levels 5-8),T,Total,Y18-64,From 18 to 64 years,CZ,Czechia,2021,,14498,,,,,
dataflow,ESTAT:ILC_DI08(1.0),Mean and median income by educational attainment level,A,Annual,MED_EI,Median equivalised income,EUR,Euro,ED5-8,Tertiary education (levels 5-8),T,Total,Y18-64,From 18 to 64 years,CZ,Czechia,2022,,16560,,,,,
dataflow,ESTAT:ILC_DI08(1.0),Mean and median income by educational attainment level,A,Annual,MED_EI,Median equivalised income,EUR,Euro,ED5-8,Tertiary education (levels 5-8),T,Total,Y18-64,From 18 to 64 years,CZ,Czechia,2023,,18328,,,,,
dataflow,ESTAT:ILC_DI08(1.0),Mean and median income by educational attainment level,A,Annual,MED_EI,Median equivalised income,EUR,Euro,ED5-8,Tertiary education (levels 5-8),T,Total,Y18-64,From 18 to 64 years,CZ,Czechia,2024,,19742,,,,,
dataflow,ESTAT:ILC_DI08(1.0),Mean and median income by educational attainment level,A,Annual,MED_EI,Median equivalised income,EUR,Euro,ED5-8,Tertiary education (levels 5-8),T,Total,Y18-64,From 18 to 64 years,CZ,Czechia,2025,,19482,,,,,
dataflow,ESTAT:ILC_DI08(1.0),Mean and median income by educational attainment level,A,Annual,MED_EI,Median equivalised income,EUR,Euro,ED5-8,Tertiary education (levels 5-8),T,Total,Y18-64,From 18 to 64 years,DE,Germany,2016,,27519,,,,,
dataflow,ESTAT:ILC_DI08(1.0),Mean and median income by educational attainment level,A,Annual,MED_EI,Median equivalised income,EUR,Euro,ED5-8,Tertiary education (levels 5-8),T,Total,Y18-64,From 18 to 64 years,DE,Germany,2017,,27803,,,,,
dataflow,ESTAT:ILC_DI08(1.0),Mean and median income by educational attainment level,A,Annual,MED_EI,Median equivalised income,EUR,Euro,ED5-8,Tertiary education (levels 5-8),T,Total,Y18-64,From 18 to 64 years,DE,Germany,2018,,28728,,,,,
dataflow,ESTAT:ILC_DI08(1.0),Mean and median income by educational attainment level,A,Annual,MED_EI,Median equivalised income,EUR,Euro,ED5-8,Tertiary education (levels 5-8),T,Total,Y18-64,From 18 to 64 years,DE,Germany,2019,,29350,,,,,
dataflow,ESTAT:ILC_DI08(1.0),Mean and median income by educational attainment level,A,Annual,MED_EI,Median equivalised income,EUR,Euro,ED5-8,Tertiary education (levels 5-8),T,Total,Y18-64,From 18 to 64 years,DE,Germany,2020,,34790,,b,break in time series,,
dataflow,ESTAT:ILC_DI08(1.0),Mean and median income by educational attainment level,A,Annual,MED_EI,Median equivalised income,EUR,Euro,ED5-8,Tertiary education (levels 5-8),T,Total,Y18-64,From 18 to 64 years,DE,Germany,2021,,34358,,,,,
dataflow,ESTAT:ILC_DI08(1.0),Mean and median income by educational attainment level,A,Annual,MED_EI,Median equivalised income,EUR,Euro,ED5-8,Tertiary education (levels 5-8),T,Total,Y18-64,From 18 to 64 years,DE,Germany,2022,,34335,,,,,
dataflow,ESTAT:ILC_DI08(1.0),Mean and median income by educational attainment level,A,Annual,MED_EI,Median equivalised income,EUR,Euro,ED5-8,Tertiary education (levels 5-8),T,Total,Y18-64,From 18 to 64 years,DE,Germany,2023,,36000,,,,,
dataflow,ESTAT:ILC_DI08(1.0),Mean and median income by educational attainment level,A,Annual,MED_EI,Median equivalised income,EUR,Euro,ED5-8,Tertiary education (levels 5-8),T,Total,Y18-64,From 18 to 64 years,DE,Germany,2024,,37497,,,,,
dataflow,ESTAT:ILC_DI08(1.0),Mean and median income by educational attainment level,A,Annual,MED_EI,Median equivalised income,EUR,Euro,ED5-8,Tertiary education (levels 5-8),T,Total,Y18-64,From 18 to 64 years,DE,Germany,2025,,39279,,,,,
dataflow,ESTAT:ILC_DI08(1.0),Mean and median income by educational attainment level,A,Annual,MED_EI,Median equivalised income,EUR,Euro,ED5-8,Tertiary education (levels 5-8),T,Total,Y18-64,From 18 to 64 years,DK,Denmark,2016,,34751,,,,,
dataflow,ESTAT:ILC_DI08(1.0),Mean and median income by educational attainment level,A,Annual,MED_EI,Median equivalised income,EUR,Euro,ED5-8,Tertiary education (levels 5-8),T,Total,Y18-64,From 18 to 64 years,DK,Denmark,2017,,35114,,,,,
dataflow,ESTAT:ILC_DI08(1.0),Mean and median income by educational attainment level,A,Annual,MED_EI,Median equivalised income,EUR,Euro,ED5-8,Tertiary education (levels 5-8),T,Total,Y18-64,From 18 to 64 years,DK,Denmark,2018,,35774,,,,,
dataflow,ESTAT:ILC_DI08(1.0),Mean and median income by educational attainment level,A,Annual,MED_EI,Median equivalised income,EUR,Euro,ED5-8,Tertiary education (levels 5-8),T,Total,Y18-64,From 18 to 64 years,DK,Denmark,2019,,36742,,,,,
dataflow,ESTAT:ILC_DI08(1.0),Mean and median income by educational attainment level,A,Annual,MED_EI,Median equivalised income,EUR,Euro,ED5-8,Tertiary education (levels 5-8),T,Total,Y18-64,From 18 to 64 years,DK,Denmark,2020,,36278,,,,,
dataflow,ESTAT:ILC_DI08(1.0),Mean and median income by educational attainment level,A,Annual,MED_EI,Median equivalised income,EUR,Euro,ED5-8,Tertiary education (levels 5-8),T,Total,Y18-64,From 18 to 64 years,DK,Denmark,2021,,37768,,,,,
dataflow,ESTAT:ILC_DI08(1.0),Mean and median income by educational attainment level,A,Annual,MED_EI,Median equivalised income,EUR,Euro,ED5-8,Tertiary education (levels 5-8),T,Total,Y18-64,From 18 to 64 years,DK,Denmark,2022,,38619,,,,,
dataflow,ESTAT:ILC_DI08(1.0),Mean and median income by educational attainment level,A,Annual,MED_EI,Median equivalised income,EUR,Euro,ED5-8,Tertiary education (levels 5-8),T,Total,Y18-64,From 18 to 64 years,DK,Denmark,2023,,40124,,,,,
dataflow,ESTAT:ILC_DI08(1.0),Mean and median income by educational attainment level,A,Annual,MED_EI,Median equivalised income,EUR,Euro,ED5-8,Tertiary education (levels 5-8),T,Total,Y18-64,From 18 to 64 years,DK,Denmark,2024,,41872,,,,,
dataflow,ESTAT:ILC_DI08(1.0),Mean and median income by educational attainment level,A,Annual,MED_EI,Median equivalised income,EUR,Euro,ED5-8,Tertiary education (levels 5-8),T,Total,Y18-64,From 18 to 64 years,DK,Denmark,2025,,43021,,,,,
dataflow,ESTAT:ILC_DI08(1.0),Mean and median income by educational attainment level,A,Annual,MED_EI,Median equivalised income,EUR,Euro,ED5-8,Tertiary education (levels 5-8),T,Total,Y18-64,From 18 to 64 years,EA,"Euro area (EA11-1999, EA12-2001, EA13-2007, EA15-2008, EA16-2009, EA17-2011, EA18-2014, EA19-2015, EA20-2023, EA21-2026)",2016,,24330,,e,estimated,,
dataflow,ESTAT:ILC_DI08(1.0),Mean and median income by educational attainment level,A,Annual,MED_EI,Median equivalised income,EUR,Euro,ED5-8,Tertiary education (levels 5-8),T,Total,Y18-64,From 18 to 64 years,EA,"Euro area (EA11-1999, EA12-2001, EA13-2007, EA15-2008, EA16-2009, EA17-2011, EA18-2014, EA19-2015, EA20-2023, EA21-2026)",2017,,24786,,e,estimated,,
dataflow,ESTAT:ILC_DI08(1.0),Mean and median income by educational attainment level,A,Annual,MED_EI,Median equivalised income,EUR,Euro,ED5-8,Tertiary education (levels 5-8),T,Total,Y18-64,From 18 to 64 years,EA,"Euro area (EA11-1999, EA12-2001, EA13-2007, EA15-2008, EA16-2009, EA17-2011, EA18-2014, EA19-2015, EA20-2023, EA21-2026)",2018,,25231,,e,estimated,,
dataflow,ESTAT:ILC_DI08(1.0),Mean and median income by educational attainment level,A,Annual,MED_EI,Median equivalised income,EUR,Euro,ED5-8,Tertiary education (levels 5-8),T,Total,Y18-64,From 18 to 64 years,EA,"Euro area (EA11-1999, EA12-2001, EA13-2007, EA15-2008, EA16-2009, EA17-2011, EA18-2014, EA19-2015, EA20-2023, EA21-2026)",2019,,25774,,,,,
dataflow,ESTAT:ILC_DI08(1.0),Mean and median income by educational attainment level,A,Annual,MED_EI,Median equivalised income,EUR,Euro,ED5-8,Tertiary education (levels 5-8),T,Total,Y18-64,From 18 to 64 years,EA,"Euro area (EA11-1999, EA12-2001, EA13-2007, EA15-2008, EA16-2009, EA17-2011, EA18-2014, EA19-2015, EA20-2023, EA21-2026)",2020,,27697,,b,break in time series,,
dataflow,ESTAT:ILC_DI08(1.0),Mean and median income by educational attainment level,A,Annual,MED_EI,Median equivalised income,EUR,Euro,ED5-8,Tertiary education (levels 5-8),T,Total,Y18-64,From 18 to 64 years,EA,"Euro area (EA11-1999, EA12-2001, EA13-2007, EA15-2008, EA16-2009, EA17-2011, EA18-2014, EA19-2015, EA20-2023, EA21-2026)",2021,,27775,,,,,
dataflow,ESTAT:ILC_DI08(1.0),Mean and median income by educational attainment level,A,Annual,MED_EI,Median equivalised income,EUR,Euro,ED5-8,Tertiary education (levels 5-8),T,Total,Y18-64,From 18 to 64 years,EA18,Euro area - 18 countries (2014),2016,,24487,,,,,
dataflow,ESTAT:ILC_DI08(1.0),Mean and median income by educational attainment level,A,Annual,MED_EI,Median equivalised income,EUR,Euro,ED5-8,Tertiary education (levels 5-8),T,Total,Y18-64,From 18 to 64 years,EA18,Euro area - 18 countries (2014),2017,,24941,,,,,
dataflow,ESTAT:ILC_DI08(1.0),Mean and median income by educational attainment level,A,Annual,MED_EI,Median equivalised income,EUR,Euro,ED5-8,Tertiary education (levels 5-8),T,Total,Y18-64,From 18 to 64 years,EA18,Euro area - 18 countries (2014),2018,,25383,,,,,
dataflow,ESTAT:ILC_DI08(1.0),Mean and median income by educational attainment level,A,Annual,MED_EI,Median equivalised income,EUR,Euro,ED5-8,Tertiary education (levels 5-8),T,Total,Y18-64,From 18 to 64 years,EA18,Euro area - 18 countries (2014),2019,,25918,,,,,
dataflow,ESTAT:ILC_DI08(1.0),Mean and median income by educational attainment level,A,Annual,MED_EI,Median equivalised income,EUR,Euro,ED5-8,Tertiary education (levels 5-8),T,Total,Y18-64,From 18 to 64 years,EA18,Euro area - 18 countries (2014),2020,,27848,,b,break in time series,,
dataflow,ESTAT:ILC_DI08(1.0),Mean and median income by educational attainment level,A,Annual,MED_EI,Median equivalised income,EUR,Euro,ED5-8,Tertiary education (levels 5-8),T,Total,Y18-64,From 18 to 64 years,EA19,Euro area - 19 countries  (2015-2022),2016,,24330,,,,,
dataflow,ESTAT:ILC_DI08(1.0),Mean and median income by educational attainment level,A,Annual,MED_EI,Median equivalised income,EUR,Euro,ED5-8,Tertiary education (levels 5-8),T,Total,Y18-64,From 18 to 64 years,EA19,Euro area - 19 countries  (2015-2022),2017,,24786,,,,,
dataflow,ESTAT:ILC_DI08(1.0),Mean and median income by educational attainment level,A,Annual,MED_EI,Median equivalised income,EUR,Euro,ED5-8,Tertiary education (levels 5-8),T,Total,Y18-64,From 18 to 64 years,EA19,Euro area - 19 countries  (2015-2022),2018,,25231,,,,,
dataflow,ESTAT:ILC_DI08(1.0),Mean and median income by educational attainment level,A,Annual,MED_EI,Median equivalised income,EUR,Euro,ED5-8,Tertiary education (levels 5-8),T,Total,Y18-64,From 18 to 64 years,EA19,Euro area - 19 countries  (2015-2022),2019,,25774,,,,,
dataflow,ESTAT:ILC_DI08(1.0),Mean and median income by educational attainment level,A,Annual,MED_EI,Median equivalised income,EUR,Euro,ED5-8,Tertiary education (levels 5-8),T,Total,Y18-64,From 18 to 64 years,EA19,Euro area - 19 countries  (2015-2022),2020,,27697,,b,break in time series,,
dataflow,ESTAT:ILC_DI08(1.0),Mean and median income by educational attainment level,A,Annual,MED_EI,Median equivalised income,EUR,Euro,ED5-8,Tertiary education (levels 5-8),T,Total,Y18-64,From 18 to 64 years,EA19,Euro area - 19 countries  (2015-2022),2021,,27775,,,,,
dataflow,ESTAT:ILC_DI08(1.0),Mean and median income by educational attainment level,A,Annual,MED_EI,Median equivalised income,EUR,Euro,ED5-8,Tertiary education (levels 5-8),T,Total,Y18-64,From 18 to 64 years,EA20,Euro area – 20 countries (2023-2025),2016,,24201,,,,,
dataflow,ESTAT:ILC_DI08(1.0),Mean and median income by educational attainment level,A,Annual,MED_EI,Median equivalised income,EUR,Euro,ED5-8,Tertiary education (levels 5-8),T,Total,Y18-64,From 18 to 64 years,EA20,Euro area – 20 countries (2023-2025),2017,,24662,,,,,
dataflow,ESTAT:ILC_DI08(1.0),Mean and median income by educational attainment level,A,Annual,MED_EI,Median equivalised income,EUR,Euro,ED5-8,Tertiary education (levels 5-8),T,Total,Y18-64,From 18 to 64 years,EA20,Euro area – 20 countries (2023-2025),2018,,25111,,,,,
dataflow,ESTAT:ILC_DI08(1.0),Mean and median income by educational attainment level,A,Annual,MED_EI,Median equivalised income,EUR,Euro,ED5-8,Tertiary education (levels 5-8),T,Total,Y18-64,From 18 to 64 years,EA20,Euro area – 20 countries (2023-2025),2019,,25642,,,,,
dataflow,ESTAT:ILC_DI08(1.0),Mean and median income by educational attainment level,A,Annual,MED_EI,Median equivalised income,EUR,Euro,ED5-8,Tertiary education (levels 5-8),T,Total,Y18-64,From 18 to 64 years,EA20,Euro area – 20 countries (2023-2025),2020,,27566,,,,,
dataflow,ESTAT:ILC_DI08(1.0),Mean and median income by educational attainment level,A,Annual,MED_EI,Median equivalised income,EUR,Euro,ED5-8,Tertiary education (levels 5-8),T,Total,Y18-64,From 18 to 64 years,EA20,Euro area – 20 countries (2023-2025),2021,,27719,,,,,
dataflow,ESTAT:ILC_DI08(1.0),Mean and median income by educational attainment level,A,Annual,MED_EI,Median equivalised income,EUR,Euro,ED5-8,Tertiary education (levels 5-8),T,Total,Y18-64,From 18 to 64 years,EA20,Euro area – 20 countries (2023-2025),2022,,28384,,,,,
dataflow,ESTAT:ILC_DI08(1.0),Mean and median income by educational attainment level,A,Annual,MED_EI,Median equivalised income,EUR,Euro,ED5-8,Tertiary education (levels 5-8),T,Total,Y18-64,From 18 to 64 years,EA20,Euro area – 20 countries (2023-2025),2023,,30056,,,,,
dataflow,ESTAT:ILC_DI08(1.0),Mean and median income by educational attainment level,A,Annual,MED_EI,Median equivalised income,EUR,Euro,ED5-8,Tertiary education (levels 5-8),T,Total,Y18-64,From 18 to 64 years,EA20,Euro area – 20 countries (2023-2025),2024,,31655,,,,,
dataflow,ESTAT:ILC_DI08(1.0),Mean and median income by educational attainment level,A,Annual,MED_EI,Median equivalised income,EUR,Euro,ED5-8,Tertiary education (levels 5-8),T,Total,Y18-64,From 18 to 64 years,EA20,Euro area – 20 countries (2023-2025),2025,,33311,,,,,
dataflow,ESTAT:ILC_DI08(1.0),Mean and median income by educational attainment level,A,Annual,MED_EI,Median equivalised income,EUR,Euro,ED5-8,Tertiary education (levels 5-8),T,Total,Y18-64,From 18 to 64 years,EA21,Euro area – 21 countries (from 2026),2025,,33033,,,,,
dataflow,ESTAT:ILC_DI08(1.0),Mean and median income by educational attainment level,A,Annual,MED_EI,Median equivalised income,EUR,Euro,ED5-8,Tertiary education (levels 5-8),T,Total,Y18-64,From 18 to 64 years,EE,Estonia,2016,,12481,,,,,
dataflow,ESTAT:ILC_DI08(1.0),Mean and median income by educational attainment level,A,Annual,MED_EI,Median equivalised income,EUR,Euro,ED5-8,Tertiary education (levels 5-8),T,Total,Y18-64,From 18 to 64 years,EE,Estonia,2017,,13143,,,,,
dataflow,ESTAT:ILC_DI08(1.0),Mean and median income by educational attainment level,A,Annual,MED_EI,Median equivalised income,EUR,Euro,ED5-8,Tertiary education (levels 5-8),T,Total,Y18-64,From 18 to 64 years,EE,Estonia,2018,,14717,,,,,
dataflow,ESTAT:ILC_DI08(1.0),Mean and median income by educational attainment level,A,Annual,MED_EI,Median equivalised income,EUR,Euro,ED5-8,Tertiary education (levels 5-8),T,Total,Y18-64,From 18 to 64 years,EE,Estonia,2019,,15837,,,,,
dataflow,ESTAT:ILC_DI08(1.0),Mean and median income by educational attainment level,A,Annual,MED_EI,Median equivalised income,EUR,Euro,ED5-8,Tertiary education (levels 5-8),T,Total,Y18-64,From 18 to 64 years,EE,Estonia,2020,,16422,,,,,
dataflow,ESTAT:ILC_DI08(1.0),Mean and median income by educational attainment level,A,Annual,MED_EI,Median equivalised income,EUR,Euro,ED5-8,Tertiary education (levels 5-8),T,Total,Y18-64,From 18 to 64 years,EE,Estonia,2021,,16648,,,,,
dataflow,ESTAT:ILC_DI08(1.0),Mean and median income by educational attainment level,A,Annual,MED_EI,Median equivalised income,EUR,Euro,ED5-8,Tertiary education (levels 5-8),T,Total,Y18-64,From 18 to 64 years,EE,Estonia,2022,,19754,,,,,
dataflow,ESTAT:ILC_DI08(1.0),Mean and median income by educational attainment level,A,Annual,MED_EI,Median equivalised income,EUR,Euro,ED5-8,Tertiary education (levels 5-8),T,Total,Y18-64,From 18 to 64 years,EE,Estonia,2023,,20241,,,,,
dataflow,ESTAT:ILC_DI08(1.0),Mean and median income by educational attainment level,A,Annual,MED_EI,Median equivalised income,EUR,Euro,ED5-8,Tertiary education (levels 5-8),T,Total,Y18-64,From 18 to 64 years,EE,Estonia,2024,,21534,,,,,
dataflow,ESTAT:ILC_DI08(1.0),Mean and median income by educational attainment level,A,Annual,MED_EI,Median equivalised income,EUR,Euro,ED5-8,Tertiary education (levels 5-8),T,Total,Y18-64,From 18 to 64 years,EE,Estonia,2025,,23280,,,,,
dataflow,ESTAT:ILC_DI08(1.0),Mean and median income by educational attainment level,A,Annual,MED_EI,Median equivalised income,EUR,Euro,ED5-8,Tertiary education (levels 5-8),T,Total,Y18-64,From 18 to 64 years,EL,Greece,2016,,10577,,,,,
dataflow,ESTAT:ILC_DI08(1.0),Mean and median income by educational attainment level,A,Annual,MED_EI,Median equivalised income,EUR,Euro,ED5-8,Tertiary education (levels 5-8),T,Total,Y18-64,From 18 to 64 years,EL,Greece,2017,,10680,,,,,
dataflow,ESTAT:ILC_DI08(1.0),Mean and median income by educational attainment level,A,Annual,MED_EI,Median equivalised income,EUR,Euro,ED5-8,Tertiary education (levels 5-8),T,Total,Y18-64,From 18 to 64 years,EL,Greece,2018,,10850,,,,,
dataflow,ESTAT:ILC_DI08(1.0),Mean and median income by educational attainment level,A,Annual,MED_EI,Median equivalised income,EUR,Euro,ED5-8,Tertiary education (levels 5-8),T,Total,Y18-64,From 18 to 64 years,EL,Greece,2019,,11277,,,,,
dataflow,ESTAT:ILC_DI08(1.0),Mean and median income by educational attainment level,A,Annual,MED_EI,Median equivalised income,EUR,Euro,ED5-8,Tertiary education (levels 5-8),T,Total,Y18-64,From 18 to 64 years,EL,Greece,2020,,11997,,,,,
dataflow,ESTAT:ILC_DI08(1.0),Mean and median income by educational attainment level,A,Annual,MED_EI,Median equivalised income,EUR,Euro,ED5-8,Tertiary education (levels 5-8),T,Total,Y18-64,From 18 to 64 years,EL,Greece,2021,,11900,,,,,
dataflow,ESTAT:ILC_DI08(1.0),Mean and median income by educational attainment level,A,Annual,MED_EI,Median equivalised income,EUR,Euro,ED5-8,Tertiary education (levels 5-8),T,Total,Y18-64,From 18 to 64 years,EL,Greece,2022,,12493,,,,,
dataflow,ESTAT:ILC_DI08(1.0),Mean and median income by educational attainment level,A,Annual,MED_EI,Median equivalised income,EUR,Euro,ED5-8,Tertiary education (levels 5-8),T,Total,Y18-64,From 18 to 64 years,EL,Greece,2023,,13279,,,,,
dataflow,ESTAT:ILC_DI08(1.0),Mean and median income by educational attainment level,A,Annual,MED_EI,Median equivalised income,EUR,Euro,ED5-8,Tertiary education (levels 5-8),T,Total,Y18-64,From 18 to 64 years,EL,Greece,2024,,14166,,,,,
dataflow,ESTAT:ILC_DI08(1.0),Mean and median income by educational attainment level,A,Annual,MED_EI,Median equivalised income,EUR,Euro,ED5-8,Tertiary education (levels 5-8),T,Total,Y18-64,From 18 to 64 years,EL,Greece,2025,,15300,,,,,
dataflow,ESTAT:ILC_DI08(1.0),Mean and median income by educational attainment level,A,Annual,MED_EI,Median equivalised income,EUR,Euro,ED5-8,Tertiary education (levels 5-8),T,Total,Y18-64,From 18 to 64 years,ES,Spain,2016,,19420,,,,,
dataflow,ESTAT:ILC_DI08(1.0),Mean and median income by educational attainment level,A,Annual,MED_EI,Median equivalised income,EUR,Euro,ED5-8,Tertiary education (levels 5-8),T,Total,Y18-64,From 18 to 64 years,ES,Spain,2017,,20353,,,,,
dataflow,ESTAT:ILC_DI08(1.0),Mean and median income by educational attainment level,A,Annual,MED_EI,Median equivalised income,EUR,Euro,ED5-8,Tertiary education (levels 5-8),T,Total,Y18-64,From 18 to 64 years,ES,Spain,2018,,20893,,,,,
dataflow,ESTAT:ILC_DI08(1.0),Mean and median income by educational attainment level,A,Annual,MED_EI,Median equivalised income,EUR,Euro,ED5-8,Tertiary education (levels 5-8),T,Total,Y18-64,From 18 to 64 years,ES,Spain,2019,,20999,,,,,
dataflow,ESTAT:ILC_DI08(1.0),Mean and median income by educational attainment level,A,Annual,MED_EI,Median equivalised income,EUR,Euro,ED5-8,Tertiary education (levels 5-8),T,Total,Y18-64,From 18 to 64 years,ES,Spain,2020,,21571,,,,,
dataflow,ESTAT:ILC_DI08(1.0),Mean and median income by educational attainment level,A,Annual,MED_EI,Median equivalised income,EUR,Euro,ED5-8,Tertiary education (levels 5-8),T,Total,Y18-64,From 18 to 64 years,ES,Spain,2021,,21393,,,,,
dataflow,ESTAT:ILC_DI08(1.0),Mean and median income by educational attainment level,A,Annual,MED_EI,Median equivalised income,EUR,Euro,ED5-8,Tertiary education (levels 5-8),T,Total,Y18-64,From 18 to 64 years,ES,Spain,2022,,22300,,,,,
dataflow,ESTAT:ILC_DI08(1.0),Mean and median income by educational attainment level,A,Annual,MED_EI,Median equivalised income,EUR,Euro,ED5-8,Tertiary education (levels 5-8),T,Total,Y18-64,From 18 to 64 years,ES,Spain,2023,,24025,,,,,
dataflow,ESTAT:ILC_DI08(1.0),Mean and median income by educational attainment level,A,Annual,MED_EI,Median equivalised income,EUR,Euro,ED5-8,Tertiary education (levels 5-8),T,Total,Y18-64,From 18 to 64 years,ES,Spain,2024,,25212,,,,,
dataflow,ESTAT:ILC_DI08(1.0),Mean and median income by educational attainment level,A,Annual,MED_EI,Median equivalised income,EUR,Euro,ED5-8,Tertiary education (levels 5-8),T,Total,Y18-64,From 18 to 64 years,ES,Spain,2025,,26560,,,,,
dataflow,ESTAT:ILC_DI08(1.0),Mean and median income by educational attainment level,A,Annual,MED_EI,Median equivalised income,EUR,Euro,ED5-8,Tertiary education (levels 5-8),T,Total,Y18-64,From 18 to 64 years,EU,"European Union (EU6-1958, EU9-1973, EU10-1981, EU12-1986, EU15-1995, EU25-2004, EU27-2007, EU28-2013, EU27-2020)",2016,,23162,,e,estimated,,
dataflow,ESTAT:ILC_DI08(1.0),Mean and median income by educational attainment level,A,Annual,MED_EI,Median equivalised income,EUR,Euro,ED5-8,Tertiary education (levels 5-8),T,Total,Y18-64,From 18 to 64 years,EU,"European Union (EU6-1958, EU9-1973, EU10-1981, EU12-1986, EU15-1995, EU25-2004, EU27-2007, EU28-2013, EU27-2020)",2017,,22801,,e,estimated,,
dataflow,ESTAT:ILC_DI08(1.0),Mean and median income by educational attainment level,A,Annual,MED_EI,Median equivalised income,EUR,Euro,ED5-8,Tertiary education (levels 5-8),T,Total,Y18-64,From 18 to 64 years,EU,"European Union (EU6-1958, EU9-1973, EU10-1981, EU12-1986, EU15-1995, EU25-2004, EU27-2007, EU28-2013, EU27-2020)",2018,,23718,,e,estimated,,
dataflow,ESTAT:ILC_DI08(1.0),Mean and median income by educational attainment level,A,Annual,MED_EI,Median equivalised income,EUR,Euro,ED5-8,Tertiary education (levels 5-8),T,Total,Y18-64,From 18 to 64 years,EU,"European Union (EU6-1958, EU9-1973, EU10-1981, EU12-1986, EU15-1995, EU25-2004, EU27-2007, EU28-2013, EU27-2020)",2019,,24195,,e,estimated,,
dataflow,ESTAT:ILC_DI08(1.0),Mean and median income by educational attainment level,A,Annual,MED_EI,Median equivalised income,EUR,Euro,ED5-8,Tertiary education (levels 5-8),T,Total,Y18-64,From 18 to 64 years,EU27_2007,European Union - 27 countries (2007-2013),2016,,23241,,,,,
dataflow,ESTAT:ILC_DI08(1.0),Mean and median income by educational attainment level,A,Annual,MED_EI,Median equivalised income,EUR,Euro,ED5-8,Tertiary education (levels 5-8),T,Total,Y18-64,From 18 to 64 years,EU27_2007,European Union - 27 countries (2007-2013),2017,,22882,,,,,
dataflow,ESTAT:ILC_DI08(1.0),Mean and median income by educational attainment level,A,Annual,MED_EI,Median equivalised income,EUR,Euro,ED5-8,Tertiary education (levels 5-8),T,Total,Y18-64,From 18 to 64 years,EU27_2007,European Union - 27 countries (2007-2013),2018,,23794,,,,,
dataflow,ESTAT:ILC_DI08(1.0),Mean and median income by educational attainment level,A,Annual,MED_EI,Median equivalised income,EUR,Euro,ED5-8,Tertiary education (levels 5-8),T,Total,Y18-64,From 18 to 64 years,EU27_2007,European Union - 27 countries (2007-2013),2019,,24272,,e,estimated,,
dataflow,ESTAT:ILC_DI08(1.0),Mean and median income by educational attainment level,A,Annual,MED_EI,Median equivalised income,EUR,Euro,ED5-8,Tertiary education (levels 5-8),T,Total,Y18-64,From 18 to 64 years,EU27_2020,European Union - 27 countries (from 2020),2016,,21986,,e,estimated,,
dataflow,ESTAT:ILC_DI08(1.0),Mean and median income by educational attainment level,A,Annual,MED_EI,Median equivalised income,EUR,Euro,ED5-8,Tertiary education (levels 5-8),T,Total,Y18-64,From 18 to 64 years,EU27_2020,European Union - 27 countries (from 2020),2017,,22440,,e,estimated,,
dataflow,ESTAT:ILC_DI08(1.0),Mean and median income by educational attainment level,A,Annual,MED_EI,Median equivalised income,EUR,Euro,ED5-8,Tertiary education (levels 5-8),T,Total,Y18-64,From 18 to 64 years,EU27_2020,European Union - 27 countries (from 2020),2018,,23044,,e,estimated,,
dataflow,ESTAT:ILC_DI08(1.0),Mean and median income by educational attainment level,A,Annual,MED_EI,Median equivalised income,EUR,Euro,ED5-8,Tertiary education (levels 5-8),T,Total,Y18-64,From 18 to 64 years,EU27_2020,European Union - 27 countries (from 2020),2019,,23575,,,,,
dataflow,ESTAT:ILC_DI08(1.0),Mean and median income by educational attainment level,A,Annual,MED_EI,Median equivalised income,EUR,Euro,ED5-8,Tertiary education (levels 5-8),T,Total,Y18-64,From 18 to 64 years,EU27_2020,European Union - 27 countries (from 2020),2020,,25227,,,,,
dataflow,ESTAT:ILC_DI08(1.0),Mean and median income by educational attainment level,A,Annual,MED_EI,Median equivalised income,EUR,Euro,ED5-8,Tertiary education (levels 5-8),T,Total,Y18-64,From 18 to 64 years,EU27_2020,European Union - 27 countries (from 2020),2021,,25464,,,,,
dataflow,ESTAT:ILC_DI08(1.0),Mean and median income by educational attainment level,A,Annual,MED_EI,Median equivalised income,EUR,Euro,ED5-8,Tertiary education (levels 5-8),T,Total,Y18-64,From 18 to 64 years,EU27_2020,European Union - 27 countries (from 2020),2022,,26309,,,,,
dataflow,ESTAT:ILC_DI08(1.0),Mean and median income by educational attainment level,A,Annual,MED_EI,Median equivalised income,EUR,Euro,ED5-8,Tertiary education (levels 5-8),T,Total,Y18-64,From 18 to 64 years,EU27_2020,European Union - 27 countries (from 2020),2023,,27937,,,,,
dataflow,ESTAT:ILC_DI08(1.0),Mean and median income by educational attainment level,A,Annual,MED_EI,Median equivalised income,EUR,Euro,ED5-8,Tertiary education (levels 5-8),T,Total,Y18-64,From 18 to 64 years,EU27_2020,European Union - 27 countries (from 2020),2024,,29492,,,,,
dataflow,ESTAT:ILC_DI08(1.0),Mean and median income by educational attainment level,A,Annual,MED_EI,Median equivalised income,EUR,Euro,ED5-8,Tertiary education (levels 5-8),T,Total,Y18-64,From 18 to 64 years,EU27_2020,European Union - 27 countries (from 2020),2025,,31228,,,,,
dataflow,ESTAT:ILC_DI08(1.0),Mean and median income by educational attainment level,A,Annual,MED_EI,Median equivalised income,EUR,Euro,ED5-8,Tertiary education (levels 5-8),T,Total,Y18-64,From 18 to 64 years,EU28,European Union - 28 countries (2013-2020),2016,,23162,,,,,
dataflow,ESTAT:ILC_DI08(1.0),Mean and median income by educational attainment level,A,Annual,MED_EI,Median equivalised income,EUR,Euro,ED5-8,Tertiary education (levels 5-8),T,Total,Y18-64,From 18 to 64 years,EU28,European Union - 28 countries (2013-2020),2017,,22801,,,,,
dataflow,ESTAT:ILC_DI08(1.0),Mean and median income by educational attainment level,A,Annual,MED_EI,Median equivalised income,EUR,Euro,ED5-8,Tertiary education (levels 5-8),T,Total,Y18-64,From 18 to 64 years,EU28,European Union - 28 countries (2013-2020),2018,,23718,,,,,
dataflow,ESTAT:ILC_DI08(1.0),Mean and median income by educational attainment level,A,Annual,MED_EI,Median equivalised income,EUR,Euro,ED5-8,Tertiary education (levels 5-8),T,Total,Y18-64,From 18 to 64 years,EU28,European Union - 28 countries (2013-2020),2019,,24195,,e,estimated,,
dataflow,ESTAT:ILC_DI08(1.0),Mean and median income by educational attainment level,A,Annual,MED_EI,Median equivalised income,EUR,Euro,ED5-8,Tertiary education (levels 5-8),T,Total,Y18-64,From 18 to 64 years,FI,Finland,2016,,29983,,,,,
dataflow,ESTAT:ILC_DI08(1.0),Mean and median income by educational attainment level,A,Annual,MED_EI,Median equivalised income,EUR,Euro,ED5-8,Tertiary education (levels 5-8),T,Total,Y18-64,From 18 to 64 years,FI,Finland,2017,,30212,,,,,
dataflow,ESTAT:ILC_DI08(1.0),Mean and median income by educational attainment level,A,Annual,MED_EI,Median equivalised income,EUR,Euro,ED5-8,Tertiary education (levels 5-8),T,Total,Y18-64,From 18 to 64 years,FI,Finland,2018,,31155,,,,,
dataflow,ESTAT:ILC_DI08(1.0),Mean and median income by educational attainment level,A,Annual,MED_EI,Median equivalised income,EUR,Euro,ED5-8,Tertiary education (levels 5-8),T,Total,Y18-64,From 18 to 64 years,FI,Finland,2019,,32027,,,,,
dataflow,ESTAT:ILC_DI08(1.0),Mean and median income by educational attainment level,A,Annual,MED_EI,Median equivalised income,EUR,Euro,ED5-8,Tertiary education (levels 5-8),T,Total,Y18-64,From 18 to 64 years,FI,Finland,2020,,32822,,,,,
dataflow,ESTAT:ILC_DI08(1.0),Mean and median income by educational attainment level,A,Annual,MED_EI,Median equivalised income,EUR,Euro,ED5-8,Tertiary education (levels 5-8),T,Total,Y18-64,From 18 to 64 years,FI,Finland,2021,,32147,,,,,
dataflow,ESTAT:ILC_DI08(1.0),Mean and median income by educational attainment level,A,Annual,MED_EI,Median equivalised income,EUR,Euro,ED5-8,Tertiary education (levels 5-8),T,Total,Y18-64,From 18 to 64 years,FI,Finland,2022,,33794,,,,,
dataflow,ESTAT:ILC_DI08(1.0),Mean and median income by educational attainment level,A,Annual,MED_EI,Median equivalised income,EUR,Euro,ED5-8,Tertiary education (levels 5-8),T,Total,Y18-64,From 18 to 64 years,FI,Finland,2023,,34694,,,,,
dataflow,ESTAT:ILC_DI08(1.0),Mean and median income by educational attainment level,A,Annual,MED_EI,Median equivalised income,EUR,Euro,ED5-8,Tertiary education (levels 5-8),T,Total,Y18-64,From 18 to 64 years,FI,Finland,2024,,36261,,,,,
dataflow,ESTAT:ILC_DI08(1.0),Mean and median income by educational attainment level,A,Annual,MED_EI,Median equivalised income,EUR,Euro,ED5-8,Tertiary education (levels 5-8),T,Total,Y18-64,From 18 to 64 years,FI,Finland,2025,,37576,,,,,
dataflow,ESTAT:ILC_DI08(1.0),Mean and median income by educational attainment level,A,Annual,MED_EI,Median equivalised income,EUR,Euro,ED5-8,Tertiary education (levels 5-8),T,Total,Y18-64,From 18 to 64 years,FR,France,2016,,27072,,,,,
dataflow,ESTAT:ILC_DI08(1.0),Mean and median income by educational attainment level,A,Annual,MED_EI,Median equivalised income,EUR,Euro,ED5-8,Tertiary education (levels 5-8),T,Total,Y18-64,From 18 to 64 years,FR,France,2017,,27279,,,,,
dataflow,ESTAT:ILC_DI08(1.0),Mean and median income by educational attainment level,A,Annual,MED_EI,Median equivalised income,EUR,Euro,ED5-8,Tertiary education (levels 5-8),T,Total,Y18-64,From 18 to 64 years,FR,France,2018,,27036,,,,,
dataflow,ESTAT:ILC_DI08(1.0),Mean and median income by educational attainment level,A,Annual,MED_EI,Median equivalised income,EUR,Euro,ED5-8,Tertiary education (levels 5-8),T,Total,Y18-64,From 18 to 64 years,FR,France,2019,,27749,,,,,
dataflow,ESTAT:ILC_DI08(1.0),Mean and median income by educational attainment level,A,Annual,MED_EI,Median equivalised income,EUR,Euro,ED5-8,Tertiary education (levels 5-8),T,Total,Y18-64,From 18 to 64 years,FR,France,2020,,29103,,b,break in time series,,
dataflow,ESTAT:ILC_DI08(1.0),Mean and median income by educational attainment level,A,Annual,MED_EI,Median equivalised income,EUR,Euro,ED5-8,Tertiary education (levels 5-8),T,Total,Y18-64,From 18 to 64 years,FR,France,2021,,29552,,,,,
dataflow,ESTAT:ILC_DI08(1.0),Mean and median income by educational attainment level,A,Annual,MED_EI,Median equivalised income,EUR,Euro,ED5-8,Tertiary education (levels 5-8),T,Total,Y18-64,From 18 to 64 years,FR,France,2022,,30231,,b,break in time series,,
dataflow,ESTAT:ILC_DI08(1.0),Mean and median income by educational attainment level,A,Annual,MED_EI,Median equivalised income,EUR,Euro,ED5-8,Tertiary education (levels 5-8),T,Total,Y18-64,From 18 to 64 years,FR,France,2023,,31837,,,,,
dataflow,ESTAT:ILC_DI08(1.0),Mean and median income by educational attainment level,A,Annual,MED_EI,Median equivalised income,EUR,Euro,ED5-8,Tertiary education (levels 5-8),T,Total,Y18-64,From 18 to 64 years,FR,France,2024,,33065,,,,,
dataflow,ESTAT:ILC_DI08(1.0),Mean and median income by educational attainment level,A,Annual,MED_EI,Median equivalised income,EUR,Euro,ED5-8,Tertiary education (levels 5-8),T,Total,Y18-64,From 18 to 64 years,FR,France,2025,,34307,,,,,
dataflow,ESTAT:ILC_DI08(1.0),Mean and median income by educational attainment level,A,Annual,MED_EI,Median equivalised income,EUR,Euro,ED5-8,Tertiary education (levels 5-8),T,Total,Y18-64,From 18 to 64 years,HR,Croatia,2016,,8892,,,,,
dataflow,ESTAT:ILC_DI08(1.0),Mean and median income by educational attainment level,A,Annual,MED_EI,Median equivalised income,EUR,Euro,ED5-8,Tertiary education (levels 5-8),T,Total,Y18-64,From 18 to 64 years,HR,Croatia,2017,,9531,,,,,
dataflow,ESTAT:ILC_DI08(1.0),Mean and median income by educational attainment level,A,Annual,MED_EI,Median equivalised income,EUR,Euro,ED5-8,Tertiary education (levels 5-8),T,Total,Y18-64,From 18 to 64 years,HR,Croatia,2018,,10258,,,,,
dataflow,ESTAT:ILC_DI08(1.0),Mean and median income by educational attainment level,A,Annual,MED_EI,Median equivalised income,EUR,Euro,ED5-8,Tertiary education (levels 5-8),T,Total,Y18-64,From 18 to 64 years,HR,Croatia,2019,,10780,,,,,
dataflow,ESTAT:ILC_DI08(1.0),Mean and median income by educational attainment level,A,Annual,MED_EI,Median equivalised income,EUR,Euro,ED5-8,Tertiary education (levels 5-8),T,Total,Y18-64,From 18 to 64 years,HR,Croatia,2020,,11197,,,,,
dataflow,ESTAT:ILC_DI08(1.0),Mean and median income by educational attainment level,A,Annual,MED_EI,Median equivalised income,EUR,Euro,ED5-8,Tertiary education (levels 5-8),T,Total,Y18-64,From 18 to 64 years,HR,Croatia,2021,,11917,,,,,
dataflow,ESTAT:ILC_DI08(1.0),Mean and median income by educational attainment level,A,Annual,MED_EI,Median equivalised income,EUR,Euro,ED5-8,Tertiary education (levels 5-8),T,Total,Y18-64,From 18 to 64 years,HR,Croatia,2022,,12610,,,,,
dataflow,ESTAT:ILC_DI08(1.0),Mean and median income by educational attainment level,A,Annual,MED_EI,Median equivalised income,EUR,Euro,ED5-8,Tertiary education (levels 5-8),T,Total,Y18-64,From 18 to 64 years,HR,Croatia,2023,,14011,,b,break in time series,,
dataflow,ESTAT:ILC_DI08(1.0),Mean and median income by educational attainment level,A,Annual,MED_EI,Median equivalised income,EUR,Euro,ED5-8,Tertiary education (levels 5-8),T,Total,Y18-64,From 18 to 64 years,HR,Croatia,2024,,17017,,b,break in time series,,
dataflow,ESTAT:ILC_DI08(1.0),Mean and median income by educational attainment level,A,Annual,MED_EI,Median equivalised income,EUR,Euro,ED5-8,Tertiary education (levels 5-8),T,Total,Y18-64,From 18 to 64 years,HR,Croatia,2025,,21026,,,,,
dataflow,ESTAT:ILC_DI08(1.0),Mean and median income by educational attainment level,A,Annual,MED_EI,Median equivalised income,EUR,Euro,ED5-8,Tertiary education (levels 5-8),T,Total,Y18-64,From 18 to 64 years,HU,Hungary,2016,,7057,,,,,
dataflow,ESTAT:ILC_DI08(1.0),Mean and median income by educational attainment level,A,Annual,MED_EI,Median equivalised income,EUR,Euro,ED5-8,Tertiary education (levels 5-8),T,Total,Y18-64,From 18 to 64 years,HU,Hungary,2017,,7277,,,,,
dataflow,ESTAT:ILC_DI08(1.0),Mean and median income by educational attainment level,A,Annual,MED_EI,Median equivalised income,EUR,Euro,ED5-8,Tertiary education (levels 5-8),T,Total,Y18-64,From 18 to 64 years,HU,Hungary,2018,,7341,,,,,
dataflow,ESTAT:ILC_DI08(1.0),Mean and median income by educational attainment level,A,Annual,MED_EI,Median equivalised income,EUR,Euro,ED5-8,Tertiary education (levels 5-8),T,Total,Y18-64,From 18 to 64 years,HU,Hungary,2019,,7521,,b,break in time series,,
dataflow,ESTAT:ILC_DI08(1.0),Mean and median income by educational attainment level,A,Annual,MED_EI,Median equivalised income,EUR,Euro,ED5-8,Tertiary education (levels 5-8),T,Total,Y18-64,From 18 to 64 years,HU,Hungary,2020,,8137,,,,,
dataflow,ESTAT:ILC_DI08(1.0),Mean and median income by educational attainment level,A,Annual,MED_EI,Median equivalised income,EUR,Euro,ED5-8,Tertiary education (levels 5-8),T,Total,Y18-64,From 18 to 64 years,HU,Hungary,2021,,8407,,,,,
dataflow,ESTAT:ILC_DI08(1.0),Mean and median income by educational attainment level,A,Annual,MED_EI,Median equivalised income,EUR,Euro,ED5-8,Tertiary education (levels 5-8),T,Total,Y18-64,From 18 to 64 years,HU,Hungary,2022,,9180,,,,,
dataflow,ESTAT:ILC_DI08(1.0),Mean and median income by educational attainment level,A,Annual,MED_EI,Median equivalised income,EUR,Euro,ED5-8,Tertiary education (levels 5-8),T,Total,Y18-64,From 18 to 64 years,HU,Hungary,2023,,8557,,,,,
dataflow,ESTAT:ILC_DI08(1.0),Mean and median income by educational attainment level,A,Annual,MED_EI,Median equivalised income,EUR,Euro,ED5-8,Tertiary education (levels 5-8),T,Total,Y18-64,From 18 to 64 years,HU,Hungary,2024,,10503,,,,,
dataflow,ESTAT:ILC_DI08(1.0),Mean and median income by educational attainment level,A,Annual,MED_EI,Median equivalised income,EUR,Euro,ED5-8,Tertiary education (levels 5-8),T,Total,Y18-64,From 18 to 64 years,HU,Hungary,2025,,11377,,,,,
dataflow,ESTAT:ILC_DI08(1.0),Mean and median income by educational attainment level,A,Annual,MED_EI,Median equivalised income,EUR,Euro,ED5-8,Tertiary education (levels 5-8),T,Total,Y18-64,From 18 to 64 years,IE,Ireland,2016,,29369,,,,,
dataflow,ESTAT:ILC_DI08(1.0),Mean and median income by educational attainment level,A,Annual,MED_EI,Median equivalised income,EUR,Euro,ED5-8,Tertiary education (levels 5-8),T,Total,Y18-64,From 18 to 64 years,IE,Ireland,2017,,30412,,,,,
dataflow,ESTAT:ILC_DI08(1.0),Mean and median income by educational attainment level,A,Annual,MED_EI,Median equivalised income,EUR,Euro,ED5-8,Tertiary education (levels 5-8),T,Total,Y18-64,From 18 to 64 years,IE,Ireland,2018,,31068,,,,,
dataflow,ESTAT:ILC_DI08(1.0),Mean and median income by educational attainment level,A,Annual,MED_EI,Median equivalised income,EUR,Euro,ED5-8,Tertiary education (levels 5-8),T,Total,Y18-64,From 18 to 64 years,IE,Ireland,2019,,31612,,b,break in time series,,
dataflow,ESTAT:ILC_DI08(1.0),Mean and median income by educational attainment level,A,Annual,MED_EI,Median equivalised income,EUR,Euro,ED5-8,Tertiary education (levels 5-8),T,Total,Y18-64,From 18 to 64 years,IE,Ireland,2020,,33324,,b,break in time series,,
dataflow,ESTAT:ILC_DI08(1.0),Mean and median income by educational attainment level,A,Annual,MED_EI,Median equivalised income,EUR,Euro,ED5-8,Tertiary education (levels 5-8),T,Total,Y18-64,From 18 to 64 years,IE,Ireland,2021,,35739,,,,,
dataflow,ESTAT:ILC_DI08(1.0),Mean and median income by educational attainment level,A,Annual,MED_EI,Median equivalised income,EUR,Euro,ED5-8,Tertiary education (levels 5-8),T,Total,Y18-64,From 18 to 64 years,IE,Ireland,2022,,36444,,,,,
dataflow,ESTAT:ILC_DI08(1.0),Mean and median income by educational attainment level,A,Annual,MED_EI,Median equivalised income,EUR,Euro,ED5-8,Tertiary education (levels 5-8),T,Total,Y18-64,From 18 to 64 years,IE,Ireland,2023,,37886,,,,,
dataflow,ESTAT:ILC_DI08(1.0),Mean and median income by educational attainment level,A,Annual,MED_EI,Median equivalised income,EUR,Euro,ED5-8,Tertiary education (levels 5-8),T,Total,Y18-64,From 18 to 64 years,IE,Ireland,2024,,40269,,,,,
dataflow,ESTAT:ILC_DI08(1.0),Mean and median income by educational attainment level,A,Annual,MED_EI,Median equivalised income,EUR,Euro,ED5-8,Tertiary education (levels 5-8),T,Total,Y18-64,From 18 to 64 years,IE,Ireland,2025,,42495,,,,,
dataflow,ESTAT:ILC_DI08(1.0),Mean and median income by educational attainment level,A,Annual,MED_EI,Median equivalised income,EUR,Euro,ED5-8,Tertiary education (levels 5-8),T,Total,Y18-64,From 18 to 64 years,IS,Iceland,2016,,32589,,,,,
dataflow,ESTAT:ILC_DI08(1.0),Mean and median income by educational attainment level,A,Annual,MED_EI,Median equivalised income,EUR,Euro,ED5-8,Tertiary education (levels 5-8),T,Total,Y18-64,From 18 to 64 years,IS,Iceland,2017,,37067,,,,,
dataflow,ESTAT:ILC_DI08(1.0),Mean and median income by educational attainment level,A,Annual,MED_EI,Median equivalised income,EUR,Euro,ED5-8,Tertiary education (levels 5-8),T,Total,Y18-64,From 18 to 64 years,IS,Iceland,2018,,44911,,,,,
dataflow,ESTAT:ILC_DI08(1.0),Mean and median income by educational attainment level,A,Annual,MED_EI,Median equivalised income,EUR,Euro,ED5-8,Tertiary education (levels 5-8),T,Total,Y18-64,From 18 to 64 years,IS,Iceland,2019,,41535,,,,,
dataflow,ESTAT:ILC_DI08(1.0),Mean and median income by educational attainment level,A,Annual,MED_EI,Median equivalised income,EUR,Euro,ED5-8,Tertiary education (levels 5-8),T,Total,Y18-64,From 18 to 64 years,IS,Iceland,2020,,38975,,,,,
dataflow,ESTAT:ILC_DI08(1.0),Mean and median income by educational attainment level,A,Annual,MED_EI,Median equivalised income,EUR,Euro,ED5-8,Tertiary education (levels 5-8),T,Total,Y18-64,From 18 to 64 years,IT,Italy,2016,,22758,,,,,
dataflow,ESTAT:ILC_DI08(1.0),Mean and median income by educational attainment level,A,Annual,MED_EI,Median equivalised income,EUR,Euro,ED5-8,Tertiary education (levels 5-8),T,Total,Y18-64,From 18 to 64 years,IT,Italy,2017,,22723,,,,,
dataflow,ESTAT:ILC_DI08(1.0),Mean and median income by educational attainment level,A,Annual,MED_EI,Median equivalised income,EUR,Euro,ED5-8,Tertiary education (levels 5-8),T,Total,Y18-64,From 18 to 64 years,IT,Italy,2018,,23296,,,,,
dataflow,ESTAT:ILC_DI08(1.0),Mean and median income by educational attainment level,A,Annual,MED_EI,Median equivalised income,EUR,Euro,ED5-8,Tertiary education (levels 5-8),T,Total,Y18-64,From 18 to 64 years,IT,Italy,2019,,23491,,,,,
dataflow,ESTAT:ILC_DI08(1.0),Mean and median income by educational attainment level,A,Annual,MED_EI,Median equivalised income,EUR,Euro,ED5-8,Tertiary education (levels 5-8),T,Total,Y18-64,From 18 to 64 years,IT,Italy,2020,,24423,,,,,
dataflow,ESTAT:ILC_DI08(1.0),Mean and median income by educational attainment level,A,Annual,MED_EI,Median equivalised income,EUR,Euro,ED5-8,Tertiary education (levels 5-8),T,Total,Y18-64,From 18 to 64 years,IT,Italy,2021,,24288,,,,,
dataflow,ESTAT:ILC_DI08(1.0),Mean and median income by educational attainment level,A,Annual,MED_EI,Median equivalised income,EUR,Euro,ED5-8,Tertiary education (levels 5-8),T,Total,Y18-64,From 18 to 64 years,IT,Italy,2022,,24770,,,,,
dataflow,ESTAT:ILC_DI08(1.0),Mean and median income by educational attainment level,A,Annual,MED_EI,Median equivalised income,EUR,Euro,ED5-8,Tertiary education (levels 5-8),T,Total,Y18-64,From 18 to 64 years,IT,Italy,2023,,26826,,,,,
dataflow,ESTAT:ILC_DI08(1.0),Mean and median income by educational attainment level,A,Annual,MED_EI,Median equivalised income,EUR,Euro,ED5-8,Tertiary education (levels 5-8),T,Total,Y18-64,From 18 to 64 years,IT,Italy,2024,,28007,,,,,
dataflow,ESTAT:ILC_DI08(1.0),Mean and median income by educational attainment level,A,Annual,MED_EI,Median equivalised income,EUR,Euro,ED5-8,Tertiary education (levels 5-8),T,Total,Y18-64,From 18 to 64 years,IT,Italy,2025,,29419,,,,,
dataflow,ESTAT:ILC_DI08(1.0),Mean and median income by educational attainment level,A,Annual,MED_EI,Median equivalised income,EUR,Euro,ED5-8,Tertiary education (levels 5-8),T,Total,Y18-64,From 18 to 64 years,LT,Lithuania,2016,,8934,,,,,
dataflow,ESTAT:ILC_DI08(1.0),Mean and median income by educational attainment level,A,Annual,MED_EI,Median equivalised income,EUR,Euro,ED5-8,Tertiary education (levels 5-8),T,Total,Y18-64,From 18 to 64 years,LT,Lithuania,2017,,9411,,,,,
dataflow,ESTAT:ILC_DI08(1.0),Mean and median income by educational attainment level,A,Annual,MED_EI,Median equivalised income,EUR,Euro,ED5-8,Tertiary education (levels 5-8),T,Total,Y18-64,From 18 to 64 years,LT,Lithuania,2018,,10427,,,,,
dataflow,ESTAT:ILC_DI08(1.0),Mean and median income by educational attainment level,A,Annual,MED_EI,Median equivalised income,EUR,Euro,ED5-8,Tertiary education (levels 5-8),T,Total,Y18-64,From 18 to 64 years,LT,Lithuania,2019,,11565,,,,,
dataflow,ESTAT:ILC_DI08(1.0),Mean and median income by educational attainment level,A,Annual,MED_EI,Median equivalised income,EUR,Euro,ED5-8,Tertiary education (levels 5-8),T,Total,Y18-64,From 18 to 64 years,LT,Lithuania,2020,,12750,,,,,
dataflow,ESTAT:ILC_DI08(1.0),Mean and median income by educational attainment level,A,Annual,MED_EI,Median equivalised income,EUR,Euro,ED5-8,Tertiary education (levels 5-8),T,Total,Y18-64,From 18 to 64 years,LT,Lithuania,2021,,13771,,,,,
dataflow,ESTAT:ILC_DI08(1.0),Mean and median income by educational attainment level,A,Annual,MED_EI,Median equivalised income,EUR,Euro,ED5-8,Tertiary education (levels 5-8),T,Total,Y18-64,From 18 to 64 years,LT,Lithuania,2022,,14869,,,,,
dataflow,ESTAT:ILC_DI08(1.0),Mean and median income by educational attainment level,A,Annual,MED_EI,Median equivalised income,EUR,Euro,ED5-8,Tertiary education (levels 5-8),T,Total,Y18-64,From 18 to 64 years,LT,Lithuania,2023,,16282,,,,,
dataflow,ESTAT:ILC_DI08(1.0),Mean and median income by educational attainment level,A,Annual,MED_EI,Median equivalised income,EUR,Euro,ED5-8,Tertiary education (levels 5-8),T,Total,Y18-64,From 18 to 64 years,LT,Lithuania,2024,,18175,,p,provisional,,
dataflow,ESTAT:ILC_DI08(1.0),Mean and median income by educational attainment level,A,Annual,MED_EI,Median equivalised income,EUR,Euro,ED5-8,Tertiary education (levels 5-8),T,Total,Y18-64,From 18 to 64 years,LT,Lithuania,2025,,20469,,p,provisional,,
dataflow,ESTAT:ILC_DI08(1.0),Mean and median income by educational attainment level,A,Annual,MED_EI,Median equivalised income,EUR,Euro,ED5-8,Tertiary education (levels 5-8),T,Total,Y18-64,From 18 to 64 years,LU,Luxembourg,2016,,42375,,b,break in time series,,
dataflow,ESTAT:ILC_DI08(1.0),Mean and median income by educational attainment level,A,Annual,MED_EI,Median equivalised income,EUR,Euro,ED5-8,Tertiary education (levels 5-8),T,Total,Y18-64,From 18 to 64 years,LU,Luxembourg,2017,,46626,,,,,
dataflow,ESTAT:ILC_DI08(1.0),Mean and median income by educational attainment level,A,Annual,MED_EI,Median equivalised income,EUR,Euro,ED5-8,Tertiary education (levels 5-8),T,Total,Y18-64,From 18 to 64 years,LU,Luxembourg,2018,,44144,,,,,
dataflow,ESTAT:ILC_DI08(1.0),Mean and median income by educational attainment level,A,Annual,MED_EI,Median equivalised income,EUR,Euro,ED5-8,Tertiary education (levels 5-8),T,Total,Y18-64,From 18 to 64 years,LU,Luxembourg,2019,,46328,,,,,
dataflow,ESTAT:ILC_DI08(1.0),Mean and median income by educational attainment level,A,Annual,MED_EI,Median equivalised income,EUR,Euro,ED5-8,Tertiary education (levels 5-8),T,Total,Y18-64,From 18 to 64 years,LU,Luxembourg,2020,,49865,,b,break in time series,,
dataflow,ESTAT:ILC_DI08(1.0),Mean and median income by educational attainment level,A,Annual,MED_EI,Median equivalised income,EUR,Euro,ED5-8,Tertiary education (levels 5-8),T,Total,Y18-64,From 18 to 64 years,LU,Luxembourg,2021,,51908,,b,break in time series,,
dataflow,ESTAT:ILC_DI08(1.0),Mean and median income by educational attainment level,A,Annual,MED_EI,Median equivalised income,EUR,Euro,ED5-8,Tertiary education (levels 5-8),T,Total,Y18-64,From 18 to 64 years,LU,Luxembourg,2022,,55526,,b,break in time series,,
dataflow,ESTAT:ILC_DI08(1.0),Mean and median income by educational attainment level,A,Annual,MED_EI,Median equivalised income,EUR,Euro,ED5-8,Tertiary education (levels 5-8),T,Total,Y18-64,From 18 to 64 years,LU,Luxembourg,2023,,60900,,,,,
dataflow,ESTAT:ILC_DI08(1.0),Mean and median income by educational attainment level,A,Annual,MED_EI,Median equivalised income,EUR,Euro,ED5-8,Tertiary education (levels 5-8),T,Total,Y18-64,From 18 to 64 years,LU,Luxembourg,2024,,63726,,,,,
dataflow,ESTAT:ILC_DI08(1.0),Mean and median income by educational attainment level,A,Annual,MED_EI,Median equivalised income,EUR,Euro,ED5-8,Tertiary education (levels 5-8),T,Total,Y18-64,From 18 to 64 years,LU,Luxembourg,2025,,63498,,b,break in time series,,
dataflow,ESTAT:ILC_DI08(1.0),Mean and median income by educational attainment level,A,Annual,MED_EI,Median equivalised income,EUR,Euro,ED5-8,Tertiary education (levels 5-8),T,Total,Y18-64,From 18 to 64 years,LV,Latvia,2016,,9749,,,,,
dataflow,ESTAT:ILC_DI08(1.0),Mean and median income by educational attainment level,A,Annual,MED_EI,Median equivalised income,EUR,Euro,ED5-8,Tertiary education (levels 5-8),T,Total,Y18-64,From 18 to 64 years,LV,Latvia,2017,,10158,,,,,
dataflow,ESTAT:ILC_DI08(1.0),Mean and median income by educational attainment level,A,Annual,MED_EI,Median equivalised income,EUR,Euro,ED5-8,Tertiary education (levels 5-8),T,Total,Y18-64,From 18 to 64 years,LV,Latvia,2018,,11340,,,,,
dataflow,ESTAT:ILC_DI08(1.0),Mean and median income by educational attainment level,A,Annual,MED_EI,Median equivalised income,EUR,Euro,ED5-8,Tertiary education (levels 5-8),T,Total,Y18-64,From 18 to 64 years,LV,Latvia,2019,,12504,,,,,
dataflow,ESTAT:ILC_DI08(1.0),Mean and median income by educational attainment level,A,Annual,MED_EI,Median equivalised income,EUR,Euro,ED5-8,Tertiary education (levels 5-8),T,Total,Y18-64,From 18 to 64 years,LV,Latvia,2020,,12778,,,,,
dataflow,ESTAT:ILC_DI08(1.0),Mean and median income by educational attainment level,A,Annual,MED_EI,Median equivalised income,EUR,Euro,ED5-8,Tertiary education (levels 5-8),T,Total,Y18-64,From 18 to 64 years,LV,Latvia,2021,,13566,,,,,
dataflow,ESTAT:ILC_DI08(1.0),Mean and median income by educational attainment level,A,Annual,MED_EI,Median equivalised income,EUR,Euro,ED5-8,Tertiary education (levels 5-8),T,Total,Y18-64,From 18 to 64 years,LV,Latvia,2022,,14852,,,,,
dataflow,ESTAT:ILC_DI08(1.0),Mean and median income by educational attainment level,A,Annual,MED_EI,Median equivalised income,EUR,Euro,ED5-8,Tertiary education (levels 5-8),T,Total,Y18-64,From 18 to 64 years,LV,Latvia,2023,,16156,,,,,
dataflow,ESTAT:ILC_DI08(1.0),Mean and median income by educational attainment level,A,Annual,MED_EI,Median equivalised income,EUR,Euro,ED5-8,Tertiary education (levels 5-8),T,Total,Y18-64,From 18 to 64 years,LV,Latvia,2024,,17874,,,,,
dataflow,ESTAT:ILC_DI08(1.0),Mean and median income by educational attainment level,A,Annual,MED_EI,Median equivalised income,EUR,Euro,ED5-8,Tertiary education (levels 5-8),T,Total,Y18-64,From 18 to 64 years,LV,Latvia,2025,,19794,,,,,
dataflow,ESTAT:ILC_DI08(1.0),Mean and median income by educational attainment level,A,Annual,MED_EI,Median equivalised income,EUR,Euro,ED5-8,Tertiary education (levels 5-8),T,Total,Y18-64,From 18 to 64 years,ME,Montenegro,2016,,5184,,,,,
dataflow,ESTAT:ILC_DI08(1.0),Mean and median income by educational attainment level,A,Annual,MED_EI,Median equivalised income,EUR,Euro,ED5-8,Tertiary education (levels 5-8),T,Total,Y18-64,From 18 to 64 years,ME,Montenegro,2017,,5600,,,,,
dataflow,ESTAT:ILC_DI08(1.0),Mean and median income by educational attainment level,A,Annual,MED_EI,Median equivalised income,EUR,Euro,ED5-8,Tertiary education (levels 5-8),T,Total,Y18-64,From 18 to 64 years,ME,Montenegro,2018,,5681,,,,,
dataflow,ESTAT:ILC_DI08(1.0),Mean and median income by educational attainment level,A,Annual,MED_EI,Median equivalised income,EUR,Euro,ED5-8,Tertiary education (levels 5-8),T,Total,Y18-64,From 18 to 64 years,ME,Montenegro,2019,,5695,,,,,
dataflow,ESTAT:ILC_DI08(1.0),Mean and median income by educational attainment level,A,Annual,MED_EI,Median equivalised income,EUR,Euro,ED5-8,Tertiary education (levels 5-8),T,Total,Y18-64,From 18 to 64 years,ME,Montenegro,2020,,5910,,,,,
dataflow,ESTAT:ILC_DI08(1.0),Mean and median income by educational attainment level,A,Annual,MED_EI,Median equivalised income,EUR,Euro,ED5-8,Tertiary education (levels 5-8),T,Total,Y18-64,From 18 to 64 years,ME,Montenegro,2021,,5933,,,,,
dataflow,ESTAT:ILC_DI08(1.0),Mean and median income by educational attainment level,A,Annual,MED_EI,Median equivalised income,EUR,Euro,ED5-8,Tertiary education (levels 5-8),T,Total,Y18-64,From 18 to 64 years,ME,Montenegro,2022,,6429,,,,,
dataflow,ESTAT:ILC_DI08(1.0),Mean and median income by educational attainment level,A,Annual,MED_EI,Median equivalised income,EUR,Euro,ED5-8,Tertiary education (levels 5-8),T,Total,Y18-64,From 18 to 64 years,ME,Montenegro,2023,,7851,,,,,
dataflow,ESTAT:ILC_DI08(1.0),Mean and median income by educational attainment level,A,Annual,MED_EI,Median equivalised income,EUR,Euro,ED5-8,Tertiary education (levels 5-8),T,Total,Y18-64,From 18 to 64 years,MK,North Macedonia,2016,,3483,,,,,
dataflow,ESTAT:ILC_DI08(1.0),Mean and median income by educational attainment level,A,Annual,MED_EI,Median equivalised income,EUR,Euro,ED5-8,Tertiary education (levels 5-8),T,Total,Y18-64,From 18 to 64 years,MK,North Macedonia,2017,,3620,,,,,
dataflow,ESTAT:ILC_DI08(1.0),Mean and median income by educational attainment level,A,Annual,MED_EI,Median equivalised income,EUR,Euro,ED5-8,Tertiary education (levels 5-8),T,Total,Y18-64,From 18 to 64 years,MK,North Macedonia,2018,,3794,,,,,
dataflow,ESTAT:ILC_DI08(1.0),Mean and median income by educational attainment level,A,Annual,MED_EI,Median equivalised income,EUR,Euro,ED5-8,Tertiary education (levels 5-8),T,Total,Y18-64,From 18 to 64 years,MK,North Macedonia,2019,,4063,,,,,
dataflow,ESTAT:ILC_DI08(1.0),Mean and median income by educational attainment level,A,Annual,MED_EI,Median equivalised income,EUR,Euro,ED5-8,Tertiary education (levels 5-8),T,Total,Y18-64,From 18 to 64 years,MK,North Macedonia,2020,,4322,,,,,
dataflow,ESTAT:ILC_DI08(1.0),Mean and median income by educational attainment level,A,Annual,MED_EI,Median equivalised income,EUR,Euro,ED5-8,Tertiary education (levels 5-8),T,Total,Y18-64,From 18 to 64 years,MK,North Macedonia,2021,,4602,,b,break in time series,,
dataflow,ESTAT:ILC_DI08(1.0),Mean and median income by educational attainment level,A,Annual,MED_EI,Median equivalised income,EUR,Euro,ED5-8,Tertiary education (levels 5-8),T,Total,Y18-64,From 18 to 64 years,MK,North Macedonia,2022,,4914,,,,,
dataflow,ESTAT:ILC_DI08(1.0),Mean and median income by educational attainment level,A,Annual,MED_EI,Median equivalised income,EUR,Euro,ED5-8,Tertiary education (levels 5-8),T,Total,Y18-64,From 18 to 64 years,MK,North Macedonia,2023,,5783,,,,,
dataflow,ESTAT:ILC_DI08(1.0),Mean and median income by educational attainment level,A,Annual,MED_EI,Median equivalised income,EUR,Euro,ED5-8,Tertiary education (levels 5-8),T,Total,Y18-64,From 18 to 64 years,MK,North Macedonia,2024,,6865,,,,,
dataflow,ESTAT:ILC_DI08(1.0),Mean and median income by educational attainment level,A,Annual,MED_EI,Median equivalised income,EUR,Euro,ED5-8,Tertiary education (levels 5-8),T,Total,Y18-64,From 18 to 64 years,MT,Malta,2016,,21227,,,,,
dataflow,ESTAT:ILC_DI08(1.0),Mean and median income by educational attainment level,A,Annual,MED_EI,Median equivalised income,EUR,Euro,ED5-8,Tertiary education (levels 5-8),T,Total,Y18-64,From 18 to 64 years,MT,Malta,2017,,22929,,,,,
dataflow,ESTAT:ILC_DI08(1.0),Mean and median income by educational attainment level,A,Annual,MED_EI,Median equivalised income,EUR,Euro,ED5-8,Tertiary education (levels 5-8),T,Total,Y18-64,From 18 to 64 years,MT,Malta,2018,,22407,,,,,
dataflow,ESTAT:ILC_DI08(1.0),Mean and median income by educational attainment level,A,Annual,MED_EI,Median equivalised income,EUR,Euro,ED5-8,Tertiary education (levels 5-8),T,Total,Y18-64,From 18 to 64 years,MT,Malta,2019,,23083,,,,,
dataflow,ESTAT:ILC_DI08(1.0),Mean and median income by educational attainment level,A,Annual,MED_EI,Median equivalised income,EUR,Euro,ED5-8,Tertiary education (levels 5-8),T,Total,Y18-64,From 18 to 64 years,MT,Malta,2020,,25064,,,,,
dataflow,ESTAT:ILC_DI08(1.0),Mean and median income by educational attainment level,A,Annual,MED_EI,Median equivalised income,EUR,Euro,ED5-8,Tertiary education (levels 5-8),T,Total,Y18-64,From 18 to 64 years,MT,Malta,2021,,26650,,,,,
dataflow,ESTAT:ILC_DI08(1.0),Mean and median income by educational attainment level,A,Annual,MED_EI,Median equivalised income,EUR,Euro,ED5-8,Tertiary education (levels 5-8),T,Total,Y18-64,From 18 to 64 years,MT,Malta,2022,,28323,,,,,
dataflow,ESTAT:ILC_DI08(1.0),Mean and median income by educational attainment level,A,Annual,MED_EI,Median equivalised income,EUR,Euro,ED5-8,Tertiary education (levels 5-8),T,Total,Y18-64,From 18 to 64 years,MT,Malta,2023,,27810,,,,,
dataflow,ESTAT:ILC_DI08(1.0),Mean and median income by educational attainment level,A,Annual,MED_EI,Median equivalised income,EUR,Euro,ED5-8,Tertiary education (levels 5-8),T,Total,Y18-64,From 18 to 64 years,MT,Malta,2024,,28389,,,,,
dataflow,ESTAT:ILC_DI08(1.0),Mean and median income by educational attainment level,A,Annual,MED_EI,Median equivalised income,EUR,Euro,ED5-8,Tertiary education (levels 5-8),T,Total,Y18-64,From 18 to 64 years,MT,Malta,2025,,30196,,,,,
dataflow,ESTAT:ILC_DI08(1.0),Mean and median income by educational attainment level,A,Annual,MED_EI,Median equivalised income,EUR,Euro,ED5-8,Tertiary education (levels 5-8),T,Total,Y18-64,From 18 to 64 years,NL,Netherlands,2016,,29105,,b,break in time series,,
dataflow,ESTAT:ILC_DI08(1.0),Mean and median income by educational attainment level,A,Annual,MED_EI,Median equivalised income,EUR,Euro,ED5-8,Tertiary education (levels 5-8),T,Total,Y18-64,From 18 to 64 years,NL,Netherlands,2017,,30036,,,,,
dataflow,ESTAT:ILC_DI08(1.0),Mean and median income by educational attainment level,A,Annual,MED_EI,Median equivalised income,EUR,Euro,ED5-8,Tertiary education (levels 5-8),T,Total,Y18-64,From 18 to 64 years,NL,Netherlands,2018,,30418,,,,,
dataflow,ESTAT:ILC_DI08(1.0),Mean and median income by educational attainment level,A,Annual,MED_EI,Median equivalised income,EUR,Euro,ED5-8,Tertiary education (levels 5-8),T,Total,Y18-64,From 18 to 64 years,NL,Netherlands,2019,,30959,,,,,
dataflow,ESTAT:ILC_DI08(1.0),Mean and median income by educational attainment level,A,Annual,MED_EI,Median equivalised income,EUR,Euro,ED5-8,Tertiary education (levels 5-8),T,Total,Y18-64,From 18 to 64 years,NL,Netherlands,2020,,31999,,,,,
dataflow,ESTAT:ILC_DI08(1.0),Mean and median income by educational attainment level,A,Annual,MED_EI,Median equivalised income,EUR,Euro,ED5-8,Tertiary education (levels 5-8),T,Total,Y18-64,From 18 to 64 years,NL,Netherlands,2021,,33729,,,,,
dataflow,ESTAT:ILC_DI08(1.0),Mean and median income by educational attainment level,A,Annual,MED_EI,Median equivalised income,EUR,Euro,ED5-8,Tertiary education (levels 5-8),T,Total,Y18-64,From 18 to 64 years,NL,Netherlands,2022,,35007,,,,,
dataflow,ESTAT:ILC_DI08(1.0),Mean and median income by educational attainment level,A,Annual,MED_EI,Median equivalised income,EUR,Euro,ED5-8,Tertiary education (levels 5-8),T,Total,Y18-64,From 18 to 64 years,NL,Netherlands,2023,,35950,,,,,
dataflow,ESTAT:ILC_DI08(1.0),Mean and median income by educational attainment level,A,Annual,MED_EI,Median equivalised income,EUR,Euro,ED5-8,Tertiary education (levels 5-8),T,Total,Y18-64,From 18 to 64 years,NL,Netherlands,2024,,39295,,,,,
dataflow,ESTAT:ILC_DI08(1.0),Mean and median income by educational attainment level,A,Annual,MED_EI,Median equivalised income,EUR,Euro,ED5-8,Tertiary education (levels 5-8),T,Total,Y18-64,From 18 to 64 years,NL,Netherlands,2025,,42551,,,,,
dataflow,ESTAT:ILC_DI08(1.0),Mean and median income by educational attainment level,A,Annual,MED_EI,Median equivalised income,EUR,Euro,ED5-8,Tertiary education (levels 5-8),T,Total,Y18-64,From 18 to 64 years,NO,Norway,2016,,46176,,,,,
dataflow,ESTAT:ILC_DI08(1.0),Mean and median income by educational attainment level,A,Annual,MED_EI,Median equivalised income,EUR,Euro,ED5-8,Tertiary education (levels 5-8),T,Total,Y18-64,From 18 to 64 years,NO,Norway,2017,,45164,,,,,
dataflow,ESTAT:ILC_DI08(1.0),Mean and median income by educational attainment level,A,Annual,MED_EI,Median equivalised income,EUR,Euro,ED5-8,Tertiary education (levels 5-8),T,Total,Y18-64,From 18 to 64 years,NO,Norway,2018,,45927,,,,,
dataflow,ESTAT:ILC_DI08(1.0),Mean and median income by educational attainment level,A,Annual,MED_EI,Median equivalised income,EUR,Euro,ED5-8,Tertiary education (levels 5-8),T,Total,Y18-64,From 18 to 64 years,NO,Norway,2019,,45501,,,,,
dataflow,ESTAT:ILC_DI08(1.0),Mean and median income by educational attainment level,A,Annual,MED_EI,Median equivalised income,EUR,Euro,ED5-8,Tertiary education (levels 5-8),T,Total,Y18-64,From 18 to 64 years,NO,Norway,2020,,45999,,,,,
dataflow,ESTAT:ILC_DI08(1.0),Mean and median income by educational attainment level,A,Annual,MED_EI,Median equivalised income,EUR,Euro,ED5-8,Tertiary education (levels 5-8),T,Total,Y18-64,From 18 to 64 years,NO,Norway,2021,,41058,,b,break in time series,,
dataflow,ESTAT:ILC_DI08(1.0),Mean and median income by educational attainment level,A,Annual,MED_EI,Median equivalised income,EUR,Euro,ED5-8,Tertiary education (levels 5-8),T,Total,Y18-64,From 18 to 64 years,NO,Norway,2022,,44584,,,,,
dataflow,ESTAT:ILC_DI08(1.0),Mean and median income by educational attainment level,A,Annual,MED_EI,Median equivalised income,EUR,Euro,ED5-8,Tertiary education (levels 5-8),T,Total,Y18-64,From 18 to 64 years,NO,Norway,2023,,47498,,b,break in time series,,
dataflow,ESTAT:ILC_DI08(1.0),Mean and median income by educational attainment level,A,Annual,MED_EI,Median equivalised income,EUR,Euro,ED5-8,Tertiary education (levels 5-8),T,Total,Y18-64,From 18 to 64 years,NO,Norway,2024,,45208,,,,,
dataflow,ESTAT:ILC_DI08(1.0),Mean and median income by educational attainment level,A,Annual,MED_EI,Median equivalised income,EUR,Euro,ED5-8,Tertiary education (levels 5-8),T,Total,Y18-64,From 18 to 64 years,NO,Norway,2025,,47184,,,,,
dataflow,ESTAT:ILC_DI08(1.0),Mean and median income by educational attainment level,A,Annual,MED_EI,Median equivalised income,EUR,Euro,ED5-8,Tertiary education (levels 5-8),T,Total,Y18-64,From 18 to 64 years,PL,Poland,2016,,8614,,,,,
dataflow,ESTAT:ILC_DI08(1.0),Mean and median income by educational attainment level,A,Annual,MED_EI,Median equivalised income,EUR,Euro,ED5-8,Tertiary education (levels 5-8),T,Total,Y18-64,From 18 to 64 years,PL,Poland,2017,,8475,,,,,
dataflow,ESTAT:ILC_DI08(1.0),Mean and median income by educational attainment level,A,Annual,MED_EI,Median equivalised income,EUR,Euro,ED5-8,Tertiary education (levels 5-8),T,Total,Y18-64,From 18 to 64 years,PL,Poland,2018,,8981,,,,,
dataflow,ESTAT:ILC_DI08(1.0),Mean and median income by educational attainment level,A,Annual,MED_EI,Median equivalised income,EUR,Euro,ED5-8,Tertiary education (levels 5-8),T,Total,Y18-64,From 18 to 64 years,PL,Poland,2019,,9840,,,,,
dataflow,ESTAT:ILC_DI08(1.0),Mean and median income by educational attainment level,A,Annual,MED_EI,Median equivalised income,EUR,Euro,ED5-8,Tertiary education (levels 5-8),T,Total,Y18-64,From 18 to 64 years,PL,Poland,2020,,10798,,,,,
dataflow,ESTAT:ILC_DI08(1.0),Mean and median income by educational attainment level,A,Annual,MED_EI,Median equivalised income,EUR,Euro,ED5-8,Tertiary education (levels 5-8),T,Total,Y18-64,From 18 to 64 years,PL,Poland,2021,,11046,,,,,
dataflow,ESTAT:ILC_DI08(1.0),Mean and median income by educational attainment level,A,Annual,MED_EI,Median equivalised income,EUR,Euro,ED5-8,Tertiary education (levels 5-8),T,Total,Y18-64,From 18 to 64 years,PL,Poland,2022,,11782,,,,,
dataflow,ESTAT:ILC_DI08(1.0),Mean and median income by educational attainment level,A,Annual,MED_EI,Median equivalised income,EUR,Euro,ED5-8,Tertiary education (levels 5-8),T,Total,Y18-64,From 18 to 64 years,PL,Poland,2023,,12911,,,,,
dataflow,ESTAT:ILC_DI08(1.0),Mean and median income by educational attainment level,A,Annual,MED_EI,Median equivalised income,EUR,Euro,ED5-8,Tertiary education (levels 5-8),T,Total,Y18-64,From 18 to 64 years,PL,Poland,2024,,15044,,,,,
dataflow,ESTAT:ILC_DI08(1.0),Mean and median income by educational attainment level,A,Annual,MED_EI,Median equivalised income,EUR,Euro,ED5-8,Tertiary education (levels 5-8),T,Total,Y18-64,From 18 to 64 years,PL,Poland,2025,,18130,,,,,
dataflow,ESTAT:ILC_DI08(1.0),Mean and median income by educational attainment level,A,Annual,MED_EI,Median equivalised income,EUR,Euro,ED5-8,Tertiary education (levels 5-8),T,Total,Y18-64,From 18 to 64 years,PT,Portugal,2016,,14695,,,,,
dataflow,ESTAT:ILC_DI08(1.0),Mean and median income by educational attainment level,A,Annual,MED_EI,Median equivalised income,EUR,Euro,ED5-8,Tertiary education (levels 5-8),T,Total,Y18-64,From 18 to 64 years,PT,Portugal,2017,,14493,,,,,
dataflow,ESTAT:ILC_DI08(1.0),Mean and median income by educational attainment level,A,Annual,MED_EI,Median equivalised income,EUR,Euro,ED5-8,Tertiary education (levels 5-8),T,Total,Y18-64,From 18 to 64 years,PT,Portugal,2018,,14592,,,,,
dataflow,ESTAT:ILC_DI08(1.0),Mean and median income by educational attainment level,A,Annual,MED_EI,Median equivalised income,EUR,Euro,ED5-8,Tertiary education (levels 5-8),T,Total,Y18-64,From 18 to 64 years,PT,Portugal,2019,,15140,,,,,
dataflow,ESTAT:ILC_DI08(1.0),Mean and median income by educational attainment level,A,Annual,MED_EI,Median equivalised income,EUR,Euro,ED5-8,Tertiary education (levels 5-8),T,Total,Y18-64,From 18 to 64 years,PT,Portugal,2020,,15670,,,,,
dataflow,ESTAT:ILC_DI08(1.0),Mean and median income by educational attainment level,A,Annual,MED_EI,Median equivalised income,EUR,Euro,ED5-8,Tertiary education (levels 5-8),T,Total,Y18-64,From 18 to 64 years,PT,Portugal,2021,,16381,,,,,
dataflow,ESTAT:ILC_DI08(1.0),Mean and median income by educational attainment level,A,Annual,MED_EI,Median equivalised income,EUR,Euro,ED5-8,Tertiary education (levels 5-8),T,Total,Y18-64,From 18 to 64 years,PT,Portugal,2022,,15704,,,,,
dataflow,ESTAT:ILC_DI08(1.0),Mean and median income by educational attainment level,A,Annual,MED_EI,Median equivalised income,EUR,Euro,ED5-8,Tertiary education (levels 5-8),T,Total,Y18-64,From 18 to 64 years,PT,Portugal,2023,,17172,,,,,
dataflow,ESTAT:ILC_DI08(1.0),Mean and median income by educational attainment level,A,Annual,MED_EI,Median equivalised income,EUR,Euro,ED5-8,Tertiary education (levels 5-8),T,Total,Y18-64,From 18 to 64 years,PT,Portugal,2024,,18046,,,,,
dataflow,ESTAT:ILC_DI08(1.0),Mean and median income by educational attainment level,A,Annual,MED_EI,Median equivalised income,EUR,Euro,ED5-8,Tertiary education (levels 5-8),T,Total,Y18-64,From 18 to 64 years,PT,Portugal,2025,,20734,,,,,
dataflow,ESTAT:ILC_DI08(1.0),Mean and median income by educational attainment level,A,Annual,MED_EI,Median equivalised income,EUR,Euro,ED5-8,Tertiary education (levels 5-8),T,Total,Y18-64,From 18 to 64 years,RO,Romania,2016,,4409,,,,,
dataflow,ESTAT:ILC_DI08(1.0),Mean and median income by educational attainment level,A,Annual,MED_EI,Median equivalised income,EUR,Euro,ED5-8,Tertiary education (levels 5-8),T,Total,Y18-64,From 18 to 64 years,RO,Romania,2017,,4850,,,,,
dataflow,ESTAT:ILC_DI08(1.0),Mean and median income by educational attainment level,A,Annual,MED_EI,Median equivalised income,EUR,Euro,ED5-8,Tertiary education (levels 5-8),T,Total,Y18-64,From 18 to 64 years,RO,Romania,2018,,6596,,,,,
dataflow,ESTAT:ILC_DI08(1.0),Mean and median income by educational attainment level,A,Annual,MED_EI,Median equivalised income,EUR,Euro,ED5-8,Tertiary education (levels 5-8),T,Total,Y18-64,From 18 to 64 years,RO,Romania,2019,,7496,,,,,
dataflow,ESTAT:ILC_DI08(1.0),Mean and median income by educational attainment level,A,Annual,MED_EI,Median equivalised income,EUR,Euro,ED5-8,Tertiary education (levels 5-8),T,Total,Y18-64,From 18 to 64 years,RO,Romania,2020,,8029,,,,,
dataflow,ESTAT:ILC_DI08(1.0),Mean and median income by educational attainment level,A,Annual,MED_EI,Median equivalised income,EUR,Euro,ED5-8,Tertiary education (levels 5-8),T,Total,Y18-64,From 18 to 64 years,RO,Romania,2021,,9060,,,,,
dataflow,ESTAT:ILC_DI08(1.0),Mean and median income by educational attainment level,A,Annual,MED_EI,Median equivalised income,EUR,Euro,ED5-8,Tertiary education (levels 5-8),T,Total,Y18-64,From 18 to 64 years,RO,Romania,2022,,9591,,,,,
dataflow,ESTAT:ILC_DI08(1.0),Mean and median income by educational attainment level,A,Annual,MED_EI,Median equivalised income,EUR,Euro,ED5-8,Tertiary education (levels 5-8),T,Total,Y18-64,From 18 to 64 years,RO,Romania,2023,,11118,,,,,
dataflow,ESTAT:ILC_DI08(1.0),Mean and median income by educational attainment level,A,Annual,MED_EI,Median equivalised income,EUR,Euro,ED5-8,Tertiary education (levels 5-8),T,Total,Y18-64,From 18 to 64 years,RO,Romania,2024,,12463,,,,,
dataflow,ESTAT:ILC_DI08(1.0),Mean and median income by educational attainment level,A,Annual,MED_EI,Median equivalised income,EUR,Euro,ED5-8,Tertiary education (levels 5-8),T,Total,Y18-64,From 18 to 64 years,RO,Romania,2025,,13525,,,,,
dataflow,ESTAT:ILC_DI08(1.0),Mean and median income by educational attainment level,A,Annual,MED_EI,Median equivalised income,EUR,Euro,ED5-8,Tertiary education (levels 5-8),T,Total,Y18-64,From 18 to 64 years,RS,Serbia,2016,,3786,,,,,
dataflow,ESTAT:ILC_DI08(1.0),Mean and median income by educational attainment level,A,Annual,MED_EI,Median equivalised income,EUR,Euro,ED5-8,Tertiary education (levels 5-8),T,Total,Y18-64,From 18 to 64 years,RS,Serbia,2017,,3812,,,,,
dataflow,ESTAT:ILC_DI08(1.0),Mean and median income by educational attainment level,A,Annual,MED_EI,Median equivalised income,EUR,Euro,ED5-8,Tertiary education (levels 5-8),T,Total,Y18-64,From 18 to 64 years,RS,Serbia,2018,,4012,,,,,
dataflow,ESTAT:ILC_DI08(1.0),Mean and median income by educational attainment level,A,Annual,MED_EI,Median equivalised income,EUR,Euro,ED5-8,Tertiary education (levels 5-8),T,Total,Y18-64,From 18 to 64 years,RS,Serbia,2019,,4904,,,,,
dataflow,ESTAT:ILC_DI08(1.0),Mean and median income by educational attainment level,A,Annual,MED_EI,Median equivalised income,EUR,Euro,ED5-8,Tertiary education (levels 5-8),T,Total,Y18-64,From 18 to 64 years,RS,Serbia,2020,,5308,,,,,
dataflow,ESTAT:ILC_DI08(1.0),Mean and median income by educational attainment level,A,Annual,MED_EI,Median equivalised income,EUR,Euro,ED5-8,Tertiary education (levels 5-8),T,Total,Y18-64,From 18 to 64 years,RS,Serbia,2021,,5816,,,,,
dataflow,ESTAT:ILC_DI08(1.0),Mean and median income by educational attainment level,A,Annual,MED_EI,Median equivalised income,EUR,Euro,ED5-8,Tertiary education (levels 5-8),T,Total,Y18-64,From 18 to 64 years,RS,Serbia,2022,,6246,,,,,
dataflow,ESTAT:ILC_DI08(1.0),Mean and median income by educational attainment level,A,Annual,MED_EI,Median equivalised income,EUR,Euro,ED5-8,Tertiary education (levels 5-8),T,Total,Y18-64,From 18 to 64 years,RS,Serbia,2023,,7071,,,,,
dataflow,ESTAT:ILC_DI08(1.0),Mean and median income by educational attainment level,A,Annual,MED_EI,Median equivalised income,EUR,Euro,ED5-8,Tertiary education (levels 5-8),T,Total,Y18-64,From 18 to 64 years,RS,Serbia,2024,,8598,,,,,
dataflow,ESTAT:ILC_DI08(1.0),Mean and median income by educational attainment level,A,Annual,MED_EI,Median equivalised income,EUR,Euro,ED5-8,Tertiary education (levels 5-8),T,Total,Y18-64,From 18 to 64 years,RS,Serbia,2025,,11212,,,,,
dataflow,ESTAT:ILC_DI08(1.0),Mean and median income by educational attainment level,A,Annual,MED_EI,Median equivalised income,EUR,Euro,ED5-8,Tertiary education (levels 5-8),T,Total,Y18-64,From 18 to 64 years,SE,Sweden,2016,,29546,,,,,
dataflow,ESTAT:ILC_DI08(1.0),Mean and median income by educational attainment level,A,Annual,MED_EI,Median equivalised income,EUR,Euro,ED5-8,Tertiary education (levels 5-8),T,Total,Y18-64,From 18 to 64 years,SE,Sweden,2017,,30121,,,,,
dataflow,ESTAT:ILC_DI08(1.0),Mean and median income by educational attainment level,A,Annual,MED_EI,Median equivalised income,EUR,Euro,ED5-8,Tertiary education (levels 5-8),T,Total,Y18-64,From 18 to 64 years,SE,Sweden,2018,,30789,,,,,
dataflow,ESTAT:ILC_DI08(1.0),Mean and median income by educational attainment level,A,Annual,MED_EI,Median equivalised income,EUR,Euro,ED5-8,Tertiary education (levels 5-8),T,Total,Y18-64,From 18 to 64 years,SE,Sweden,2019,,29901,,,,,
dataflow,ESTAT:ILC_DI08(1.0),Mean and median income by educational attainment level,A,Annual,MED_EI,Median equivalised income,EUR,Euro,ED5-8,Tertiary education (levels 5-8),T,Total,Y18-64,From 18 to 64 years,SE,Sweden,2020,,30241,,,,,
dataflow,ESTAT:ILC_DI08(1.0),Mean and median income by educational attainment level,A,Annual,MED_EI,Median equivalised income,EUR,Euro,ED5-8,Tertiary education (levels 5-8),T,Total,Y18-64,From 18 to 64 years,SE,Sweden,2021,,31534,,,,,
dataflow,ESTAT:ILC_DI08(1.0),Mean and median income by educational attainment level,A,Annual,MED_EI,Median equivalised income,EUR,Euro,ED5-8,Tertiary education (levels 5-8),T,Total,Y18-64,From 18 to 64 years,SE,Sweden,2022,,32957,,,,,
dataflow,ESTAT:ILC_DI08(1.0),Mean and median income by educational attainment level,A,Annual,MED_EI,Median equivalised income,EUR,Euro,ED5-8,Tertiary education (levels 5-8),T,Total,Y18-64,From 18 to 64 years,SE,Sweden,2023,,33278,,,,,
dataflow,ESTAT:ILC_DI08(1.0),Mean and median income by educational attainment level,A,Annual,MED_EI,Median equivalised income,EUR,Euro,ED5-8,Tertiary education (levels 5-8),T,Total,Y18-64,From 18 to 64 years,SE,Sweden,2024,,33226,,,,,
dataflow,ESTAT:ILC_DI08(1.0),Mean and median income by educational attainment level,A,Annual,MED_EI,Median equivalised income,EUR,Euro,ED5-8,Tertiary education (levels 5-8),T,Total,Y18-64,From 18 to 64 years,SE,Sweden,2025,,34786,,,,,
dataflow,ESTAT:ILC_DI08(1.0),Mean and median income by educational attainment level,A,Annual,MED_EI,Median equivalised income,EUR,Euro,ED5-8,Tertiary education (levels 5-8),T,Total,Y18-64,From 18 to 64 years,SI,Slovenia,2016,,15804,,,,,
dataflow,ESTAT:ILC_DI08(1.0),Mean and median income by educational attainment level,A,Annual,MED_EI,Median equivalised income,EUR,Euro,ED5-8,Tertiary education (levels 5-8),T,Total,Y18-64,From 18 to 64 years,SI,Slovenia,2017,,16351,,,,,
dataflow,ESTAT:ILC_DI08(1.0),Mean and median income by educational attainment level,A,Annual,MED_EI,Median equivalised income,EUR,Euro,ED5-8,Tertiary education (levels 5-8),T,Total,Y18-64,From 18 to 64 years,SI,Slovenia,2018,,16783,,,,,
dataflow,ESTAT:ILC_DI08(1.0),Mean and median income by educational attainment level,A,Annual,MED_EI,Median equivalised income,EUR,Euro,ED5-8,Tertiary education (levels 5-8),T,Total,Y18-64,From 18 to 64 years,SI,Slovenia,2019,,17808,,,,,
dataflow,ESTAT:ILC_DI08(1.0),Mean and median income by educational attainment level,A,Annual,MED_EI,Median equivalised income,EUR,Euro,ED5-8,Tertiary education (levels 5-8),T,Total,Y18-64,From 18 to 64 years,SI,Slovenia,2020,,18394,,,,,
dataflow,ESTAT:ILC_DI08(1.0),Mean and median income by educational attainment level,A,Annual,MED_EI,Median equivalised income,EUR,Euro,ED5-8,Tertiary education (levels 5-8),T,Total,Y18-64,From 18 to 64 years,SI,Slovenia,2021,,19000,,,,,
dataflow,ESTAT:ILC_DI08(1.0),Mean and median income by educational attainment level,A,Annual,MED_EI,Median equivalised income,EUR,Euro,ED5-8,Tertiary education (levels 5-8),T,Total,Y18-64,From 18 to 64 years,SI,Slovenia,2022,,20326,,,,,
dataflow,ESTAT:ILC_DI08(1.0),Mean and median income by educational attainment level,A,Annual,MED_EI,Median equivalised income,EUR,Euro,ED5-8,Tertiary education (levels 5-8),T,Total,Y18-64,From 18 to 64 years,SI,Slovenia,2023,,22045,,,,,
dataflow,ESTAT:ILC_DI08(1.0),Mean and median income by educational attainment level,A,Annual,MED_EI,Median equivalised income,EUR,Euro,ED5-8,Tertiary education (levels 5-8),T,Total,Y18-64,From 18 to 64 years,SI,Slovenia,2024,,24410,,,,,
dataflow,ESTAT:ILC_DI08(1.0),Mean and median income by educational attainment level,A,Annual,MED_EI,Median equivalised income,EUR,Euro,ED5-8,Tertiary education (levels 5-8),T,Total,Y18-64,From 18 to 64 years,SI,Slovenia,2025,,26045,,,,,
dataflow,ESTAT:ILC_DI08(1.0),Mean and median income by educational attainment level,A,Annual,MED_EI,Median equivalised income,EUR,Euro,ED5-8,Tertiary education (levels 5-8),T,Total,Y18-64,From 18 to 64 years,SK,Slovakia,2016,,8557,,,,,
dataflow,ESTAT:ILC_DI08(1.0),Mean and median income by educational attainment level,A,Annual,MED_EI,Median equivalised income,EUR,Euro,ED5-8,Tertiary education (levels 5-8),T,Total,Y18-64,From 18 to 64 years,SK,Slovakia,2017,,8617,,,,,
dataflow,ESTAT:ILC_DI08(1.0),Mean and median income by educational attainment level,A,Annual,MED_EI,Median equivalised income,EUR,Euro,ED5-8,Tertiary education (levels 5-8),T,Total,Y18-64,From 18 to 64 years,SK,Slovakia,2018,,9148,,,,,
dataflow,ESTAT:ILC_DI08(1.0),Mean and median income by educational attainment level,A,Annual,MED_EI,Median equivalised income,EUR,Euro,ED5-8,Tertiary education (levels 5-8),T,Total,Y18-64,From 18 to 64 years,SK,Slovakia,2019,,10189,,,,,
dataflow,ESTAT:ILC_DI08(1.0),Mean and median income by educational attainment level,A,Annual,MED_EI,Median equivalised income,EUR,Euro,ED5-8,Tertiary education (levels 5-8),T,Total,Y18-64,From 18 to 64 years,SK,Slovakia,2020,,10541,,,,,
dataflow,ESTAT:ILC_DI08(1.0),Mean and median income by educational attainment level,A,Annual,MED_EI,Median equivalised income,EUR,Euro,ED5-8,Tertiary education (levels 5-8),T,Total,Y18-64,From 18 to 64 years,SK,Slovakia,2021,,10236,,,,,
dataflow,ESTAT:ILC_DI08(1.0),Mean and median income by educational attainment level,A,Annual,MED_EI,Median equivalised income,EUR,Euro,ED5-8,Tertiary education (levels 5-8),T,Total,Y18-64,From 18 to 64 years,SK,Slovakia,2022,,10431,,,,,
dataflow,ESTAT:ILC_DI08(1.0),Mean and median income by educational attainment level,A,Annual,MED_EI,Median equivalised income,EUR,Euro,ED5-8,Tertiary education (levels 5-8),T,Total,Y18-64,From 18 to 64 years,SK,Slovakia,2023,,10569,,,,,
dataflow,ESTAT:ILC_DI08(1.0),Mean and median income by educational attainment level,A,Annual,MED_EI,Median equivalised income,EUR,Euro,ED5-8,Tertiary education (levels 5-8),T,Total,Y18-64,From 18 to 64 years,SK,Slovakia,2024,,11752,,,,,
dataflow,ESTAT:ILC_DI08(1.0),Mean and median income by educational attainment level,A,Annual,MED_EI,Median equivalised income,EUR,Euro,ED5-8,Tertiary education (levels 5-8),T,Total,Y18-64,From 18 to 64 years,SK,Slovakia,2025,,16030,,,,,
dataflow,ESTAT:ILC_DI08(1.0),Mean and median income by educational attainment level,A,Annual,MED_EI,Median equivalised income,EUR,Euro,ED5-8,Tertiary education (levels 5-8),T,Total,Y18-64,From 18 to 64 years,TR,Türkiye,2016,,8129,,,,,
dataflow,ESTAT:ILC_DI08(1.0),Mean and median income by educational attainment level,A,Annual,MED_EI,Median equivalised income,EUR,Euro,ED5-8,Tertiary education (levels 5-8),T,Total,Y18-64,From 18 to 64 years,TR,Türkiye,2017,,8026,,,,,
dataflow,ESTAT:ILC_DI08(1.0),Mean and median income by educational attainment level,A,Annual,MED_EI,Median equivalised income,EUR,Euro,ED5-8,Tertiary education (levels 5-8),T,Total,Y18-64,From 18 to 64 years,TR,Türkiye,2018,,6868,,,,,
dataflow,ESTAT:ILC_DI08(1.0),Mean and median income by educational attainment level,A,Annual,MED_EI,Median equivalised income,EUR,Euro,ED5-8,Tertiary education (levels 5-8),T,Total,Y18-64,From 18 to 64 years,TR,Türkiye,2019,,5671,,,,,
dataflow,ESTAT:ILC_DI08(1.0),Mean and median income by educational attainment level,A,Annual,MED_EI,Median equivalised income,EUR,Euro,ED5-8,Tertiary education (levels 5-8),T,Total,Y18-64,From 18 to 64 years,TR,Türkiye,2020,,5792,,,,,
dataflow,ESTAT:ILC_DI08(1.0),Mean and median income by educational attainment level,A,Annual,MED_EI,Median equivalised income,EUR,Euro,ED5-8,Tertiary education (levels 5-8),T,Total,Y18-64,From 18 to 64 years,TR,Türkiye,2021,,5165,,,,,
dataflow,ESTAT:ILC_DI08(1.0),Mean and median income by educational attainment level,A,Annual,MED_EI,Median equivalised income,EUR,Euro,ED5-8,Tertiary education (levels 5-8),T,Total,Y18-64,From 18 to 64 years,TR,Türkiye,2022,,5089,,,,,
dataflow,ESTAT:ILC_DI08(1.0),Mean and median income by educational attainment level,A,Annual,MED_EI,Median equivalised income,EUR,Euro,ED5-8,Tertiary education (levels 5-8),T,Total,Y18-64,From 18 to 64 years,TR,Türkiye,2023,,5340,,,,,
dataflow,ESTAT:ILC_DI08(1.0),Mean and median income by educational attainment level,A,Annual,MED_EI,Median equivalised income,EUR,Euro,ED5-8,Tertiary education (levels 5-8),T,Total,Y18-64,From 18 to 64 years,TR,Türkiye,2024,,7542,,,,,
dataflow,ESTAT:ILC_DI08(1.0),Mean and median income by educational attainment level,A,Annual,MED_EI,Median equivalised income,EUR,Euro,ED5-8,Tertiary education (levels 5-8),T,Total,Y18-64,From 18 to 64 years,TR,Türkiye,2025,,11290,,,,,
dataflow,ESTAT:ILC_DI08(1.0),Mean and median income by educational attainment level,A,Annual,MED_EI,Median equivalised income,EUR,Euro,ED5-8,Tertiary education (levels 5-8),T,Total,Y18-64,From 18 to 64 years,UK,United Kingdom,2016,,28602,,,,,
dataflow,ESTAT:ILC_DI08(1.0),Mean and median income by educational attainment level,A,Annual,MED_EI,Median equivalised income,EUR,Euro,ED5-8,Tertiary education (levels 5-8),T,Total,Y18-64,From 18 to 64 years,UK,United Kingdom,2017,,27351,,b,break in time series,,
dataflow,ESTAT:ILC_DI08(1.0),Mean and median income by educational attainment level,A,Annual,MED_EI,Median equivalised income,EUR,Euro,ED5-8,Tertiary education (levels 5-8),T,Total,Y18-64,From 18 to 64 years,UK,United Kingdom,2018,,28046,,,,,
dataflow,ESTAT:ILC_DI08(1.0),Mean and median income by educational attainment level,A,Annual,MED_EI,Median equivalised income,EUR,Euro,ED5-8,Tertiary education (levels 5-8),T,Total,Y18-64,From 18 to 64 years,XK,Kosovo*,2018,,3450,,,,,
