STRUCTURE,STRUCTURE_ID,STRUCTURE_NAME,ACTION,REF_AREA,Reference area,MEASURE,Measure,UNIT_MEASURE,Unit of measure,HOUSEHOLD_TYPE,Household type,INCOME_PRINCIPAL,Earnings of the principal,INCOME_SPOUSE,Earnings of the spouse,FREQ,Frequency of observation,TIME_PERIOD,Time period,OBS_VALUE,Observation value,DECIMALS,Decimals,UNIT_MULT,Unit multiplier,OBS_STATUS,Observation status,CIVIL_STATUS,Civil status
DATAFLOW,OECD.CTP.TPS:DSD_TAX_WAGES_COMP@DF_TW_COMP(2.1),Labour taxation – OECD comparative country indicators,I,AUS,Australia,AV_TW,Average tax wedge,PT_COS_LB,Percentage of labour costs,S_C0,"Single person, no children",AW100,100% of average wage,_Z,Not applicable,A,Annual,2025,,27.904344,,2,Two,0,Units,A,Normal value,_Z,Not applicable
DATAFLOW,OECD.CTP.TPS:DSD_TAX_WAGES_COMP@DF_TW_COMP(2.1),Labour taxation – OECD comparative country indicators,I,AUS,Australia,AV_TW,Average tax wedge,PT_COS_LB,Percentage of labour costs,S_C0,"Single person, no children",AW100,100% of average wage,_Z,Not applicable,A,Annual,2024,,29.575775,,2,Two,0,Units,A,Normal value,_Z,Not applicable
DATAFLOW,OECD.CTP.TPS:DSD_TAX_WAGES_COMP@DF_TW_COMP(2.1),Labour taxation – OECD comparative country indicators,I,AUS,Australia,AV_TW,Average tax wedge,PT_COS_LB,Percentage of labour costs,S_C0,"Single person, no children",AW100,100% of average wage,_Z,Not applicable,A,Annual,2023,,29.189745,,2,Two,0,Units,A,Normal value,_Z,Not applicable
DATAFLOW,OECD.CTP.TPS:DSD_TAX_WAGES_COMP@DF_TW_COMP(2.1),Labour taxation – OECD comparative country indicators,I,AUS,Australia,AV_TW,Average tax wedge,PT_COS_LB,Percentage of labour costs,S_C0,"Single person, no children",AW100,100% of average wage,_Z,Not applicable,A,Annual,2022,,27.047225,,2,Two,0,Units,A,Normal value,_Z,Not applicable
DATAFLOW,OECD.CTP.TPS:DSD_TAX_WAGES_COMP@DF_TW_COMP(2.1),Labour taxation – OECD comparative country indicators,I,AUS,Australia,AV_TW,Average tax wedge,PT_COS_LB,Percentage of labour costs,S_C0,"Single person, no children",AW100,100% of average wage,_Z,Not applicable,A,Annual,2021,,27.044338,,2,Two,0,Units,A,Normal value,_Z,Not applicable
DATAFLOW,OECD.CTP.TPS:DSD_TAX_WAGES_COMP@DF_TW_COMP(2.1),Labour taxation – OECD comparative country indicators,I,AUS,Australia,AV_TW,Average tax wedge,PT_COS_LB,Percentage of labour costs,S_C0,"Single person, no children",AW100,100% of average wage,_Z,Not applicable,A,Annual,2020,,28.358919,,2,Two,0,Units,A,Normal value,_Z,Not applicable
DATAFLOW,OECD.CTP.TPS:DSD_TAX_WAGES_COMP@DF_TW_COMP(2.1),Labour taxation – OECD comparative country indicators,I,AUS,Australia,AV_TW,Average tax wedge,PT_COS_LB,Percentage of labour costs,S_C0,"Single person, no children",AW100,100% of average wage,_Z,Not applicable,A,Annual,2019,,27.940358,,2,Two,0,Units,A,Normal value,_Z,Not applicable
DATAFLOW,OECD.CTP.TPS:DSD_TAX_WAGES_COMP@DF_TW_COMP(2.1),Labour taxation – OECD comparative country indicators,I,AUS,Australia,AV_TW,Average tax wedge,PT_COS_LB,Percentage of labour costs,S_C0,"Single person, no children",AW100,100% of average wage,_Z,Not applicable,A,Annual,2018,,28.889201,,2,Two,0,Units,A,Normal value,_Z,Not applicable
DATAFLOW,OECD.CTP.TPS:DSD_TAX_WAGES_COMP@DF_TW_COMP(2.1),Labour taxation – OECD comparative country indicators,I,AUS,Australia,AV_TW,Average tax wedge,PT_COS_LB,Percentage of labour costs,S_C0,"Single person, no children",AW100,100% of average wage,_Z,Not applicable,A,Annual,2017,,28.616701,,2,Two,0,Units,A,Normal value,_Z,Not applicable
DATAFLOW,OECD.CTP.TPS:DSD_TAX_WAGES_COMP@DF_TW_COMP(2.1),Labour taxation – OECD comparative country indicators,I,AUT,Austria,AV_TW,Average tax wedge,PT_COS_LB,Percentage of labour costs,S_C0,"Single person, no children",AW100,100% of average wage,_Z,Not applicable,A,Annual,2025,,47.088429,,2,Two,0,Units,A,Normal value,_Z,Not applicable
DATAFLOW,OECD.CTP.TPS:DSD_TAX_WAGES_COMP@DF_TW_COMP(2.1),Labour taxation – OECD comparative country indicators,I,AUT,Austria,AV_TW,Average tax wedge,PT_COS_LB,Percentage of labour costs,S_C0,"Single person, no children",AW100,100% of average wage,_Z,Not applicable,A,Annual,2024,,46.799764,,2,Two,0,Units,A,Normal value,_Z,Not applicable
DATAFLOW,OECD.CTP.TPS:DSD_TAX_WAGES_COMP@DF_TW_COMP(2.1),Labour taxation – OECD comparative country indicators,I,AUT,Austria,AV_TW,Average tax wedge,PT_COS_LB,Percentage of labour costs,S_C0,"Single person, no children",AW100,100% of average wage,_Z,Not applicable,A,Annual,2023,,47.193705,,2,Two,0,Units,A,Normal value,_Z,Not applicable
DATAFLOW,OECD.CTP.TPS:DSD_TAX_WAGES_COMP@DF_TW_COMP(2.1),Labour taxation – OECD comparative country indicators,I,AUT,Austria,AV_TW,Average tax wedge,PT_COS_LB,Percentage of labour costs,S_C0,"Single person, no children",AW100,100% of average wage,_Z,Not applicable,A,Annual,2022,,46.930989,,2,Two,0,Units,A,Normal value,_Z,Not applicable
DATAFLOW,OECD.CTP.TPS:DSD_TAX_WAGES_COMP@DF_TW_COMP(2.1),Labour taxation – OECD comparative country indicators,I,AUT,Austria,AV_TW,Average tax wedge,PT_COS_LB,Percentage of labour costs,S_C0,"Single person, no children",AW100,100% of average wage,_Z,Not applicable,A,Annual,2021,,47.815365,,2,Two,0,Units,A,Normal value,_Z,Not applicable
DATAFLOW,OECD.CTP.TPS:DSD_TAX_WAGES_COMP@DF_TW_COMP(2.1),Labour taxation – OECD comparative country indicators,I,AUT,Austria,AV_TW,Average tax wedge,PT_COS_LB,Percentage of labour costs,S_C0,"Single person, no children",AW100,100% of average wage,_Z,Not applicable,A,Annual,2020,,47.450901,,2,Two,0,Units,A,Normal value,_Z,Not applicable
DATAFLOW,OECD.CTP.TPS:DSD_TAX_WAGES_COMP@DF_TW_COMP(2.1),Labour taxation – OECD comparative country indicators,I,AUT,Austria,AV_TW,Average tax wedge,PT_COS_LB,Percentage of labour costs,S_C0,"Single person, no children",AW100,100% of average wage,_Z,Not applicable,A,Annual,2019,,47.904752,,2,Two,0,Units,A,Normal value,_Z,Not applicable
DATAFLOW,OECD.CTP.TPS:DSD_TAX_WAGES_COMP@DF_TW_COMP(2.1),Labour taxation – OECD comparative country indicators,I,AUT,Austria,AV_TW,Average tax wedge,PT_COS_LB,Percentage of labour costs,S_C0,"Single person, no children",AW100,100% of average wage,_Z,Not applicable,A,Annual,2018,,47.618571,,2,Two,0,Units,A,Normal value,_Z,Not applicable
DATAFLOW,OECD.CTP.TPS:DSD_TAX_WAGES_COMP@DF_TW_COMP(2.1),Labour taxation – OECD comparative country indicators,I,AUT,Austria,AV_TW,Average tax wedge,PT_COS_LB,Percentage of labour costs,S_C0,"Single person, no children",AW100,100% of average wage,_Z,Not applicable,A,Annual,2017,,47.420241,,2,Two,0,Units,A,Normal value,_Z,Not applicable
DATAFLOW,OECD.CTP.TPS:DSD_TAX_WAGES_COMP@DF_TW_COMP(2.1),Labour taxation – OECD comparative country indicators,I,BEL,Belgium,AV_TW,Average tax wedge,PT_COS_LB,Percentage of labour costs,S_C0,"Single person, no children",AW100,100% of average wage,_Z,Not applicable,A,Annual,2021,,52.400422,,2,Two,0,Units,A,Normal value,_Z,Not applicable
DATAFLOW,OECD.CTP.TPS:DSD_TAX_WAGES_COMP@DF_TW_COMP(2.1),Labour taxation – OECD comparative country indicators,I,BEL,Belgium,AV_TW,Average tax wedge,PT_COS_LB,Percentage of labour costs,S_C0,"Single person, no children",AW100,100% of average wage,_Z,Not applicable,A,Annual,2020,,52.239777,,2,Two,0,Units,A,Normal value,_Z,Not applicable
DATAFLOW,OECD.CTP.TPS:DSD_TAX_WAGES_COMP@DF_TW_COMP(2.1),Labour taxation – OECD comparative country indicators,I,BEL,Belgium,AV_TW,Average tax wedge,PT_COS_LB,Percentage of labour costs,S_C0,"Single person, no children",AW100,100% of average wage,_Z,Not applicable,A,Annual,2019,,52.298451,,2,Two,0,Units,A,Normal value,_Z,Not applicable
DATAFLOW,OECD.CTP.TPS:DSD_TAX_WAGES_COMP@DF_TW_COMP(2.1),Labour taxation – OECD comparative country indicators,I,BEL,Belgium,AV_TW,Average tax wedge,PT_COS_LB,Percentage of labour costs,S_C0,"Single person, no children",AW100,100% of average wage,_Z,Not applicable,A,Annual,2018,,52.720688,,2,Two,0,Units,A,Normal value,_Z,Not applicable
DATAFLOW,OECD.CTP.TPS:DSD_TAX_WAGES_COMP@DF_TW_COMP(2.1),Labour taxation – OECD comparative country indicators,I,BEL,Belgium,AV_TW,Average tax wedge,PT_COS_LB,Percentage of labour costs,S_C0,"Single person, no children",AW100,100% of average wage,_Z,Not applicable,A,Annual,2017,,53.760736,,2,Two,0,Units,A,Normal value,_Z,Not applicable
DATAFLOW,OECD.CTP.TPS:DSD_TAX_WAGES_COMP@DF_TW_COMP(2.1),Labour taxation – OECD comparative country indicators,I,BEL,Belgium,AV_TW,Average tax wedge,PT_COS_LB,Percentage of labour costs,S_C0,"Single person, no children",AW100,100% of average wage,_Z,Not applicable,A,Annual,2016,,53.945234,,2,Two,0,Units,A,Normal value,_Z,Not applicable
DATAFLOW,OECD.CTP.TPS:DSD_TAX_WAGES_COMP@DF_TW_COMP(2.1),Labour taxation – OECD comparative country indicators,I,BEL,Belgium,AV_TW,Average tax wedge,PT_COS_LB,Percentage of labour costs,S_C0,"Single person, no children",AW100,100% of average wage,_Z,Not applicable,A,Annual,2025,,52.482196,,2,Two,0,Units,A,Normal value,_Z,Not applicable
DATAFLOW,OECD.CTP.TPS:DSD_TAX_WAGES_COMP@DF_TW_COMP(2.1),Labour taxation – OECD comparative country indicators,I,BEL,Belgium,AV_TW,Average tax wedge,PT_COS_LB,Percentage of labour costs,S_C0,"Single person, no children",AW100,100% of average wage,_Z,Not applicable,A,Annual,2024,,52.399478,,2,Two,0,Units,A,Normal value,_Z,Not applicable
DATAFLOW,OECD.CTP.TPS:DSD_TAX_WAGES_COMP@DF_TW_COMP(2.1),Labour taxation – OECD comparative country indicators,I,BEL,Belgium,AV_TW,Average tax wedge,PT_COS_LB,Percentage of labour costs,S_C0,"Single person, no children",AW100,100% of average wage,_Z,Not applicable,A,Annual,2023,,52.651748,,2,Two,0,Units,A,Normal value,_Z,Not applicable
DATAFLOW,OECD.CTP.TPS:DSD_TAX_WAGES_COMP@DF_TW_COMP(2.1),Labour taxation – OECD comparative country indicators,I,CAN,Canada,AV_TW,Average tax wedge,PT_COS_LB,Percentage of labour costs,S_C0,"Single person, no children",AW100,100% of average wage,_Z,Not applicable,A,Annual,2025,,32.122868,,2,Two,0,Units,A,Normal value,_Z,Not applicable
DATAFLOW,OECD.CTP.TPS:DSD_TAX_WAGES_COMP@DF_TW_COMP(2.1),Labour taxation – OECD comparative country indicators,I,CAN,Canada,AV_TW,Average tax wedge,PT_COS_LB,Percentage of labour costs,S_C0,"Single person, no children",AW100,100% of average wage,_Z,Not applicable,A,Annual,2024,,31.988901,,2,Two,0,Units,A,Normal value,_Z,Not applicable
DATAFLOW,OECD.CTP.TPS:DSD_TAX_WAGES_COMP@DF_TW_COMP(2.1),Labour taxation – OECD comparative country indicators,I,CAN,Canada,AV_TW,Average tax wedge,PT_COS_LB,Percentage of labour costs,S_C0,"Single person, no children",AW100,100% of average wage,_Z,Not applicable,A,Annual,2023,,31.85745,,2,Two,0,Units,A,Normal value,_Z,Not applicable
DATAFLOW,OECD.CTP.TPS:DSD_TAX_WAGES_COMP@DF_TW_COMP(2.1),Labour taxation – OECD comparative country indicators,I,CAN,Canada,AV_TW,Average tax wedge,PT_COS_LB,Percentage of labour costs,S_C0,"Single person, no children",AW100,100% of average wage,_Z,Not applicable,A,Annual,2022,,31.863035,,2,Two,0,Units,A,Normal value,_Z,Not applicable
DATAFLOW,OECD.CTP.TPS:DSD_TAX_WAGES_COMP@DF_TW_COMP(2.1),Labour taxation – OECD comparative country indicators,I,CAN,Canada,AV_TW,Average tax wedge,PT_COS_LB,Percentage of labour costs,S_C0,"Single person, no children",AW100,100% of average wage,_Z,Not applicable,A,Annual,2021,,31.482013,,2,Two,0,Units,A,Normal value,_Z,Not applicable
DATAFLOW,OECD.CTP.TPS:DSD_TAX_WAGES_COMP@DF_TW_COMP(2.1),Labour taxation – OECD comparative country indicators,I,CAN,Canada,AV_TW,Average tax wedge,PT_COS_LB,Percentage of labour costs,S_C0,"Single person, no children",AW100,100% of average wage,_Z,Not applicable,A,Annual,2020,,31.090484,,2,Two,0,Units,A,Normal value,_Z,Not applicable
DATAFLOW,OECD.CTP.TPS:DSD_TAX_WAGES_COMP@DF_TW_COMP(2.1),Labour taxation – OECD comparative country indicators,I,CAN,Canada,AV_TW,Average tax wedge,PT_COS_LB,Percentage of labour costs,S_C0,"Single person, no children",AW100,100% of average wage,_Z,Not applicable,A,Annual,2019,,30.999762,,2,Two,0,Units,A,Normal value,_Z,Not applicable
DATAFLOW,OECD.CTP.TPS:DSD_TAX_WAGES_COMP@DF_TW_COMP(2.1),Labour taxation – OECD comparative country indicators,I,CAN,Canada,AV_TW,Average tax wedge,PT_COS_LB,Percentage of labour costs,S_C0,"Single person, no children",AW100,100% of average wage,_Z,Not applicable,A,Annual,2018,,31.364272,,2,Two,0,Units,A,Normal value,_Z,Not applicable
DATAFLOW,OECD.CTP.TPS:DSD_TAX_WAGES_COMP@DF_TW_COMP(2.1),Labour taxation – OECD comparative country indicators,I,CAN,Canada,AV_TW,Average tax wedge,PT_COS_LB,Percentage of labour costs,S_C0,"Single person, no children",AW100,100% of average wage,_Z,Not applicable,A,Annual,2017,,31.398703,,2,Two,0,Units,A,Normal value,_Z,Not applicable
DATAFLOW,OECD.CTP.TPS:DSD_TAX_WAGES_COMP@DF_TW_COMP(2.1),Labour taxation – OECD comparative country indicators,I,CHL,Chile,AV_TW,Average tax wedge,PT_COS_LB,Percentage of labour costs,S_C0,"Single person, no children",AW100,100% of average wage,_Z,Not applicable,A,Annual,2025,,7.458519,,2,Two,0,Units,A,Normal value,_Z,Not applicable
DATAFLOW,OECD.CTP.TPS:DSD_TAX_WAGES_COMP@DF_TW_COMP(2.1),Labour taxation – OECD comparative country indicators,I,CHL,Chile,AV_TW,Average tax wedge,PT_COS_LB,Percentage of labour costs,S_C0,"Single person, no children",AW100,100% of average wage,_Z,Not applicable,A,Annual,2024,,7,,2,Two,0,Units,A,Normal value,_Z,Not applicable
DATAFLOW,OECD.CTP.TPS:DSD_TAX_WAGES_COMP@DF_TW_COMP(2.1),Labour taxation – OECD comparative country indicators,I,CHL,Chile,AV_TW,Average tax wedge,PT_COS_LB,Percentage of labour costs,S_C0,"Single person, no children",AW100,100% of average wage,_Z,Not applicable,A,Annual,2023,,7,,2,Two,0,Units,A,Normal value,_Z,Not applicable
DATAFLOW,OECD.CTP.TPS:DSD_TAX_WAGES_COMP@DF_TW_COMP(2.1),Labour taxation – OECD comparative country indicators,I,CHL,Chile,AV_TW,Average tax wedge,PT_COS_LB,Percentage of labour costs,S_C0,"Single person, no children",AW100,100% of average wage,_Z,Not applicable,A,Annual,2022,,7,,2,Two,0,Units,A,Normal value,_Z,Not applicable
DATAFLOW,OECD.CTP.TPS:DSD_TAX_WAGES_COMP@DF_TW_COMP(2.1),Labour taxation – OECD comparative country indicators,I,CHL,Chile,AV_TW,Average tax wedge,PT_COS_LB,Percentage of labour costs,S_C0,"Single person, no children",AW100,100% of average wage,_Z,Not applicable,A,Annual,2021,,7,,2,Two,0,Units,A,Normal value,_Z,Not applicable
DATAFLOW,OECD.CTP.TPS:DSD_TAX_WAGES_COMP@DF_TW_COMP(2.1),Labour taxation – OECD comparative country indicators,I,CHL,Chile,AV_TW,Average tax wedge,PT_COS_LB,Percentage of labour costs,S_C0,"Single person, no children",AW100,100% of average wage,_Z,Not applicable,A,Annual,2020,,7.03327,,2,Two,0,Units,A,Normal value,_Z,Not applicable
DATAFLOW,OECD.CTP.TPS:DSD_TAX_WAGES_COMP@DF_TW_COMP(2.1),Labour taxation – OECD comparative country indicators,I,CHL,Chile,AV_TW,Average tax wedge,PT_COS_LB,Percentage of labour costs,S_C0,"Single person, no children",AW100,100% of average wage,_Z,Not applicable,A,Annual,2019,,7.044767,,2,Two,0,Units,A,Normal value,_Z,Not applicable
DATAFLOW,OECD.CTP.TPS:DSD_TAX_WAGES_COMP@DF_TW_COMP(2.1),Labour taxation – OECD comparative country indicators,I,CHL,Chile,AV_TW,Average tax wedge,PT_COS_LB,Percentage of labour costs,S_C0,"Single person, no children",AW100,100% of average wage,_Z,Not applicable,A,Annual,2018,,7.007974,,2,Two,0,Units,A,Normal value,_Z,Not applicable
DATAFLOW,OECD.CTP.TPS:DSD_TAX_WAGES_COMP@DF_TW_COMP(2.1),Labour taxation – OECD comparative country indicators,I,CHL,Chile,AV_TW,Average tax wedge,PT_COS_LB,Percentage of labour costs,S_C0,"Single person, no children",AW100,100% of average wage,_Z,Not applicable,A,Annual,2017,,7,,2,Two,0,Units,A,Normal value,_Z,Not applicable
DATAFLOW,OECD.CTP.TPS:DSD_TAX_WAGES_COMP@DF_TW_COMP(2.1),Labour taxation – OECD comparative country indicators,I,COL,Colombia,AV_TW,Average tax wedge,PT_COS_LB,Percentage of labour costs,S_C0,"Single person, no children",AW100,100% of average wage,_Z,Not applicable,A,Annual,2017,,0,,2,Two,0,Units,A,Normal value,_Z,Not applicable
DATAFLOW,OECD.CTP.TPS:DSD_TAX_WAGES_COMP@DF_TW_COMP(2.1),Labour taxation – OECD comparative country indicators,I,COL,Colombia,AV_TW,Average tax wedge,PT_COS_LB,Percentage of labour costs,S_C0,"Single person, no children",AW100,100% of average wage,_Z,Not applicable,A,Annual,2016,,0,,2,Two,0,Units,A,Normal value,_Z,Not applicable
DATAFLOW,OECD.CTP.TPS:DSD_TAX_WAGES_COMP@DF_TW_COMP(2.1),Labour taxation – OECD comparative country indicators,I,COL,Colombia,AV_TW,Average tax wedge,PT_COS_LB,Percentage of labour costs,S_C0,"Single person, no children",AW100,100% of average wage,_Z,Not applicable,A,Annual,2025,,0,,2,Two,0,Units,A,Normal value,_Z,Not applicable
DATAFLOW,OECD.CTP.TPS:DSD_TAX_WAGES_COMP@DF_TW_COMP(2.1),Labour taxation – OECD comparative country indicators,I,COL,Colombia,AV_TW,Average tax wedge,PT_COS_LB,Percentage of labour costs,S_C0,"Single person, no children",AW100,100% of average wage,_Z,Not applicable,A,Annual,2024,,0,,2,Two,0,Units,A,Normal value,_Z,Not applicable
DATAFLOW,OECD.CTP.TPS:DSD_TAX_WAGES_COMP@DF_TW_COMP(2.1),Labour taxation – OECD comparative country indicators,I,COL,Colombia,AV_TW,Average tax wedge,PT_COS_LB,Percentage of labour costs,S_C0,"Single person, no children",AW100,100% of average wage,_Z,Not applicable,A,Annual,2023,,0,,2,Two,0,Units,A,Normal value,_Z,Not applicable
DATAFLOW,OECD.CTP.TPS:DSD_TAX_WAGES_COMP@DF_TW_COMP(2.1),Labour taxation – OECD comparative country indicators,I,COL,Colombia,AV_TW,Average tax wedge,PT_COS_LB,Percentage of labour costs,S_C0,"Single person, no children",AW100,100% of average wage,_Z,Not applicable,A,Annual,2022,,0,,2,Two,0,Units,A,Normal value,_Z,Not applicable
DATAFLOW,OECD.CTP.TPS:DSD_TAX_WAGES_COMP@DF_TW_COMP(2.1),Labour taxation – OECD comparative country indicators,I,COL,Colombia,AV_TW,Average tax wedge,PT_COS_LB,Percentage of labour costs,S_C0,"Single person, no children",AW100,100% of average wage,_Z,Not applicable,A,Annual,2021,,0,,2,Two,0,Units,A,Normal value,_Z,Not applicable
DATAFLOW,OECD.CTP.TPS:DSD_TAX_WAGES_COMP@DF_TW_COMP(2.1),Labour taxation – OECD comparative country indicators,I,COL,Colombia,AV_TW,Average tax wedge,PT_COS_LB,Percentage of labour costs,S_C0,"Single person, no children",AW100,100% of average wage,_Z,Not applicable,A,Annual,2020,,0,,2,Two,0,Units,A,Normal value,_Z,Not applicable
DATAFLOW,OECD.CTP.TPS:DSD_TAX_WAGES_COMP@DF_TW_COMP(2.1),Labour taxation – OECD comparative country indicators,I,COL,Colombia,AV_TW,Average tax wedge,PT_COS_LB,Percentage of labour costs,S_C0,"Single person, no children",AW100,100% of average wage,_Z,Not applicable,A,Annual,2019,,0,,2,Two,0,Units,A,Normal value,_Z,Not applicable
DATAFLOW,OECD.CTP.TPS:DSD_TAX_WAGES_COMP@DF_TW_COMP(2.1),Labour taxation – OECD comparative country indicators,I,CRI,Costa Rica,AV_TW,Average tax wedge,PT_COS_LB,Percentage of labour costs,S_C0,"Single person, no children",AW100,100% of average wage,_Z,Not applicable,A,Annual,2025,,27.658576,,2,Two,0,Units,A,Normal value,_Z,Not applicable
DATAFLOW,OECD.CTP.TPS:DSD_TAX_WAGES_COMP@DF_TW_COMP(2.1),Labour taxation – OECD comparative country indicators,I,CRI,Costa Rica,AV_TW,Average tax wedge,PT_COS_LB,Percentage of labour costs,S_C0,"Single person, no children",AW100,100% of average wage,_Z,Not applicable,A,Annual,2024,,27.658576,,2,Two,0,Units,A,Normal value,_Z,Not applicable
DATAFLOW,OECD.CTP.TPS:DSD_TAX_WAGES_COMP@DF_TW_COMP(2.1),Labour taxation – OECD comparative country indicators,I,CRI,Costa Rica,AV_TW,Average tax wedge,PT_COS_LB,Percentage of labour costs,S_C0,"Single person, no children",AW100,100% of average wage,_Z,Not applicable,A,Annual,2023,,27.658576,,2,Two,0,Units,A,Normal value,_Z,Not applicable
DATAFLOW,OECD.CTP.TPS:DSD_TAX_WAGES_COMP@DF_TW_COMP(2.1),Labour taxation – OECD comparative country indicators,I,CRI,Costa Rica,AV_TW,Average tax wedge,PT_COS_LB,Percentage of labour costs,S_C0,"Single person, no children",AW100,100% of average wage,_Z,Not applicable,A,Annual,2022,,27.441286,,2,Two,0,Units,A,Normal value,_Z,Not applicable
DATAFLOW,OECD.CTP.TPS:DSD_TAX_WAGES_COMP@DF_TW_COMP(2.1),Labour taxation – OECD comparative country indicators,I,CRI,Costa Rica,AV_TW,Average tax wedge,PT_COS_LB,Percentage of labour costs,S_C0,"Single person, no children",AW100,100% of average wage,_Z,Not applicable,A,Annual,2021,,27.441286,,2,Two,0,Units,A,Normal value,_Z,Not applicable
DATAFLOW,OECD.CTP.TPS:DSD_TAX_WAGES_COMP@DF_TW_COMP(2.1),Labour taxation – OECD comparative country indicators,I,CRI,Costa Rica,AV_TW,Average tax wedge,PT_COS_LB,Percentage of labour costs,S_C0,"Single person, no children",AW100,100% of average wage,_Z,Not applicable,A,Annual,2020,,27.441286,,2,Two,0,Units,A,Normal value,_Z,Not applicable
DATAFLOW,OECD.CTP.TPS:DSD_TAX_WAGES_COMP@DF_TW_COMP(2.1),Labour taxation – OECD comparative country indicators,I,CRI,Costa Rica,AV_TW,Average tax wedge,PT_COS_LB,Percentage of labour costs,S_C0,"Single person, no children",AW100,100% of average wage,_Z,Not applicable,A,Annual,2019,,27.230872,,2,Two,0,Units,A,Normal value,_Z,Not applicable
DATAFLOW,OECD.CTP.TPS:DSD_TAX_WAGES_COMP@DF_TW_COMP(2.1),Labour taxation – OECD comparative country indicators,I,CRI,Costa Rica,AV_TW,Average tax wedge,PT_COS_LB,Percentage of labour costs,S_C0,"Single person, no children",AW100,100% of average wage,_Z,Not applicable,A,Annual,2018,,27.230872,,2,Two,0,Units,A,Normal value,_Z,Not applicable
DATAFLOW,OECD.CTP.TPS:DSD_TAX_WAGES_COMP@DF_TW_COMP(2.1),Labour taxation – OECD comparative country indicators,I,CRI,Costa Rica,AV_TW,Average tax wedge,PT_COS_LB,Percentage of labour costs,S_C0,"Single person, no children",AW100,100% of average wage,_Z,Not applicable,A,Annual,2017,,26.859576,,2,Two,0,Units,A,Normal value,_Z,Not applicable
DATAFLOW,OECD.CTP.TPS:DSD_TAX_WAGES_COMP@DF_TW_COMP(2.1),Labour taxation – OECD comparative country indicators,I,CZE,Czechia,AV_TW,Average tax wedge,PT_COS_LB,Percentage of labour costs,S_C0,"Single person, no children",AW100,100% of average wage,_Z,Not applicable,A,Annual,2025,,41.20022,,2,Two,0,Units,A,Normal value,_Z,Not applicable
DATAFLOW,OECD.CTP.TPS:DSD_TAX_WAGES_COMP@DF_TW_COMP(2.1),Labour taxation – OECD comparative country indicators,I,CZE,Czechia,AV_TW,Average tax wedge,PT_COS_LB,Percentage of labour costs,S_C0,"Single person, no children",AW100,100% of average wage,_Z,Not applicable,A,Annual,2024,,40.95905,,2,Two,0,Units,A,Normal value,_Z,Not applicable
DATAFLOW,OECD.CTP.TPS:DSD_TAX_WAGES_COMP@DF_TW_COMP(2.1),Labour taxation – OECD comparative country indicators,I,CZE,Czechia,AV_TW,Average tax wedge,PT_COS_LB,Percentage of labour costs,S_C0,"Single person, no children",AW100,100% of average wage,_Z,Not applicable,A,Annual,2023,,40.247183,,2,Two,0,Units,A,Normal value,_Z,Not applicable
DATAFLOW,OECD.CTP.TPS:DSD_TAX_WAGES_COMP@DF_TW_COMP(2.1),Labour taxation – OECD comparative country indicators,I,CZE,Czechia,AV_TW,Average tax wedge,PT_COS_LB,Percentage of labour costs,S_C0,"Single person, no children",AW100,100% of average wage,_Z,Not applicable,A,Annual,2022,,39.887855,,2,Two,0,Units,A,Normal value,_Z,Not applicable
DATAFLOW,OECD.CTP.TPS:DSD_TAX_WAGES_COMP@DF_TW_COMP(2.1),Labour taxation – OECD comparative country indicators,I,CZE,Czechia,AV_TW,Average tax wedge,PT_COS_LB,Percentage of labour costs,S_C0,"Single person, no children",AW100,100% of average wage,_Z,Not applicable,A,Annual,2021,,40.032582,,2,Two,0,Units,A,Normal value,_Z,Not applicable
DATAFLOW,OECD.CTP.TPS:DSD_TAX_WAGES_COMP@DF_TW_COMP(2.1),Labour taxation – OECD comparative country indicators,I,CZE,Czechia,AV_TW,Average tax wedge,PT_COS_LB,Percentage of labour costs,S_C0,"Single person, no children",AW100,100% of average wage,_Z,Not applicable,A,Annual,2020,,44.09946,,2,Two,0,Units,A,Normal value,_Z,Not applicable
DATAFLOW,OECD.CTP.TPS:DSD_TAX_WAGES_COMP@DF_TW_COMP(2.1),Labour taxation – OECD comparative country indicators,I,CZE,Czechia,AV_TW,Average tax wedge,PT_COS_LB,Percentage of labour costs,S_C0,"Single person, no children",AW100,100% of average wage,_Z,Not applicable,A,Annual,2019,,43.961141,,2,Two,0,Units,A,Normal value,_Z,Not applicable
DATAFLOW,OECD.CTP.TPS:DSD_TAX_WAGES_COMP@DF_TW_COMP(2.1),Labour taxation – OECD comparative country indicators,I,CZE,Czechia,AV_TW,Average tax wedge,PT_COS_LB,Percentage of labour costs,S_C0,"Single person, no children",AW100,100% of average wage,_Z,Not applicable,A,Annual,2018,,43.741403,,2,Two,0,Units,A,Normal value,_Z,Not applicable
DATAFLOW,OECD.CTP.TPS:DSD_TAX_WAGES_COMP@DF_TW_COMP(2.1),Labour taxation – OECD comparative country indicators,I,CZE,Czechia,AV_TW,Average tax wedge,PT_COS_LB,Percentage of labour costs,S_C0,"Single person, no children",AW100,100% of average wage,_Z,Not applicable,A,Annual,2017,,43.376412,,2,Two,0,Units,A,Normal value,_Z,Not applicable
DATAFLOW,OECD.CTP.TPS:DSD_TAX_WAGES_COMP@DF_TW_COMP(2.1),Labour taxation – OECD comparative country indicators,I,DNK,Denmark,AV_TW,Average tax wedge,PT_COS_LB,Percentage of labour costs,S_C0,"Single person, no children",AW100,100% of average wage,_Z,Not applicable,A,Annual,2025,,35.757013,,2,Two,0,Units,A,Normal value,_Z,Not applicable
DATAFLOW,OECD.CTP.TPS:DSD_TAX_WAGES_COMP@DF_TW_COMP(2.1),Labour taxation – OECD comparative country indicators,I,DNK,Denmark,AV_TW,Average tax wedge,PT_COS_LB,Percentage of labour costs,S_C0,"Single person, no children",AW100,100% of average wage,_Z,Not applicable,A,Annual,2024,,36.170941,,2,Two,0,Units,A,Normal value,_Z,Not applicable
DATAFLOW,OECD.CTP.TPS:DSD_TAX_WAGES_COMP@DF_TW_COMP(2.1),Labour taxation – OECD comparative country indicators,I,DNK,Denmark,AV_TW,Average tax wedge,PT_COS_LB,Percentage of labour costs,S_C0,"Single person, no children",AW100,100% of average wage,_Z,Not applicable,A,Annual,2023,,35.910902,,2,Two,0,Units,A,Normal value,_Z,Not applicable
DATAFLOW,OECD.CTP.TPS:DSD_TAX_WAGES_COMP@DF_TW_COMP(2.1),Labour taxation – OECD comparative country indicators,I,DNK,Denmark,AV_TW,Average tax wedge,PT_COS_LB,Percentage of labour costs,S_C0,"Single person, no children",AW100,100% of average wage,_Z,Not applicable,A,Annual,2022,,35.894355,,2,Two,0,Units,A,Normal value,_Z,Not applicable
DATAFLOW,OECD.CTP.TPS:DSD_TAX_WAGES_COMP@DF_TW_COMP(2.1),Labour taxation – OECD comparative country indicators,I,DNK,Denmark,AV_TW,Average tax wedge,PT_COS_LB,Percentage of labour costs,S_C0,"Single person, no children",AW100,100% of average wage,_Z,Not applicable,A,Annual,2021,,35.657874,,2,Two,0,Units,A,Normal value,_Z,Not applicable
DATAFLOW,OECD.CTP.TPS:DSD_TAX_WAGES_COMP@DF_TW_COMP(2.1),Labour taxation – OECD comparative country indicators,I,DNK,Denmark,AV_TW,Average tax wedge,PT_COS_LB,Percentage of labour costs,S_C0,"Single person, no children",AW100,100% of average wage,_Z,Not applicable,A,Annual,2020,,35.58929,,2,Two,0,Units,A,Normal value,_Z,Not applicable
DATAFLOW,OECD.CTP.TPS:DSD_TAX_WAGES_COMP@DF_TW_COMP(2.1),Labour taxation – OECD comparative country indicators,I,DNK,Denmark,AV_TW,Average tax wedge,PT_COS_LB,Percentage of labour costs,S_C0,"Single person, no children",AW100,100% of average wage,_Z,Not applicable,A,Annual,2019,,35.820725,,2,Two,0,Units,A,Normal value,_Z,Not applicable
DATAFLOW,OECD.CTP.TPS:DSD_TAX_WAGES_COMP@DF_TW_COMP(2.1),Labour taxation – OECD comparative country indicators,I,DNK,Denmark,AV_TW,Average tax wedge,PT_COS_LB,Percentage of labour costs,S_C0,"Single person, no children",AW100,100% of average wage,_Z,Not applicable,A,Annual,2018,,35.696382,,2,Two,0,Units,A,Normal value,_Z,Not applicable
DATAFLOW,OECD.CTP.TPS:DSD_TAX_WAGES_COMP@DF_TW_COMP(2.1),Labour taxation – OECD comparative country indicators,I,DNK,Denmark,AV_TW,Average tax wedge,PT_COS_LB,Percentage of labour costs,S_C0,"Single person, no children",AW100,100% of average wage,_Z,Not applicable,A,Annual,2017,,36.17119,,2,Two,0,Units,A,Normal value,_Z,Not applicable
DATAFLOW,OECD.CTP.TPS:DSD_TAX_WAGES_COMP@DF_TW_COMP(2.1),Labour taxation – OECD comparative country indicators,I,EST,Estonia,AV_TW,Average tax wedge,PT_COS_LB,Percentage of labour costs,S_C0,"Single person, no children",AW100,100% of average wage,_Z,Not applicable,A,Annual,2025,,42.636771,,2,Two,0,Units,A,Normal value,_Z,Not applicable
DATAFLOW,OECD.CTP.TPS:DSD_TAX_WAGES_COMP@DF_TW_COMP(2.1),Labour taxation – OECD comparative country indicators,I,EST,Estonia,AV_TW,Average tax wedge,PT_COS_LB,Percentage of labour costs,S_C0,"Single person, no children",AW100,100% of average wage,_Z,Not applicable,A,Annual,2024,,40.68871,,2,Two,0,Units,A,Normal value,_Z,Not applicable
DATAFLOW,OECD.CTP.TPS:DSD_TAX_WAGES_COMP@DF_TW_COMP(2.1),Labour taxation – OECD comparative country indicators,I,EST,Estonia,AV_TW,Average tax wedge,PT_COS_LB,Percentage of labour costs,S_C0,"Single person, no children",AW100,100% of average wage,_Z,Not applicable,A,Annual,2023,,39.894054,,2,Two,0,Units,A,Normal value,_Z,Not applicable
DATAFLOW,OECD.CTP.TPS:DSD_TAX_WAGES_COMP@DF_TW_COMP(2.1),Labour taxation – OECD comparative country indicators,I,EST,Estonia,AV_TW,Average tax wedge,PT_COS_LB,Percentage of labour costs,S_C0,"Single person, no children",AW100,100% of average wage,_Z,Not applicable,A,Annual,2022,,39.121847,,2,Two,0,Units,A,Normal value,_Z,Not applicable
DATAFLOW,OECD.CTP.TPS:DSD_TAX_WAGES_COMP@DF_TW_COMP(2.1),Labour taxation – OECD comparative country indicators,I,EST,Estonia,AV_TW,Average tax wedge,PT_COS_LB,Percentage of labour costs,S_C0,"Single person, no children",AW100,100% of average wage,_Z,Not applicable,A,Annual,2021,,38.151907,,2,Two,0,Units,A,Normal value,_Z,Not applicable
DATAFLOW,OECD.CTP.TPS:DSD_TAX_WAGES_COMP@DF_TW_COMP(2.1),Labour taxation – OECD comparative country indicators,I,EST,Estonia,AV_TW,Average tax wedge,PT_COS_LB,Percentage of labour costs,S_C0,"Single person, no children",AW100,100% of average wage,_Z,Not applicable,A,Annual,2020,,37.320071,,2,Two,0,Units,A,Normal value,_Z,Not applicable
DATAFLOW,OECD.CTP.TPS:DSD_TAX_WAGES_COMP@DF_TW_COMP(2.1),Labour taxation – OECD comparative country indicators,I,EST,Estonia,AV_TW,Average tax wedge,PT_COS_LB,Percentage of labour costs,S_C0,"Single person, no children",AW100,100% of average wage,_Z,Not applicable,A,Annual,2019,,37.026177,,2,Two,0,Units,A,Normal value,_Z,Not applicable
DATAFLOW,OECD.CTP.TPS:DSD_TAX_WAGES_COMP@DF_TW_COMP(2.1),Labour taxation – OECD comparative country indicators,I,EST,Estonia,AV_TW,Average tax wedge,PT_COS_LB,Percentage of labour costs,S_C0,"Single person, no children",AW100,100% of average wage,_Z,Not applicable,A,Annual,2018,,36.169987,,2,Two,0,Units,A,Normal value,_Z,Not applicable
DATAFLOW,OECD.CTP.TPS:DSD_TAX_WAGES_COMP@DF_TW_COMP(2.1),Labour taxation – OECD comparative country indicators,I,EST,Estonia,AV_TW,Average tax wedge,PT_COS_LB,Percentage of labour costs,S_C0,"Single person, no children",AW100,100% of average wage,_Z,Not applicable,A,Annual,2017,,39.012257,,2,Two,0,Units,A,Normal value,_Z,Not applicable
DATAFLOW,OECD.CTP.TPS:DSD_TAX_WAGES_COMP@DF_TW_COMP(2.1),Labour taxation – OECD comparative country indicators,I,FIN,Finland,AV_TW,Average tax wedge,PT_COS_LB,Percentage of labour costs,S_C0,"Single person, no children",AW100,100% of average wage,_Z,Not applicable,A,Annual,2025,,42.479908,,2,Two,0,Units,A,Normal value,_Z,Not applicable
DATAFLOW,OECD.CTP.TPS:DSD_TAX_WAGES_COMP@DF_TW_COMP(2.1),Labour taxation – OECD comparative country indicators,I,FIN,Finland,AV_TW,Average tax wedge,PT_COS_LB,Percentage of labour costs,S_C0,"Single person, no children",AW100,100% of average wage,_Z,Not applicable,A,Annual,2024,,42.133397,,2,Two,0,Units,A,Normal value,_Z,Not applicable
DATAFLOW,OECD.CTP.TPS:DSD_TAX_WAGES_COMP@DF_TW_COMP(2.1),Labour taxation – OECD comparative country indicators,I,FIN,Finland,AV_TW,Average tax wedge,PT_COS_LB,Percentage of labour costs,S_C0,"Single person, no children",AW100,100% of average wage,_Z,Not applicable,A,Annual,2023,,43.447033,,2,Two,0,Units,A,Normal value,_Z,Not applicable
DATAFLOW,OECD.CTP.TPS:DSD_TAX_WAGES_COMP@DF_TW_COMP(2.1),Labour taxation – OECD comparative country indicators,I,FIN,Finland,AV_TW,Average tax wedge,PT_COS_LB,Percentage of labour costs,S_C0,"Single person, no children",AW100,100% of average wage,_Z,Not applicable,A,Annual,2022,,43.147902,,2,Two,0,Units,A,Normal value,_Z,Not applicable
DATAFLOW,OECD.CTP.TPS:DSD_TAX_WAGES_COMP@DF_TW_COMP(2.1),Labour taxation – OECD comparative country indicators,I,FIN,Finland,AV_TW,Average tax wedge,PT_COS_LB,Percentage of labour costs,S_C0,"Single person, no children",AW100,100% of average wage,_Z,Not applicable,A,Annual,2021,,43.090982,,2,Two,0,Units,A,Normal value,_Z,Not applicable
DATAFLOW,OECD.CTP.TPS:DSD_TAX_WAGES_COMP@DF_TW_COMP(2.1),Labour taxation – OECD comparative country indicators,I,FIN,Finland,AV_TW,Average tax wedge,PT_COS_LB,Percentage of labour costs,S_C0,"Single person, no children",AW100,100% of average wage,_Z,Not applicable,A,Annual,2020,,41.839589,,2,Two,0,Units,A,Normal value,_Z,Not applicable
DATAFLOW,OECD.CTP.TPS:DSD_TAX_WAGES_COMP@DF_TW_COMP(2.1),Labour taxation – OECD comparative country indicators,I,FIN,Finland,AV_TW,Average tax wedge,PT_COS_LB,Percentage of labour costs,S_C0,"Single person, no children",AW100,100% of average wage,_Z,Not applicable,A,Annual,2019,,42.168012,,2,Two,0,Units,A,Normal value,_Z,Not applicable
DATAFLOW,OECD.CTP.TPS:DSD_TAX_WAGES_COMP@DF_TW_COMP(2.1),Labour taxation – OECD comparative country indicators,I,FIN,Finland,AV_TW,Average tax wedge,PT_COS_LB,Percentage of labour costs,S_C0,"Single person, no children",AW100,100% of average wage,_Z,Not applicable,A,Annual,2018,,42.620574,,2,Two,0,Units,A,Normal value,_Z,Not applicable
DATAFLOW,OECD.CTP.TPS:DSD_TAX_WAGES_COMP@DF_TW_COMP(2.1),Labour taxation – OECD comparative country indicators,I,FIN,Finland,AV_TW,Average tax wedge,PT_COS_LB,Percentage of labour costs,S_C0,"Single person, no children",AW100,100% of average wage,_Z,Not applicable,A,Annual,2017,,42.971371,,2,Two,0,Units,A,Normal value,_Z,Not applicable
DATAFLOW,OECD.CTP.TPS:DSD_TAX_WAGES_COMP@DF_TW_COMP(2.1),Labour taxation – OECD comparative country indicators,I,FRA,France,AV_TW,Average tax wedge,PT_COS_LB,Percentage of labour costs,S_C0,"Single person, no children",AW100,100% of average wage,_Z,Not applicable,A,Annual,2025,,47.178061,,2,Two,0,Units,A,Normal value,_Z,Not applicable
DATAFLOW,OECD.CTP.TPS:DSD_TAX_WAGES_COMP@DF_TW_COMP(2.1),Labour taxation – OECD comparative country indicators,I,FRA,France,AV_TW,Average tax wedge,PT_COS_LB,Percentage of labour costs,S_C0,"Single person, no children",AW100,100% of average wage,_Z,Not applicable,A,Annual,2024,,47.119428,,2,Two,0,Units,A,Normal value,_Z,Not applicable
DATAFLOW,OECD.CTP.TPS:DSD_TAX_WAGES_COMP@DF_TW_COMP(2.1),Labour taxation – OECD comparative country indicators,I,FRA,France,AV_TW,Average tax wedge,PT_COS_LB,Percentage of labour costs,S_C0,"Single person, no children",AW100,100% of average wage,_Z,Not applicable,A,Annual,2023,,46.868441,,2,Two,0,Units,A,Normal value,_Z,Not applicable
DATAFLOW,OECD.CTP.TPS:DSD_TAX_WAGES_COMP@DF_TW_COMP(2.1),Labour taxation – OECD comparative country indicators,I,FRA,France,AV_TW,Average tax wedge,PT_COS_LB,Percentage of labour costs,S_C0,"Single person, no children",AW100,100% of average wage,_Z,Not applicable,A,Annual,2022,,47.08119,,2,Two,0,Units,A,Normal value,_Z,Not applicable
DATAFLOW,OECD.CTP.TPS:DSD_TAX_WAGES_COMP@DF_TW_COMP(2.1),Labour taxation – OECD comparative country indicators,I,FRA,France,AV_TW,Average tax wedge,PT_COS_LB,Percentage of labour costs,S_C0,"Single person, no children",AW100,100% of average wage,_Z,Not applicable,A,Annual,2021,,46.901511,,2,Two,0,Units,A,Normal value,_Z,Not applicable
DATAFLOW,OECD.CTP.TPS:DSD_TAX_WAGES_COMP@DF_TW_COMP(2.1),Labour taxation – OECD comparative country indicators,I,FRA,France,AV_TW,Average tax wedge,PT_COS_LB,Percentage of labour costs,S_C0,"Single person, no children",AW100,100% of average wage,_Z,Not applicable,A,Annual,2020,,46.481332,,2,Two,0,Units,A,Normal value,_Z,Not applicable
DATAFLOW,OECD.CTP.TPS:DSD_TAX_WAGES_COMP@DF_TW_COMP(2.1),Labour taxation – OECD comparative country indicators,I,FRA,France,AV_TW,Average tax wedge,PT_COS_LB,Percentage of labour costs,S_C0,"Single person, no children",AW100,100% of average wage,_Z,Not applicable,A,Annual,2019,,47.173635,,2,Two,0,Units,A,Normal value,_Z,Not applicable
DATAFLOW,OECD.CTP.TPS:DSD_TAX_WAGES_COMP@DF_TW_COMP(2.1),Labour taxation – OECD comparative country indicators,I,FRA,France,AV_TW,Average tax wedge,PT_COS_LB,Percentage of labour costs,S_C0,"Single person, no children",AW100,100% of average wage,_Z,Not applicable,A,Annual,2018,,47.41225,,2,Two,0,Units,A,Normal value,_Z,Not applicable
DATAFLOW,OECD.CTP.TPS:DSD_TAX_WAGES_COMP@DF_TW_COMP(2.1),Labour taxation – OECD comparative country indicators,I,FRA,France,AV_TW,Average tax wedge,PT_COS_LB,Percentage of labour costs,S_C0,"Single person, no children",AW100,100% of average wage,_Z,Not applicable,A,Annual,2017,,47.439407,,2,Two,0,Units,A,Normal value,_Z,Not applicable
DATAFLOW,OECD.CTP.TPS:DSD_TAX_WAGES_COMP@DF_TW_COMP(2.1),Labour taxation – OECD comparative country indicators,I,DEU,Germany,AV_TW,Average tax wedge,PT_COS_LB,Percentage of labour costs,S_C0,"Single person, no children",AW100,100% of average wage,_Z,Not applicable,A,Annual,2025,,49.263147,,2,Two,0,Units,A,Normal value,_Z,Not applicable
DATAFLOW,OECD.CTP.TPS:DSD_TAX_WAGES_COMP@DF_TW_COMP(2.1),Labour taxation – OECD comparative country indicators,I,DEU,Germany,AV_TW,Average tax wedge,PT_COS_LB,Percentage of labour costs,S_C0,"Single person, no children",AW100,100% of average wage,_Z,Not applicable,A,Annual,2024,,47.926033,,2,Two,0,Units,A,Normal value,_Z,Not applicable
DATAFLOW,OECD.CTP.TPS:DSD_TAX_WAGES_COMP@DF_TW_COMP(2.1),Labour taxation – OECD comparative country indicators,I,DEU,Germany,AV_TW,Average tax wedge,PT_COS_LB,Percentage of labour costs,S_C0,"Single person, no children",AW100,100% of average wage,_Z,Not applicable,A,Annual,2023,,47.71205,,2,Two,0,Units,A,Normal value,_Z,Not applicable
DATAFLOW,OECD.CTP.TPS:DSD_TAX_WAGES_COMP@DF_TW_COMP(2.1),Labour taxation – OECD comparative country indicators,I,DEU,Germany,AV_TW,Average tax wedge,PT_COS_LB,Percentage of labour costs,S_C0,"Single person, no children",AW100,100% of average wage,_Z,Not applicable,A,Annual,2022,,48.28646,,2,Two,0,Units,A,Normal value,_Z,Not applicable
DATAFLOW,OECD.CTP.TPS:DSD_TAX_WAGES_COMP@DF_TW_COMP(2.1),Labour taxation – OECD comparative country indicators,I,DEU,Germany,AV_TW,Average tax wedge,PT_COS_LB,Percentage of labour costs,S_C0,"Single person, no children",AW100,100% of average wage,_Z,Not applicable,A,Annual,2021,,48.14229,,2,Two,0,Units,A,Normal value,_Z,Not applicable
DATAFLOW,OECD.CTP.TPS:DSD_TAX_WAGES_COMP@DF_TW_COMP(2.1),Labour taxation – OECD comparative country indicators,I,DEU,Germany,AV_TW,Average tax wedge,PT_COS_LB,Percentage of labour costs,S_C0,"Single person, no children",AW100,100% of average wage,_Z,Not applicable,A,Annual,2020,,48.814419,,2,Two,0,Units,A,Normal value,_Z,Not applicable
DATAFLOW,OECD.CTP.TPS:DSD_TAX_WAGES_COMP@DF_TW_COMP(2.1),Labour taxation – OECD comparative country indicators,I,DEU,Germany,AV_TW,Average tax wedge,PT_COS_LB,Percentage of labour costs,S_C0,"Single person, no children",AW100,100% of average wage,_Z,Not applicable,A,Annual,2019,,49.272451,,2,Two,0,Units,A,Normal value,_Z,Not applicable
DATAFLOW,OECD.CTP.TPS:DSD_TAX_WAGES_COMP@DF_TW_COMP(2.1),Labour taxation – OECD comparative country indicators,I,DEU,Germany,AV_TW,Average tax wedge,PT_COS_LB,Percentage of labour costs,S_C0,"Single person, no children",AW100,100% of average wage,_Z,Not applicable,A,Annual,2018,,49.469332,,2,Two,0,Units,A,Normal value,_Z,Not applicable
DATAFLOW,OECD.CTP.TPS:DSD_TAX_WAGES_COMP@DF_TW_COMP(2.1),Labour taxation – OECD comparative country indicators,I,DEU,Germany,AV_TW,Average tax wedge,PT_COS_LB,Percentage of labour costs,S_C0,"Single person, no children",AW100,100% of average wage,_Z,Not applicable,A,Annual,2017,,49.539002,,2,Two,0,Units,A,Normal value,_Z,Not applicable
DATAFLOW,OECD.CTP.TPS:DSD_TAX_WAGES_COMP@DF_TW_COMP(2.1),Labour taxation – OECD comparative country indicators,I,GRC,Greece,AV_TW,Average tax wedge,PT_COS_LB,Percentage of labour costs,S_C0,"Single person, no children",AW100,100% of average wage,_Z,Not applicable,A,Annual,2025,,39.33703,,2,Two,0,Units,A,Normal value,_Z,Not applicable
DATAFLOW,OECD.CTP.TPS:DSD_TAX_WAGES_COMP@DF_TW_COMP(2.1),Labour taxation – OECD comparative country indicators,I,GRC,Greece,AV_TW,Average tax wedge,PT_COS_LB,Percentage of labour costs,S_C0,"Single person, no children",AW100,100% of average wage,_Z,Not applicable,A,Annual,2024,,39.499068,,2,Two,0,Units,A,Normal value,_Z,Not applicable
DATAFLOW,OECD.CTP.TPS:DSD_TAX_WAGES_COMP@DF_TW_COMP(2.1),Labour taxation – OECD comparative country indicators,I,GRC,Greece,AV_TW,Average tax wedge,PT_COS_LB,Percentage of labour costs,S_C0,"Single person, no children",AW100,100% of average wage,_Z,Not applicable,A,Annual,2023,,38.744465,,2,Two,0,Units,A,Normal value,_Z,Not applicable
DATAFLOW,OECD.CTP.TPS:DSD_TAX_WAGES_COMP@DF_TW_COMP(2.1),Labour taxation – OECD comparative country indicators,I,GRC,Greece,AV_TW,Average tax wedge,PT_COS_LB,Percentage of labour costs,S_C0,"Single person, no children",AW100,100% of average wage,_Z,Not applicable,A,Annual,2022,,38.048343,,2,Two,0,Units,A,Normal value,_Z,Not applicable
DATAFLOW,OECD.CTP.TPS:DSD_TAX_WAGES_COMP@DF_TW_COMP(2.1),Labour taxation – OECD comparative country indicators,I,GRC,Greece,AV_TW,Average tax wedge,PT_COS_LB,Percentage of labour costs,S_C0,"Single person, no children",AW100,100% of average wage,_Z,Not applicable,A,Annual,2021,,37.309725,,2,Two,0,Units,A,Normal value,_Z,Not applicable
DATAFLOW,OECD.CTP.TPS:DSD_TAX_WAGES_COMP@DF_TW_COMP(2.1),Labour taxation – OECD comparative country indicators,I,GRC,Greece,AV_TW,Average tax wedge,PT_COS_LB,Percentage of labour costs,S_C0,"Single person, no children",AW100,100% of average wage,_Z,Not applicable,A,Annual,2020,,38.848033,,2,Two,0,Units,A,Normal value,_Z,Not applicable
DATAFLOW,OECD.CTP.TPS:DSD_TAX_WAGES_COMP@DF_TW_COMP(2.1),Labour taxation – OECD comparative country indicators,I,GRC,Greece,AV_TW,Average tax wedge,PT_COS_LB,Percentage of labour costs,S_C0,"Single person, no children",AW100,100% of average wage,_Z,Not applicable,A,Annual,2019,,40.40558,,2,Two,0,Units,A,Normal value,_Z,Not applicable
DATAFLOW,OECD.CTP.TPS:DSD_TAX_WAGES_COMP@DF_TW_COMP(2.1),Labour taxation – OECD comparative country indicators,I,GRC,Greece,AV_TW,Average tax wedge,PT_COS_LB,Percentage of labour costs,S_C0,"Single person, no children",AW100,100% of average wage,_Z,Not applicable,A,Annual,2018,,40.40178,,2,Two,0,Units,A,Normal value,_Z,Not applicable
DATAFLOW,OECD.CTP.TPS:DSD_TAX_WAGES_COMP@DF_TW_COMP(2.1),Labour taxation – OECD comparative country indicators,I,GRC,Greece,AV_TW,Average tax wedge,PT_COS_LB,Percentage of labour costs,S_C0,"Single person, no children",AW100,100% of average wage,_Z,Not applicable,A,Annual,2017,,40.15208,,2,Two,0,Units,A,Normal value,_Z,Not applicable
DATAFLOW,OECD.CTP.TPS:DSD_TAX_WAGES_COMP@DF_TW_COMP(2.1),Labour taxation – OECD comparative country indicators,I,HUN,Hungary,AV_TW,Average tax wedge,PT_COS_LB,Percentage of labour costs,S_C0,"Single person, no children",AW100,100% of average wage,_Z,Not applicable,A,Annual,2025,,41.150442,,2,Two,0,Units,A,Normal value,_Z,Not applicable
DATAFLOW,OECD.CTP.TPS:DSD_TAX_WAGES_COMP@DF_TW_COMP(2.1),Labour taxation – OECD comparative country indicators,I,HUN,Hungary,AV_TW,Average tax wedge,PT_COS_LB,Percentage of labour costs,S_C0,"Single person, no children",AW100,100% of average wage,_Z,Not applicable,A,Annual,2024,,41.150442,,2,Two,0,Units,A,Normal value,_Z,Not applicable
DATAFLOW,OECD.CTP.TPS:DSD_TAX_WAGES_COMP@DF_TW_COMP(2.1),Labour taxation – OECD comparative country indicators,I,HUN,Hungary,AV_TW,Average tax wedge,PT_COS_LB,Percentage of labour costs,S_C0,"Single person, no children",AW100,100% of average wage,_Z,Not applicable,A,Annual,2023,,41.150442,,2,Two,0,Units,A,Normal value,_Z,Not applicable
DATAFLOW,OECD.CTP.TPS:DSD_TAX_WAGES_COMP@DF_TW_COMP(2.1),Labour taxation – OECD comparative country indicators,I,HUN,Hungary,AV_TW,Average tax wedge,PT_COS_LB,Percentage of labour costs,S_C0,"Single person, no children",AW100,100% of average wage,_Z,Not applicable,A,Annual,2022,,41.150442,,2,Two,0,Units,A,Normal value,_Z,Not applicable
DATAFLOW,OECD.CTP.TPS:DSD_TAX_WAGES_COMP@DF_TW_COMP(2.1),Labour taxation – OECD comparative country indicators,I,HUN,Hungary,AV_TW,Average tax wedge,PT_COS_LB,Percentage of labour costs,S_C0,"Single person, no children",AW100,100% of average wage,_Z,Not applicable,A,Annual,2021,,43.162393,,2,Two,0,Units,A,Normal value,_Z,Not applicable
DATAFLOW,OECD.CTP.TPS:DSD_TAX_WAGES_COMP@DF_TW_COMP(2.1),Labour taxation – OECD comparative country indicators,I,HUN,Hungary,AV_TW,Average tax wedge,PT_COS_LB,Percentage of labour costs,S_C0,"Single person, no children",AW100,100% of average wage,_Z,Not applicable,A,Annual,2020,,43.644068,,2,Two,0,Units,A,Normal value,_Z,Not applicable
DATAFLOW,OECD.CTP.TPS:DSD_TAX_WAGES_COMP@DF_TW_COMP(2.1),Labour taxation – OECD comparative country indicators,I,HUN,Hungary,AV_TW,Average tax wedge,PT_COS_LB,Percentage of labour costs,S_C0,"Single person, no children",AW100,100% of average wage,_Z,Not applicable,A,Annual,2019,,44.583333,,2,Two,0,Units,A,Normal value,_Z,Not applicable
DATAFLOW,OECD.CTP.TPS:DSD_TAX_WAGES_COMP@DF_TW_COMP(2.1),Labour taxation – OECD comparative country indicators,I,HUN,Hungary,AV_TW,Average tax wedge,PT_COS_LB,Percentage of labour costs,S_C0,"Single person, no children",AW100,100% of average wage,_Z,Not applicable,A,Annual,2018,,45.041322,,2,Two,0,Units,A,Normal value,_Z,Not applicable
DATAFLOW,OECD.CTP.TPS:DSD_TAX_WAGES_COMP@DF_TW_COMP(2.1),Labour taxation – OECD comparative country indicators,I,HUN,Hungary,AV_TW,Average tax wedge,PT_COS_LB,Percentage of labour costs,S_C0,"Single person, no children",AW100,100% of average wage,_Z,Not applicable,A,Annual,2017,,46.153846,,2,Two,0,Units,A,Normal value,_Z,Not applicable
DATAFLOW,OECD.CTP.TPS:DSD_TAX_WAGES_COMP@DF_TW_COMP(2.1),Labour taxation – OECD comparative country indicators,I,ISL,Iceland,AV_TW,Average tax wedge,PT_COS_LB,Percentage of labour costs,S_C0,"Single person, no children",AW100,100% of average wage,_Z,Not applicable,A,Annual,2025,,31.5141,,2,Two,0,Units,A,Normal value,_Z,Not applicable
DATAFLOW,OECD.CTP.TPS:DSD_TAX_WAGES_COMP@DF_TW_COMP(2.1),Labour taxation – OECD comparative country indicators,I,ISL,Iceland,AV_TW,Average tax wedge,PT_COS_LB,Percentage of labour costs,S_C0,"Single person, no children",AW100,100% of average wage,_Z,Not applicable,A,Annual,2024,,31.561991,,2,Two,0,Units,A,Normal value,_Z,Not applicable
DATAFLOW,OECD.CTP.TPS:DSD_TAX_WAGES_COMP@DF_TW_COMP(2.1),Labour taxation – OECD comparative country indicators,I,ISL,Iceland,AV_TW,Average tax wedge,PT_COS_LB,Percentage of labour costs,S_C0,"Single person, no children",AW100,100% of average wage,_Z,Not applicable,A,Annual,2023,,31.837661,,2,Two,0,Units,A,Normal value,_Z,Not applicable
DATAFLOW,OECD.CTP.TPS:DSD_TAX_WAGES_COMP@DF_TW_COMP(2.1),Labour taxation – OECD comparative country indicators,I,ISL,Iceland,AV_TW,Average tax wedge,PT_COS_LB,Percentage of labour costs,S_C0,"Single person, no children",AW100,100% of average wage,_Z,Not applicable,A,Annual,2022,,32.099208,,2,Two,0,Units,A,Normal value,_Z,Not applicable
DATAFLOW,OECD.CTP.TPS:DSD_TAX_WAGES_COMP@DF_TW_COMP(2.1),Labour taxation – OECD comparative country indicators,I,ISL,Iceland,AV_TW,Average tax wedge,PT_COS_LB,Percentage of labour costs,S_C0,"Single person, no children",AW100,100% of average wage,_Z,Not applicable,A,Annual,2021,,31.969001,,2,Two,0,Units,A,Normal value,_Z,Not applicable
DATAFLOW,OECD.CTP.TPS:DSD_TAX_WAGES_COMP@DF_TW_COMP(2.1),Labour taxation – OECD comparative country indicators,I,ISL,Iceland,AV_TW,Average tax wedge,PT_COS_LB,Percentage of labour costs,S_C0,"Single person, no children",AW100,100% of average wage,_Z,Not applicable,A,Annual,2020,,32.504858,,2,Two,0,Units,A,Normal value,_Z,Not applicable
DATAFLOW,OECD.CTP.TPS:DSD_TAX_WAGES_COMP@DF_TW_COMP(2.1),Labour taxation – OECD comparative country indicators,I,ISL,Iceland,AV_TW,Average tax wedge,PT_COS_LB,Percentage of labour costs,S_C0,"Single person, no children",AW100,100% of average wage,_Z,Not applicable,A,Annual,2019,,32.742695,,2,Two,0,Units,A,Normal value,_Z,Not applicable
DATAFLOW,OECD.CTP.TPS:DSD_TAX_WAGES_COMP@DF_TW_COMP(2.1),Labour taxation – OECD comparative country indicators,I,ISL,Iceland,AV_TW,Average tax wedge,PT_COS_LB,Percentage of labour costs,S_C0,"Single person, no children",AW100,100% of average wage,_Z,Not applicable,A,Annual,2018,,32.900425,,2,Two,0,Units,A,Normal value,_Z,Not applicable
DATAFLOW,OECD.CTP.TPS:DSD_TAX_WAGES_COMP@DF_TW_COMP(2.1),Labour taxation – OECD comparative country indicators,I,ISL,Iceland,AV_TW,Average tax wedge,PT_COS_LB,Percentage of labour costs,S_C0,"Single person, no children",AW100,100% of average wage,_Z,Not applicable,A,Annual,2017,,32.845351,,2,Two,0,Units,A,Normal value,_Z,Not applicable
DATAFLOW,OECD.CTP.TPS:DSD_TAX_WAGES_COMP@DF_TW_COMP(2.1),Labour taxation – OECD comparative country indicators,I,IRL,Ireland,AV_TW,Average tax wedge,PT_COS_LB,Percentage of labour costs,S_C0,"Single person, no children",AW100,100% of average wage,_Z,Not applicable,A,Annual,2025,,32.632786,,2,Two,0,Units,A,Normal value,_Z,Not applicable
DATAFLOW,OECD.CTP.TPS:DSD_TAX_WAGES_COMP@DF_TW_COMP(2.1),Labour taxation – OECD comparative country indicators,I,IRL,Ireland,AV_TW,Average tax wedge,PT_COS_LB,Percentage of labour costs,S_C0,"Single person, no children",AW100,100% of average wage,_Z,Not applicable,A,Annual,2024,,33.262234,,2,Two,0,Units,A,Normal value,_Z,Not applicable
DATAFLOW,OECD.CTP.TPS:DSD_TAX_WAGES_COMP@DF_TW_COMP(2.1),Labour taxation – OECD comparative country indicators,I,IRL,Ireland,AV_TW,Average tax wedge,PT_COS_LB,Percentage of labour costs,S_C0,"Single person, no children",AW100,100% of average wage,_Z,Not applicable,A,Annual,2023,,33.705834,,2,Two,0,Units,A,Normal value,_Z,Not applicable
DATAFLOW,OECD.CTP.TPS:DSD_TAX_WAGES_COMP@DF_TW_COMP(2.1),Labour taxation – OECD comparative country indicators,I,IRL,Ireland,AV_TW,Average tax wedge,PT_COS_LB,Percentage of labour costs,S_C0,"Single person, no children",AW100,100% of average wage,_Z,Not applicable,A,Annual,2022,,33.762553,,2,Two,0,Units,A,Normal value,_Z,Not applicable
DATAFLOW,OECD.CTP.TPS:DSD_TAX_WAGES_COMP@DF_TW_COMP(2.1),Labour taxation – OECD comparative country indicators,I,IRL,Ireland,AV_TW,Average tax wedge,PT_COS_LB,Percentage of labour costs,S_C0,"Single person, no children",AW100,100% of average wage,_Z,Not applicable,A,Annual,2021,,34.022682,,2,Two,0,Units,A,Normal value,_Z,Not applicable
DATAFLOW,OECD.CTP.TPS:DSD_TAX_WAGES_COMP@DF_TW_COMP(2.1),Labour taxation – OECD comparative country indicators,I,IRL,Ireland,AV_TW,Average tax wedge,PT_COS_LB,Percentage of labour costs,S_C0,"Single person, no children",AW100,100% of average wage,_Z,Not applicable,A,Annual,2020,,33.482734,,2,Two,0,Units,A,Normal value,_Z,Not applicable
DATAFLOW,OECD.CTP.TPS:DSD_TAX_WAGES_COMP@DF_TW_COMP(2.1),Labour taxation – OECD comparative country indicators,I,IRL,Ireland,AV_TW,Average tax wedge,PT_COS_LB,Percentage of labour costs,S_C0,"Single person, no children",AW100,100% of average wage,_Z,Not applicable,A,Annual,2019,,32.926857,,2,Two,0,Units,A,Normal value,_Z,Not applicable
DATAFLOW,OECD.CTP.TPS:DSD_TAX_WAGES_COMP@DF_TW_COMP(2.1),Labour taxation – OECD comparative country indicators,I,IRL,Ireland,AV_TW,Average tax wedge,PT_COS_LB,Percentage of labour costs,S_C0,"Single person, no children",AW100,100% of average wage,_Z,Not applicable,A,Annual,2018,,32.901447,,2,Two,0,Units,A,Normal value,_Z,Not applicable
DATAFLOW,OECD.CTP.TPS:DSD_TAX_WAGES_COMP@DF_TW_COMP(2.1),Labour taxation – OECD comparative country indicators,I,IRL,Ireland,AV_TW,Average tax wedge,PT_COS_LB,Percentage of labour costs,S_C0,"Single person, no children",AW100,100% of average wage,_Z,Not applicable,A,Annual,2017,,32.580372,,2,Two,0,Units,A,Normal value,_Z,Not applicable
DATAFLOW,OECD.CTP.TPS:DSD_TAX_WAGES_COMP@DF_TW_COMP(2.1),Labour taxation – OECD comparative country indicators,I,ISR,Israel,AV_TW,Average tax wedge,PT_COS_LB,Percentage of labour costs,S_C0,"Single person, no children",AW100,100% of average wage,_Z,Not applicable,A,Annual,2025,,26.068308,,2,Two,0,Units,A,Normal value,_Z,Not applicable
DATAFLOW,OECD.CTP.TPS:DSD_TAX_WAGES_COMP@DF_TW_COMP(2.1),Labour taxation – OECD comparative country indicators,I,ISR,Israel,AV_TW,Average tax wedge,PT_COS_LB,Percentage of labour costs,S_C0,"Single person, no children",AW100,100% of average wage,_Z,Not applicable,A,Annual,2024,,24.983014,,2,Two,0,Units,A,Normal value,_Z,Not applicable
DATAFLOW,OECD.CTP.TPS:DSD_TAX_WAGES_COMP@DF_TW_COMP(2.1),Labour taxation – OECD comparative country indicators,I,ISR,Israel,AV_TW,Average tax wedge,PT_COS_LB,Percentage of labour costs,S_C0,"Single person, no children",AW100,100% of average wage,_Z,Not applicable,A,Annual,2023,,24.047553,,2,Two,0,Units,A,Normal value,_Z,Not applicable
DATAFLOW,OECD.CTP.TPS:DSD_TAX_WAGES_COMP@DF_TW_COMP(2.1),Labour taxation – OECD comparative country indicators,I,ISR,Israel,AV_TW,Average tax wedge,PT_COS_LB,Percentage of labour costs,S_C0,"Single person, no children",AW100,100% of average wage,_Z,Not applicable,A,Annual,2022,,24.665209,,2,Two,0,Units,A,Normal value,_Z,Not applicable
DATAFLOW,OECD.CTP.TPS:DSD_TAX_WAGES_COMP@DF_TW_COMP(2.1),Labour taxation – OECD comparative country indicators,I,ISR,Israel,AV_TW,Average tax wedge,PT_COS_LB,Percentage of labour costs,S_C0,"Single person, no children",AW100,100% of average wage,_Z,Not applicable,A,Annual,2021,,23.575029,,2,Two,0,Units,A,Normal value,_Z,Not applicable
DATAFLOW,OECD.CTP.TPS:DSD_TAX_WAGES_COMP@DF_TW_COMP(2.1),Labour taxation – OECD comparative country indicators,I,ISR,Israel,AV_TW,Average tax wedge,PT_COS_LB,Percentage of labour costs,S_C0,"Single person, no children",AW100,100% of average wage,_Z,Not applicable,A,Annual,2020,,22.730846,,2,Two,0,Units,A,Normal value,_Z,Not applicable
DATAFLOW,OECD.CTP.TPS:DSD_TAX_WAGES_COMP@DF_TW_COMP(2.1),Labour taxation – OECD comparative country indicators,I,ISR,Israel,AV_TW,Average tax wedge,PT_COS_LB,Percentage of labour costs,S_C0,"Single person, no children",AW100,100% of average wage,_Z,Not applicable,A,Annual,2019,,22.472004,,2,Two,0,Units,A,Normal value,_Z,Not applicable
DATAFLOW,OECD.CTP.TPS:DSD_TAX_WAGES_COMP@DF_TW_COMP(2.1),Labour taxation – OECD comparative country indicators,I,ISR,Israel,AV_TW,Average tax wedge,PT_COS_LB,Percentage of labour costs,S_C0,"Single person, no children",AW100,100% of average wage,_Z,Not applicable,A,Annual,2018,,21.982628,,2,Two,0,Units,A,Normal value,_Z,Not applicable
DATAFLOW,OECD.CTP.TPS:DSD_TAX_WAGES_COMP@DF_TW_COMP(2.1),Labour taxation – OECD comparative country indicators,I,ISR,Israel,AV_TW,Average tax wedge,PT_COS_LB,Percentage of labour costs,S_C0,"Single person, no children",AW100,100% of average wage,_Z,Not applicable,A,Annual,2017,,22.07336,,2,Two,0,Units,A,Normal value,_Z,Not applicable
DATAFLOW,OECD.CTP.TPS:DSD_TAX_WAGES_COMP@DF_TW_COMP(2.1),Labour taxation – OECD comparative country indicators,I,ITA,Italy,AV_TW,Average tax wedge,PT_COS_LB,Percentage of labour costs,S_C0,"Single person, no children",AW100,100% of average wage,_Z,Not applicable,A,Annual,2025,,45.75739,,2,Two,0,Units,A,Normal value,_Z,Not applicable
DATAFLOW,OECD.CTP.TPS:DSD_TAX_WAGES_COMP@DF_TW_COMP(2.1),Labour taxation – OECD comparative country indicators,I,ITA,Italy,AV_TW,Average tax wedge,PT_COS_LB,Percentage of labour costs,S_C0,"Single person, no children",AW100,100% of average wage,_Z,Not applicable,A,Annual,2024,,46.962943,,2,Two,0,Units,A,Normal value,_Z,Not applicable
DATAFLOW,OECD.CTP.TPS:DSD_TAX_WAGES_COMP@DF_TW_COMP(2.1),Labour taxation – OECD comparative country indicators,I,ITA,Italy,AV_TW,Average tax wedge,PT_COS_LB,Percentage of labour costs,S_C0,"Single person, no children",AW100,100% of average wage,_Z,Not applicable,A,Annual,2023,,45.479195,,2,Two,0,Units,A,Normal value,_Z,Not applicable
DATAFLOW,OECD.CTP.TPS:DSD_TAX_WAGES_COMP@DF_TW_COMP(2.1),Labour taxation – OECD comparative country indicators,I,ITA,Italy,AV_TW,Average tax wedge,PT_COS_LB,Percentage of labour costs,S_C0,"Single person, no children",AW100,100% of average wage,_Z,Not applicable,A,Annual,2022,,45.621851,,2,Two,0,Units,A,Normal value,_Z,Not applicable
DATAFLOW,OECD.CTP.TPS:DSD_TAX_WAGES_COMP@DF_TW_COMP(2.1),Labour taxation – OECD comparative country indicators,I,ITA,Italy,AV_TW,Average tax wedge,PT_COS_LB,Percentage of labour costs,S_C0,"Single person, no children",AW100,100% of average wage,_Z,Not applicable,A,Annual,2021,,46.03393,,2,Two,0,Units,A,Normal value,_Z,Not applicable
DATAFLOW,OECD.CTP.TPS:DSD_TAX_WAGES_COMP@DF_TW_COMP(2.1),Labour taxation – OECD comparative country indicators,I,ITA,Italy,AV_TW,Average tax wedge,PT_COS_LB,Percentage of labour costs,S_C0,"Single person, no children",AW100,100% of average wage,_Z,Not applicable,A,Annual,2020,,46.903075,,2,Two,0,Units,A,Normal value,_Z,Not applicable
DATAFLOW,OECD.CTP.TPS:DSD_TAX_WAGES_COMP@DF_TW_COMP(2.1),Labour taxation – OECD comparative country indicators,I,ITA,Italy,AV_TW,Average tax wedge,PT_COS_LB,Percentage of labour costs,S_C0,"Single person, no children",AW100,100% of average wage,_Z,Not applicable,A,Annual,2019,,47.910345,,2,Two,0,Units,A,Normal value,_Z,Not applicable
DATAFLOW,OECD.CTP.TPS:DSD_TAX_WAGES_COMP@DF_TW_COMP(2.1),Labour taxation – OECD comparative country indicators,I,ITA,Italy,AV_TW,Average tax wedge,PT_COS_LB,Percentage of labour costs,S_C0,"Single person, no children",AW100,100% of average wage,_Z,Not applicable,A,Annual,2018,,47.729699,,2,Two,0,Units,A,Normal value,_Z,Not applicable
DATAFLOW,OECD.CTP.TPS:DSD_TAX_WAGES_COMP@DF_TW_COMP(2.1),Labour taxation – OECD comparative country indicators,I,ITA,Italy,AV_TW,Average tax wedge,PT_COS_LB,Percentage of labour costs,S_C0,"Single person, no children",AW100,100% of average wage,_Z,Not applicable,A,Annual,2017,,47.66339,,2,Two,0,Units,A,Normal value,_Z,Not applicable
DATAFLOW,OECD.CTP.TPS:DSD_TAX_WAGES_COMP@DF_TW_COMP(2.1),Labour taxation – OECD comparative country indicators,I,JPN,Japan,AV_TW,Average tax wedge,PT_COS_LB,Percentage of labour costs,S_C0,"Single person, no children",AW100,100% of average wage,_Z,Not applicable,A,Annual,2025,,33.120042,,2,Two,0,Units,A,Normal value,_Z,Not applicable
DATAFLOW,OECD.CTP.TPS:DSD_TAX_WAGES_COMP@DF_TW_COMP(2.1),Labour taxation – OECD comparative country indicators,I,JPN,Japan,AV_TW,Average tax wedge,PT_COS_LB,Percentage of labour costs,S_C0,"Single person, no children",AW100,100% of average wage,_Z,Not applicable,A,Annual,2024,,32.731265,,2,Two,0,Units,A,Normal value,_Z,Not applicable
DATAFLOW,OECD.CTP.TPS:DSD_TAX_WAGES_COMP@DF_TW_COMP(2.1),Labour taxation – OECD comparative country indicators,I,JPN,Japan,AV_TW,Average tax wedge,PT_COS_LB,Percentage of labour costs,S_C0,"Single person, no children",AW100,100% of average wage,_Z,Not applicable,A,Annual,2023,,33.036641,,2,Two,0,Units,A,Normal value,_Z,Not applicable
DATAFLOW,OECD.CTP.TPS:DSD_TAX_WAGES_COMP@DF_TW_COMP(2.1),Labour taxation – OECD comparative country indicators,I,JPN,Japan,AV_TW,Average tax wedge,PT_COS_LB,Percentage of labour costs,S_C0,"Single person, no children",AW100,100% of average wage,_Z,Not applicable,A,Annual,2022,,32.65894,,2,Two,0,Units,A,Normal value,_Z,Not applicable
DATAFLOW,OECD.CTP.TPS:DSD_TAX_WAGES_COMP@DF_TW_COMP(2.1),Labour taxation – OECD comparative country indicators,I,JPN,Japan,AV_TW,Average tax wedge,PT_COS_LB,Percentage of labour costs,S_C0,"Single person, no children",AW100,100% of average wage,_Z,Not applicable,A,Annual,2021,,32.58484,,2,Two,0,Units,A,Normal value,_Z,Not applicable
DATAFLOW,OECD.CTP.TPS:DSD_TAX_WAGES_COMP@DF_TW_COMP(2.1),Labour taxation – OECD comparative country indicators,I,JPN,Japan,AV_TW,Average tax wedge,PT_COS_LB,Percentage of labour costs,S_C0,"Single person, no children",AW100,100% of average wage,_Z,Not applicable,A,Annual,2020,,32.580931,,2,Two,0,Units,A,Normal value,_Z,Not applicable
DATAFLOW,OECD.CTP.TPS:DSD_TAX_WAGES_COMP@DF_TW_COMP(2.1),Labour taxation – OECD comparative country indicators,I,JPN,Japan,AV_TW,Average tax wedge,PT_COS_LB,Percentage of labour costs,S_C0,"Single person, no children",AW100,100% of average wage,_Z,Not applicable,A,Annual,2019,,32.698259,,2,Two,0,Units,A,Normal value,_Z,Not applicable
DATAFLOW,OECD.CTP.TPS:DSD_TAX_WAGES_COMP@DF_TW_COMP(2.1),Labour taxation – OECD comparative country indicators,I,JPN,Japan,AV_TW,Average tax wedge,PT_COS_LB,Percentage of labour costs,S_C0,"Single person, no children",AW100,100% of average wage,_Z,Not applicable,A,Annual,2018,,32.655921,,2,Two,0,Units,A,Normal value,_Z,Not applicable
DATAFLOW,OECD.CTP.TPS:DSD_TAX_WAGES_COMP@DF_TW_COMP(2.1),Labour taxation – OECD comparative country indicators,I,JPN,Japan,AV_TW,Average tax wedge,PT_COS_LB,Percentage of labour costs,S_C0,"Single person, no children",AW100,100% of average wage,_Z,Not applicable,A,Annual,2017,,32.515095,,2,Two,0,Units,A,Normal value,_Z,Not applicable
DATAFLOW,OECD.CTP.TPS:DSD_TAX_WAGES_COMP@DF_TW_COMP(2.1),Labour taxation – OECD comparative country indicators,I,KOR,Korea,AV_TW,Average tax wedge,PT_COS_LB,Percentage of labour costs,S_C0,"Single person, no children",AW100,100% of average wage,_Z,Not applicable,A,Annual,2025,,24.84957,,2,Two,0,Units,A,Normal value,_Z,Not applicable
DATAFLOW,OECD.CTP.TPS:DSD_TAX_WAGES_COMP@DF_TW_COMP(2.1),Labour taxation – OECD comparative country indicators,I,KOR,Korea,AV_TW,Average tax wedge,PT_COS_LB,Percentage of labour costs,S_C0,"Single person, no children",AW100,100% of average wage,_Z,Not applicable,A,Annual,2024,,24.717943,,2,Two,0,Units,A,Normal value,_Z,Not applicable
DATAFLOW,OECD.CTP.TPS:DSD_TAX_WAGES_COMP@DF_TW_COMP(2.1),Labour taxation – OECD comparative country indicators,I,KOR,Korea,AV_TW,Average tax wedge,PT_COS_LB,Percentage of labour costs,S_C0,"Single person, no children",AW100,100% of average wage,_Z,Not applicable,A,Annual,2023,,24.494527,,2,Two,0,Units,A,Normal value,_Z,Not applicable
DATAFLOW,OECD.CTP.TPS:DSD_TAX_WAGES_COMP@DF_TW_COMP(2.1),Labour taxation – OECD comparative country indicators,I,KOR,Korea,AV_TW,Average tax wedge,PT_COS_LB,Percentage of labour costs,S_C0,"Single person, no children",AW100,100% of average wage,_Z,Not applicable,A,Annual,2022,,24.485414,,2,Two,0,Units,A,Normal value,_Z,Not applicable
DATAFLOW,OECD.CTP.TPS:DSD_TAX_WAGES_COMP@DF_TW_COMP(2.1),Labour taxation – OECD comparative country indicators,I,KOR,Korea,AV_TW,Average tax wedge,PT_COS_LB,Percentage of labour costs,S_C0,"Single person, no children",AW100,100% of average wage,_Z,Not applicable,A,Annual,2021,,23.937368,,2,Two,0,Units,A,Normal value,_Z,Not applicable
DATAFLOW,OECD.CTP.TPS:DSD_TAX_WAGES_COMP@DF_TW_COMP(2.1),Labour taxation – OECD comparative country indicators,I,KOR,Korea,AV_TW,Average tax wedge,PT_COS_LB,Percentage of labour costs,S_C0,"Single person, no children",AW100,100% of average wage,_Z,Not applicable,A,Annual,2020,,23.372306,,2,Two,0,Units,A,Normal value,_Z,Not applicable
DATAFLOW,OECD.CTP.TPS:DSD_TAX_WAGES_COMP@DF_TW_COMP(2.1),Labour taxation – OECD comparative country indicators,I,KOR,Korea,AV_TW,Average tax wedge,PT_COS_LB,Percentage of labour costs,S_C0,"Single person, no children",AW100,100% of average wage,_Z,Not applicable,A,Annual,2019,,22.948979,,2,Two,0,Units,A,Normal value,_Z,Not applicable
DATAFLOW,OECD.CTP.TPS:DSD_TAX_WAGES_COMP@DF_TW_COMP(2.1),Labour taxation – OECD comparative country indicators,I,KOR,Korea,AV_TW,Average tax wedge,PT_COS_LB,Percentage of labour costs,S_C0,"Single person, no children",AW100,100% of average wage,_Z,Not applicable,A,Annual,2018,,22.444356,,2,Two,0,Units,A,Normal value,_Z,Not applicable
DATAFLOW,OECD.CTP.TPS:DSD_TAX_WAGES_COMP@DF_TW_COMP(2.1),Labour taxation – OECD comparative country indicators,I,KOR,Korea,AV_TW,Average tax wedge,PT_COS_LB,Percentage of labour costs,S_C0,"Single person, no children",AW100,100% of average wage,_Z,Not applicable,A,Annual,2017,,22.012269,,2,Two,0,Units,A,Normal value,_Z,Not applicable
DATAFLOW,OECD.CTP.TPS:DSD_TAX_WAGES_COMP@DF_TW_COMP(2.1),Labour taxation – OECD comparative country indicators,I,LVA,Latvia,AV_TW,Average tax wedge,PT_COS_LB,Percentage of labour costs,S_C0,"Single person, no children",AW100,100% of average wage,_Z,Not applicable,A,Annual,2025,,40.136771,,2,Two,0,Units,A,Normal value,_Z,Not applicable
DATAFLOW,OECD.CTP.TPS:DSD_TAX_WAGES_COMP@DF_TW_COMP(2.1),Labour taxation – OECD comparative country indicators,I,LVA,Latvia,AV_TW,Average tax wedge,PT_COS_LB,Percentage of labour costs,S_C0,"Single person, no children",AW100,100% of average wage,_Z,Not applicable,A,Annual,2024,,41.576111,,2,Two,0,Units,A,Normal value,_Z,Not applicable
DATAFLOW,OECD.CTP.TPS:DSD_TAX_WAGES_COMP@DF_TW_COMP(2.1),Labour taxation – OECD comparative country indicators,I,LVA,Latvia,AV_TW,Average tax wedge,PT_COS_LB,Percentage of labour costs,S_C0,"Single person, no children",AW100,100% of average wage,_Z,Not applicable,A,Annual,2023,,40.993689,,2,Two,0,Units,A,Normal value,_Z,Not applicable
DATAFLOW,OECD.CTP.TPS:DSD_TAX_WAGES_COMP@DF_TW_COMP(2.1),Labour taxation – OECD comparative country indicators,I,LVA,Latvia,AV_TW,Average tax wedge,PT_COS_LB,Percentage of labour costs,S_C0,"Single person, no children",AW100,100% of average wage,_Z,Not applicable,A,Annual,2022,,40.443898,,2,Two,0,Units,A,Normal value,_Z,Not applicable
DATAFLOW,OECD.CTP.TPS:DSD_TAX_WAGES_COMP@DF_TW_COMP(2.1),Labour taxation – OECD comparative country indicators,I,LVA,Latvia,AV_TW,Average tax wedge,PT_COS_LB,Percentage of labour costs,S_C0,"Single person, no children",AW100,100% of average wage,_Z,Not applicable,A,Annual,2021,,40.534127,,2,Two,0,Units,A,Normal value,_Z,Not applicable
DATAFLOW,OECD.CTP.TPS:DSD_TAX_WAGES_COMP@DF_TW_COMP(2.1),Labour taxation – OECD comparative country indicators,I,LVA,Latvia,AV_TW,Average tax wedge,PT_COS_LB,Percentage of labour costs,S_C0,"Single person, no children",AW100,100% of average wage,_Z,Not applicable,A,Annual,2020,,42.260682,,2,Two,0,Units,A,Normal value,_Z,Not applicable
DATAFLOW,OECD.CTP.TPS:DSD_TAX_WAGES_COMP@DF_TW_COMP(2.1),Labour taxation – OECD comparative country indicators,I,LVA,Latvia,AV_TW,Average tax wedge,PT_COS_LB,Percentage of labour costs,S_C0,"Single person, no children",AW100,100% of average wage,_Z,Not applicable,A,Annual,2019,,42.464223,,2,Two,0,Units,A,Normal value,_Z,Not applicable
DATAFLOW,OECD.CTP.TPS:DSD_TAX_WAGES_COMP@DF_TW_COMP(2.1),Labour taxation – OECD comparative country indicators,I,LVA,Latvia,AV_TW,Average tax wedge,PT_COS_LB,Percentage of labour costs,S_C0,"Single person, no children",AW100,100% of average wage,_Z,Not applicable,A,Annual,2018,,42.586822,,2,Two,0,Units,A,Normal value,_Z,Not applicable
DATAFLOW,OECD.CTP.TPS:DSD_TAX_WAGES_COMP@DF_TW_COMP(2.1),Labour taxation – OECD comparative country indicators,I,LVA,Latvia,AV_TW,Average tax wedge,PT_COS_LB,Percentage of labour costs,S_C0,"Single person, no children",AW100,100% of average wage,_Z,Not applicable,A,Annual,2017,,42.741284,,2,Two,0,Units,A,Normal value,_Z,Not applicable
DATAFLOW,OECD.CTP.TPS:DSD_TAX_WAGES_COMP@DF_TW_COMP(2.1),Labour taxation – OECD comparative country indicators,I,LTU,Lithuania,AV_TW,Average tax wedge,PT_COS_LB,Percentage of labour costs,S_C0,"Single person, no children",AW100,100% of average wage,_Z,Not applicable,A,Annual,2025,,39.794245,,2,Two,0,Units,A,Normal value,_Z,Not applicable
DATAFLOW,OECD.CTP.TPS:DSD_TAX_WAGES_COMP@DF_TW_COMP(2.1),Labour taxation – OECD comparative country indicators,I,LTU,Lithuania,AV_TW,Average tax wedge,PT_COS_LB,Percentage of labour costs,S_C0,"Single person, no children",AW100,100% of average wage,_Z,Not applicable,A,Annual,2024,,39.417385,,2,Two,0,Units,A,Normal value,_Z,Not applicable
DATAFLOW,OECD.CTP.TPS:DSD_TAX_WAGES_COMP@DF_TW_COMP(2.1),Labour taxation – OECD comparative country indicators,I,LTU,Lithuania,AV_TW,Average tax wedge,PT_COS_LB,Percentage of labour costs,S_C0,"Single person, no children",AW100,100% of average wage,_Z,Not applicable,A,Annual,2023,,38.994558,,2,Two,0,Units,A,Normal value,_Z,Not applicable
DATAFLOW,OECD.CTP.TPS:DSD_TAX_WAGES_COMP@DF_TW_COMP(2.1),Labour taxation – OECD comparative country indicators,I,LTU,Lithuania,AV_TW,Average tax wedge,PT_COS_LB,Percentage of labour costs,S_C0,"Single person, no children",AW100,100% of average wage,_Z,Not applicable,A,Annual,2022,,38.365517,,2,Two,0,Units,A,Normal value,_Z,Not applicable
DATAFLOW,OECD.CTP.TPS:DSD_TAX_WAGES_COMP@DF_TW_COMP(2.1),Labour taxation – OECD comparative country indicators,I,LTU,Lithuania,AV_TW,Average tax wedge,PT_COS_LB,Percentage of labour costs,S_C0,"Single person, no children",AW100,100% of average wage,_Z,Not applicable,A,Annual,2021,,37.551252,,2,Two,0,Units,A,Normal value,_Z,Not applicable
DATAFLOW,OECD.CTP.TPS:DSD_TAX_WAGES_COMP@DF_TW_COMP(2.1),Labour taxation – OECD comparative country indicators,I,LTU,Lithuania,AV_TW,Average tax wedge,PT_COS_LB,Percentage of labour costs,S_C0,"Single person, no children",AW100,100% of average wage,_Z,Not applicable,A,Annual,2020,,37.083749,,2,Two,0,Units,A,Normal value,_Z,Not applicable
DATAFLOW,OECD.CTP.TPS:DSD_TAX_WAGES_COMP@DF_TW_COMP(2.1),Labour taxation – OECD comparative country indicators,I,LTU,Lithuania,AV_TW,Average tax wedge,PT_COS_LB,Percentage of labour costs,S_C0,"Single person, no children",AW100,100% of average wage,_Z,Not applicable,A,Annual,2019,,37.65676,,2,Two,0,Units,A,Normal value,_Z,Not applicable
DATAFLOW,OECD.CTP.TPS:DSD_TAX_WAGES_COMP@DF_TW_COMP(2.1),Labour taxation – OECD comparative country indicators,I,LTU,Lithuania,AV_TW,Average tax wedge,PT_COS_LB,Percentage of labour costs,S_C0,"Single person, no children",AW100,100% of average wage,_Z,Not applicable,A,Annual,2018,,40.661338,,2,Two,0,Units,A,Normal value,_Z,Not applicable
DATAFLOW,OECD.CTP.TPS:DSD_TAX_WAGES_COMP@DF_TW_COMP(2.1),Labour taxation – OECD comparative country indicators,I,LTU,Lithuania,AV_TW,Average tax wedge,PT_COS_LB,Percentage of labour costs,S_C0,"Single person, no children",AW100,100% of average wage,_Z,Not applicable,A,Annual,2017,,41.074653,,2,Two,0,Units,A,Normal value,_Z,Not applicable
DATAFLOW,OECD.CTP.TPS:DSD_TAX_WAGES_COMP@DF_TW_COMP(2.1),Labour taxation – OECD comparative country indicators,I,LUX,Luxembourg,AV_TW,Average tax wedge,PT_COS_LB,Percentage of labour costs,S_C0,"Single person, no children",AW100,100% of average wage,_Z,Not applicable,A,Annual,2025,,40.160389,,2,Two,0,Units,A,Normal value,_Z,Not applicable
DATAFLOW,OECD.CTP.TPS:DSD_TAX_WAGES_COMP@DF_TW_COMP(2.1),Labour taxation – OECD comparative country indicators,I,LUX,Luxembourg,AV_TW,Average tax wedge,PT_COS_LB,Percentage of labour costs,S_C0,"Single person, no children",AW100,100% of average wage,_Z,Not applicable,A,Annual,2024,,39.92337,,2,Two,0,Units,A,Normal value,_Z,Not applicable
DATAFLOW,OECD.CTP.TPS:DSD_TAX_WAGES_COMP@DF_TW_COMP(2.1),Labour taxation – OECD comparative country indicators,I,LUX,Luxembourg,AV_TW,Average tax wedge,PT_COS_LB,Percentage of labour costs,S_C0,"Single person, no children",AW100,100% of average wage,_Z,Not applicable,A,Annual,2023,,41.234961,,2,Two,0,Units,A,Normal value,_Z,Not applicable
DATAFLOW,OECD.CTP.TPS:DSD_TAX_WAGES_COMP@DF_TW_COMP(2.1),Labour taxation – OECD comparative country indicators,I,LUX,Luxembourg,AV_TW,Average tax wedge,PT_COS_LB,Percentage of labour costs,S_C0,"Single person, no children",AW100,100% of average wage,_Z,Not applicable,A,Annual,2022,,39.944446,,2,Two,0,Units,A,Normal value,_Z,Not applicable
DATAFLOW,OECD.CTP.TPS:DSD_TAX_WAGES_COMP@DF_TW_COMP(2.1),Labour taxation – OECD comparative country indicators,I,LUX,Luxembourg,AV_TW,Average tax wedge,PT_COS_LB,Percentage of labour costs,S_C0,"Single person, no children",AW100,100% of average wage,_Z,Not applicable,A,Annual,2021,,39.75318,,2,Two,0,Units,A,Normal value,_Z,Not applicable
DATAFLOW,OECD.CTP.TPS:DSD_TAX_WAGES_COMP@DF_TW_COMP(2.1),Labour taxation – OECD comparative country indicators,I,LUX,Luxembourg,AV_TW,Average tax wedge,PT_COS_LB,Percentage of labour costs,S_C0,"Single person, no children",AW100,100% of average wage,_Z,Not applicable,A,Annual,2020,,39.45275,,2,Two,0,Units,A,Normal value,_Z,Not applicable
DATAFLOW,OECD.CTP.TPS:DSD_TAX_WAGES_COMP@DF_TW_COMP(2.1),Labour taxation – OECD comparative country indicators,I,LUX,Luxembourg,AV_TW,Average tax wedge,PT_COS_LB,Percentage of labour costs,S_C0,"Single person, no children",AW100,100% of average wage,_Z,Not applicable,A,Annual,2019,,38.459965,,2,Two,0,Units,A,Normal value,_Z,Not applicable
DATAFLOW,OECD.CTP.TPS:DSD_TAX_WAGES_COMP@DF_TW_COMP(2.1),Labour taxation – OECD comparative country indicators,I,LUX,Luxembourg,AV_TW,Average tax wedge,PT_COS_LB,Percentage of labour costs,S_C0,"Single person, no children",AW100,100% of average wage,_Z,Not applicable,A,Annual,2018,,38.234213,,2,Two,0,Units,A,Normal value,_Z,Not applicable
DATAFLOW,OECD.CTP.TPS:DSD_TAX_WAGES_COMP@DF_TW_COMP(2.1),Labour taxation – OECD comparative country indicators,I,LUX,Luxembourg,AV_TW,Average tax wedge,PT_COS_LB,Percentage of labour costs,S_C0,"Single person, no children",AW100,100% of average wage,_Z,Not applicable,A,Annual,2017,,37.792258,,2,Two,0,Units,A,Normal value,_Z,Not applicable
DATAFLOW,OECD.CTP.TPS:DSD_TAX_WAGES_COMP@DF_TW_COMP(2.1),Labour taxation – OECD comparative country indicators,I,MEX,Mexico,AV_TW,Average tax wedge,PT_COS_LB,Percentage of labour costs,S_C0,"Single person, no children",AW100,100% of average wage,_Z,Not applicable,A,Annual,2025,,21.651066,,2,Two,0,Units,A,Normal value,_Z,Not applicable
DATAFLOW,OECD.CTP.TPS:DSD_TAX_WAGES_COMP@DF_TW_COMP(2.1),Labour taxation – OECD comparative country indicators,I,MEX,Mexico,AV_TW,Average tax wedge,PT_COS_LB,Percentage of labour costs,S_C0,"Single person, no children",AW100,100% of average wage,_Z,Not applicable,A,Annual,2024,,21.289172,,2,Two,0,Units,A,Normal value,_Z,Not applicable
DATAFLOW,OECD.CTP.TPS:DSD_TAX_WAGES_COMP@DF_TW_COMP(2.1),Labour taxation – OECD comparative country indicators,I,MEX,Mexico,AV_TW,Average tax wedge,PT_COS_LB,Percentage of labour costs,S_C0,"Single person, no children",AW100,100% of average wage,_Z,Not applicable,A,Annual,2023,,20.502771,,2,Two,0,Units,A,Normal value,_Z,Not applicable
DATAFLOW,OECD.CTP.TPS:DSD_TAX_WAGES_COMP@DF_TW_COMP(2.1),Labour taxation – OECD comparative country indicators,I,MEX,Mexico,AV_TW,Average tax wedge,PT_COS_LB,Percentage of labour costs,S_C0,"Single person, no children",AW100,100% of average wage,_Z,Not applicable,A,Annual,2022,,20.960599,,2,Two,0,Units,A,Normal value,_Z,Not applicable
DATAFLOW,OECD.CTP.TPS:DSD_TAX_WAGES_COMP@DF_TW_COMP(2.1),Labour taxation – OECD comparative country indicators,I,MEX,Mexico,AV_TW,Average tax wedge,PT_COS_LB,Percentage of labour costs,S_C0,"Single person, no children",AW100,100% of average wage,_Z,Not applicable,A,Annual,2021,,20.216345,,2,Two,0,Units,A,Normal value,_Z,Not applicable
DATAFLOW,OECD.CTP.TPS:DSD_TAX_WAGES_COMP@DF_TW_COMP(2.1),Labour taxation – OECD comparative country indicators,I,MEX,Mexico,AV_TW,Average tax wedge,PT_COS_LB,Percentage of labour costs,S_C0,"Single person, no children",AW100,100% of average wage,_Z,Not applicable,A,Annual,2020,,20.405208,,2,Two,0,Units,A,Normal value,_Z,Not applicable
DATAFLOW,OECD.CTP.TPS:DSD_TAX_WAGES_COMP@DF_TW_COMP(2.1),Labour taxation – OECD comparative country indicators,I,MEX,Mexico,AV_TW,Average tax wedge,PT_COS_LB,Percentage of labour costs,S_C0,"Single person, no children",AW100,100% of average wage,_Z,Not applicable,A,Annual,2019,,20.196511,,2,Two,0,Units,A,Normal value,_Z,Not applicable
DATAFLOW,OECD.CTP.TPS:DSD_TAX_WAGES_COMP@DF_TW_COMP(2.1),Labour taxation – OECD comparative country indicators,I,MEX,Mexico,AV_TW,Average tax wedge,PT_COS_LB,Percentage of labour costs,S_C0,"Single person, no children",AW100,100% of average wage,_Z,Not applicable,A,Annual,2018,,19.736301,,2,Two,0,Units,A,Normal value,_Z,Not applicable
DATAFLOW,OECD.CTP.TPS:DSD_TAX_WAGES_COMP@DF_TW_COMP(2.1),Labour taxation – OECD comparative country indicators,I,MEX,Mexico,AV_TW,Average tax wedge,PT_COS_LB,Percentage of labour costs,S_C0,"Single person, no children",AW100,100% of average wage,_Z,Not applicable,A,Annual,2017,,20.395273,,2,Two,0,Units,A,Normal value,_Z,Not applicable
DATAFLOW,OECD.CTP.TPS:DSD_TAX_WAGES_COMP@DF_TW_COMP(2.1),Labour taxation – OECD comparative country indicators,I,NLD,Netherlands,AV_TW,Average tax wedge,PT_COS_LB,Percentage of labour costs,S_C0,"Single person, no children",AW100,100% of average wage,_Z,Not applicable,A,Annual,2025,,35.93926,,2,Two,0,Units,A,Normal value,_Z,Not applicable
DATAFLOW,OECD.CTP.TPS:DSD_TAX_WAGES_COMP@DF_TW_COMP(2.1),Labour taxation – OECD comparative country indicators,I,NLD,Netherlands,AV_TW,Average tax wedge,PT_COS_LB,Percentage of labour costs,S_C0,"Single person, no children",AW100,100% of average wage,_Z,Not applicable,A,Annual,2024,,35.897456,,2,Two,0,Units,A,Normal value,_Z,Not applicable
DATAFLOW,OECD.CTP.TPS:DSD_TAX_WAGES_COMP@DF_TW_COMP(2.1),Labour taxation – OECD comparative country indicators,I,NLD,Netherlands,AV_TW,Average tax wedge,PT_COS_LB,Percentage of labour costs,S_C0,"Single person, no children",AW100,100% of average wage,_Z,Not applicable,A,Annual,2023,,35.969451,,2,Two,0,Units,A,Normal value,_Z,Not applicable
DATAFLOW,OECD.CTP.TPS:DSD_TAX_WAGES_COMP@DF_TW_COMP(2.1),Labour taxation – OECD comparative country indicators,I,NLD,Netherlands,AV_TW,Average tax wedge,PT_COS_LB,Percentage of labour costs,S_C0,"Single person, no children",AW100,100% of average wage,_Z,Not applicable,A,Annual,2022,,36.591207,,2,Two,0,Units,A,Normal value,_Z,Not applicable
DATAFLOW,OECD.CTP.TPS:DSD_TAX_WAGES_COMP@DF_TW_COMP(2.1),Labour taxation – OECD comparative country indicators,I,NLD,Netherlands,AV_TW,Average tax wedge,PT_COS_LB,Percentage of labour costs,S_C0,"Single person, no children",AW100,100% of average wage,_Z,Not applicable,A,Annual,2021,,35.378963,,2,Two,0,Units,A,Normal value,_Z,Not applicable
DATAFLOW,OECD.CTP.TPS:DSD_TAX_WAGES_COMP@DF_TW_COMP(2.1),Labour taxation – OECD comparative country indicators,I,NLD,Netherlands,AV_TW,Average tax wedge,PT_COS_LB,Percentage of labour costs,S_C0,"Single person, no children",AW100,100% of average wage,_Z,Not applicable,A,Annual,2020,,36.630965,,2,Two,0,Units,A,Normal value,_Z,Not applicable
DATAFLOW,OECD.CTP.TPS:DSD_TAX_WAGES_COMP@DF_TW_COMP(2.1),Labour taxation – OECD comparative country indicators,I,NLD,Netherlands,AV_TW,Average tax wedge,PT_COS_LB,Percentage of labour costs,S_C0,"Single person, no children",AW100,100% of average wage,_Z,Not applicable,A,Annual,2019,,37.092075,,2,Two,0,Units,A,Normal value,_Z,Not applicable
DATAFLOW,OECD.CTP.TPS:DSD_TAX_WAGES_COMP@DF_TW_COMP(2.1),Labour taxation – OECD comparative country indicators,I,NLD,Netherlands,AV_TW,Average tax wedge,PT_COS_LB,Percentage of labour costs,S_C0,"Single person, no children",AW100,100% of average wage,_Z,Not applicable,A,Annual,2018,,37.63004,,2,Two,0,Units,A,Normal value,_Z,Not applicable
DATAFLOW,OECD.CTP.TPS:DSD_TAX_WAGES_COMP@DF_TW_COMP(2.1),Labour taxation – OECD comparative country indicators,I,NLD,Netherlands,AV_TW,Average tax wedge,PT_COS_LB,Percentage of labour costs,S_C0,"Single person, no children",AW100,100% of average wage,_Z,Not applicable,A,Annual,2017,,37.274135,,2,Two,0,Units,A,Normal value,_Z,Not applicable
DATAFLOW,OECD.CTP.TPS:DSD_TAX_WAGES_COMP@DF_TW_COMP(2.1),Labour taxation – OECD comparative country indicators,I,NZL,New Zealand,AV_TW,Average tax wedge,PT_COS_LB,Percentage of labour costs,S_C0,"Single person, no children",AW100,100% of average wage,_Z,Not applicable,A,Annual,2025,,20.814934,,2,Two,0,Units,A,Normal value,_Z,Not applicable
DATAFLOW,OECD.CTP.TPS:DSD_TAX_WAGES_COMP@DF_TW_COMP(2.1),Labour taxation – OECD comparative country indicators,I,NZL,New Zealand,AV_TW,Average tax wedge,PT_COS_LB,Percentage of labour costs,S_C0,"Single person, no children",AW100,100% of average wage,_Z,Not applicable,A,Annual,2024,,20.781772,,2,Two,0,Units,A,Normal value,_Z,Not applicable
DATAFLOW,OECD.CTP.TPS:DSD_TAX_WAGES_COMP@DF_TW_COMP(2.1),Labour taxation – OECD comparative country indicators,I,NZL,New Zealand,AV_TW,Average tax wedge,PT_COS_LB,Percentage of labour costs,S_C0,"Single person, no children",AW100,100% of average wage,_Z,Not applicable,A,Annual,2023,,21.052789,,2,Two,0,Units,A,Normal value,_Z,Not applicable
DATAFLOW,OECD.CTP.TPS:DSD_TAX_WAGES_COMP@DF_TW_COMP(2.1),Labour taxation – OECD comparative country indicators,I,NZL,New Zealand,AV_TW,Average tax wedge,PT_COS_LB,Percentage of labour costs,S_C0,"Single person, no children",AW100,100% of average wage,_Z,Not applicable,A,Annual,2022,,20.136624,,2,Two,0,Units,A,Normal value,_Z,Not applicable
DATAFLOW,OECD.CTP.TPS:DSD_TAX_WAGES_COMP@DF_TW_COMP(2.1),Labour taxation – OECD comparative country indicators,I,NZL,New Zealand,AV_TW,Average tax wedge,PT_COS_LB,Percentage of labour costs,S_C0,"Single person, no children",AW100,100% of average wage,_Z,Not applicable,A,Annual,2021,,19.417348,,2,Two,0,Units,A,Normal value,_Z,Not applicable
DATAFLOW,OECD.CTP.TPS:DSD_TAX_WAGES_COMP@DF_TW_COMP(2.1),Labour taxation – OECD comparative country indicators,I,NZL,New Zealand,AV_TW,Average tax wedge,PT_COS_LB,Percentage of labour costs,S_C0,"Single person, no children",AW100,100% of average wage,_Z,Not applicable,A,Annual,2020,,19.260547,,2,Two,0,Units,A,Normal value,_Z,Not applicable
DATAFLOW,OECD.CTP.TPS:DSD_TAX_WAGES_COMP@DF_TW_COMP(2.1),Labour taxation – OECD comparative country indicators,I,NZL,New Zealand,AV_TW,Average tax wedge,PT_COS_LB,Percentage of labour costs,S_C0,"Single person, no children",AW100,100% of average wage,_Z,Not applicable,A,Annual,2019,,18.950626,,2,Two,0,Units,A,Normal value,_Z,Not applicable
DATAFLOW,OECD.CTP.TPS:DSD_TAX_WAGES_COMP@DF_TW_COMP(2.1),Labour taxation – OECD comparative country indicators,I,NZL,New Zealand,AV_TW,Average tax wedge,PT_COS_LB,Percentage of labour costs,S_C0,"Single person, no children",AW100,100% of average wage,_Z,Not applicable,A,Annual,2018,,18.609475,,2,Two,0,Units,A,Normal value,_Z,Not applicable
DATAFLOW,OECD.CTP.TPS:DSD_TAX_WAGES_COMP@DF_TW_COMP(2.1),Labour taxation – OECD comparative country indicators,I,NZL,New Zealand,AV_TW,Average tax wedge,PT_COS_LB,Percentage of labour costs,S_C0,"Single person, no children",AW100,100% of average wage,_Z,Not applicable,A,Annual,2017,,18.285249,,2,Two,0,Units,A,Normal value,_Z,Not applicable
DATAFLOW,OECD.CTP.TPS:DSD_TAX_WAGES_COMP@DF_TW_COMP(2.1),Labour taxation – OECD comparative country indicators,I,NOR,Norway,AV_TW,Average tax wedge,PT_COS_LB,Percentage of labour costs,S_C0,"Single person, no children",AW100,100% of average wage,_Z,Not applicable,A,Annual,2025,,36.391533,,2,Two,0,Units,A,Normal value,_Z,Not applicable
DATAFLOW,OECD.CTP.TPS:DSD_TAX_WAGES_COMP@DF_TW_COMP(2.1),Labour taxation – OECD comparative country indicators,I,NOR,Norway,AV_TW,Average tax wedge,PT_COS_LB,Percentage of labour costs,S_C0,"Single person, no children",AW100,100% of average wage,_Z,Not applicable,A,Annual,2024,,36.457181,,2,Two,0,Units,A,Normal value,_Z,Not applicable
DATAFLOW,OECD.CTP.TPS:DSD_TAX_WAGES_COMP@DF_TW_COMP(2.1),Labour taxation – OECD comparative country indicators,I,NOR,Norway,AV_TW,Average tax wedge,PT_COS_LB,Percentage of labour costs,S_C0,"Single person, no children",AW100,100% of average wage,_Z,Not applicable,A,Annual,2023,,36.365112,,2,Two,0,Units,A,Normal value,_Z,Not applicable
DATAFLOW,OECD.CTP.TPS:DSD_TAX_WAGES_COMP@DF_TW_COMP(2.1),Labour taxation – OECD comparative country indicators,I,NOR,Norway,AV_TW,Average tax wedge,PT_COS_LB,Percentage of labour costs,S_C0,"Single person, no children",AW100,100% of average wage,_Z,Not applicable,A,Annual,2022,,36.18478,,2,Two,0,Units,A,Normal value,_Z,Not applicable
DATAFLOW,OECD.CTP.TPS:DSD_TAX_WAGES_COMP@DF_TW_COMP(2.1),Labour taxation – OECD comparative country indicators,I,NOR,Norway,AV_TW,Average tax wedge,PT_COS_LB,Percentage of labour costs,S_C0,"Single person, no children",AW100,100% of average wage,_Z,Not applicable,A,Annual,2021,,35.935701,,2,Two,0,Units,A,Normal value,_Z,Not applicable
DATAFLOW,OECD.CTP.TPS:DSD_TAX_WAGES_COMP@DF_TW_COMP(2.1),Labour taxation – OECD comparative country indicators,I,NOR,Norway,AV_TW,Average tax wedge,PT_COS_LB,Percentage of labour costs,S_C0,"Single person, no children",AW100,100% of average wage,_Z,Not applicable,A,Annual,2020,,35.761119,,2,Two,0,Units,A,Normal value,_Z,Not applicable
DATAFLOW,OECD.CTP.TPS:DSD_TAX_WAGES_COMP@DF_TW_COMP(2.1),Labour taxation – OECD comparative country indicators,I,NOR,Norway,AV_TW,Average tax wedge,PT_COS_LB,Percentage of labour costs,S_C0,"Single person, no children",AW100,100% of average wage,_Z,Not applicable,A,Annual,2019,,35.651188,,2,Two,0,Units,A,Normal value,_Z,Not applicable
DATAFLOW,OECD.CTP.TPS:DSD_TAX_WAGES_COMP@DF_TW_COMP(2.1),Labour taxation – OECD comparative country indicators,I,NOR,Norway,AV_TW,Average tax wedge,PT_COS_LB,Percentage of labour costs,S_C0,"Single person, no children",AW100,100% of average wage,_Z,Not applicable,A,Annual,2018,,35.755496,,2,Two,0,Units,A,Normal value,_Z,Not applicable
DATAFLOW,OECD.CTP.TPS:DSD_TAX_WAGES_COMP@DF_TW_COMP(2.1),Labour taxation – OECD comparative country indicators,I,NOR,Norway,AV_TW,Average tax wedge,PT_COS_LB,Percentage of labour costs,S_C0,"Single person, no children",AW100,100% of average wage,_Z,Not applicable,A,Annual,2017,,35.877095,,2,Two,0,Units,A,Normal value,_Z,Not applicable
DATAFLOW,OECD.CTP.TPS:DSD_TAX_WAGES_COMP@DF_TW_COMP(2.1),Labour taxation – OECD comparative country indicators,I,POL,Poland,AV_TW,Average tax wedge,PT_COS_LB,Percentage of labour costs,S_C0,"Single person, no children",AW100,100% of average wage,_Z,Not applicable,A,Annual,2025,,35.026123,,2,Two,0,Units,A,Normal value,_Z,Not applicable
DATAFLOW,OECD.CTP.TPS:DSD_TAX_WAGES_COMP@DF_TW_COMP(2.1),Labour taxation – OECD comparative country indicators,I,POL,Poland,AV_TW,Average tax wedge,PT_COS_LB,Percentage of labour costs,S_C0,"Single person, no children",AW100,100% of average wage,_Z,Not applicable,A,Annual,2024,,34.743689,,2,Two,0,Units,A,Normal value,_Z,Not applicable
DATAFLOW,OECD.CTP.TPS:DSD_TAX_WAGES_COMP@DF_TW_COMP(2.1),Labour taxation – OECD comparative country indicators,I,POL,Poland,AV_TW,Average tax wedge,PT_COS_LB,Percentage of labour costs,S_C0,"Single person, no children",AW100,100% of average wage,_Z,Not applicable,A,Annual,2023,,34.316994,,2,Two,0,Units,A,Normal value,_Z,Not applicable
DATAFLOW,OECD.CTP.TPS:DSD_TAX_WAGES_COMP@DF_TW_COMP(2.1),Labour taxation – OECD comparative country indicators,I,POL,Poland,AV_TW,Average tax wedge,PT_COS_LB,Percentage of labour costs,S_C0,"Single person, no children",AW100,100% of average wage,_Z,Not applicable,A,Annual,2022,,33.811202,,2,Two,0,Units,A,Normal value,_Z,Not applicable
DATAFLOW,OECD.CTP.TPS:DSD_TAX_WAGES_COMP@DF_TW_COMP(2.1),Labour taxation – OECD comparative country indicators,I,POL,Poland,AV_TW,Average tax wedge,PT_COS_LB,Percentage of labour costs,S_C0,"Single person, no children",AW100,100% of average wage,_Z,Not applicable,A,Annual,2021,,34.913449,,2,Two,0,Units,A,Normal value,_Z,Not applicable
DATAFLOW,OECD.CTP.TPS:DSD_TAX_WAGES_COMP@DF_TW_COMP(2.1),Labour taxation – OECD comparative country indicators,I,POL,Poland,AV_TW,Average tax wedge,PT_COS_LB,Percentage of labour costs,S_C0,"Single person, no children",AW100,100% of average wage,_Z,Not applicable,A,Annual,2020,,34.905783,,2,Two,0,Units,A,Normal value,_Z,Not applicable
DATAFLOW,OECD.CTP.TPS:DSD_TAX_WAGES_COMP@DF_TW_COMP(2.1),Labour taxation – OECD comparative country indicators,I,POL,Poland,AV_TW,Average tax wedge,PT_COS_LB,Percentage of labour costs,S_C0,"Single person, no children",AW100,100% of average wage,_Z,Not applicable,A,Annual,2019,,35.573507,,2,Two,0,Units,A,Normal value,_Z,Not applicable
DATAFLOW,OECD.CTP.TPS:DSD_TAX_WAGES_COMP@DF_TW_COMP(2.1),Labour taxation – OECD comparative country indicators,I,POL,Poland,AV_TW,Average tax wedge,PT_COS_LB,Percentage of labour costs,S_C0,"Single person, no children",AW100,100% of average wage,_Z,Not applicable,A,Annual,2018,,35.764998,,2,Two,0,Units,A,Normal value,_Z,Not applicable
DATAFLOW,OECD.CTP.TPS:DSD_TAX_WAGES_COMP@DF_TW_COMP(2.1),Labour taxation – OECD comparative country indicators,I,POL,Poland,AV_TW,Average tax wedge,PT_COS_LB,Percentage of labour costs,S_C0,"Single person, no children",AW100,100% of average wage,_Z,Not applicable,A,Annual,2017,,35.672248,,2,Two,0,Units,A,Normal value,_Z,Not applicable
DATAFLOW,OECD.CTP.TPS:DSD_TAX_WAGES_COMP@DF_TW_COMP(2.1),Labour taxation – OECD comparative country indicators,I,PRT,Portugal,AV_TW,Average tax wedge,PT_COS_LB,Percentage of labour costs,S_C0,"Single person, no children",AW100,100% of average wage,_Z,Not applicable,A,Annual,2025,,39.337391,,2,Two,0,Units,A,Normal value,_Z,Not applicable
DATAFLOW,OECD.CTP.TPS:DSD_TAX_WAGES_COMP@DF_TW_COMP(2.1),Labour taxation – OECD comparative country indicators,I,PRT,Portugal,AV_TW,Average tax wedge,PT_COS_LB,Percentage of labour costs,S_C0,"Single person, no children",AW100,100% of average wage,_Z,Not applicable,A,Annual,2024,,39.577109,,2,Two,0,Units,A,Normal value,_Z,Not applicable
DATAFLOW,OECD.CTP.TPS:DSD_TAX_WAGES_COMP@DF_TW_COMP(2.1),Labour taxation – OECD comparative country indicators,I,PRT,Portugal,AV_TW,Average tax wedge,PT_COS_LB,Percentage of labour costs,S_C0,"Single person, no children",AW100,100% of average wage,_Z,Not applicable,A,Annual,2023,,41.353623,,2,Two,0,Units,A,Normal value,_Z,Not applicable
DATAFLOW,OECD.CTP.TPS:DSD_TAX_WAGES_COMP@DF_TW_COMP(2.1),Labour taxation – OECD comparative country indicators,I,PRT,Portugal,AV_TW,Average tax wedge,PT_COS_LB,Percentage of labour costs,S_C0,"Single person, no children",AW100,100% of average wage,_Z,Not applicable,A,Annual,2022,,41.062261,,2,Two,0,Units,A,Normal value,_Z,Not applicable
DATAFLOW,OECD.CTP.TPS:DSD_TAX_WAGES_COMP@DF_TW_COMP(2.1),Labour taxation – OECD comparative country indicators,I,PRT,Portugal,AV_TW,Average tax wedge,PT_COS_LB,Percentage of labour costs,S_C0,"Single person, no children",AW100,100% of average wage,_Z,Not applicable,A,Annual,2021,,40.839349,,2,Two,0,Units,A,Normal value,_Z,Not applicable
DATAFLOW,OECD.CTP.TPS:DSD_TAX_WAGES_COMP@DF_TW_COMP(2.1),Labour taxation – OECD comparative country indicators,I,PRT,Portugal,AV_TW,Average tax wedge,PT_COS_LB,Percentage of labour costs,S_C0,"Single person, no children",AW100,100% of average wage,_Z,Not applicable,A,Annual,2020,,40.294769,,2,Two,0,Units,A,Normal value,_Z,Not applicable
DATAFLOW,OECD.CTP.TPS:DSD_TAX_WAGES_COMP@DF_TW_COMP(2.1),Labour taxation – OECD comparative country indicators,I,PRT,Portugal,AV_TW,Average tax wedge,PT_COS_LB,Percentage of labour costs,S_C0,"Single person, no children",AW100,100% of average wage,_Z,Not applicable,A,Annual,2019,,40.193506,,2,Two,0,Units,A,Normal value,_Z,Not applicable
DATAFLOW,OECD.CTP.TPS:DSD_TAX_WAGES_COMP@DF_TW_COMP(2.1),Labour taxation – OECD comparative country indicators,I,PRT,Portugal,AV_TW,Average tax wedge,PT_COS_LB,Percentage of labour costs,S_C0,"Single person, no children",AW100,100% of average wage,_Z,Not applicable,A,Annual,2018,,39.718563,,2,Two,0,Units,A,Normal value,_Z,Not applicable
DATAFLOW,OECD.CTP.TPS:DSD_TAX_WAGES_COMP@DF_TW_COMP(2.1),Labour taxation – OECD comparative country indicators,I,PRT,Portugal,AV_TW,Average tax wedge,PT_COS_LB,Percentage of labour costs,S_C0,"Single person, no children",AW100,100% of average wage,_Z,Not applicable,A,Annual,2017,,40.372476,,2,Two,0,Units,A,Normal value,_Z,Not applicable
DATAFLOW,OECD.CTP.TPS:DSD_TAX_WAGES_COMP@DF_TW_COMP(2.1),Labour taxation – OECD comparative country indicators,I,SVK,Slovak Republic,AV_TW,Average tax wedge,PT_COS_LB,Percentage of labour costs,S_C0,"Single person, no children",AW100,100% of average wage,_Z,Not applicable,A,Annual,2025,,42.718321,,2,Two,0,Units,A,Normal value,_Z,Not applicable
DATAFLOW,OECD.CTP.TPS:DSD_TAX_WAGES_COMP@DF_TW_COMP(2.1),Labour taxation – OECD comparative country indicators,I,SVK,Slovak Republic,AV_TW,Average tax wedge,PT_COS_LB,Percentage of labour costs,S_C0,"Single person, no children",AW100,100% of average wage,_Z,Not applicable,A,Annual,2024,,42.51376,,2,Two,0,Units,A,Normal value,_Z,Not applicable
DATAFLOW,OECD.CTP.TPS:DSD_TAX_WAGES_COMP@DF_TW_COMP(2.1),Labour taxation – OECD comparative country indicators,I,SVK,Slovak Republic,AV_TW,Average tax wedge,PT_COS_LB,Percentage of labour costs,S_C0,"Single person, no children",AW100,100% of average wage,_Z,Not applicable,A,Annual,2023,,41.73338,,2,Two,0,Units,A,Normal value,_Z,Not applicable
DATAFLOW,OECD.CTP.TPS:DSD_TAX_WAGES_COMP@DF_TW_COMP(2.1),Labour taxation – OECD comparative country indicators,I,SVK,Slovak Republic,AV_TW,Average tax wedge,PT_COS_LB,Percentage of labour costs,S_C0,"Single person, no children",AW100,100% of average wage,_Z,Not applicable,A,Annual,2022,,41.643867,,2,Two,0,Units,A,Normal value,_Z,Not applicable
DATAFLOW,OECD.CTP.TPS:DSD_TAX_WAGES_COMP@DF_TW_COMP(2.1),Labour taxation – OECD comparative country indicators,I,SVK,Slovak Republic,AV_TW,Average tax wedge,PT_COS_LB,Percentage of labour costs,S_C0,"Single person, no children",AW100,100% of average wage,_Z,Not applicable,A,Annual,2021,,41.432447,,2,Two,0,Units,A,Normal value,_Z,Not applicable
DATAFLOW,OECD.CTP.TPS:DSD_TAX_WAGES_COMP@DF_TW_COMP(2.1),Labour taxation – OECD comparative country indicators,I,SVK,Slovak Republic,AV_TW,Average tax wedge,PT_COS_LB,Percentage of labour costs,S_C0,"Single person, no children",AW100,100% of average wage,_Z,Not applicable,A,Annual,2020,,41.325798,,2,Two,0,Units,A,Normal value,_Z,Not applicable
DATAFLOW,OECD.CTP.TPS:DSD_TAX_WAGES_COMP@DF_TW_COMP(2.1),Labour taxation – OECD comparative country indicators,I,SVK,Slovak Republic,AV_TW,Average tax wedge,PT_COS_LB,Percentage of labour costs,S_C0,"Single person, no children",AW100,100% of average wage,_Z,Not applicable,A,Annual,2019,,41.869256,,2,Two,0,Units,A,Normal value,_Z,Not applicable
DATAFLOW,OECD.CTP.TPS:DSD_TAX_WAGES_COMP@DF_TW_COMP(2.1),Labour taxation – OECD comparative country indicators,I,SVK,Slovak Republic,AV_TW,Average tax wedge,PT_COS_LB,Percentage of labour costs,S_C0,"Single person, no children",AW100,100% of average wage,_Z,Not applicable,A,Annual,2018,,41.862226,,2,Two,0,Units,A,Normal value,_Z,Not applicable
DATAFLOW,OECD.CTP.TPS:DSD_TAX_WAGES_COMP@DF_TW_COMP(2.1),Labour taxation – OECD comparative country indicators,I,SVK,Slovak Republic,AV_TW,Average tax wedge,PT_COS_LB,Percentage of labour costs,S_C0,"Single person, no children",AW100,100% of average wage,_Z,Not applicable,A,Annual,2017,,41.735435,,2,Two,0,Units,A,Normal value,_Z,Not applicable
DATAFLOW,OECD.CTP.TPS:DSD_TAX_WAGES_COMP@DF_TW_COMP(2.1),Labour taxation – OECD comparative country indicators,I,SVN,Slovenia,AV_TW,Average tax wedge,PT_COS_LB,Percentage of labour costs,S_C0,"Single person, no children",AW100,100% of average wage,_Z,Not applicable,A,Annual,2025,,45.295162,,2,Two,0,Units,A,Normal value,_Z,Not applicable
DATAFLOW,OECD.CTP.TPS:DSD_TAX_WAGES_COMP@DF_TW_COMP(2.1),Labour taxation – OECD comparative country indicators,I,SVN,Slovenia,AV_TW,Average tax wedge,PT_COS_LB,Percentage of labour costs,S_C0,"Single person, no children",AW100,100% of average wage,_Z,Not applicable,A,Annual,2024,,44.661001,,2,Two,0,Units,A,Normal value,_Z,Not applicable
DATAFLOW,OECD.CTP.TPS:DSD_TAX_WAGES_COMP@DF_TW_COMP(2.1),Labour taxation – OECD comparative country indicators,I,SVN,Slovenia,AV_TW,Average tax wedge,PT_COS_LB,Percentage of labour costs,S_C0,"Single person, no children",AW100,100% of average wage,_Z,Not applicable,A,Annual,2023,,43.117075,,2,Two,0,Units,A,Normal value,_Z,Not applicable
DATAFLOW,OECD.CTP.TPS:DSD_TAX_WAGES_COMP@DF_TW_COMP(2.1),Labour taxation – OECD comparative country indicators,I,SVN,Slovenia,AV_TW,Average tax wedge,PT_COS_LB,Percentage of labour costs,S_C0,"Single person, no children",AW100,100% of average wage,_Z,Not applicable,A,Annual,2022,,42.892647,,2,Two,0,Units,A,Normal value,_Z,Not applicable
DATAFLOW,OECD.CTP.TPS:DSD_TAX_WAGES_COMP@DF_TW_COMP(2.1),Labour taxation – OECD comparative country indicators,I,SVN,Slovenia,AV_TW,Average tax wedge,PT_COS_LB,Percentage of labour costs,S_C0,"Single person, no children",AW100,100% of average wage,_Z,Not applicable,A,Annual,2021,,43.542739,,2,Two,0,Units,A,Normal value,_Z,Not applicable
DATAFLOW,OECD.CTP.TPS:DSD_TAX_WAGES_COMP@DF_TW_COMP(2.1),Labour taxation – OECD comparative country indicators,I,SVN,Slovenia,AV_TW,Average tax wedge,PT_COS_LB,Percentage of labour costs,S_C0,"Single person, no children",AW100,100% of average wage,_Z,Not applicable,A,Annual,2020,,43.147755,,2,Two,0,Units,A,Normal value,_Z,Not applicable
DATAFLOW,OECD.CTP.TPS:DSD_TAX_WAGES_COMP@DF_TW_COMP(2.1),Labour taxation – OECD comparative country indicators,I,SVN,Slovenia,AV_TW,Average tax wedge,PT_COS_LB,Percentage of labour costs,S_C0,"Single person, no children",AW100,100% of average wage,_Z,Not applicable,A,Annual,2019,,43.478565,,2,Two,0,Units,A,Normal value,_Z,Not applicable
DATAFLOW,OECD.CTP.TPS:DSD_TAX_WAGES_COMP@DF_TW_COMP(2.1),Labour taxation – OECD comparative country indicators,I,SVN,Slovenia,AV_TW,Average tax wedge,PT_COS_LB,Percentage of labour costs,S_C0,"Single person, no children",AW100,100% of average wage,_Z,Not applicable,A,Annual,2018,,43.21038,,2,Two,0,Units,A,Normal value,_Z,Not applicable
DATAFLOW,OECD.CTP.TPS:DSD_TAX_WAGES_COMP@DF_TW_COMP(2.1),Labour taxation – OECD comparative country indicators,I,SVN,Slovenia,AV_TW,Average tax wedge,PT_COS_LB,Percentage of labour costs,S_C0,"Single person, no children",AW100,100% of average wage,_Z,Not applicable,A,Annual,2017,,42.907803,,2,Two,0,Units,A,Normal value,_Z,Not applicable
DATAFLOW,OECD.CTP.TPS:DSD_TAX_WAGES_COMP@DF_TW_COMP(2.1),Labour taxation – OECD comparative country indicators,I,ESP,Spain,AV_TW,Average tax wedge,PT_COS_LB,Percentage of labour costs,S_C0,"Single person, no children",AW100,100% of average wage,_Z,Not applicable,A,Annual,2025,,41.444078,,2,Two,0,Units,A,Normal value,_Z,Not applicable
DATAFLOW,OECD.CTP.TPS:DSD_TAX_WAGES_COMP@DF_TW_COMP(2.1),Labour taxation – OECD comparative country indicators,I,ESP,Spain,AV_TW,Average tax wedge,PT_COS_LB,Percentage of labour costs,S_C0,"Single person, no children",AW100,100% of average wage,_Z,Not applicable,A,Annual,2024,,41.136398,,2,Two,0,Units,A,Normal value,_Z,Not applicable
DATAFLOW,OECD.CTP.TPS:DSD_TAX_WAGES_COMP@DF_TW_COMP(2.1),Labour taxation – OECD comparative country indicators,I,ESP,Spain,AV_TW,Average tax wedge,PT_COS_LB,Percentage of labour costs,S_C0,"Single person, no children",AW100,100% of average wage,_Z,Not applicable,A,Annual,2023,,40.754816,,2,Two,0,Units,A,Normal value,_Z,Not applicable
DATAFLOW,OECD.CTP.TPS:DSD_TAX_WAGES_COMP@DF_TW_COMP(2.1),Labour taxation – OECD comparative country indicators,I,ESP,Spain,AV_TW,Average tax wedge,PT_COS_LB,Percentage of labour costs,S_C0,"Single person, no children",AW100,100% of average wage,_Z,Not applicable,A,Annual,2022,,40.046618,,2,Two,0,Units,A,Normal value,_Z,Not applicable
DATAFLOW,OECD.CTP.TPS:DSD_TAX_WAGES_COMP@DF_TW_COMP(2.1),Labour taxation – OECD comparative country indicators,I,ESP,Spain,AV_TW,Average tax wedge,PT_COS_LB,Percentage of labour costs,S_C0,"Single person, no children",AW100,100% of average wage,_Z,Not applicable,A,Annual,2021,,39.867712,,2,Two,0,Units,A,Normal value,_Z,Not applicable
DATAFLOW,OECD.CTP.TPS:DSD_TAX_WAGES_COMP@DF_TW_COMP(2.1),Labour taxation – OECD comparative country indicators,I,ESP,Spain,AV_TW,Average tax wedge,PT_COS_LB,Percentage of labour costs,S_C0,"Single person, no children",AW100,100% of average wage,_Z,Not applicable,A,Annual,2020,,39.333727,,2,Two,0,Units,A,Normal value,_Z,Not applicable
DATAFLOW,OECD.CTP.TPS:DSD_TAX_WAGES_COMP@DF_TW_COMP(2.1),Labour taxation – OECD comparative country indicators,I,ESP,Spain,AV_TW,Average tax wedge,PT_COS_LB,Percentage of labour costs,S_C0,"Single person, no children",AW100,100% of average wage,_Z,Not applicable,A,Annual,2019,,39.789289,,2,Two,0,Units,A,Normal value,_Z,Not applicable
DATAFLOW,OECD.CTP.TPS:DSD_TAX_WAGES_COMP@DF_TW_COMP(2.1),Labour taxation – OECD comparative country indicators,I,ESP,Spain,AV_TW,Average tax wedge,PT_COS_LB,Percentage of labour costs,S_C0,"Single person, no children",AW100,100% of average wage,_Z,Not applicable,A,Annual,2018,,39.678687,,2,Two,0,Units,A,Normal value,_Z,Not applicable
DATAFLOW,OECD.CTP.TPS:DSD_TAX_WAGES_COMP@DF_TW_COMP(2.1),Labour taxation – OECD comparative country indicators,I,ESP,Spain,AV_TW,Average tax wedge,PT_COS_LB,Percentage of labour costs,S_C0,"Single person, no children",AW100,100% of average wage,_Z,Not applicable,A,Annual,2017,,39.57737,,2,Two,0,Units,A,Normal value,_Z,Not applicable
DATAFLOW,OECD.CTP.TPS:DSD_TAX_WAGES_COMP@DF_TW_COMP(2.1),Labour taxation – OECD comparative country indicators,I,SWE,Sweden,AV_TW,Average tax wedge,PT_COS_LB,Percentage of labour costs,S_C0,"Single person, no children",AW100,100% of average wage,_Z,Not applicable,A,Annual,2025,,41.135843,,2,Two,0,Units,A,Normal value,_Z,Not applicable
DATAFLOW,OECD.CTP.TPS:DSD_TAX_WAGES_COMP@DF_TW_COMP(2.1),Labour taxation – OECD comparative country indicators,I,SWE,Sweden,AV_TW,Average tax wedge,PT_COS_LB,Percentage of labour costs,S_C0,"Single person, no children",AW100,100% of average wage,_Z,Not applicable,A,Annual,2024,,41.509317,,2,Two,0,Units,A,Normal value,_Z,Not applicable
DATAFLOW,OECD.CTP.TPS:DSD_TAX_WAGES_COMP@DF_TW_COMP(2.1),Labour taxation – OECD comparative country indicators,I,SWE,Sweden,AV_TW,Average tax wedge,PT_COS_LB,Percentage of labour costs,S_C0,"Single person, no children",AW100,100% of average wage,_Z,Not applicable,A,Annual,2023,,42.15422,,2,Two,0,Units,A,Normal value,_Z,Not applicable
DATAFLOW,OECD.CTP.TPS:DSD_TAX_WAGES_COMP@DF_TW_COMP(2.1),Labour taxation – OECD comparative country indicators,I,SWE,Sweden,AV_TW,Average tax wedge,PT_COS_LB,Percentage of labour costs,S_C0,"Single person, no children",AW100,100% of average wage,_Z,Not applicable,A,Annual,2022,,42.358594,,2,Two,0,Units,A,Normal value,_Z,Not applicable
DATAFLOW,OECD.CTP.TPS:DSD_TAX_WAGES_COMP@DF_TW_COMP(2.1),Labour taxation – OECD comparative country indicators,I,SWE,Sweden,AV_TW,Average tax wedge,PT_COS_LB,Percentage of labour costs,S_C0,"Single person, no children",AW100,100% of average wage,_Z,Not applicable,A,Annual,2021,,42.475808,,2,Two,0,Units,A,Normal value,_Z,Not applicable
DATAFLOW,OECD.CTP.TPS:DSD_TAX_WAGES_COMP@DF_TW_COMP(2.1),Labour taxation – OECD comparative country indicators,I,SWE,Sweden,AV_TW,Average tax wedge,PT_COS_LB,Percentage of labour costs,S_C0,"Single person, no children",AW100,100% of average wage,_Z,Not applicable,A,Annual,2020,,42.651791,,2,Two,0,Units,A,Normal value,_Z,Not applicable
DATAFLOW,OECD.CTP.TPS:DSD_TAX_WAGES_COMP@DF_TW_COMP(2.1),Labour taxation – OECD comparative country indicators,I,SWE,Sweden,AV_TW,Average tax wedge,PT_COS_LB,Percentage of labour costs,S_C0,"Single person, no children",AW100,100% of average wage,_Z,Not applicable,A,Annual,2019,,42.584043,,2,Two,0,Units,A,Normal value,_Z,Not applicable
DATAFLOW,OECD.CTP.TPS:DSD_TAX_WAGES_COMP@DF_TW_COMP(2.1),Labour taxation – OECD comparative country indicators,I,SWE,Sweden,AV_TW,Average tax wedge,PT_COS_LB,Percentage of labour costs,S_C0,"Single person, no children",AW100,100% of average wage,_Z,Not applicable,A,Annual,2018,,42.990505,,2,Two,0,Units,A,Normal value,_Z,Not applicable
DATAFLOW,OECD.CTP.TPS:DSD_TAX_WAGES_COMP@DF_TW_COMP(2.1),Labour taxation – OECD comparative country indicators,I,SWE,Sweden,AV_TW,Average tax wedge,PT_COS_LB,Percentage of labour costs,S_C0,"Single person, no children",AW100,100% of average wage,_Z,Not applicable,A,Annual,2017,,42.933366,,2,Two,0,Units,A,Normal value,_Z,Not applicable
DATAFLOW,OECD.CTP.TPS:DSD_TAX_WAGES_COMP@DF_TW_COMP(2.1),Labour taxation – OECD comparative country indicators,I,CHE,Switzerland,AV_TW,Average tax wedge,PT_COS_LB,Percentage of labour costs,S_C0,"Single person, no children",AW100,100% of average wage,_Z,Not applicable,A,Annual,2025,,22.979427,,2,Two,0,Units,A,Normal value,_Z,Not applicable
DATAFLOW,OECD.CTP.TPS:DSD_TAX_WAGES_COMP@DF_TW_COMP(2.1),Labour taxation – OECD comparative country indicators,I,CHE,Switzerland,AV_TW,Average tax wedge,PT_COS_LB,Percentage of labour costs,S_C0,"Single person, no children",AW100,100% of average wage,_Z,Not applicable,A,Annual,2024,,22.955265,,2,Two,0,Units,A,Normal value,_Z,Not applicable
DATAFLOW,OECD.CTP.TPS:DSD_TAX_WAGES_COMP@DF_TW_COMP(2.1),Labour taxation – OECD comparative country indicators,I,CHE,Switzerland,AV_TW,Average tax wedge,PT_COS_LB,Percentage of labour costs,S_C0,"Single person, no children",AW100,100% of average wage,_Z,Not applicable,A,Annual,2023,,23.027808,,2,Two,0,Units,A,Normal value,_Z,Not applicable
DATAFLOW,OECD.CTP.TPS:DSD_TAX_WAGES_COMP@DF_TW_COMP(2.1),Labour taxation – OECD comparative country indicators,I,CHE,Switzerland,AV_TW,Average tax wedge,PT_COS_LB,Percentage of labour costs,S_C0,"Single person, no children",AW100,100% of average wage,_Z,Not applicable,A,Annual,2022,,22.977183,,2,Two,0,Units,A,Normal value,_Z,Not applicable
DATAFLOW,OECD.CTP.TPS:DSD_TAX_WAGES_COMP@DF_TW_COMP(2.1),Labour taxation – OECD comparative country indicators,I,CHE,Switzerland,AV_TW,Average tax wedge,PT_COS_LB,Percentage of labour costs,S_C0,"Single person, no children",AW100,100% of average wage,_Z,Not applicable,A,Annual,2021,,23.111538,,2,Two,0,Units,A,Normal value,_Z,Not applicable
DATAFLOW,OECD.CTP.TPS:DSD_TAX_WAGES_COMP@DF_TW_COMP(2.1),Labour taxation – OECD comparative country indicators,I,CHE,Switzerland,AV_TW,Average tax wedge,PT_COS_LB,Percentage of labour costs,S_C0,"Single person, no children",AW100,100% of average wage,_Z,Not applicable,A,Annual,2020,,22.729122,,2,Two,0,Units,A,Normal value,_Z,Not applicable
DATAFLOW,OECD.CTP.TPS:DSD_TAX_WAGES_COMP@DF_TW_COMP(2.1),Labour taxation – OECD comparative country indicators,I,CHE,Switzerland,AV_TW,Average tax wedge,PT_COS_LB,Percentage of labour costs,S_C0,"Single person, no children",AW100,100% of average wage,_Z,Not applicable,A,Annual,2019,,22.339323,,2,Two,0,Units,A,Normal value,_Z,Not applicable
DATAFLOW,OECD.CTP.TPS:DSD_TAX_WAGES_COMP@DF_TW_COMP(2.1),Labour taxation – OECD comparative country indicators,I,CHE,Switzerland,AV_TW,Average tax wedge,PT_COS_LB,Percentage of labour costs,S_C0,"Single person, no children",AW100,100% of average wage,_Z,Not applicable,A,Annual,2018,,22.221034,,2,Two,0,Units,A,Normal value,_Z,Not applicable
DATAFLOW,OECD.CTP.TPS:DSD_TAX_WAGES_COMP@DF_TW_COMP(2.1),Labour taxation – OECD comparative country indicators,I,CHE,Switzerland,AV_TW,Average tax wedge,PT_COS_LB,Percentage of labour costs,S_C0,"Single person, no children",AW100,100% of average wage,_Z,Not applicable,A,Annual,2017,,22.075986,,2,Two,0,Units,A,Normal value,_Z,Not applicable
DATAFLOW,OECD.CTP.TPS:DSD_TAX_WAGES_COMP@DF_TW_COMP(2.1),Labour taxation – OECD comparative country indicators,I,TUR,Türkiye,AV_TW,Average tax wedge,PT_COS_LB,Percentage of labour costs,S_C0,"Single person, no children",AW100,100% of average wage,_Z,Not applicable,A,Annual,2025,,40.334301,,2,Two,0,Units,A,Normal value,_Z,Not applicable
DATAFLOW,OECD.CTP.TPS:DSD_TAX_WAGES_COMP@DF_TW_COMP(2.1),Labour taxation – OECD comparative country indicators,I,TUR,Türkiye,AV_TW,Average tax wedge,PT_COS_LB,Percentage of labour costs,S_C0,"Single person, no children",AW100,100% of average wage,_Z,Not applicable,A,Annual,2024,,39.576974,,2,Two,0,Units,A,Normal value,_Z,Not applicable
DATAFLOW,OECD.CTP.TPS:DSD_TAX_WAGES_COMP@DF_TW_COMP(2.1),Labour taxation – OECD comparative country indicators,I,TUR,Türkiye,AV_TW,Average tax wedge,PT_COS_LB,Percentage of labour costs,S_C0,"Single person, no children",AW100,100% of average wage,_Z,Not applicable,A,Annual,2023,,38.123938,,2,Two,0,Units,A,Normal value,_Z,Not applicable
DATAFLOW,OECD.CTP.TPS:DSD_TAX_WAGES_COMP@DF_TW_COMP(2.1),Labour taxation – OECD comparative country indicators,I,TUR,Türkiye,AV_TW,Average tax wedge,PT_COS_LB,Percentage of labour costs,S_C0,"Single person, no children",AW100,100% of average wage,_Z,Not applicable,A,Annual,2022,,38.158289,,2,Two,0,Units,A,Normal value,_Z,Not applicable
DATAFLOW,OECD.CTP.TPS:DSD_TAX_WAGES_COMP@DF_TW_COMP(2.1),Labour taxation – OECD comparative country indicators,I,TUR,Türkiye,AV_TW,Average tax wedge,PT_COS_LB,Percentage of labour costs,S_C0,"Single person, no children",AW100,100% of average wage,_Z,Not applicable,A,Annual,2021,,39.884647,,2,Two,0,Units,A,Normal value,_Z,Not applicable
DATAFLOW,OECD.CTP.TPS:DSD_TAX_WAGES_COMP@DF_TW_COMP(2.1),Labour taxation – OECD comparative country indicators,I,TUR,Türkiye,AV_TW,Average tax wedge,PT_COS_LB,Percentage of labour costs,S_C0,"Single person, no children",AW100,100% of average wage,_Z,Not applicable,A,Annual,2020,,39.466849,,2,Two,0,Units,A,Normal value,_Z,Not applicable
DATAFLOW,OECD.CTP.TPS:DSD_TAX_WAGES_COMP@DF_TW_COMP(2.1),Labour taxation – OECD comparative country indicators,I,TUR,Türkiye,AV_TW,Average tax wedge,PT_COS_LB,Percentage of labour costs,S_C0,"Single person, no children",AW100,100% of average wage,_Z,Not applicable,A,Annual,2019,,39.574241,,2,Two,0,Units,A,Normal value,_Z,Not applicable
DATAFLOW,OECD.CTP.TPS:DSD_TAX_WAGES_COMP@DF_TW_COMP(2.1),Labour taxation – OECD comparative country indicators,I,TUR,Türkiye,AV_TW,Average tax wedge,PT_COS_LB,Percentage of labour costs,S_C0,"Single person, no children",AW100,100% of average wage,_Z,Not applicable,A,Annual,2018,,39.244028,,2,Two,0,Units,A,Normal value,_Z,Not applicable
DATAFLOW,OECD.CTP.TPS:DSD_TAX_WAGES_COMP@DF_TW_COMP(2.1),Labour taxation – OECD comparative country indicators,I,TUR,Türkiye,AV_TW,Average tax wedge,PT_COS_LB,Percentage of labour costs,S_C0,"Single person, no children",AW100,100% of average wage,_Z,Not applicable,A,Annual,2017,,38.897567,,2,Two,0,Units,A,Normal value,_Z,Not applicable
DATAFLOW,OECD.CTP.TPS:DSD_TAX_WAGES_COMP@DF_TW_COMP(2.1),Labour taxation – OECD comparative country indicators,I,GBR,United Kingdom,AV_TW,Average tax wedge,PT_COS_LB,Percentage of labour costs,S_C0,"Single person, no children",AW100,100% of average wage,_Z,Not applicable,A,Annual,2025,,32.378882,,2,Two,0,Units,A,Normal value,_Z,Not applicable
DATAFLOW,OECD.CTP.TPS:DSD_TAX_WAGES_COMP@DF_TW_COMP(2.1),Labour taxation – OECD comparative country indicators,I,GBR,United Kingdom,AV_TW,Average tax wedge,PT_COS_LB,Percentage of labour costs,S_C0,"Single person, no children",AW100,100% of average wage,_Z,Not applicable,A,Annual,2024,,29.931677,,2,Two,0,Units,A,Normal value,_Z,Not applicable
DATAFLOW,OECD.CTP.TPS:DSD_TAX_WAGES_COMP@DF_TW_COMP(2.1),Labour taxation – OECD comparative country indicators,I,GBR,United Kingdom,AV_TW,Average tax wedge,PT_COS_LB,Percentage of labour costs,S_C0,"Single person, no children",AW100,100% of average wage,_Z,Not applicable,A,Annual,2023,,31.146032,,2,Two,0,Units,A,Normal value,_Z,Not applicable
DATAFLOW,OECD.CTP.TPS:DSD_TAX_WAGES_COMP@DF_TW_COMP(2.1),Labour taxation – OECD comparative country indicators,I,GBR,United Kingdom,AV_TW,Average tax wedge,PT_COS_LB,Percentage of labour costs,S_C0,"Single person, no children",AW100,100% of average wage,_Z,Not applicable,A,Annual,2022,,31.720936,,2,Two,0,Units,A,Normal value,_Z,Not applicable
DATAFLOW,OECD.CTP.TPS:DSD_TAX_WAGES_COMP@DF_TW_COMP(2.1),Labour taxation – OECD comparative country indicators,I,GBR,United Kingdom,AV_TW,Average tax wedge,PT_COS_LB,Percentage of labour costs,S_C0,"Single person, no children",AW100,100% of average wage,_Z,Not applicable,A,Annual,2021,,30.924808,,2,Two,0,Units,A,Normal value,_Z,Not applicable
DATAFLOW,OECD.CTP.TPS:DSD_TAX_WAGES_COMP@DF_TW_COMP(2.1),Labour taxation – OECD comparative country indicators,I,GBR,United Kingdom,AV_TW,Average tax wedge,PT_COS_LB,Percentage of labour costs,S_C0,"Single person, no children",AW100,100% of average wage,_Z,Not applicable,A,Annual,2020,,30.389578,,2,Two,0,Units,A,Normal value,_Z,Not applicable
DATAFLOW,OECD.CTP.TPS:DSD_TAX_WAGES_COMP@DF_TW_COMP(2.1),Labour taxation – OECD comparative country indicators,I,GBR,United Kingdom,AV_TW,Average tax wedge,PT_COS_LB,Percentage of labour costs,S_C0,"Single person, no children",AW100,100% of average wage,_Z,Not applicable,A,Annual,2019,,30.901417,,2,Two,0,Units,A,Normal value,_Z,Not applicable
DATAFLOW,OECD.CTP.TPS:DSD_TAX_WAGES_COMP@DF_TW_COMP(2.1),Labour taxation – OECD comparative country indicators,I,GBR,United Kingdom,AV_TW,Average tax wedge,PT_COS_LB,Percentage of labour costs,S_C0,"Single person, no children",AW100,100% of average wage,_Z,Not applicable,A,Annual,2018,,30.969121,,2,Two,0,Units,A,Normal value,_Z,Not applicable
DATAFLOW,OECD.CTP.TPS:DSD_TAX_WAGES_COMP@DF_TW_COMP(2.1),Labour taxation – OECD comparative country indicators,I,GBR,United Kingdom,AV_TW,Average tax wedge,PT_COS_LB,Percentage of labour costs,S_C0,"Single person, no children",AW100,100% of average wage,_Z,Not applicable,A,Annual,2017,,30.990924,,2,Two,0,Units,A,Normal value,_Z,Not applicable
DATAFLOW,OECD.CTP.TPS:DSD_TAX_WAGES_COMP@DF_TW_COMP(2.1),Labour taxation – OECD comparative country indicators,I,USA,United States,AV_TW,Average tax wedge,PT_COS_LB,Percentage of labour costs,S_C0,"Single person, no children",AW100,100% of average wage,_Z,Not applicable,A,Annual,2025,,29.977066,,2,Two,0,Units,A,Normal value,_Z,Not applicable
DATAFLOW,OECD.CTP.TPS:DSD_TAX_WAGES_COMP@DF_TW_COMP(2.1),Labour taxation – OECD comparative country indicators,I,USA,United States,AV_TW,Average tax wedge,PT_COS_LB,Percentage of labour costs,S_C0,"Single person, no children",AW100,100% of average wage,_Z,Not applicable,A,Annual,2024,,30.069366,,2,Two,0,Units,A,Normal value,_Z,Not applicable
DATAFLOW,OECD.CTP.TPS:DSD_TAX_WAGES_COMP@DF_TW_COMP(2.1),Labour taxation – OECD comparative country indicators,I,USA,United States,AV_TW,Average tax wedge,PT_COS_LB,Percentage of labour costs,S_C0,"Single person, no children",AW100,100% of average wage,_Z,Not applicable,A,Annual,2023,,30.014632,,2,Two,0,Units,A,Normal value,_Z,Not applicable
DATAFLOW,OECD.CTP.TPS:DSD_TAX_WAGES_COMP@DF_TW_COMP(2.1),Labour taxation – OECD comparative country indicators,I,USA,United States,AV_TW,Average tax wedge,PT_COS_LB,Percentage of labour costs,S_C0,"Single person, no children",AW100,100% of average wage,_Z,Not applicable,A,Annual,2022,,30.461555,,2,Two,0,Units,A,Normal value,_Z,Not applicable
DATAFLOW,OECD.CTP.TPS:DSD_TAX_WAGES_COMP@DF_TW_COMP(2.1),Labour taxation – OECD comparative country indicators,I,USA,United States,AV_TW,Average tax wedge,PT_COS_LB,Percentage of labour costs,S_C0,"Single person, no children",AW100,100% of average wage,_Z,Not applicable,A,Annual,2021,,28.269089,,2,Two,0,Units,A,Normal value,_Z,Not applicable
DATAFLOW,OECD.CTP.TPS:DSD_TAX_WAGES_COMP@DF_TW_COMP(2.1),Labour taxation – OECD comparative country indicators,I,USA,United States,AV_TW,Average tax wedge,PT_COS_LB,Percentage of labour costs,S_C0,"Single person, no children",AW100,100% of average wage,_Z,Not applicable,A,Annual,2020,,27.211586,,2,Two,0,Units,A,Normal value,_Z,Not applicable
DATAFLOW,OECD.CTP.TPS:DSD_TAX_WAGES_COMP@DF_TW_COMP(2.1),Labour taxation – OECD comparative country indicators,I,USA,United States,AV_TW,Average tax wedge,PT_COS_LB,Percentage of labour costs,S_C0,"Single person, no children",AW100,100% of average wage,_Z,Not applicable,A,Annual,2019,,29.655894,,2,Two,0,Units,A,Normal value,_Z,Not applicable
DATAFLOW,OECD.CTP.TPS:DSD_TAX_WAGES_COMP@DF_TW_COMP(2.1),Labour taxation – OECD comparative country indicators,I,USA,United States,AV_TW,Average tax wedge,PT_COS_LB,Percentage of labour costs,S_C0,"Single person, no children",AW100,100% of average wage,_Z,Not applicable,A,Annual,2018,,29.598968,,2,Two,0,Units,A,Normal value,_Z,Not applicable
DATAFLOW,OECD.CTP.TPS:DSD_TAX_WAGES_COMP@DF_TW_COMP(2.1),Labour taxation – OECD comparative country indicators,I,USA,United States,AV_TW,Average tax wedge,PT_COS_LB,Percentage of labour costs,S_C0,"Single person, no children",AW100,100% of average wage,_Z,Not applicable,A,Annual,2017,,31.775433,,2,Two,0,Units,A,Normal value,_Z,Not applicable
DATAFLOW,OECD.CTP.TPS:DSD_TAX_WAGES_COMP@DF_TW_COMP(2.1),Labour taxation – OECD comparative country indicators,I,EU22OECD,European Union (22 countries) in OECD,AV_TW,Average tax wedge,PT_COS_LB,Percentage of labour costs,S_C0,"Single person, no children",AW100,100% of average wage,_Z,Not applicable,A,Annual,2025,,41.725044,,2,Two,0,Units,A,Normal value,_Z,Not applicable
DATAFLOW,OECD.CTP.TPS:DSD_TAX_WAGES_COMP@DF_TW_COMP(2.1),Labour taxation – OECD comparative country indicators,I,EU22OECD,European Union (22 countries) in OECD,AV_TW,Average tax wedge,PT_COS_LB,Percentage of labour costs,S_C0,"Single person, no children",AW100,100% of average wage,_Z,Not applicable,A,Annual,2024,,41.637595,,2,Two,0,Units,A,Normal value,_Z,Not applicable
DATAFLOW,OECD.CTP.TPS:DSD_TAX_WAGES_COMP@DF_TW_COMP(2.1),Labour taxation – OECD comparative country indicators,I,EU22OECD,European Union (22 countries) in OECD,AV_TW,Average tax wedge,PT_COS_LB,Percentage of labour costs,S_C0,"Single person, no children",AW100,100% of average wage,_Z,Not applicable,A,Annual,2023,,41.528537,,2,Two,0,Units,A,Normal value,_Z,Not applicable
DATAFLOW,OECD.CTP.TPS:DSD_TAX_WAGES_COMP@DF_TW_COMP(2.1),Labour taxation – OECD comparative country indicators,I,EU22OECD,European Union (22 countries) in OECD,AV_TW,Average tax wedge,PT_COS_LB,Percentage of labour costs,S_C0,"Single person, no children",AW100,100% of average wage,_Z,Not applicable,A,Annual,2022,,41.320849,,2,Two,0,Units,A,Normal value,_Z,Not applicable
DATAFLOW,OECD.CTP.TPS:DSD_TAX_WAGES_COMP@DF_TW_COMP(2.1),Labour taxation – OECD comparative country indicators,I,EU22OECD,European Union (22 countries) in OECD,AV_TW,Average tax wedge,PT_COS_LB,Percentage of labour costs,S_C0,"Single person, no children",AW100,100% of average wage,_Z,Not applicable,A,Annual,2021,,41.318668,,2,Two,0,Units,A,Normal value,_Z,Not applicable
DATAFLOW,OECD.CTP.TPS:DSD_TAX_WAGES_COMP@DF_TW_COMP(2.1),Labour taxation – OECD comparative country indicators,I,EU22OECD,European Union (22 countries) in OECD,AV_TW,Average tax wedge,PT_COS_LB,Percentage of labour costs,S_C0,"Single person, no children",AW100,100% of average wage,_Z,Not applicable,A,Annual,2020,,41.536387,,2,Two,0,Units,A,Normal value,_Z,Not applicable
DATAFLOW,OECD.CTP.TPS:DSD_TAX_WAGES_COMP@DF_TW_COMP(2.1),Labour taxation – OECD comparative country indicators,I,EU22OECD,European Union (22 countries) in OECD,AV_TW,Average tax wedge,PT_COS_LB,Percentage of labour costs,S_C0,"Single person, no children",AW100,100% of average wage,_Z,Not applicable,A,Annual,2019,,41.846029,,2,Two,0,Units,A,Normal value,_Z,Not applicable
DATAFLOW,OECD.CTP.TPS:DSD_TAX_WAGES_COMP@DF_TW_COMP(2.1),Labour taxation – OECD comparative country indicators,I,EU22OECD,European Union (22 countries) in OECD,AV_TW,Average tax wedge,PT_COS_LB,Percentage of labour costs,S_C0,"Single person, no children",AW100,100% of average wage,_Z,Not applicable,A,Annual,2018,,41.993691,,2,Two,0,Units,A,Normal value,_Z,Not applicable
DATAFLOW,OECD.CTP.TPS:DSD_TAX_WAGES_COMP@DF_TW_COMP(2.1),Labour taxation – OECD comparative country indicators,I,EU22OECD,European Union (22 countries) in OECD,AV_TW,Average tax wedge,PT_COS_LB,Percentage of labour costs,S_C0,"Single person, no children",AW100,100% of average wage,_Z,Not applicable,A,Annual,2017,,42.196424,,2,Two,0,Units,A,Normal value,_Z,Not applicable
DATAFLOW,OECD.CTP.TPS:DSD_TAX_WAGES_COMP@DF_TW_COMP(2.1),Labour taxation – OECD comparative country indicators,I,OECD_REP,OECD average country,AV_TW,Average tax wedge,PT_COS_LB,Percentage of labour costs,S_C0,"Single person, no children",AW100,100% of average wage,_Z,Not applicable,A,Annual,2025,,35.08354,,2,Two,0,Units,A,Normal value,_Z,Not applicable
DATAFLOW,OECD.CTP.TPS:DSD_TAX_WAGES_COMP@DF_TW_COMP(2.1),Labour taxation – OECD comparative country indicators,I,OECD_REP,OECD average country,AV_TW,Average tax wedge,PT_COS_LB,Percentage of labour costs,S_C0,"Single person, no children",AW100,100% of average wage,_Z,Not applicable,A,Annual,2024,,34.929104,,2,Two,0,Units,A,Normal value,_Z,Not applicable
DATAFLOW,OECD.CTP.TPS:DSD_TAX_WAGES_COMP@DF_TW_COMP(2.1),Labour taxation – OECD comparative country indicators,I,OECD_REP,OECD average country,AV_TW,Average tax wedge,PT_COS_LB,Percentage of labour costs,S_C0,"Single person, no children",AW100,100% of average wage,_Z,Not applicable,A,Annual,2023,,34.815343,,2,Two,0,Units,A,Normal value,_Z,Not applicable
DATAFLOW,OECD.CTP.TPS:DSD_TAX_WAGES_COMP@DF_TW_COMP(2.1),Labour taxation – OECD comparative country indicators,I,OECD_REP,OECD average country,AV_TW,Average tax wedge,PT_COS_LB,Percentage of labour costs,S_C0,"Single person, no children",AW100,100% of average wage,_Z,Not applicable,A,Annual,2022,,34.655762,,2,Two,0,Units,A,Normal value,_Z,Not applicable
DATAFLOW,OECD.CTP.TPS:DSD_TAX_WAGES_COMP@DF_TW_COMP(2.1),Labour taxation – OECD comparative country indicators,I,OECD_REP,OECD average country,AV_TW,Average tax wedge,PT_COS_LB,Percentage of labour costs,S_C0,"Single person, no children",AW100,100% of average wage,_Z,Not applicable,A,Annual,2021,,34.521159,,2,Two,0,Units,A,Normal value,_Z,Not applicable
DATAFLOW,OECD.CTP.TPS:DSD_TAX_WAGES_COMP@DF_TW_COMP(2.1),Labour taxation – OECD comparative country indicators,I,OECD_REP,OECD average country,AV_TW,Average tax wedge,PT_COS_LB,Percentage of labour costs,S_C0,"Single person, no children",AW100,100% of average wage,_Z,Not applicable,A,Annual,2020,,34.582564,,2,Two,0,Units,A,Normal value,_Z,Not applicable
DATAFLOW,OECD.CTP.TPS:DSD_TAX_WAGES_COMP@DF_TW_COMP(2.1),Labour taxation – OECD comparative country indicators,I,OECD_REP,OECD average country,AV_TW,Average tax wedge,PT_COS_LB,Percentage of labour costs,S_C0,"Single person, no children",AW100,100% of average wage,_Z,Not applicable,A,Annual,2019,,34.788409,,2,Two,0,Units,A,Normal value,_Z,Not applicable
DATAFLOW,OECD.CTP.TPS:DSD_TAX_WAGES_COMP@DF_TW_COMP(2.1),Labour taxation – OECD comparative country indicators,I,OECD_REP,OECD average country,AV_TW,Average tax wedge,PT_COS_LB,Percentage of labour costs,S_C0,"Single person, no children",AW100,100% of average wage,_Z,Not applicable,A,Annual,2018,,34.854507,,2,Two,0,Units,A,Normal value,_Z,Not applicable
DATAFLOW,OECD.CTP.TPS:DSD_TAX_WAGES_COMP@DF_TW_COMP(2.1),Labour taxation – OECD comparative country indicators,I,OECD_REP,OECD average country,AV_TW,Average tax wedge,PT_COS_LB,Percentage of labour costs,S_C0,"Single person, no children",AW100,100% of average wage,_Z,Not applicable,A,Annual,2017,,34.998419,,2,Two,0,Units,A,Normal value,_Z,Not applicable
DATAFLOW,OECD.CTP.TPS:DSD_TAX_WAGES_COMP@DF_TW_COMP(2.1),Labour taxation – OECD comparative country indicators,I,AUS,Australia,AV_TW,Average tax wedge,PT_COS_LB,Percentage of labour costs,S_C0,"Single person, no children",AW100,100% of average wage,_Z,Not applicable,A,Annual,2016,,28.570916,,2,Two,0,Units,A,Normal value,_Z,Not applicable
DATAFLOW,OECD.CTP.TPS:DSD_TAX_WAGES_COMP@DF_TW_COMP(2.1),Labour taxation – OECD comparative country indicators,I,AUT,Austria,AV_TW,Average tax wedge,PT_COS_LB,Percentage of labour costs,S_C0,"Single person, no children",AW100,100% of average wage,_Z,Not applicable,A,Annual,2016,,47.331796,,2,Two,0,Units,A,Normal value,_Z,Not applicable
DATAFLOW,OECD.CTP.TPS:DSD_TAX_WAGES_COMP@DF_TW_COMP(2.1),Labour taxation – OECD comparative country indicators,I,BEL,Belgium,AV_TW,Average tax wedge,PT_COS_LB,Percentage of labour costs,S_C0,"Single person, no children",AW100,100% of average wage,_Z,Not applicable,A,Annual,2022,,52.964623,,2,Two,0,Units,A,Normal value,_Z,Not applicable
DATAFLOW,OECD.CTP.TPS:DSD_TAX_WAGES_COMP@DF_TW_COMP(2.1),Labour taxation – OECD comparative country indicators,I,CAN,Canada,AV_TW,Average tax wedge,PT_COS_LB,Percentage of labour costs,S_C0,"Single person, no children",AW100,100% of average wage,_Z,Not applicable,A,Annual,2016,,32.114861,,2,Two,0,Units,A,Normal value,_Z,Not applicable
DATAFLOW,OECD.CTP.TPS:DSD_TAX_WAGES_COMP@DF_TW_COMP(2.1),Labour taxation – OECD comparative country indicators,I,CHL,Chile,AV_TW,Average tax wedge,PT_COS_LB,Percentage of labour costs,S_C0,"Single person, no children",AW100,100% of average wage,_Z,Not applicable,A,Annual,2016,,7,,2,Two,0,Units,A,Normal value,_Z,Not applicable
DATAFLOW,OECD.CTP.TPS:DSD_TAX_WAGES_COMP@DF_TW_COMP(2.1),Labour taxation – OECD comparative country indicators,I,COL,Colombia,AV_TW,Average tax wedge,PT_COS_LB,Percentage of labour costs,S_C0,"Single person, no children",AW100,100% of average wage,_Z,Not applicable,A,Annual,2018,,0,,2,Two,0,Units,A,Normal value,_Z,Not applicable
DATAFLOW,OECD.CTP.TPS:DSD_TAX_WAGES_COMP@DF_TW_COMP(2.1),Labour taxation – OECD comparative country indicators,I,CRI,Costa Rica,AV_TW,Average tax wedge,PT_COS_LB,Percentage of labour costs,S_C0,"Single person, no children",AW100,100% of average wage,_Z,Not applicable,A,Annual,2016,,26.488279,,2,Two,0,Units,A,Normal value,_Z,Not applicable
DATAFLOW,OECD.CTP.TPS:DSD_TAX_WAGES_COMP@DF_TW_COMP(2.1),Labour taxation – OECD comparative country indicators,I,CZE,Czechia,AV_TW,Average tax wedge,PT_COS_LB,Percentage of labour costs,S_C0,"Single person, no children",AW100,100% of average wage,_Z,Not applicable,A,Annual,2016,,43.042047,,2,Two,0,Units,A,Normal value,_Z,Not applicable
DATAFLOW,OECD.CTP.TPS:DSD_TAX_WAGES_COMP@DF_TW_COMP(2.1),Labour taxation – OECD comparative country indicators,I,DNK,Denmark,AV_TW,Average tax wedge,PT_COS_LB,Percentage of labour costs,S_C0,"Single person, no children",AW100,100% of average wage,_Z,Not applicable,A,Annual,2016,,36.229577,,2,Two,0,Units,A,Normal value,_Z,Not applicable
DATAFLOW,OECD.CTP.TPS:DSD_TAX_WAGES_COMP@DF_TW_COMP(2.1),Labour taxation – OECD comparative country indicators,I,EST,Estonia,AV_TW,Average tax wedge,PT_COS_LB,Percentage of labour costs,S_C0,"Single person, no children",AW100,100% of average wage,_Z,Not applicable,A,Annual,2016,,38.992936,,2,Two,0,Units,A,Normal value,_Z,Not applicable
DATAFLOW,OECD.CTP.TPS:DSD_TAX_WAGES_COMP@DF_TW_COMP(2.1),Labour taxation – OECD comparative country indicators,I,FIN,Finland,AV_TW,Average tax wedge,PT_COS_LB,Percentage of labour costs,S_C0,"Single person, no children",AW100,100% of average wage,_Z,Not applicable,A,Annual,2016,,44.114717,,2,Two,0,Units,A,Normal value,_Z,Not applicable
DATAFLOW,OECD.CTP.TPS:DSD_TAX_WAGES_COMP@DF_TW_COMP(2.1),Labour taxation – OECD comparative country indicators,I,FRA,France,AV_TW,Average tax wedge,PT_COS_LB,Percentage of labour costs,S_C0,"Single person, no children",AW100,100% of average wage,_Z,Not applicable,A,Annual,2016,,48.024802,,2,Two,0,Units,A,Normal value,_Z,Not applicable
DATAFLOW,OECD.CTP.TPS:DSD_TAX_WAGES_COMP@DF_TW_COMP(2.1),Labour taxation – OECD comparative country indicators,I,DEU,Germany,AV_TW,Average tax wedge,PT_COS_LB,Percentage of labour costs,S_C0,"Single person, no children",AW100,100% of average wage,_Z,Not applicable,A,Annual,2016,,49.497071,,2,Two,0,Units,A,Normal value,_Z,Not applicable
DATAFLOW,OECD.CTP.TPS:DSD_TAX_WAGES_COMP@DF_TW_COMP(2.1),Labour taxation – OECD comparative country indicators,I,GRC,Greece,AV_TW,Average tax wedge,PT_COS_LB,Percentage of labour costs,S_C0,"Single person, no children",AW100,100% of average wage,_Z,Not applicable,A,Annual,2016,,39.982826,,2,Two,0,Units,A,Normal value,_Z,Not applicable
DATAFLOW,OECD.CTP.TPS:DSD_TAX_WAGES_COMP@DF_TW_COMP(2.1),Labour taxation – OECD comparative country indicators,I,HUN,Hungary,AV_TW,Average tax wedge,PT_COS_LB,Percentage of labour costs,S_C0,"Single person, no children",AW100,100% of average wage,_Z,Not applicable,A,Annual,2016,,48.249027,,2,Two,0,Units,A,Normal value,_Z,Not applicable
DATAFLOW,OECD.CTP.TPS:DSD_TAX_WAGES_COMP@DF_TW_COMP(2.1),Labour taxation – OECD comparative country indicators,I,ISL,Iceland,AV_TW,Average tax wedge,PT_COS_LB,Percentage of labour costs,S_C0,"Single person, no children",AW100,100% of average wage,_Z,Not applicable,A,Annual,2016,,33.901883,,2,Two,0,Units,A,Normal value,_Z,Not applicable
DATAFLOW,OECD.CTP.TPS:DSD_TAX_WAGES_COMP@DF_TW_COMP(2.1),Labour taxation – OECD comparative country indicators,I,IRL,Ireland,AV_TW,Average tax wedge,PT_COS_LB,Percentage of labour costs,S_C0,"Single person, no children",AW100,100% of average wage,_Z,Not applicable,A,Annual,2016,,32.658988,,2,Two,0,Units,A,Normal value,_Z,Not applicable
DATAFLOW,OECD.CTP.TPS:DSD_TAX_WAGES_COMP@DF_TW_COMP(2.1),Labour taxation – OECD comparative country indicators,I,ISR,Israel,AV_TW,Average tax wedge,PT_COS_LB,Percentage of labour costs,S_C0,"Single person, no children",AW100,100% of average wage,_Z,Not applicable,A,Annual,2016,,22.278929,,2,Two,0,Units,A,Normal value,_Z,Not applicable
DATAFLOW,OECD.CTP.TPS:DSD_TAX_WAGES_COMP@DF_TW_COMP(2.1),Labour taxation – OECD comparative country indicators,I,ITA,Italy,AV_TW,Average tax wedge,PT_COS_LB,Percentage of labour costs,S_C0,"Single person, no children",AW100,100% of average wage,_Z,Not applicable,A,Annual,2016,,47.764797,,2,Two,0,Units,A,Normal value,_Z,Not applicable
DATAFLOW,OECD.CTP.TPS:DSD_TAX_WAGES_COMP@DF_TW_COMP(2.1),Labour taxation – OECD comparative country indicators,I,JPN,Japan,AV_TW,Average tax wedge,PT_COS_LB,Percentage of labour costs,S_C0,"Single person, no children",AW100,100% of average wage,_Z,Not applicable,A,Annual,2016,,32.442855,,2,Two,0,Units,A,Normal value,_Z,Not applicable
DATAFLOW,OECD.CTP.TPS:DSD_TAX_WAGES_COMP@DF_TW_COMP(2.1),Labour taxation – OECD comparative country indicators,I,KOR,Korea,AV_TW,Average tax wedge,PT_COS_LB,Percentage of labour costs,S_C0,"Single person, no children",AW100,100% of average wage,_Z,Not applicable,A,Annual,2016,,21.801701,,2,Two,0,Units,A,Normal value,_Z,Not applicable
DATAFLOW,OECD.CTP.TPS:DSD_TAX_WAGES_COMP@DF_TW_COMP(2.1),Labour taxation – OECD comparative country indicators,I,LVA,Latvia,AV_TW,Average tax wedge,PT_COS_LB,Percentage of labour costs,S_C0,"Single person, no children",AW100,100% of average wage,_Z,Not applicable,A,Annual,2016,,42.469432,,2,Two,0,Units,A,Normal value,_Z,Not applicable
DATAFLOW,OECD.CTP.TPS:DSD_TAX_WAGES_COMP@DF_TW_COMP(2.1),Labour taxation – OECD comparative country indicators,I,LTU,Lithuania,AV_TW,Average tax wedge,PT_COS_LB,Percentage of labour costs,S_C0,"Single person, no children",AW100,100% of average wage,_Z,Not applicable,A,Annual,2016,,41.289383,,2,Two,0,Units,A,Normal value,_Z,Not applicable
DATAFLOW,OECD.CTP.TPS:DSD_TAX_WAGES_COMP@DF_TW_COMP(2.1),Labour taxation – OECD comparative country indicators,I,LUX,Luxembourg,AV_TW,Average tax wedge,PT_COS_LB,Percentage of labour costs,S_C0,"Single person, no children",AW100,100% of average wage,_Z,Not applicable,A,Annual,2016,,39.579291,,2,Two,0,Units,A,Normal value,_Z,Not applicable
DATAFLOW,OECD.CTP.TPS:DSD_TAX_WAGES_COMP@DF_TW_COMP(2.1),Labour taxation – OECD comparative country indicators,I,MEX,Mexico,AV_TW,Average tax wedge,PT_COS_LB,Percentage of labour costs,S_C0,"Single person, no children",AW100,100% of average wage,_Z,Not applicable,A,Annual,2016,,20.107327,,2,Two,0,Units,A,Normal value,_Z,Not applicable
DATAFLOW,OECD.CTP.TPS:DSD_TAX_WAGES_COMP@DF_TW_COMP(2.1),Labour taxation – OECD comparative country indicators,I,NLD,Netherlands,AV_TW,Average tax wedge,PT_COS_LB,Percentage of labour costs,S_C0,"Single person, no children",AW100,100% of average wage,_Z,Not applicable,A,Annual,2016,,36.977563,,2,Two,0,Units,A,Normal value,_Z,Not applicable
DATAFLOW,OECD.CTP.TPS:DSD_TAX_WAGES_COMP@DF_TW_COMP(2.1),Labour taxation – OECD comparative country indicators,I,NZL,New Zealand,AV_TW,Average tax wedge,PT_COS_LB,Percentage of labour costs,S_C0,"Single person, no children",AW100,100% of average wage,_Z,Not applicable,A,Annual,2016,,18.002131,,2,Two,0,Units,A,Normal value,_Z,Not applicable
DATAFLOW,OECD.CTP.TPS:DSD_TAX_WAGES_COMP@DF_TW_COMP(2.1),Labour taxation – OECD comparative country indicators,I,NOR,Norway,AV_TW,Average tax wedge,PT_COS_LB,Percentage of labour costs,S_C0,"Single person, no children",AW100,100% of average wage,_Z,Not applicable,A,Annual,2016,,36.202763,,2,Two,0,Units,A,Normal value,_Z,Not applicable
DATAFLOW,OECD.CTP.TPS:DSD_TAX_WAGES_COMP@DF_TW_COMP(2.1),Labour taxation – OECD comparative country indicators,I,POL,Poland,AV_TW,Average tax wedge,PT_COS_LB,Percentage of labour costs,S_C0,"Single person, no children",AW100,100% of average wage,_Z,Not applicable,A,Annual,2016,,35.579167,,2,Two,0,Units,A,Normal value,_Z,Not applicable
DATAFLOW,OECD.CTP.TPS:DSD_TAX_WAGES_COMP@DF_TW_COMP(2.1),Labour taxation – OECD comparative country indicators,I,PRT,Portugal,AV_TW,Average tax wedge,PT_COS_LB,Percentage of labour costs,S_C0,"Single person, no children",AW100,100% of average wage,_Z,Not applicable,A,Annual,2016,,40.421538,,2,Two,0,Units,A,Normal value,_Z,Not applicable
DATAFLOW,OECD.CTP.TPS:DSD_TAX_WAGES_COMP@DF_TW_COMP(2.1),Labour taxation – OECD comparative country indicators,I,SVK,Slovak Republic,AV_TW,Average tax wedge,PT_COS_LB,Percentage of labour costs,S_C0,"Single person, no children",AW100,100% of average wage,_Z,Not applicable,A,Annual,2016,,41.666311,,2,Two,0,Units,A,Normal value,_Z,Not applicable
DATAFLOW,OECD.CTP.TPS:DSD_TAX_WAGES_COMP@DF_TW_COMP(2.1),Labour taxation – OECD comparative country indicators,I,SVN,Slovenia,AV_TW,Average tax wedge,PT_COS_LB,Percentage of labour costs,S_C0,"Single person, no children",AW100,100% of average wage,_Z,Not applicable,A,Annual,2016,,42.686203,,2,Two,0,Units,A,Normal value,_Z,Not applicable
DATAFLOW,OECD.CTP.TPS:DSD_TAX_WAGES_COMP@DF_TW_COMP(2.1),Labour taxation – OECD comparative country indicators,I,ESP,Spain,AV_TW,Average tax wedge,PT_COS_LB,Percentage of labour costs,S_C0,"Single person, no children",AW100,100% of average wage,_Z,Not applicable,A,Annual,2016,,39.379123,,2,Two,0,Units,A,Normal value,_Z,Not applicable
DATAFLOW,OECD.CTP.TPS:DSD_TAX_WAGES_COMP@DF_TW_COMP(2.1),Labour taxation – OECD comparative country indicators,I,SWE,Sweden,AV_TW,Average tax wedge,PT_COS_LB,Percentage of labour costs,S_C0,"Single person, no children",AW100,100% of average wage,_Z,Not applicable,A,Annual,2016,,42.842793,,2,Two,0,Units,A,Normal value,_Z,Not applicable
DATAFLOW,OECD.CTP.TPS:DSD_TAX_WAGES_COMP@DF_TW_COMP(2.1),Labour taxation – OECD comparative country indicators,I,CHE,Switzerland,AV_TW,Average tax wedge,PT_COS_LB,Percentage of labour costs,S_C0,"Single person, no children",AW100,100% of average wage,_Z,Not applicable,A,Annual,2016,,22.065636,,2,Two,0,Units,A,Normal value,_Z,Not applicable
DATAFLOW,OECD.CTP.TPS:DSD_TAX_WAGES_COMP@DF_TW_COMP(2.1),Labour taxation – OECD comparative country indicators,I,TUR,Türkiye,AV_TW,Average tax wedge,PT_COS_LB,Percentage of labour costs,S_C0,"Single person, no children",AW100,100% of average wage,_Z,Not applicable,A,Annual,2016,,38.241023,,2,Two,0,Units,A,Normal value,_Z,Not applicable
DATAFLOW,OECD.CTP.TPS:DSD_TAX_WAGES_COMP@DF_TW_COMP(2.1),Labour taxation – OECD comparative country indicators,I,GBR,United Kingdom,AV_TW,Average tax wedge,PT_COS_LB,Percentage of labour costs,S_C0,"Single person, no children",AW100,100% of average wage,_Z,Not applicable,A,Annual,2016,,30.913017,,2,Two,0,Units,A,Normal value,_Z,Not applicable
DATAFLOW,OECD.CTP.TPS:DSD_TAX_WAGES_COMP@DF_TW_COMP(2.1),Labour taxation – OECD comparative country indicators,I,USA,United States,AV_TW,Average tax wedge,PT_COS_LB,Percentage of labour costs,S_C0,"Single person, no children",AW100,100% of average wage,_Z,Not applicable,A,Annual,2016,,31.580608,,2,Two,0,Units,A,Normal value,_Z,Not applicable
DATAFLOW,OECD.CTP.TPS:DSD_TAX_WAGES_COMP@DF_TW_COMP(2.1),Labour taxation – OECD comparative country indicators,I,EU22OECD,European Union (22 countries) in OECD,AV_TW,Average tax wedge,PT_COS_LB,Percentage of labour costs,S_C0,"Single person, no children",AW100,100% of average wage,_Z,Not applicable,A,Annual,2016,,42.396574,,2,Two,0,Units,A,Normal value,_Z,Not applicable
DATAFLOW,OECD.CTP.TPS:DSD_TAX_WAGES_COMP@DF_TW_COMP(2.1),Labour taxation – OECD comparative country indicators,I,OECD_REP,OECD average country,AV_TW,Average tax wedge,PT_COS_LB,Percentage of labour costs,S_C0,"Single person, no children",AW100,100% of average wage,_Z,Not applicable,A,Annual,2016,,35.116751,,2,Two,0,Units,A,Normal value,_Z,Not applicable
