STRUCTURE,STRUCTURE_ID,STRUCTURE_NAME,ACTION,REF_AREA,Reference area,EDUCATION_LEV,Education level,MEASURE,Measure,EDUCATION_TYPE,Education type,INTENSITY,Intensity,EDUCATION_FIELD,Field of education,GRADE,Grade,FREQ,Frequency of observation,ORIGIN,Origin,DESTINATION,Destination,INST_TYPE_EDU,Type of educational institution,MOBILITY,Mobility,UNIT_MEASURE,Unit of measure,SEX,Sex,AGE,Age,TIME_PERIOD,Time period,OBS_VALUE,Observation value,REF_YEAR_AGES,Reference date for ages,ORIGIN_CRITERION,Origin criterion,REPYEARSTART,Reference year start,REPYEAREND,Reference year end,OBS_STATUS,Observation status,CONF_STATUS,Confidentiality status,COMMENT_OBS,Observation comment,DECIMALS,Decimals,TIME_PER_COLLECT,Time period collection,UNIT_MULT,Unit multiplier
DATAFLOW,OECD.EDU.IMEP:DSD_EAG_UOE_NON_FIN_STUD@DF_UOE_NF_DIST_FIELD(1.0),"Distribution of enrolled students, new entrants and graduates by field of education",I,PRT,Portugal,ISCED11_5T8,Tertiary education,GRAD,Graduates,FE,"Formal education, includes formal initial and formal adult education programmes",_T,Total,F05T07,"Science, technology, engineering and mathematics",_T,Total,A,Annual,_Z,Not applicable,_Z,Not applicable,INST_EDU,All educational institutions,_T,Total,PT_ST,Percentage of students,_T,Total,_T,Total,2023,,27.3835560532016,,,,,,,,,,A,Normal value,,,,,2,Two,,,0,Units
DATAFLOW,OECD.EDU.IMEP:DSD_EAG_UOE_NON_FIN_STUD@DF_UOE_NF_DIST_FIELD(1.0),"Distribution of enrolled students, new entrants and graduates by field of education",I,PRT,Portugal,ISCED11_5T8,Tertiary education,GRAD,Graduates,FE,"Formal education, includes formal initial and formal adult education programmes",_T,Total,F05T07,"Science, technology, engineering and mathematics",_T,Total,A,Annual,_Z,Not applicable,_Z,Not applicable,INST_EDU,All educational institutions,_T,Total,PT_ST,Percentage of students,_T,Total,_T,Total,2022,,27.9130493003325,,,,,,,,,,A,Normal value,,,,,2,Two,,,0,Units
DATAFLOW,OECD.EDU.IMEP:DSD_EAG_UOE_NON_FIN_STUD@DF_UOE_NF_DIST_FIELD(1.0),"Distribution of enrolled students, new entrants and graduates by field of education",I,PRT,Portugal,ISCED11_5T8,Tertiary education,GRAD,Graduates,FE,"Formal education, includes formal initial and formal adult education programmes",_T,Total,F05T07,"Science, technology, engineering and mathematics",_T,Total,A,Annual,_Z,Not applicable,_Z,Not applicable,INST_EDU,All educational institutions,_T,Total,PT_ST,Percentage of students,_T,Total,_T,Total,2021,,27.7349209318705,,,,,,,,,,A,Normal value,,,,,2,Two,,,0,Units
DATAFLOW,OECD.EDU.IMEP:DSD_EAG_UOE_NON_FIN_STUD@DF_UOE_NF_DIST_FIELD(1.0),"Distribution of enrolled students, new entrants and graduates by field of education",I,PRT,Portugal,ISCED11_5T8,Tertiary education,GRAD,Graduates,FE,"Formal education, includes formal initial and formal adult education programmes",_T,Total,F05T07,"Science, technology, engineering and mathematics",_T,Total,A,Annual,_Z,Not applicable,_Z,Not applicable,INST_EDU,All educational institutions,_T,Total,PT_ST,Percentage of students,_T,Total,_T,Total,2020,,27.8334168891583,,,,,,,,,,A,Normal value,,,,,2,Two,,,0,Units
DATAFLOW,OECD.EDU.IMEP:DSD_EAG_UOE_NON_FIN_STUD@DF_UOE_NF_DIST_FIELD(1.0),"Distribution of enrolled students, new entrants and graduates by field of education",I,PRT,Portugal,ISCED11_5T8,Tertiary education,GRAD,Graduates,FE,"Formal education, includes formal initial and formal adult education programmes",_T,Total,F05T07,"Science, technology, engineering and mathematics",_T,Total,A,Annual,_Z,Not applicable,_Z,Not applicable,INST_EDU,All educational institutions,_T,Total,PT_ST,Percentage of students,_T,Total,_T,Total,2019,,27.9987669543773,,,,,,,,,,A,Normal value,,,,,2,Two,,,0,Units
DATAFLOW,OECD.EDU.IMEP:DSD_EAG_UOE_NON_FIN_STUD@DF_UOE_NF_DIST_FIELD(1.0),"Distribution of enrolled students, new entrants and graduates by field of education",I,PRT,Portugal,ISCED11_5T8,Tertiary education,GRAD,Graduates,FE,"Formal education, includes formal initial and formal adult education programmes",_T,Total,F05T07,"Science, technology, engineering and mathematics",_T,Total,A,Annual,_Z,Not applicable,_Z,Not applicable,INST_EDU,All educational institutions,_T,Total,PT_ST,Percentage of students,_T,Total,_T,Total,2018,,27.912892029721,,,,,,,,,,A,Normal value,,,,,2,Two,,,0,Units
DATAFLOW,OECD.EDU.IMEP:DSD_EAG_UOE_NON_FIN_STUD@DF_UOE_NF_DIST_FIELD(1.0),"Distribution of enrolled students, new entrants and graduates by field of education",I,PRT,Portugal,ISCED11_5T8,Tertiary education,GRAD,Graduates,FE,"Formal education, includes formal initial and formal adult education programmes",_T,Total,F05T07,"Science, technology, engineering and mathematics",_T,Total,A,Annual,_Z,Not applicable,_Z,Not applicable,INST_EDU,All educational institutions,_T,Total,PT_ST,Percentage of students,_T,Total,_T,Total,2017,,29.1038477021569,,,,,,,,,,A,Normal value,,,,,2,Two,,,0,Units
DATAFLOW,OECD.EDU.IMEP:DSD_EAG_UOE_NON_FIN_STUD@DF_UOE_NF_DIST_FIELD(1.0),"Distribution of enrolled students, new entrants and graduates by field of education",I,PRT,Portugal,ISCED11_5T8,Tertiary education,GRAD,Graduates,FE,"Formal education, includes formal initial and formal adult education programmes",_T,Total,F05T07,"Science, technology, engineering and mathematics",_T,Total,A,Annual,_Z,Not applicable,_Z,Not applicable,INST_EDU,All educational institutions,_T,Total,PT_ST,Percentage of students,_T,Total,_T,Total,2016,,29.0320814628271,,,,,,,,,,A,Normal value,,,,,2,Two,,,0,Units
DATAFLOW,OECD.EDU.IMEP:DSD_EAG_UOE_NON_FIN_STUD@DF_UOE_NF_DIST_FIELD(1.0),"Distribution of enrolled students, new entrants and graduates by field of education",I,PRT,Portugal,ISCED11_5T8,Tertiary education,GRAD,Graduates,FE,"Formal education, includes formal initial and formal adult education programmes",_T,Total,F05T07,"Science, technology, engineering and mathematics",_T,Total,A,Annual,_Z,Not applicable,_Z,Not applicable,INST_EDU,All educational institutions,_T,Total,PT_ST,Percentage of students,_T,Total,_T,Total,2015,,27.9129201455791,,,,,,,,,,A,Normal value,,,,,2,Two,,,0,Units
DATAFLOW,OECD.EDU.IMEP:DSD_EAG_UOE_NON_FIN_STUD@DF_UOE_NF_DIST_FIELD(1.0),"Distribution of enrolled students, new entrants and graduates by field of education",I,PRT,Portugal,ISCED11_5T8,Tertiary education,GRAD,Graduates,FE,"Formal education, includes formal initial and formal adult education programmes",_T,Total,F05T07,"Science, technology, engineering and mathematics",_T,Total,A,Annual,_Z,Not applicable,_Z,Not applicable,INST_EDU,All educational institutions,_T,Total,PT_ST,Percentage of students,_T,Total,_T,Total,2014,,27.6210520635178,,,,,,,,,,A,Normal value,,,,,2,Two,,,0,Units
DATAFLOW,OECD.EDU.IMEP:DSD_EAG_UOE_NON_FIN_STUD@DF_UOE_NF_DIST_FIELD(1.0),"Distribution of enrolled students, new entrants and graduates by field of education",I,PRT,Portugal,ISCED11_5T8,Tertiary education,GRAD,Graduates,FE,"Formal education, includes formal initial and formal adult education programmes",_T,Total,F05T07,"Science, technology, engineering and mathematics",_T,Total,A,Annual,_Z,Not applicable,_Z,Not applicable,INST_EDU,All educational institutions,_T,Total,PT_ST,Percentage of students,_T,Total,_T,Total,2013,,27.8237298440726,,,,,,,,,,A,Normal value,,,,,2,Two,,,0,Units
DATAFLOW,OECD.EDU.IMEP:DSD_EAG_UOE_NON_FIN_STUD@DF_UOE_NF_DIST_FIELD(1.0),"Distribution of enrolled students, new entrants and graduates by field of education",I,ISR,Israel,ISCED11_5T8,Tertiary education,GRAD,Graduates,FE,"Formal education, includes formal initial and formal adult education programmes",_T,Total,F05T07,"Science, technology, engineering and mathematics",_T,Total,A,Annual,_Z,Not applicable,_Z,Not applicable,INST_EDU,All educational institutions,_T,Total,PT_ST,Percentage of students,_T,Total,_T,Total,2024,,28.6624575123539,,,,,,,,,,A,Normal value,,,,,2,Two,,,0,Units
DATAFLOW,OECD.EDU.IMEP:DSD_EAG_UOE_NON_FIN_STUD@DF_UOE_NF_DIST_FIELD(1.0),"Distribution of enrolled students, new entrants and graduates by field of education",I,ISR,Israel,ISCED11_5T8,Tertiary education,GRAD,Graduates,FE,"Formal education, includes formal initial and formal adult education programmes",_T,Total,F05T07,"Science, technology, engineering and mathematics",_T,Total,A,Annual,_Z,Not applicable,_Z,Not applicable,INST_EDU,All educational institutions,_T,Total,PT_ST,Percentage of students,_T,Total,_T,Total,2023,,26.9457919276598,,,,,,,,,,A,Normal value,,,,,2,Two,,,0,Units
DATAFLOW,OECD.EDU.IMEP:DSD_EAG_UOE_NON_FIN_STUD@DF_UOE_NF_DIST_FIELD(1.0),"Distribution of enrolled students, new entrants and graduates by field of education",I,ISR,Israel,ISCED11_5T8,Tertiary education,GRAD,Graduates,FE,"Formal education, includes formal initial and formal adult education programmes",_T,Total,F05T07,"Science, technology, engineering and mathematics",_T,Total,A,Annual,_Z,Not applicable,_Z,Not applicable,INST_EDU,All educational institutions,_T,Total,PT_ST,Percentage of students,_T,Total,_T,Total,2022,,27.4564696894884,,,,,,,,,,A,Normal value,,,,,2,Two,,,0,Units
DATAFLOW,OECD.EDU.IMEP:DSD_EAG_UOE_NON_FIN_STUD@DF_UOE_NF_DIST_FIELD(1.0),"Distribution of enrolled students, new entrants and graduates by field of education",I,ISR,Israel,ISCED11_5T8,Tertiary education,GRAD,Graduates,FE,"Formal education, includes formal initial and formal adult education programmes",_T,Total,F05T07,"Science, technology, engineering and mathematics",_T,Total,A,Annual,_Z,Not applicable,_Z,Not applicable,INST_EDU,All educational institutions,_T,Total,PT_ST,Percentage of students,_T,Total,_T,Total,2021,,27.3309427506995,,,,,,,,,,A,Normal value,,,,,2,Two,,,0,Units
DATAFLOW,OECD.EDU.IMEP:DSD_EAG_UOE_NON_FIN_STUD@DF_UOE_NF_DIST_FIELD(1.0),"Distribution of enrolled students, new entrants and graduates by field of education",I,ISR,Israel,ISCED11_5T8,Tertiary education,GRAD,Graduates,FE,"Formal education, includes formal initial and formal adult education programmes",_T,Total,F05T07,"Science, technology, engineering and mathematics",_T,Total,A,Annual,_Z,Not applicable,_Z,Not applicable,INST_EDU,All educational institutions,_T,Total,PT_ST,Percentage of students,_T,Total,_T,Total,2020,,27.0949990345627,,,,,,,,,,A,Normal value,,,,,2,Two,,,0,Units
DATAFLOW,OECD.EDU.IMEP:DSD_EAG_UOE_NON_FIN_STUD@DF_UOE_NF_DIST_FIELD(1.0),"Distribution of enrolled students, new entrants and graduates by field of education",I,ISR,Israel,ISCED11_5T8,Tertiary education,GRAD,Graduates,FE,"Formal education, includes formal initial and formal adult education programmes",_T,Total,F05T07,"Science, technology, engineering and mathematics",_T,Total,A,Annual,_Z,Not applicable,_Z,Not applicable,INST_EDU,All educational institutions,_T,Total,PT_ST,Percentage of students,_T,Total,_T,Total,2019,,,,,,,,,,,,O,Missing value,,,,,2,Two,,,0,Units
DATAFLOW,OECD.EDU.IMEP:DSD_EAG_UOE_NON_FIN_STUD@DF_UOE_NF_DIST_FIELD(1.0),"Distribution of enrolled students, new entrants and graduates by field of education",I,ISR,Israel,ISCED11_5T8,Tertiary education,GRAD,Graduates,FE,"Formal education, includes formal initial and formal adult education programmes",_T,Total,F05T07,"Science, technology, engineering and mathematics",_T,Total,A,Annual,_Z,Not applicable,_Z,Not applicable,INST_EDU,All educational institutions,_T,Total,PT_ST,Percentage of students,_T,Total,_T,Total,2018,,,,,,,,,,,,O,Missing value,,,,,2,Two,,,0,Units
DATAFLOW,OECD.EDU.IMEP:DSD_EAG_UOE_NON_FIN_STUD@DF_UOE_NF_DIST_FIELD(1.0),"Distribution of enrolled students, new entrants and graduates by field of education",I,ISR,Israel,ISCED11_5T8,Tertiary education,GRAD,Graduates,FE,"Formal education, includes formal initial and formal adult education programmes",_T,Total,F05T07,"Science, technology, engineering and mathematics",_T,Total,A,Annual,_Z,Not applicable,_Z,Not applicable,INST_EDU,All educational institutions,_T,Total,PT_ST,Percentage of students,_T,Total,_T,Total,2017,,,,,,,,,,,,O,Missing value,,,,,2,Two,,,0,Units
DATAFLOW,OECD.EDU.IMEP:DSD_EAG_UOE_NON_FIN_STUD@DF_UOE_NF_DIST_FIELD(1.0),"Distribution of enrolled students, new entrants and graduates by field of education",I,ISR,Israel,ISCED11_5T8,Tertiary education,GRAD,Graduates,FE,"Formal education, includes formal initial and formal adult education programmes",_T,Total,F05T07,"Science, technology, engineering and mathematics",_T,Total,A,Annual,_Z,Not applicable,_Z,Not applicable,INST_EDU,All educational institutions,_T,Total,PT_ST,Percentage of students,_T,Total,_T,Total,2016,,,,,,,,,,,,O,Missing value,,,,,2,Two,,,0,Units
DATAFLOW,OECD.EDU.IMEP:DSD_EAG_UOE_NON_FIN_STUD@DF_UOE_NF_DIST_FIELD(1.0),"Distribution of enrolled students, new entrants and graduates by field of education",I,ISR,Israel,ISCED11_5T8,Tertiary education,GRAD,Graduates,FE,"Formal education, includes formal initial and formal adult education programmes",_T,Total,F05T07,"Science, technology, engineering and mathematics",_T,Total,A,Annual,_Z,Not applicable,_Z,Not applicable,INST_EDU,All educational institutions,_T,Total,PT_ST,Percentage of students,_T,Total,_T,Total,2015,,,,,,,,,,,,O,Missing value,,,,,2,Two,,,0,Units
DATAFLOW,OECD.EDU.IMEP:DSD_EAG_UOE_NON_FIN_STUD@DF_UOE_NF_DIST_FIELD(1.0),"Distribution of enrolled students, new entrants and graduates by field of education",I,ISR,Israel,ISCED11_5T8,Tertiary education,GRAD,Graduates,FE,"Formal education, includes formal initial and formal adult education programmes",_T,Total,F05T07,"Science, technology, engineering and mathematics",_T,Total,A,Annual,_Z,Not applicable,_Z,Not applicable,INST_EDU,All educational institutions,_T,Total,PT_ST,Percentage of students,_T,Total,_T,Total,2014,,,,,,,,,,,,O,Missing value,,,,,2,Two,,,0,Units
DATAFLOW,OECD.EDU.IMEP:DSD_EAG_UOE_NON_FIN_STUD@DF_UOE_NF_DIST_FIELD(1.0),"Distribution of enrolled students, new entrants and graduates by field of education",I,ISR,Israel,ISCED11_5T8,Tertiary education,GRAD,Graduates,FE,"Formal education, includes formal initial and formal adult education programmes",_T,Total,F05T07,"Science, technology, engineering and mathematics",_T,Total,A,Annual,_Z,Not applicable,_Z,Not applicable,INST_EDU,All educational institutions,_T,Total,PT_ST,Percentage of students,_T,Total,_T,Total,2013,,,,,,,,,,,,O,Missing value,,,,,2,Two,,,0,Units
DATAFLOW,OECD.EDU.IMEP:DSD_EAG_UOE_NON_FIN_STUD@DF_UOE_NF_DIST_FIELD(1.0),"Distribution of enrolled students, new entrants and graduates by field of education",I,COL,Colombia,ISCED11_5T8,Tertiary education,GRAD,Graduates,FE,"Formal education, includes formal initial and formal adult education programmes",_T,Total,F05T07,"Science, technology, engineering and mathematics",_T,Total,A,Annual,_Z,Not applicable,_Z,Not applicable,INST_EDU,All educational institutions,_T,Total,PT_ST,Percentage of students,_T,Total,_T,Total,2024,,23.0632218833891,,,,,,,,,,A,Normal value,,,,,2,Two,,,0,Units
DATAFLOW,OECD.EDU.IMEP:DSD_EAG_UOE_NON_FIN_STUD@DF_UOE_NF_DIST_FIELD(1.0),"Distribution of enrolled students, new entrants and graduates by field of education",I,COL,Colombia,ISCED11_5T8,Tertiary education,GRAD,Graduates,FE,"Formal education, includes formal initial and formal adult education programmes",_T,Total,F05T07,"Science, technology, engineering and mathematics",_T,Total,A,Annual,_Z,Not applicable,_Z,Not applicable,INST_EDU,All educational institutions,_T,Total,PT_ST,Percentage of students,_T,Total,_T,Total,2023,,23.2904189433975,,,,,,,,,,A,Normal value,,,,,2,Two,,,0,Units
DATAFLOW,OECD.EDU.IMEP:DSD_EAG_UOE_NON_FIN_STUD@DF_UOE_NF_DIST_FIELD(1.0),"Distribution of enrolled students, new entrants and graduates by field of education",I,COL,Colombia,ISCED11_5T8,Tertiary education,GRAD,Graduates,FE,"Formal education, includes formal initial and formal adult education programmes",_T,Total,F05T07,"Science, technology, engineering and mathematics",_T,Total,A,Annual,_Z,Not applicable,_Z,Not applicable,INST_EDU,All educational institutions,_T,Total,PT_ST,Percentage of students,_T,Total,_T,Total,2022,,23.3475071973252,,,,,,,,,,A,Normal value,,,,,2,Two,,,0,Units
DATAFLOW,OECD.EDU.IMEP:DSD_EAG_UOE_NON_FIN_STUD@DF_UOE_NF_DIST_FIELD(1.0),"Distribution of enrolled students, new entrants and graduates by field of education",I,COL,Colombia,ISCED11_5T8,Tertiary education,GRAD,Graduates,FE,"Formal education, includes formal initial and formal adult education programmes",_T,Total,F05T07,"Science, technology, engineering and mathematics",_T,Total,A,Annual,_Z,Not applicable,_Z,Not applicable,INST_EDU,All educational institutions,_T,Total,PT_ST,Percentage of students,_T,Total,_T,Total,2021,,23.9112504595387,,,,,,,,,,A,Normal value,,,,,2,Two,,,0,Units
DATAFLOW,OECD.EDU.IMEP:DSD_EAG_UOE_NON_FIN_STUD@DF_UOE_NF_DIST_FIELD(1.0),"Distribution of enrolled students, new entrants and graduates by field of education",I,COL,Colombia,ISCED11_5T8,Tertiary education,GRAD,Graduates,FE,"Formal education, includes formal initial and formal adult education programmes",_T,Total,F05T07,"Science, technology, engineering and mathematics",_T,Total,A,Annual,_Z,Not applicable,_Z,Not applicable,INST_EDU,All educational institutions,_T,Total,PT_ST,Percentage of students,_T,Total,_T,Total,2020,,23.5194100310721,,,,,,,,,,A,Normal value,,,,,2,Two,,,0,Units
DATAFLOW,OECD.EDU.IMEP:DSD_EAG_UOE_NON_FIN_STUD@DF_UOE_NF_DIST_FIELD(1.0),"Distribution of enrolled students, new entrants and graduates by field of education",I,COL,Colombia,ISCED11_5T8,Tertiary education,GRAD,Graduates,FE,"Formal education, includes formal initial and formal adult education programmes",_T,Total,F05T07,"Science, technology, engineering and mathematics",_T,Total,A,Annual,_Z,Not applicable,_Z,Not applicable,INST_EDU,All educational institutions,_T,Total,PT_ST,Percentage of students,_T,Total,_T,Total,2019,,24.6301282379794,,,,,,,,,,A,Normal value,,,,,2,Two,,,0,Units
DATAFLOW,OECD.EDU.IMEP:DSD_EAG_UOE_NON_FIN_STUD@DF_UOE_NF_DIST_FIELD(1.0),"Distribution of enrolled students, new entrants and graduates by field of education",I,COL,Colombia,ISCED11_5T8,Tertiary education,GRAD,Graduates,FE,"Formal education, includes formal initial and formal adult education programmes",_T,Total,F05T07,"Science, technology, engineering and mathematics",_T,Total,A,Annual,_Z,Not applicable,_Z,Not applicable,INST_EDU,All educational institutions,_T,Total,PT_ST,Percentage of students,_T,Total,_T,Total,2018,,23.1269263796301,,,,,,,,,,A,Normal value,,,,,2,Two,,,0,Units
DATAFLOW,OECD.EDU.IMEP:DSD_EAG_UOE_NON_FIN_STUD@DF_UOE_NF_DIST_FIELD(1.0),"Distribution of enrolled students, new entrants and graduates by field of education",I,COL,Colombia,ISCED11_5T8,Tertiary education,GRAD,Graduates,FE,"Formal education, includes formal initial and formal adult education programmes",_T,Total,F05T07,"Science, technology, engineering and mathematics",_T,Total,A,Annual,_Z,Not applicable,_Z,Not applicable,INST_EDU,All educational institutions,_T,Total,PT_ST,Percentage of students,_T,Total,_T,Total,2017,,23.6647511608744,,,,,,,,,,A,Normal value,,,,,2,Two,,,0,Units
DATAFLOW,OECD.EDU.IMEP:DSD_EAG_UOE_NON_FIN_STUD@DF_UOE_NF_DIST_FIELD(1.0),"Distribution of enrolled students, new entrants and graduates by field of education",I,COL,Colombia,ISCED11_5T8,Tertiary education,GRAD,Graduates,FE,"Formal education, includes formal initial and formal adult education programmes",_T,Total,F05T07,"Science, technology, engineering and mathematics",_T,Total,A,Annual,_Z,Not applicable,_Z,Not applicable,INST_EDU,All educational institutions,_T,Total,PT_ST,Percentage of students,_T,Total,_T,Total,2016,,23.6394834584163,,,,,,,,,,A,Normal value,,,,,2,Two,,,0,Units
DATAFLOW,OECD.EDU.IMEP:DSD_EAG_UOE_NON_FIN_STUD@DF_UOE_NF_DIST_FIELD(1.0),"Distribution of enrolled students, new entrants and graduates by field of education",I,COL,Colombia,ISCED11_5T8,Tertiary education,GRAD,Graduates,FE,"Formal education, includes formal initial and formal adult education programmes",_T,Total,F05T07,"Science, technology, engineering and mathematics",_T,Total,A,Annual,_Z,Not applicable,_Z,Not applicable,INST_EDU,All educational institutions,_T,Total,PT_ST,Percentage of students,_T,Total,_T,Total,2015,,22.6931883075642,,,,,,,,,,A,Normal value,,,,,2,Two,,,0,Units
DATAFLOW,OECD.EDU.IMEP:DSD_EAG_UOE_NON_FIN_STUD@DF_UOE_NF_DIST_FIELD(1.0),"Distribution of enrolled students, new entrants and graduates by field of education",I,COL,Colombia,ISCED11_5T8,Tertiary education,GRAD,Graduates,FE,"Formal education, includes formal initial and formal adult education programmes",_T,Total,F05T07,"Science, technology, engineering and mathematics",_T,Total,A,Annual,_Z,Not applicable,_Z,Not applicable,INST_EDU,All educational institutions,_T,Total,PT_ST,Percentage of students,_T,Total,_T,Total,2014,,23.2695692797971,,,,,,,,,,A,Normal value,,,,,2,Two,,,0,Units
DATAFLOW,OECD.EDU.IMEP:DSD_EAG_UOE_NON_FIN_STUD@DF_UOE_NF_DIST_FIELD(1.0),"Distribution of enrolled students, new entrants and graduates by field of education",I,COL,Colombia,ISCED11_5T8,Tertiary education,GRAD,Graduates,FE,"Formal education, includes formal initial and formal adult education programmes",_T,Total,F05T07,"Science, technology, engineering and mathematics",_T,Total,A,Annual,_Z,Not applicable,_Z,Not applicable,INST_EDU,All educational institutions,_T,Total,PT_ST,Percentage of students,_T,Total,_T,Total,2013,,22.429334979363,,,,,,,,,,A,Normal value,,,,,2,Two,,,0,Units
DATAFLOW,OECD.EDU.IMEP:DSD_EAG_UOE_NON_FIN_STUD@DF_UOE_NF_DIST_FIELD(1.0),"Distribution of enrolled students, new entrants and graduates by field of education",I,GBR,United Kingdom,ISCED11_5T8,Tertiary education,GRAD,Graduates,FE,"Formal education, includes formal initial and formal adult education programmes",_T,Total,F05T07,"Science, technology, engineering and mathematics",_T,Total,A,Annual,_Z,Not applicable,_Z,Not applicable,INST_EDU,All educational institutions,_T,Total,PT_ST,Percentage of students,_T,Total,_T,Total,2024,,23.0378514042262,,,,,,,,,,A,Normal value,,,,,2,Two,,,0,Units
DATAFLOW,OECD.EDU.IMEP:DSD_EAG_UOE_NON_FIN_STUD@DF_UOE_NF_DIST_FIELD(1.0),"Distribution of enrolled students, new entrants and graduates by field of education",I,GBR,United Kingdom,ISCED11_5T8,Tertiary education,GRAD,Graduates,FE,"Formal education, includes formal initial and formal adult education programmes",_T,Total,F05T07,"Science, technology, engineering and mathematics",_T,Total,A,Annual,_Z,Not applicable,_Z,Not applicable,INST_EDU,All educational institutions,_T,Total,PT_ST,Percentage of students,_T,Total,_T,Total,2023,,22.8256672125508,,,,,,,,,,A,Normal value,,,,,2,Two,,,0,Units
DATAFLOW,OECD.EDU.IMEP:DSD_EAG_UOE_NON_FIN_STUD@DF_UOE_NF_DIST_FIELD(1.0),"Distribution of enrolled students, new entrants and graduates by field of education",I,GBR,United Kingdom,ISCED11_5T8,Tertiary education,GRAD,Graduates,FE,"Formal education, includes formal initial and formal adult education programmes",_T,Total,F05T07,"Science, technology, engineering and mathematics",_T,Total,A,Annual,_Z,Not applicable,_Z,Not applicable,INST_EDU,All educational institutions,_T,Total,PT_ST,Percentage of students,_T,Total,_T,Total,2022,,23.2781946547322,,,,,,,,,,A,Normal value,,,,,2,Two,,,0,Units
DATAFLOW,OECD.EDU.IMEP:DSD_EAG_UOE_NON_FIN_STUD@DF_UOE_NF_DIST_FIELD(1.0),"Distribution of enrolled students, new entrants and graduates by field of education",I,GBR,United Kingdom,ISCED11_5T8,Tertiary education,GRAD,Graduates,FE,"Formal education, includes formal initial and formal adult education programmes",_T,Total,F05T07,"Science, technology, engineering and mathematics",_T,Total,A,Annual,_Z,Not applicable,_Z,Not applicable,INST_EDU,All educational institutions,_T,Total,PT_ST,Percentage of students,_T,Total,_T,Total,2021,,22.260789914647,,,,,,,,,,A,Normal value,,,,,2,Two,,,0,Units
DATAFLOW,OECD.EDU.IMEP:DSD_EAG_UOE_NON_FIN_STUD@DF_UOE_NF_DIST_FIELD(1.0),"Distribution of enrolled students, new entrants and graduates by field of education",I,GBR,United Kingdom,ISCED11_5T8,Tertiary education,GRAD,Graduates,FE,"Formal education, includes formal initial and formal adult education programmes",_T,Total,F05T07,"Science, technology, engineering and mathematics",_T,Total,A,Annual,_Z,Not applicable,_Z,Not applicable,INST_EDU,All educational institutions,_T,Total,PT_ST,Percentage of students,_T,Total,_T,Total,2020,,22.7542947275506,,,,,,,,,,A,Normal value,,,,,2,Two,,,0,Units
DATAFLOW,OECD.EDU.IMEP:DSD_EAG_UOE_NON_FIN_STUD@DF_UOE_NF_DIST_FIELD(1.0),"Distribution of enrolled students, new entrants and graduates by field of education",I,GBR,United Kingdom,ISCED11_5T8,Tertiary education,GRAD,Graduates,FE,"Formal education, includes formal initial and formal adult education programmes",_T,Total,F05T07,"Science, technology, engineering and mathematics",_T,Total,A,Annual,_Z,Not applicable,_Z,Not applicable,INST_EDU,All educational institutions,_T,Total,PT_ST,Percentage of students,_T,Total,_T,Total,2019,,26.24661846317,,,,,,,,,,A,Normal value,,,,,2,Two,,,0,Units
DATAFLOW,OECD.EDU.IMEP:DSD_EAG_UOE_NON_FIN_STUD@DF_UOE_NF_DIST_FIELD(1.0),"Distribution of enrolled students, new entrants and graduates by field of education",I,GBR,United Kingdom,ISCED11_5T8,Tertiary education,GRAD,Graduates,FE,"Formal education, includes formal initial and formal adult education programmes",_T,Total,F05T07,"Science, technology, engineering and mathematics",_T,Total,A,Annual,_Z,Not applicable,_Z,Not applicable,INST_EDU,All educational institutions,_T,Total,PT_ST,Percentage of students,_T,Total,_T,Total,2018,,26.9136501499721,,,,,,,,,,A,Normal value,,,,,2,Two,,,0,Units
DATAFLOW,OECD.EDU.IMEP:DSD_EAG_UOE_NON_FIN_STUD@DF_UOE_NF_DIST_FIELD(1.0),"Distribution of enrolled students, new entrants and graduates by field of education",I,GBR,United Kingdom,ISCED11_5T8,Tertiary education,GRAD,Graduates,FE,"Formal education, includes formal initial and formal adult education programmes",_T,Total,F05T07,"Science, technology, engineering and mathematics",_T,Total,A,Annual,_Z,Not applicable,_Z,Not applicable,INST_EDU,All educational institutions,_T,Total,PT_ST,Percentage of students,_T,Total,_T,Total,2017,,26.4235856473355,,,,,,,,,,A,Normal value,,,,,2,Two,,,0,Units
DATAFLOW,OECD.EDU.IMEP:DSD_EAG_UOE_NON_FIN_STUD@DF_UOE_NF_DIST_FIELD(1.0),"Distribution of enrolled students, new entrants and graduates by field of education",I,GBR,United Kingdom,ISCED11_5T8,Tertiary education,GRAD,Graduates,FE,"Formal education, includes formal initial and formal adult education programmes",_T,Total,F05T07,"Science, technology, engineering and mathematics",_T,Total,A,Annual,_Z,Not applicable,_Z,Not applicable,INST_EDU,All educational institutions,_T,Total,PT_ST,Percentage of students,_T,Total,_T,Total,2016,,26.2116266558395,,,,,,,,,,A,Normal value,,,,,2,Two,,,0,Units
DATAFLOW,OECD.EDU.IMEP:DSD_EAG_UOE_NON_FIN_STUD@DF_UOE_NF_DIST_FIELD(1.0),"Distribution of enrolled students, new entrants and graduates by field of education",I,GBR,United Kingdom,ISCED11_5T8,Tertiary education,GRAD,Graduates,FE,"Formal education, includes formal initial and formal adult education programmes",_T,Total,F05T07,"Science, technology, engineering and mathematics",_T,Total,A,Annual,_Z,Not applicable,_Z,Not applicable,INST_EDU,All educational institutions,_T,Total,PT_ST,Percentage of students,_T,Total,_T,Total,2015,,26.1468992645986,,,,,,,,,,A,Normal value,,,,,2,Two,,,0,Units
DATAFLOW,OECD.EDU.IMEP:DSD_EAG_UOE_NON_FIN_STUD@DF_UOE_NF_DIST_FIELD(1.0),"Distribution of enrolled students, new entrants and graduates by field of education",I,GBR,United Kingdom,ISCED11_5T8,Tertiary education,GRAD,Graduates,FE,"Formal education, includes formal initial and formal adult education programmes",_T,Total,F05T07,"Science, technology, engineering and mathematics",_T,Total,A,Annual,_Z,Not applicable,_Z,Not applicable,INST_EDU,All educational institutions,_T,Total,PT_ST,Percentage of students,_T,Total,_T,Total,2014,,26.6691489232538,,,,,,,,,,A,Normal value,,,,,2,Two,,,0,Units
DATAFLOW,OECD.EDU.IMEP:DSD_EAG_UOE_NON_FIN_STUD@DF_UOE_NF_DIST_FIELD(1.0),"Distribution of enrolled students, new entrants and graduates by field of education",I,GBR,United Kingdom,ISCED11_5T8,Tertiary education,GRAD,Graduates,FE,"Formal education, includes formal initial and formal adult education programmes",_T,Total,F05T07,"Science, technology, engineering and mathematics",_T,Total,A,Annual,_Z,Not applicable,_Z,Not applicable,INST_EDU,All educational institutions,_T,Total,PT_ST,Percentage of students,_T,Total,_T,Total,2013,,26.6011460992638,,,,,,,,,,A,Normal value,,,,,2,Two,,,0,Units
DATAFLOW,OECD.EDU.IMEP:DSD_EAG_UOE_NON_FIN_STUD@DF_UOE_NF_DIST_FIELD(1.0),"Distribution of enrolled students, new entrants and graduates by field of education",I,ROU,Romania,ISCED11_5T8,Tertiary education,GRAD,Graduates,FE,"Formal education, includes formal initial and formal adult education programmes",_T,Total,F05T07,"Science, technology, engineering and mathematics",_T,Total,A,Annual,_Z,Not applicable,_Z,Not applicable,INST_EDU,All educational institutions,_T,Total,PT_ST,Percentage of students,_T,Total,_T,Total,2024,,29.2162678898794,,,,,,,,,,A,Normal value,,,,,2,Two,,,0,Units
DATAFLOW,OECD.EDU.IMEP:DSD_EAG_UOE_NON_FIN_STUD@DF_UOE_NF_DIST_FIELD(1.0),"Distribution of enrolled students, new entrants and graduates by field of education",I,ROU,Romania,ISCED11_5T8,Tertiary education,GRAD,Graduates,FE,"Formal education, includes formal initial and formal adult education programmes",_T,Total,F05T07,"Science, technology, engineering and mathematics",_T,Total,A,Annual,_Z,Not applicable,_Z,Not applicable,INST_EDU,All educational institutions,_T,Total,PT_ST,Percentage of students,_T,Total,_T,Total,2023,,28.9654409382236,,,,,,,,,,A,Normal value,,,,,2,Two,,,0,Units
DATAFLOW,OECD.EDU.IMEP:DSD_EAG_UOE_NON_FIN_STUD@DF_UOE_NF_DIST_FIELD(1.0),"Distribution of enrolled students, new entrants and graduates by field of education",I,ROU,Romania,ISCED11_5T8,Tertiary education,GRAD,Graduates,FE,"Formal education, includes formal initial and formal adult education programmes",_T,Total,F05T07,"Science, technology, engineering and mathematics",_T,Total,A,Annual,_Z,Not applicable,_Z,Not applicable,INST_EDU,All educational institutions,_T,Total,PT_ST,Percentage of students,_T,Total,_T,Total,2022,,28.3588150979455,,,,,,,,,,A,Normal value,,,,,2,Two,,,0,Units
DATAFLOW,OECD.EDU.IMEP:DSD_EAG_UOE_NON_FIN_STUD@DF_UOE_NF_DIST_FIELD(1.0),"Distribution of enrolled students, new entrants and graduates by field of education",I,ROU,Romania,ISCED11_5T8,Tertiary education,GRAD,Graduates,FE,"Formal education, includes formal initial and formal adult education programmes",_T,Total,F05T07,"Science, technology, engineering and mathematics",_T,Total,A,Annual,_Z,Not applicable,_Z,Not applicable,INST_EDU,All educational institutions,_T,Total,PT_ST,Percentage of students,_T,Total,_T,Total,2021,,29.2669575927137,,,,,,,,,,A,Normal value,,,,,2,Two,,,0,Units
DATAFLOW,OECD.EDU.IMEP:DSD_EAG_UOE_NON_FIN_STUD@DF_UOE_NF_DIST_FIELD(1.0),"Distribution of enrolled students, new entrants and graduates by field of education",I,ROU,Romania,ISCED11_5T8,Tertiary education,GRAD,Graduates,FE,"Formal education, includes formal initial and formal adult education programmes",_T,Total,F05T07,"Science, technology, engineering and mathematics",_T,Total,A,Annual,_Z,Not applicable,_Z,Not applicable,INST_EDU,All educational institutions,_T,Total,PT_ST,Percentage of students,_T,Total,_T,Total,2020,,29.0916627645447,,,,,,,,,,A,Normal value,,,,,2,Two,,,0,Units
DATAFLOW,OECD.EDU.IMEP:DSD_EAG_UOE_NON_FIN_STUD@DF_UOE_NF_DIST_FIELD(1.0),"Distribution of enrolled students, new entrants and graduates by field of education",I,ROU,Romania,ISCED11_5T8,Tertiary education,GRAD,Graduates,FE,"Formal education, includes formal initial and formal adult education programmes",_T,Total,F05T07,"Science, technology, engineering and mathematics",_T,Total,A,Annual,_Z,Not applicable,_Z,Not applicable,INST_EDU,All educational institutions,_T,Total,PT_ST,Percentage of students,_T,Total,_T,Total,2019,,30.0074543720293,,,,,,,,,,A,Normal value,,,,,2,Two,,,0,Units
DATAFLOW,OECD.EDU.IMEP:DSD_EAG_UOE_NON_FIN_STUD@DF_UOE_NF_DIST_FIELD(1.0),"Distribution of enrolled students, new entrants and graduates by field of education",I,ROU,Romania,ISCED11_5T8,Tertiary education,GRAD,Graduates,FE,"Formal education, includes formal initial and formal adult education programmes",_T,Total,F05T07,"Science, technology, engineering and mathematics",_T,Total,A,Annual,_Z,Not applicable,_Z,Not applicable,INST_EDU,All educational institutions,_T,Total,PT_ST,Percentage of students,_T,Total,_T,Total,2018,,28.1054240482771,,,,,,,,,,A,Normal value,,,,,2,Two,,,0,Units
DATAFLOW,OECD.EDU.IMEP:DSD_EAG_UOE_NON_FIN_STUD@DF_UOE_NF_DIST_FIELD(1.0),"Distribution of enrolled students, new entrants and graduates by field of education",I,ROU,Romania,ISCED11_5T8,Tertiary education,GRAD,Graduates,FE,"Formal education, includes formal initial and formal adult education programmes",_T,Total,F05T07,"Science, technology, engineering and mathematics",_T,Total,A,Annual,_Z,Not applicable,_Z,Not applicable,INST_EDU,All educational institutions,_T,Total,PT_ST,Percentage of students,_T,Total,_T,Total,2017,,29.1298969072165,,,,,,,,,,A,Normal value,,,,,2,Two,,,0,Units
DATAFLOW,OECD.EDU.IMEP:DSD_EAG_UOE_NON_FIN_STUD@DF_UOE_NF_DIST_FIELD(1.0),"Distribution of enrolled students, new entrants and graduates by field of education",I,ROU,Romania,ISCED11_5T8,Tertiary education,GRAD,Graduates,FE,"Formal education, includes formal initial and formal adult education programmes",_T,Total,F05T07,"Science, technology, engineering and mathematics",_T,Total,A,Annual,_Z,Not applicable,_Z,Not applicable,INST_EDU,All educational institutions,_T,Total,PT_ST,Percentage of students,_T,Total,_T,Total,2016,,28.7713075179821,,,,,,,,,,A,Normal value,,,,,2,Two,,,0,Units
DATAFLOW,OECD.EDU.IMEP:DSD_EAG_UOE_NON_FIN_STUD@DF_UOE_NF_DIST_FIELD(1.0),"Distribution of enrolled students, new entrants and graduates by field of education",I,ROU,Romania,ISCED11_5T8,Tertiary education,GRAD,Graduates,FE,"Formal education, includes formal initial and formal adult education programmes",_T,Total,F05T07,"Science, technology, engineering and mathematics",_T,Total,A,Annual,_Z,Not applicable,_Z,Not applicable,INST_EDU,All educational institutions,_T,Total,PT_ST,Percentage of students,_T,Total,_T,Total,2015,,28.3484918863034,,,,,,,,,,A,Normal value,,,,,2,Two,,,0,Units
DATAFLOW,OECD.EDU.IMEP:DSD_EAG_UOE_NON_FIN_STUD@DF_UOE_NF_DIST_FIELD(1.0),"Distribution of enrolled students, new entrants and graduates by field of education",I,ROU,Romania,ISCED11_5T8,Tertiary education,GRAD,Graduates,FE,"Formal education, includes formal initial and formal adult education programmes",_T,Total,F05T07,"Science, technology, engineering and mathematics",_T,Total,A,Annual,_Z,Not applicable,_Z,Not applicable,INST_EDU,All educational institutions,_T,Total,PT_ST,Percentage of students,_T,Total,_T,Total,2014,,27.9933556981402,,,,,,,,,,A,Normal value,,,,,2,Two,,,0,Units
DATAFLOW,OECD.EDU.IMEP:DSD_EAG_UOE_NON_FIN_STUD@DF_UOE_NF_DIST_FIELD(1.0),"Distribution of enrolled students, new entrants and graduates by field of education",I,ROU,Romania,ISCED11_5T8,Tertiary education,GRAD,Graduates,FE,"Formal education, includes formal initial and formal adult education programmes",_T,Total,F05T07,"Science, technology, engineering and mathematics",_T,Total,A,Annual,_Z,Not applicable,_Z,Not applicable,INST_EDU,All educational institutions,_T,Total,PT_ST,Percentage of students,_T,Total,_T,Total,2013,,26.7838267919575,,,,,,,,,,A,Normal value,,,,,2,Two,,,0,Units
DATAFLOW,OECD.EDU.IMEP:DSD_EAG_UOE_NON_FIN_STUD@DF_UOE_NF_DIST_FIELD(1.0),"Distribution of enrolled students, new entrants and graduates by field of education",I,ITA,Italy,ISCED11_5T8,Tertiary education,GRAD,Graduates,FE,"Formal education, includes formal initial and formal adult education programmes",_T,Total,F05T07,"Science, technology, engineering and mathematics",_T,Total,A,Annual,_Z,Not applicable,_Z,Not applicable,INST_EDU,All educational institutions,_T,Total,PT_ST,Percentage of students,_T,Total,_T,Total,2024,,23.4748789379992,,,,,,,,,,A,Normal value,,,,,2,Two,,,0,Units
DATAFLOW,OECD.EDU.IMEP:DSD_EAG_UOE_NON_FIN_STUD@DF_UOE_NF_DIST_FIELD(1.0),"Distribution of enrolled students, new entrants and graduates by field of education",I,ITA,Italy,ISCED11_5T8,Tertiary education,GRAD,Graduates,FE,"Formal education, includes formal initial and formal adult education programmes",_T,Total,F05T07,"Science, technology, engineering and mathematics",_T,Total,A,Annual,_Z,Not applicable,_Z,Not applicable,INST_EDU,All educational institutions,_T,Total,PT_ST,Percentage of students,_T,Total,_T,Total,2023,,23.5491945393972,,,,,,,,,,A,Normal value,,,,,2,Two,,,0,Units
DATAFLOW,OECD.EDU.IMEP:DSD_EAG_UOE_NON_FIN_STUD@DF_UOE_NF_DIST_FIELD(1.0),"Distribution of enrolled students, new entrants and graduates by field of education",I,ITA,Italy,ISCED11_5T8,Tertiary education,GRAD,Graduates,FE,"Formal education, includes formal initial and formal adult education programmes",_T,Total,F05T07,"Science, technology, engineering and mathematics",_T,Total,A,Annual,_Z,Not applicable,_Z,Not applicable,INST_EDU,All educational institutions,_T,Total,PT_ST,Percentage of students,_T,Total,_T,Total,2022,,23.492115940412,,,,,,,,,,A,Normal value,,,,,2,Two,,,0,Units
DATAFLOW,OECD.EDU.IMEP:DSD_EAG_UOE_NON_FIN_STUD@DF_UOE_NF_DIST_FIELD(1.0),"Distribution of enrolled students, new entrants and graduates by field of education",I,ITA,Italy,ISCED11_5T8,Tertiary education,GRAD,Graduates,FE,"Formal education, includes formal initial and formal adult education programmes",_T,Total,F05T07,"Science, technology, engineering and mathematics",_T,Total,A,Annual,_Z,Not applicable,_Z,Not applicable,INST_EDU,All educational institutions,_T,Total,PT_ST,Percentage of students,_T,Total,_T,Total,2021,,23.9210587172696,,,,,,,,,,A,Normal value,,,,,2,Two,,,0,Units
DATAFLOW,OECD.EDU.IMEP:DSD_EAG_UOE_NON_FIN_STUD@DF_UOE_NF_DIST_FIELD(1.0),"Distribution of enrolled students, new entrants and graduates by field of education",I,ITA,Italy,ISCED11_5T8,Tertiary education,GRAD,Graduates,FE,"Formal education, includes formal initial and formal adult education programmes",_T,Total,F05T07,"Science, technology, engineering and mathematics",_T,Total,A,Annual,_Z,Not applicable,_Z,Not applicable,INST_EDU,All educational institutions,_T,Total,PT_ST,Percentage of students,_T,Total,_T,Total,2020,,22.722865970138,,,,,,,,,,A,Normal value,,,,,2,Two,,,0,Units
DATAFLOW,OECD.EDU.IMEP:DSD_EAG_UOE_NON_FIN_STUD@DF_UOE_NF_DIST_FIELD(1.0),"Distribution of enrolled students, new entrants and graduates by field of education",I,ITA,Italy,ISCED11_5T8,Tertiary education,GRAD,Graduates,FE,"Formal education, includes formal initial and formal adult education programmes",_T,Total,F05T07,"Science, technology, engineering and mathematics",_T,Total,A,Annual,_Z,Not applicable,_Z,Not applicable,INST_EDU,All educational institutions,_T,Total,PT_ST,Percentage of students,_T,Total,_T,Total,2019,,24.6090733590734,,,,,,,,,,A,Normal value,,,,,2,Two,,,0,Units
DATAFLOW,OECD.EDU.IMEP:DSD_EAG_UOE_NON_FIN_STUD@DF_UOE_NF_DIST_FIELD(1.0),"Distribution of enrolled students, new entrants and graduates by field of education",I,ITA,Italy,ISCED11_5T8,Tertiary education,GRAD,Graduates,FE,"Formal education, includes formal initial and formal adult education programmes",_T,Total,F05T07,"Science, technology, engineering and mathematics",_T,Total,A,Annual,_Z,Not applicable,_Z,Not applicable,INST_EDU,All educational institutions,_T,Total,PT_ST,Percentage of students,_T,Total,_T,Total,2018,,24.3139669296879,,,,,,,,,,A,Normal value,,,,,2,Two,,,0,Units
DATAFLOW,OECD.EDU.IMEP:DSD_EAG_UOE_NON_FIN_STUD@DF_UOE_NF_DIST_FIELD(1.0),"Distribution of enrolled students, new entrants and graduates by field of education",I,ITA,Italy,ISCED11_5T8,Tertiary education,GRAD,Graduates,FE,"Formal education, includes formal initial and formal adult education programmes",_T,Total,F05T07,"Science, technology, engineering and mathematics",_T,Total,A,Annual,_Z,Not applicable,_Z,Not applicable,INST_EDU,All educational institutions,_T,Total,PT_ST,Percentage of students,_T,Total,_T,Total,2017,,25.6253639123332,,,,,,,,,,A,Normal value,,,,,2,Two,,,0,Units
DATAFLOW,OECD.EDU.IMEP:DSD_EAG_UOE_NON_FIN_STUD@DF_UOE_NF_DIST_FIELD(1.0),"Distribution of enrolled students, new entrants and graduates by field of education",I,ITA,Italy,ISCED11_5T8,Tertiary education,GRAD,Graduates,FE,"Formal education, includes formal initial and formal adult education programmes",_T,Total,F05T07,"Science, technology, engineering and mathematics",_T,Total,A,Annual,_Z,Not applicable,_Z,Not applicable,INST_EDU,All educational institutions,_T,Total,PT_ST,Percentage of students,_T,Total,_T,Total,2016,,25.7117187938683,,,,,,,,,,A,Normal value,,,,,2,Two,,,0,Units
DATAFLOW,OECD.EDU.IMEP:DSD_EAG_UOE_NON_FIN_STUD@DF_UOE_NF_DIST_FIELD(1.0),"Distribution of enrolled students, new entrants and graduates by field of education",I,ITA,Italy,ISCED11_5T8,Tertiary education,GRAD,Graduates,FE,"Formal education, includes formal initial and formal adult education programmes",_T,Total,F05T07,"Science, technology, engineering and mathematics",_T,Total,A,Annual,_Z,Not applicable,_Z,Not applicable,INST_EDU,All educational institutions,_T,Total,PT_ST,Percentage of students,_T,Total,_T,Total,2015,,,,,,,,,,,,O,Missing value,,,,,2,Two,,,0,Units
DATAFLOW,OECD.EDU.IMEP:DSD_EAG_UOE_NON_FIN_STUD@DF_UOE_NF_DIST_FIELD(1.0),"Distribution of enrolled students, new entrants and graduates by field of education",I,ITA,Italy,ISCED11_5T8,Tertiary education,GRAD,Graduates,FE,"Formal education, includes formal initial and formal adult education programmes",_T,Total,F05T07,"Science, technology, engineering and mathematics",_T,Total,A,Annual,_Z,Not applicable,_Z,Not applicable,INST_EDU,All educational institutions,_T,Total,PT_ST,Percentage of students,_T,Total,_T,Total,2014,,,,,,,,,,,,O,Missing value,,,,,2,Two,,,0,Units
DATAFLOW,OECD.EDU.IMEP:DSD_EAG_UOE_NON_FIN_STUD@DF_UOE_NF_DIST_FIELD(1.0),"Distribution of enrolled students, new entrants and graduates by field of education",I,ITA,Italy,ISCED11_5T8,Tertiary education,GRAD,Graduates,FE,"Formal education, includes formal initial and formal adult education programmes",_T,Total,F05T07,"Science, technology, engineering and mathematics",_T,Total,A,Annual,_Z,Not applicable,_Z,Not applicable,INST_EDU,All educational institutions,_T,Total,PT_ST,Percentage of students,_T,Total,_T,Total,2013,,,,,,,,,,,,O,Missing value,,,,,2,Two,,,0,Units
DATAFLOW,OECD.EDU.IMEP:DSD_EAG_UOE_NON_FIN_STUD@DF_UOE_NF_DIST_FIELD(1.0),"Distribution of enrolled students, new entrants and graduates by field of education",I,CZE,Czechia,ISCED11_5T8,Tertiary education,GRAD,Graduates,FE,"Formal education, includes formal initial and formal adult education programmes",_T,Total,F05T07,"Science, technology, engineering and mathematics",_T,Total,A,Annual,_Z,Not applicable,_Z,Not applicable,INST_EDU,All educational institutions,_T,Total,PT_ST,Percentage of students,_T,Total,_T,Total,2024,,24.0466410494236,,,,,,,,,,A,Normal value,,,,,2,Two,,,0,Units
DATAFLOW,OECD.EDU.IMEP:DSD_EAG_UOE_NON_FIN_STUD@DF_UOE_NF_DIST_FIELD(1.0),"Distribution of enrolled students, new entrants and graduates by field of education",I,CZE,Czechia,ISCED11_5T8,Tertiary education,GRAD,Graduates,FE,"Formal education, includes formal initial and formal adult education programmes",_T,Total,F05T07,"Science, technology, engineering and mathematics",_T,Total,A,Annual,_Z,Not applicable,_Z,Not applicable,INST_EDU,All educational institutions,_T,Total,PT_ST,Percentage of students,_T,Total,_T,Total,2023,,24.4127279914168,,,,,,,,,,A,Normal value,,,,,2,Two,,,0,Units
DATAFLOW,OECD.EDU.IMEP:DSD_EAG_UOE_NON_FIN_STUD@DF_UOE_NF_DIST_FIELD(1.0),"Distribution of enrolled students, new entrants and graduates by field of education",I,CZE,Czechia,ISCED11_5T8,Tertiary education,GRAD,Graduates,FE,"Formal education, includes formal initial and formal adult education programmes",_T,Total,F05T07,"Science, technology, engineering and mathematics",_T,Total,A,Annual,_Z,Not applicable,_Z,Not applicable,INST_EDU,All educational institutions,_T,Total,PT_ST,Percentage of students,_T,Total,_T,Total,2022,,24.8988703442903,,,,,,,,,,A,Normal value,,,,,2,Two,,,0,Units
DATAFLOW,OECD.EDU.IMEP:DSD_EAG_UOE_NON_FIN_STUD@DF_UOE_NF_DIST_FIELD(1.0),"Distribution of enrolled students, new entrants and graduates by field of education",I,CZE,Czechia,ISCED11_5T8,Tertiary education,GRAD,Graduates,FE,"Formal education, includes formal initial and formal adult education programmes",_T,Total,F05T07,"Science, technology, engineering and mathematics",_T,Total,A,Annual,_Z,Not applicable,_Z,Not applicable,INST_EDU,All educational institutions,_T,Total,PT_ST,Percentage of students,_T,Total,_T,Total,2021,,25.4694434960737,,,,,,,,,,A,Normal value,,,,,2,Two,,,0,Units
DATAFLOW,OECD.EDU.IMEP:DSD_EAG_UOE_NON_FIN_STUD@DF_UOE_NF_DIST_FIELD(1.0),"Distribution of enrolled students, new entrants and graduates by field of education",I,CZE,Czechia,ISCED11_5T8,Tertiary education,GRAD,Graduates,FE,"Formal education, includes formal initial and formal adult education programmes",_T,Total,F05T07,"Science, technology, engineering and mathematics",_T,Total,A,Annual,_Z,Not applicable,_Z,Not applicable,INST_EDU,All educational institutions,_T,Total,PT_ST,Percentage of students,_T,Total,_T,Total,2020,,25.8760107816712,,,,,,,,,,A,Normal value,,,,,2,Two,,,0,Units
DATAFLOW,OECD.EDU.IMEP:DSD_EAG_UOE_NON_FIN_STUD@DF_UOE_NF_DIST_FIELD(1.0),"Distribution of enrolled students, new entrants and graduates by field of education",I,CZE,Czechia,ISCED11_5T8,Tertiary education,GRAD,Graduates,FE,"Formal education, includes formal initial and formal adult education programmes",_T,Total,F05T07,"Science, technology, engineering and mathematics",_T,Total,A,Annual,_Z,Not applicable,_Z,Not applicable,INST_EDU,All educational institutions,_T,Total,PT_ST,Percentage of students,_T,Total,_T,Total,2019,,25.8616895441917,,,,,,,,,,A,Normal value,,,,,2,Two,,,0,Units
DATAFLOW,OECD.EDU.IMEP:DSD_EAG_UOE_NON_FIN_STUD@DF_UOE_NF_DIST_FIELD(1.0),"Distribution of enrolled students, new entrants and graduates by field of education",I,CZE,Czechia,ISCED11_5T8,Tertiary education,GRAD,Graduates,FE,"Formal education, includes formal initial and formal adult education programmes",_T,Total,F05T07,"Science, technology, engineering and mathematics",_T,Total,A,Annual,_Z,Not applicable,_Z,Not applicable,INST_EDU,All educational institutions,_T,Total,PT_ST,Percentage of students,_T,Total,_T,Total,2018,,26.1307654917828,,,,,,,,,,A,Normal value,,,,,2,Two,,,0,Units
DATAFLOW,OECD.EDU.IMEP:DSD_EAG_UOE_NON_FIN_STUD@DF_UOE_NF_DIST_FIELD(1.0),"Distribution of enrolled students, new entrants and graduates by field of education",I,CZE,Czechia,ISCED11_5T8,Tertiary education,GRAD,Graduates,FE,"Formal education, includes formal initial and formal adult education programmes",_T,Total,F05T07,"Science, technology, engineering and mathematics",_T,Total,A,Annual,_Z,Not applicable,_Z,Not applicable,INST_EDU,All educational institutions,_T,Total,PT_ST,Percentage of students,_T,Total,_T,Total,2017,,26.3504093685838,,,,,,,,,,A,Normal value,,,,,2,Two,,,0,Units
DATAFLOW,OECD.EDU.IMEP:DSD_EAG_UOE_NON_FIN_STUD@DF_UOE_NF_DIST_FIELD(1.0),"Distribution of enrolled students, new entrants and graduates by field of education",I,CZE,Czechia,ISCED11_5T8,Tertiary education,GRAD,Graduates,FE,"Formal education, includes formal initial and formal adult education programmes",_T,Total,F05T07,"Science, technology, engineering and mathematics",_T,Total,A,Annual,_Z,Not applicable,_Z,Not applicable,INST_EDU,All educational institutions,_T,Total,PT_ST,Percentage of students,_T,Total,_T,Total,2016,,25.6581194567791,,,,,,,,,,A,Normal value,,,,,2,Two,,,0,Units
DATAFLOW,OECD.EDU.IMEP:DSD_EAG_UOE_NON_FIN_STUD@DF_UOE_NF_DIST_FIELD(1.0),"Distribution of enrolled students, new entrants and graduates by field of education",I,CZE,Czechia,ISCED11_5T8,Tertiary education,GRAD,Graduates,FE,"Formal education, includes formal initial and formal adult education programmes",_T,Total,F05T07,"Science, technology, engineering and mathematics",_T,Total,A,Annual,_Z,Not applicable,_Z,Not applicable,INST_EDU,All educational institutions,_T,Total,PT_ST,Percentage of students,_T,Total,_T,Total,2015,,25.2717693350821,,,,,,,,,,A,Normal value,,,,,2,Two,,,0,Units
DATAFLOW,OECD.EDU.IMEP:DSD_EAG_UOE_NON_FIN_STUD@DF_UOE_NF_DIST_FIELD(1.0),"Distribution of enrolled students, new entrants and graduates by field of education",I,CZE,Czechia,ISCED11_5T8,Tertiary education,GRAD,Graduates,FE,"Formal education, includes formal initial and formal adult education programmes",_T,Total,F05T07,"Science, technology, engineering and mathematics",_T,Total,A,Annual,_Z,Not applicable,_Z,Not applicable,INST_EDU,All educational institutions,_T,Total,PT_ST,Percentage of students,_T,Total,_T,Total,2014,,24.7930223483131,,,,,,,,,,A,Normal value,,,,,2,Two,,,0,Units
DATAFLOW,OECD.EDU.IMEP:DSD_EAG_UOE_NON_FIN_STUD@DF_UOE_NF_DIST_FIELD(1.0),"Distribution of enrolled students, new entrants and graduates by field of education",I,CZE,Czechia,ISCED11_5T8,Tertiary education,GRAD,Graduates,FE,"Formal education, includes formal initial and formal adult education programmes",_T,Total,F05T07,"Science, technology, engineering and mathematics",_T,Total,A,Annual,_Z,Not applicable,_Z,Not applicable,INST_EDU,All educational institutions,_T,Total,PT_ST,Percentage of students,_T,Total,_T,Total,2013,,24.2794848392658,,,,,,,,,,A,Normal value,,,,,2,Two,,,0,Units
DATAFLOW,OECD.EDU.IMEP:DSD_EAG_UOE_NON_FIN_STUD@DF_UOE_NF_DIST_FIELD(1.0),"Distribution of enrolled students, new entrants and graduates by field of education",I,FIN,Finland,ISCED11_5T8,Tertiary education,GRAD,Graduates,FE,"Formal education, includes formal initial and formal adult education programmes",_T,Total,F05T07,"Science, technology, engineering and mathematics",_T,Total,A,Annual,_Z,Not applicable,_Z,Not applicable,INST_EDU,All educational institutions,_T,Total,PT_ST,Percentage of students,_T,Total,_T,Total,2024,,30.7766445617619,,,,,,,,,,A,Normal value,,,,,2,Two,,,0,Units
DATAFLOW,OECD.EDU.IMEP:DSD_EAG_UOE_NON_FIN_STUD@DF_UOE_NF_DIST_FIELD(1.0),"Distribution of enrolled students, new entrants and graduates by field of education",I,FIN,Finland,ISCED11_5T8,Tertiary education,GRAD,Graduates,FE,"Formal education, includes formal initial and formal adult education programmes",_T,Total,F05T07,"Science, technology, engineering and mathematics",_T,Total,A,Annual,_Z,Not applicable,_Z,Not applicable,INST_EDU,All educational institutions,_T,Total,PT_ST,Percentage of students,_T,Total,_T,Total,2023,,29.2486163659673,,,,,,,,,,A,Normal value,,,,,2,Two,,,0,Units
DATAFLOW,OECD.EDU.IMEP:DSD_EAG_UOE_NON_FIN_STUD@DF_UOE_NF_DIST_FIELD(1.0),"Distribution of enrolled students, new entrants and graduates by field of education",I,FIN,Finland,ISCED11_5T8,Tertiary education,GRAD,Graduates,FE,"Formal education, includes formal initial and formal adult education programmes",_T,Total,F05T07,"Science, technology, engineering and mathematics",_T,Total,A,Annual,_Z,Not applicable,_Z,Not applicable,INST_EDU,All educational institutions,_T,Total,PT_ST,Percentage of students,_T,Total,_T,Total,2022,,29.399684312361,,,,,,,,,,A,Normal value,,,,,2,Two,,,0,Units
DATAFLOW,OECD.EDU.IMEP:DSD_EAG_UOE_NON_FIN_STUD@DF_UOE_NF_DIST_FIELD(1.0),"Distribution of enrolled students, new entrants and graduates by field of education",I,FIN,Finland,ISCED11_5T8,Tertiary education,GRAD,Graduates,FE,"Formal education, includes formal initial and formal adult education programmes",_T,Total,F05T07,"Science, technology, engineering and mathematics",_T,Total,A,Annual,_Z,Not applicable,_Z,Not applicable,INST_EDU,All educational institutions,_T,Total,PT_ST,Percentage of students,_T,Total,_T,Total,2021,,28.213218477154,,,,,,,,,,A,Normal value,,,,,2,Two,,,0,Units
DATAFLOW,OECD.EDU.IMEP:DSD_EAG_UOE_NON_FIN_STUD@DF_UOE_NF_DIST_FIELD(1.0),"Distribution of enrolled students, new entrants and graduates by field of education",I,FIN,Finland,ISCED11_5T8,Tertiary education,GRAD,Graduates,FE,"Formal education, includes formal initial and formal adult education programmes",_T,Total,F05T07,"Science, technology, engineering and mathematics",_T,Total,A,Annual,_Z,Not applicable,_Z,Not applicable,INST_EDU,All educational institutions,_T,Total,PT_ST,Percentage of students,_T,Total,_T,Total,2020,,27.9406447962023,,,,,,,,,,A,Normal value,,,,,2,Two,,,0,Units
DATAFLOW,OECD.EDU.IMEP:DSD_EAG_UOE_NON_FIN_STUD@DF_UOE_NF_DIST_FIELD(1.0),"Distribution of enrolled students, new entrants and graduates by field of education",I,FIN,Finland,ISCED11_5T8,Tertiary education,GRAD,Graduates,FE,"Formal education, includes formal initial and formal adult education programmes",_T,Total,F05T07,"Science, technology, engineering and mathematics",_T,Total,A,Annual,_Z,Not applicable,_Z,Not applicable,INST_EDU,All educational institutions,_T,Total,PT_ST,Percentage of students,_T,Total,_T,Total,2019,,28.3790650406504,,,,,,,,,,A,Normal value,,,,,2,Two,,,0,Units
DATAFLOW,OECD.EDU.IMEP:DSD_EAG_UOE_NON_FIN_STUD@DF_UOE_NF_DIST_FIELD(1.0),"Distribution of enrolled students, new entrants and graduates by field of education",I,FIN,Finland,ISCED11_5T8,Tertiary education,GRAD,Graduates,FE,"Formal education, includes formal initial and formal adult education programmes",_T,Total,F05T07,"Science, technology, engineering and mathematics",_T,Total,A,Annual,_Z,Not applicable,_Z,Not applicable,INST_EDU,All educational institutions,_T,Total,PT_ST,Percentage of students,_T,Total,_T,Total,2018,,28.1202408971342,,,,,,,,,,A,Normal value,,,,,2,Two,,,0,Units
DATAFLOW,OECD.EDU.IMEP:DSD_EAG_UOE_NON_FIN_STUD@DF_UOE_NF_DIST_FIELD(1.0),"Distribution of enrolled students, new entrants and graduates by field of education",I,FIN,Finland,ISCED11_5T8,Tertiary education,GRAD,Graduates,FE,"Formal education, includes formal initial and formal adult education programmes",_T,Total,F05T07,"Science, technology, engineering and mathematics",_T,Total,A,Annual,_Z,Not applicable,_Z,Not applicable,INST_EDU,All educational institutions,_T,Total,PT_ST,Percentage of students,_T,Total,_T,Total,2017,,27.2534558928317,,,,,,,,,,A,Normal value,,,,,2,Two,,,0,Units
DATAFLOW,OECD.EDU.IMEP:DSD_EAG_UOE_NON_FIN_STUD@DF_UOE_NF_DIST_FIELD(1.0),"Distribution of enrolled students, new entrants and graduates by field of education",I,FIN,Finland,ISCED11_5T8,Tertiary education,GRAD,Graduates,FE,"Formal education, includes formal initial and formal adult education programmes",_T,Total,F05T07,"Science, technology, engineering and mathematics",_T,Total,A,Annual,_Z,Not applicable,_Z,Not applicable,INST_EDU,All educational institutions,_T,Total,PT_ST,Percentage of students,_T,Total,_T,Total,2016,,29.5312667213641,,,,,,,,,,A,Normal value,,,,,2,Two,,,0,Units
DATAFLOW,OECD.EDU.IMEP:DSD_EAG_UOE_NON_FIN_STUD@DF_UOE_NF_DIST_FIELD(1.0),"Distribution of enrolled students, new entrants and graduates by field of education",I,FIN,Finland,ISCED11_5T8,Tertiary education,GRAD,Graduates,FE,"Formal education, includes formal initial and formal adult education programmes",_T,Total,F05T07,"Science, technology, engineering and mathematics",_T,Total,A,Annual,_Z,Not applicable,_Z,Not applicable,INST_EDU,All educational institutions,_T,Total,PT_ST,Percentage of students,_T,Total,_T,Total,2015,,28.4854563691073,,,,,,,,,,A,Normal value,,,,,2,Two,,,0,Units
DATAFLOW,OECD.EDU.IMEP:DSD_EAG_UOE_NON_FIN_STUD@DF_UOE_NF_DIST_FIELD(1.0),"Distribution of enrolled students, new entrants and graduates by field of education",I,FIN,Finland,ISCED11_5T8,Tertiary education,GRAD,Graduates,FE,"Formal education, includes formal initial and formal adult education programmes",_T,Total,F05T07,"Science, technology, engineering and mathematics",_T,Total,A,Annual,_Z,Not applicable,_Z,Not applicable,INST_EDU,All educational institutions,_T,Total,PT_ST,Percentage of students,_T,Total,_T,Total,2014,,28.1691970748729,,,,,,,,,,A,Normal value,,,,,2,Two,,,0,Units
DATAFLOW,OECD.EDU.IMEP:DSD_EAG_UOE_NON_FIN_STUD@DF_UOE_NF_DIST_FIELD(1.0),"Distribution of enrolled students, new entrants and graduates by field of education",I,FIN,Finland,ISCED11_5T8,Tertiary education,GRAD,Graduates,FE,"Formal education, includes formal initial and formal adult education programmes",_T,Total,F05T07,"Science, technology, engineering and mathematics",_T,Total,A,Annual,_Z,Not applicable,_Z,Not applicable,INST_EDU,All educational institutions,_T,Total,PT_ST,Percentage of students,_T,Total,_T,Total,2013,,28.3614640622037,,,,,,,,,,A,Normal value,,,,,2,Two,,,0,Units
DATAFLOW,OECD.EDU.IMEP:DSD_EAG_UOE_NON_FIN_STUD@DF_UOE_NF_DIST_FIELD(1.0),"Distribution of enrolled students, new entrants and graduates by field of education",I,SWE,Sweden,ISCED11_5T8,Tertiary education,GRAD,Graduates,FE,"Formal education, includes formal initial and formal adult education programmes",_T,Total,F05T07,"Science, technology, engineering and mathematics",_T,Total,A,Annual,_Z,Not applicable,_Z,Not applicable,INST_EDU,All educational institutions,_T,Total,PT_ST,Percentage of students,_T,Total,_T,Total,2023,,28.7067761577565,,,,,,,,,,A,Normal value,,,,,2,Two,,,0,Units
DATAFLOW,OECD.EDU.IMEP:DSD_EAG_UOE_NON_FIN_STUD@DF_UOE_NF_DIST_FIELD(1.0),"Distribution of enrolled students, new entrants and graduates by field of education",I,SWE,Sweden,ISCED11_5T8,Tertiary education,GRAD,Graduates,FE,"Formal education, includes formal initial and formal adult education programmes",_T,Total,F05T07,"Science, technology, engineering and mathematics",_T,Total,A,Annual,_Z,Not applicable,_Z,Not applicable,INST_EDU,All educational institutions,_T,Total,PT_ST,Percentage of students,_T,Total,_T,Total,2022,,29.0243362831858,,,,,,,,,,A,Normal value,,,,,2,Two,,,0,Units
DATAFLOW,OECD.EDU.IMEP:DSD_EAG_UOE_NON_FIN_STUD@DF_UOE_NF_DIST_FIELD(1.0),"Distribution of enrolled students, new entrants and graduates by field of education",I,SWE,Sweden,ISCED11_5T8,Tertiary education,GRAD,Graduates,FE,"Formal education, includes formal initial and formal adult education programmes",_T,Total,F05T07,"Science, technology, engineering and mathematics",_T,Total,A,Annual,_Z,Not applicable,_Z,Not applicable,INST_EDU,All educational institutions,_T,Total,PT_ST,Percentage of students,_T,Total,_T,Total,2021,,28.1842757122982,,,,,,,,,,A,Normal value,,,,,2,Two,,,0,Units
DATAFLOW,OECD.EDU.IMEP:DSD_EAG_UOE_NON_FIN_STUD@DF_UOE_NF_DIST_FIELD(1.0),"Distribution of enrolled students, new entrants and graduates by field of education",I,SWE,Sweden,ISCED11_5T8,Tertiary education,GRAD,Graduates,FE,"Formal education, includes formal initial and formal adult education programmes",_T,Total,F05T07,"Science, technology, engineering and mathematics",_T,Total,A,Annual,_Z,Not applicable,_Z,Not applicable,INST_EDU,All educational institutions,_T,Total,PT_ST,Percentage of students,_T,Total,_T,Total,2020,,27.025586985093,,,,,,,,,,A,Normal value,,,,,2,Two,,,0,Units
DATAFLOW,OECD.EDU.IMEP:DSD_EAG_UOE_NON_FIN_STUD@DF_UOE_NF_DIST_FIELD(1.0),"Distribution of enrolled students, new entrants and graduates by field of education",I,SWE,Sweden,ISCED11_5T8,Tertiary education,GRAD,Graduates,FE,"Formal education, includes formal initial and formal adult education programmes",_T,Total,F05T07,"Science, technology, engineering and mathematics",_T,Total,A,Annual,_Z,Not applicable,_Z,Not applicable,INST_EDU,All educational institutions,_T,Total,PT_ST,Percentage of students,_T,Total,_T,Total,2019,,27.3447512524758,,,,,,,,,,A,Normal value,,,,,2,Two,,,0,Units
DATAFLOW,OECD.EDU.IMEP:DSD_EAG_UOE_NON_FIN_STUD@DF_UOE_NF_DIST_FIELD(1.0),"Distribution of enrolled students, new entrants and graduates by field of education",I,SWE,Sweden,ISCED11_5T8,Tertiary education,GRAD,Graduates,FE,"Formal education, includes formal initial and formal adult education programmes",_T,Total,F05T07,"Science, technology, engineering and mathematics",_T,Total,A,Annual,_Z,Not applicable,_Z,Not applicable,INST_EDU,All educational institutions,_T,Total,PT_ST,Percentage of students,_T,Total,_T,Total,2018,,26.6592657204028,,,,,,,,,,A,Normal value,,,,,2,Two,,,0,Units
DATAFLOW,OECD.EDU.IMEP:DSD_EAG_UOE_NON_FIN_STUD@DF_UOE_NF_DIST_FIELD(1.0),"Distribution of enrolled students, new entrants and graduates by field of education",I,SWE,Sweden,ISCED11_5T8,Tertiary education,GRAD,Graduates,FE,"Formal education, includes formal initial and formal adult education programmes",_T,Total,F05T07,"Science, technology, engineering and mathematics",_T,Total,A,Annual,_Z,Not applicable,_Z,Not applicable,INST_EDU,All educational institutions,_T,Total,PT_ST,Percentage of students,_T,Total,_T,Total,2017,,27.5157189907183,,,,,,,,,,A,Normal value,,,,,2,Two,,,0,Units
DATAFLOW,OECD.EDU.IMEP:DSD_EAG_UOE_NON_FIN_STUD@DF_UOE_NF_DIST_FIELD(1.0),"Distribution of enrolled students, new entrants and graduates by field of education",I,SWE,Sweden,ISCED11_5T8,Tertiary education,GRAD,Graduates,FE,"Formal education, includes formal initial and formal adult education programmes",_T,Total,F05T07,"Science, technology, engineering and mathematics",_T,Total,A,Annual,_Z,Not applicable,_Z,Not applicable,INST_EDU,All educational institutions,_T,Total,PT_ST,Percentage of students,_T,Total,_T,Total,2016,,26.6152387298496,,,,,,,,,,A,Normal value,,,,,2,Two,,,0,Units
DATAFLOW,OECD.EDU.IMEP:DSD_EAG_UOE_NON_FIN_STUD@DF_UOE_NF_DIST_FIELD(1.0),"Distribution of enrolled students, new entrants and graduates by field of education",I,SWE,Sweden,ISCED11_5T8,Tertiary education,GRAD,Graduates,FE,"Formal education, includes formal initial and formal adult education programmes",_T,Total,F05T07,"Science, technology, engineering and mathematics",_T,Total,A,Annual,_Z,Not applicable,_Z,Not applicable,INST_EDU,All educational institutions,_T,Total,PT_ST,Percentage of students,_T,Total,_T,Total,2015,,26.0143259145562,,,,,,,,,,A,Normal value,,,,,2,Two,,,0,Units
DATAFLOW,OECD.EDU.IMEP:DSD_EAG_UOE_NON_FIN_STUD@DF_UOE_NF_DIST_FIELD(1.0),"Distribution of enrolled students, new entrants and graduates by field of education",I,SWE,Sweden,ISCED11_5T8,Tertiary education,GRAD,Graduates,FE,"Formal education, includes formal initial and formal adult education programmes",_T,Total,F05T07,"Science, technology, engineering and mathematics",_T,Total,A,Annual,_Z,Not applicable,_Z,Not applicable,INST_EDU,All educational institutions,_T,Total,PT_ST,Percentage of students,_T,Total,_T,Total,2014,,25.7401359815836,,,,,,,,,,A,Normal value,,,,,2,Two,,,0,Units
DATAFLOW,OECD.EDU.IMEP:DSD_EAG_UOE_NON_FIN_STUD@DF_UOE_NF_DIST_FIELD(1.0),"Distribution of enrolled students, new entrants and graduates by field of education",I,SWE,Sweden,ISCED11_5T8,Tertiary education,GRAD,Graduates,FE,"Formal education, includes formal initial and formal adult education programmes",_T,Total,F05T07,"Science, technology, engineering and mathematics",_T,Total,A,Annual,_Z,Not applicable,_Z,Not applicable,INST_EDU,All educational institutions,_T,Total,PT_ST,Percentage of students,_T,Total,_T,Total,2013,,25.9047566706054,,,,,,,,,,A,Normal value,,,,,2,Two,,,0,Units
DATAFLOW,OECD.EDU.IMEP:DSD_EAG_UOE_NON_FIN_STUD@DF_UOE_NF_DIST_FIELD(1.0),"Distribution of enrolled students, new entrants and graduates by field of education",I,LVA,Latvia,ISCED11_5T8,Tertiary education,GRAD,Graduates,FE,"Formal education, includes formal initial and formal adult education programmes",_T,Total,F05T07,"Science, technology, engineering and mathematics",_T,Total,A,Annual,_Z,Not applicable,_Z,Not applicable,INST_EDU,All educational institutions,_T,Total,PT_ST,Percentage of students,_T,Total,_T,Total,2024,,19.8427416363771,,,,,,,,,,A,Normal value,,,,,2,Two,,,0,Units
DATAFLOW,OECD.EDU.IMEP:DSD_EAG_UOE_NON_FIN_STUD@DF_UOE_NF_DIST_FIELD(1.0),"Distribution of enrolled students, new entrants and graduates by field of education",I,LVA,Latvia,ISCED11_5T8,Tertiary education,GRAD,Graduates,FE,"Formal education, includes formal initial and formal adult education programmes",_T,Total,F05T07,"Science, technology, engineering and mathematics",_T,Total,A,Annual,_Z,Not applicable,_Z,Not applicable,INST_EDU,All educational institutions,_T,Total,PT_ST,Percentage of students,_T,Total,_T,Total,2023,,19.4266609759568,,,,,,,,,,A,Normal value,,,,,2,Two,,,0,Units
DATAFLOW,OECD.EDU.IMEP:DSD_EAG_UOE_NON_FIN_STUD@DF_UOE_NF_DIST_FIELD(1.0),"Distribution of enrolled students, new entrants and graduates by field of education",I,LVA,Latvia,ISCED11_5T8,Tertiary education,GRAD,Graduates,FE,"Formal education, includes formal initial and formal adult education programmes",_T,Total,F05T07,"Science, technology, engineering and mathematics",_T,Total,A,Annual,_Z,Not applicable,_Z,Not applicable,INST_EDU,All educational institutions,_T,Total,PT_ST,Percentage of students,_T,Total,_T,Total,2022,,19.6691998211891,,,,,,,,,,A,Normal value,,,,,2,Two,,,0,Units
DATAFLOW,OECD.EDU.IMEP:DSD_EAG_UOE_NON_FIN_STUD@DF_UOE_NF_DIST_FIELD(1.0),"Distribution of enrolled students, new entrants and graduates by field of education",I,LVA,Latvia,ISCED11_5T8,Tertiary education,GRAD,Graduates,FE,"Formal education, includes formal initial and formal adult education programmes",_T,Total,F05T07,"Science, technology, engineering and mathematics",_T,Total,A,Annual,_Z,Not applicable,_Z,Not applicable,INST_EDU,All educational institutions,_T,Total,PT_ST,Percentage of students,_T,Total,_T,Total,2021,,19.4164166893919,,,,,,,,,,A,Normal value,,,,,2,Two,,,0,Units
DATAFLOW,OECD.EDU.IMEP:DSD_EAG_UOE_NON_FIN_STUD@DF_UOE_NF_DIST_FIELD(1.0),"Distribution of enrolled students, new entrants and graduates by field of education",I,LVA,Latvia,ISCED11_5T8,Tertiary education,GRAD,Graduates,FE,"Formal education, includes formal initial and formal adult education programmes",_T,Total,F05T07,"Science, technology, engineering and mathematics",_T,Total,A,Annual,_Z,Not applicable,_Z,Not applicable,INST_EDU,All educational institutions,_T,Total,PT_ST,Percentage of students,_T,Total,_T,Total,2020,,19.3321858864028,,,,,,,,,,A,Normal value,,,,,2,Two,,,0,Units
DATAFLOW,OECD.EDU.IMEP:DSD_EAG_UOE_NON_FIN_STUD@DF_UOE_NF_DIST_FIELD(1.0),"Distribution of enrolled students, new entrants and graduates by field of education",I,LVA,Latvia,ISCED11_5T8,Tertiary education,GRAD,Graduates,FE,"Formal education, includes formal initial and formal adult education programmes",_T,Total,F05T07,"Science, technology, engineering and mathematics",_T,Total,A,Annual,_Z,Not applicable,_Z,Not applicable,INST_EDU,All educational institutions,_T,Total,PT_ST,Percentage of students,_T,Total,_T,Total,2019,,19.9286099137931,,,,,,,,,,A,Normal value,,,,,2,Two,,,0,Units
DATAFLOW,OECD.EDU.IMEP:DSD_EAG_UOE_NON_FIN_STUD@DF_UOE_NF_DIST_FIELD(1.0),"Distribution of enrolled students, new entrants and graduates by field of education",I,LVA,Latvia,ISCED11_5T8,Tertiary education,GRAD,Graduates,FE,"Formal education, includes formal initial and formal adult education programmes",_T,Total,F05T07,"Science, technology, engineering and mathematics",_T,Total,A,Annual,_Z,Not applicable,_Z,Not applicable,INST_EDU,All educational institutions,_T,Total,PT_ST,Percentage of students,_T,Total,_T,Total,2018,,20.1718414372193,,,,,,,,,,A,Normal value,,,,,2,Two,,,0,Units
DATAFLOW,OECD.EDU.IMEP:DSD_EAG_UOE_NON_FIN_STUD@DF_UOE_NF_DIST_FIELD(1.0),"Distribution of enrolled students, new entrants and graduates by field of education",I,LVA,Latvia,ISCED11_5T8,Tertiary education,GRAD,Graduates,FE,"Formal education, includes formal initial and formal adult education programmes",_T,Total,F05T07,"Science, technology, engineering and mathematics",_T,Total,A,Annual,_Z,Not applicable,_Z,Not applicable,INST_EDU,All educational institutions,_T,Total,PT_ST,Percentage of students,_T,Total,_T,Total,2017,,20.8747514910537,,,,,,,,,,A,Normal value,,,,,2,Two,,,0,Units
DATAFLOW,OECD.EDU.IMEP:DSD_EAG_UOE_NON_FIN_STUD@DF_UOE_NF_DIST_FIELD(1.0),"Distribution of enrolled students, new entrants and graduates by field of education",I,LVA,Latvia,ISCED11_5T8,Tertiary education,GRAD,Graduates,FE,"Formal education, includes formal initial and formal adult education programmes",_T,Total,F05T07,"Science, technology, engineering and mathematics",_T,Total,A,Annual,_Z,Not applicable,_Z,Not applicable,INST_EDU,All educational institutions,_T,Total,PT_ST,Percentage of students,_T,Total,_T,Total,2016,,20.5178526209167,,,,,,,,,,A,Normal value,,,,,2,Two,,,0,Units
DATAFLOW,OECD.EDU.IMEP:DSD_EAG_UOE_NON_FIN_STUD@DF_UOE_NF_DIST_FIELD(1.0),"Distribution of enrolled students, new entrants and graduates by field of education",I,LVA,Latvia,ISCED11_5T8,Tertiary education,GRAD,Graduates,FE,"Formal education, includes formal initial and formal adult education programmes",_T,Total,F05T07,"Science, technology, engineering and mathematics",_T,Total,A,Annual,_Z,Not applicable,_Z,Not applicable,INST_EDU,All educational institutions,_T,Total,PT_ST,Percentage of students,_T,Total,_T,Total,2015,,20.4570824275894,,,,,,,,,,A,Normal value,,,,,2,Two,,,0,Units
DATAFLOW,OECD.EDU.IMEP:DSD_EAG_UOE_NON_FIN_STUD@DF_UOE_NF_DIST_FIELD(1.0),"Distribution of enrolled students, new entrants and graduates by field of education",I,LVA,Latvia,ISCED11_5T8,Tertiary education,GRAD,Graduates,FE,"Formal education, includes formal initial and formal adult education programmes",_T,Total,F05T07,"Science, technology, engineering and mathematics",_T,Total,A,Annual,_Z,Not applicable,_Z,Not applicable,INST_EDU,All educational institutions,_T,Total,PT_ST,Percentage of students,_T,Total,_T,Total,2014,,21.3144998558662,,,,,,,,,,A,Normal value,,,,,2,Two,,,0,Units
DATAFLOW,OECD.EDU.IMEP:DSD_EAG_UOE_NON_FIN_STUD@DF_UOE_NF_DIST_FIELD(1.0),"Distribution of enrolled students, new entrants and graduates by field of education",I,LVA,Latvia,ISCED11_5T8,Tertiary education,GRAD,Graduates,FE,"Formal education, includes formal initial and formal adult education programmes",_T,Total,F05T07,"Science, technology, engineering and mathematics",_T,Total,A,Annual,_Z,Not applicable,_Z,Not applicable,INST_EDU,All educational institutions,_T,Total,PT_ST,Percentage of students,_T,Total,_T,Total,2013,,19.051365108746,,,,,,,,,,A,Normal value,,,,,2,Two,,,0,Units
DATAFLOW,OECD.EDU.IMEP:DSD_EAG_UOE_NON_FIN_STUD@DF_UOE_NF_DIST_FIELD(1.0),"Distribution of enrolled students, new entrants and graduates by field of education",I,FRA,France,ISCED11_5T8,Tertiary education,GRAD,Graduates,FE,"Formal education, includes formal initial and formal adult education programmes",_T,Total,F05T07,"Science, technology, engineering and mathematics",_T,Total,A,Annual,_Z,Not applicable,_Z,Not applicable,INST_EDU,All educational institutions,_T,Total,PT_ST,Percentage of students,_T,Total,_T,Total,2023,,24.6133303528822,,,,,,,,,,A,Normal value,,,,,2,Two,,,0,Units
DATAFLOW,OECD.EDU.IMEP:DSD_EAG_UOE_NON_FIN_STUD@DF_UOE_NF_DIST_FIELD(1.0),"Distribution of enrolled students, new entrants and graduates by field of education",I,FRA,France,ISCED11_5T8,Tertiary education,GRAD,Graduates,FE,"Formal education, includes formal initial and formal adult education programmes",_T,Total,F05T07,"Science, technology, engineering and mathematics",_T,Total,A,Annual,_Z,Not applicable,_Z,Not applicable,INST_EDU,All educational institutions,_T,Total,PT_ST,Percentage of students,_T,Total,_T,Total,2022,,30.54104079404,,,,,,,,,,A,Normal value,,,,,2,Two,,,0,Units
DATAFLOW,OECD.EDU.IMEP:DSD_EAG_UOE_NON_FIN_STUD@DF_UOE_NF_DIST_FIELD(1.0),"Distribution of enrolled students, new entrants and graduates by field of education",I,FRA,France,ISCED11_5T8,Tertiary education,GRAD,Graduates,FE,"Formal education, includes formal initial and formal adult education programmes",_T,Total,F05T07,"Science, technology, engineering and mathematics",_T,Total,A,Annual,_Z,Not applicable,_Z,Not applicable,INST_EDU,All educational institutions,_T,Total,PT_ST,Percentage of students,_T,Total,_T,Total,2021,,25.594219713433,,,,,,,,,,A,Normal value,,,,,2,Two,,,0,Units
DATAFLOW,OECD.EDU.IMEP:DSD_EAG_UOE_NON_FIN_STUD@DF_UOE_NF_DIST_FIELD(1.0),"Distribution of enrolled students, new entrants and graduates by field of education",I,FRA,France,ISCED11_5T8,Tertiary education,GRAD,Graduates,FE,"Formal education, includes formal initial and formal adult education programmes",_T,Total,F05T07,"Science, technology, engineering and mathematics",_T,Total,A,Annual,_Z,Not applicable,_Z,Not applicable,INST_EDU,All educational institutions,_T,Total,PT_ST,Percentage of students,_T,Total,_T,Total,2020,,25.9272860815277,,,,,,,,,,A,Normal value,,,,,2,Two,,,0,Units
DATAFLOW,OECD.EDU.IMEP:DSD_EAG_UOE_NON_FIN_STUD@DF_UOE_NF_DIST_FIELD(1.0),"Distribution of enrolled students, new entrants and graduates by field of education",I,FRA,France,ISCED11_5T8,Tertiary education,GRAD,Graduates,FE,"Formal education, includes formal initial and formal adult education programmes",_T,Total,F05T07,"Science, technology, engineering and mathematics",_T,Total,A,Annual,_Z,Not applicable,_Z,Not applicable,INST_EDU,All educational institutions,_T,Total,PT_ST,Percentage of students,_T,Total,_T,Total,2019,,25.8419318526054,,,,,,,,,,A,Normal value,,,,,2,Two,,,0,Units
DATAFLOW,OECD.EDU.IMEP:DSD_EAG_UOE_NON_FIN_STUD@DF_UOE_NF_DIST_FIELD(1.0),"Distribution of enrolled students, new entrants and graduates by field of education",I,FRA,France,ISCED11_5T8,Tertiary education,GRAD,Graduates,FE,"Formal education, includes formal initial and formal adult education programmes",_T,Total,F05T07,"Science, technology, engineering and mathematics",_T,Total,A,Annual,_Z,Not applicable,_Z,Not applicable,INST_EDU,All educational institutions,_T,Total,PT_ST,Percentage of students,_T,Total,_T,Total,2018,,25.444202613038,,,,,,,,,,A,Normal value,,,,,2,Two,,,0,Units
DATAFLOW,OECD.EDU.IMEP:DSD_EAG_UOE_NON_FIN_STUD@DF_UOE_NF_DIST_FIELD(1.0),"Distribution of enrolled students, new entrants and graduates by field of education",I,FRA,France,ISCED11_5T8,Tertiary education,GRAD,Graduates,FE,"Formal education, includes formal initial and formal adult education programmes",_T,Total,F05T07,"Science, technology, engineering and mathematics",_T,Total,A,Annual,_Z,Not applicable,_Z,Not applicable,INST_EDU,All educational institutions,_T,Total,PT_ST,Percentage of students,_T,Total,_T,Total,2017,,25.7986480833516,,,,,,,,,,A,Normal value,,,,,2,Two,,,0,Units
DATAFLOW,OECD.EDU.IMEP:DSD_EAG_UOE_NON_FIN_STUD@DF_UOE_NF_DIST_FIELD(1.0),"Distribution of enrolled students, new entrants and graduates by field of education",I,FRA,France,ISCED11_5T8,Tertiary education,GRAD,Graduates,FE,"Formal education, includes formal initial and formal adult education programmes",_T,Total,F05T07,"Science, technology, engineering and mathematics",_T,Total,A,Annual,_Z,Not applicable,_Z,Not applicable,INST_EDU,All educational institutions,_T,Total,PT_ST,Percentage of students,_T,Total,_T,Total,2016,,25.5702235846028,,,,,,,,,,A,Normal value,,,,,2,Two,,,0,Units
DATAFLOW,OECD.EDU.IMEP:DSD_EAG_UOE_NON_FIN_STUD@DF_UOE_NF_DIST_FIELD(1.0),"Distribution of enrolled students, new entrants and graduates by field of education",I,FRA,France,ISCED11_5T8,Tertiary education,GRAD,Graduates,FE,"Formal education, includes formal initial and formal adult education programmes",_T,Total,F05T07,"Science, technology, engineering and mathematics",_T,Total,A,Annual,_Z,Not applicable,_Z,Not applicable,INST_EDU,All educational institutions,_T,Total,PT_ST,Percentage of students,_T,Total,_T,Total,2015,,25.274489957425,,,,,,,,,,A,Normal value,,,,,2,Two,,,0,Units
DATAFLOW,OECD.EDU.IMEP:DSD_EAG_UOE_NON_FIN_STUD@DF_UOE_NF_DIST_FIELD(1.0),"Distribution of enrolled students, new entrants and graduates by field of education",I,FRA,France,ISCED11_5T8,Tertiary education,GRAD,Graduates,FE,"Formal education, includes formal initial and formal adult education programmes",_T,Total,F05T07,"Science, technology, engineering and mathematics",_T,Total,A,Annual,_Z,Not applicable,_Z,Not applicable,INST_EDU,All educational institutions,_T,Total,PT_ST,Percentage of students,_T,Total,_T,Total,2014,,25.3134697258795,,,,,,,,,,A,Normal value,,,,,2,Two,,,0,Units
DATAFLOW,OECD.EDU.IMEP:DSD_EAG_UOE_NON_FIN_STUD@DF_UOE_NF_DIST_FIELD(1.0),"Distribution of enrolled students, new entrants and graduates by field of education",I,FRA,France,ISCED11_5T8,Tertiary education,GRAD,Graduates,FE,"Formal education, includes formal initial and formal adult education programmes",_T,Total,F05T07,"Science, technology, engineering and mathematics",_T,Total,A,Annual,_Z,Not applicable,_Z,Not applicable,INST_EDU,All educational institutions,_T,Total,PT_ST,Percentage of students,_T,Total,_T,Total,2013,,25.0152052746717,,,,,,,,,,A,Normal value,,,,,2,Two,,,0,Units
DATAFLOW,OECD.EDU.IMEP:DSD_EAG_UOE_NON_FIN_STUD@DF_UOE_NF_DIST_FIELD(1.0),"Distribution of enrolled students, new entrants and graduates by field of education",I,NZL,New Zealand,ISCED11_5T8,Tertiary education,GRAD,Graduates,FE,"Formal education, includes formal initial and formal adult education programmes",_T,Total,F05T07,"Science, technology, engineering and mathematics",_T,Total,A,Annual,_Z,Not applicable,_Z,Not applicable,INST_EDU,All educational institutions,_T,Total,PT_ST,Percentage of students,_T,Total,_T,Total,2024,,24.1075688570809,,,,,,,,,,A,Normal value,,,,,2,Two,,,0,Units
DATAFLOW,OECD.EDU.IMEP:DSD_EAG_UOE_NON_FIN_STUD@DF_UOE_NF_DIST_FIELD(1.0),"Distribution of enrolled students, new entrants and graduates by field of education",I,NZL,New Zealand,ISCED11_5T8,Tertiary education,GRAD,Graduates,FE,"Formal education, includes formal initial and formal adult education programmes",_T,Total,F05T07,"Science, technology, engineering and mathematics",_T,Total,A,Annual,_Z,Not applicable,_Z,Not applicable,INST_EDU,All educational institutions,_T,Total,PT_ST,Percentage of students,_T,Total,_T,Total,2023,,23.1377719182597,,,,,,,,,,A,Normal value,,,,,2,Two,,,0,Units
DATAFLOW,OECD.EDU.IMEP:DSD_EAG_UOE_NON_FIN_STUD@DF_UOE_NF_DIST_FIELD(1.0),"Distribution of enrolled students, new entrants and graduates by field of education",I,NZL,New Zealand,ISCED11_5T8,Tertiary education,GRAD,Graduates,FE,"Formal education, includes formal initial and formal adult education programmes",_T,Total,F05T07,"Science, technology, engineering and mathematics",_T,Total,A,Annual,_Z,Not applicable,_Z,Not applicable,INST_EDU,All educational institutions,_T,Total,PT_ST,Percentage of students,_T,Total,_T,Total,2022,,23.1736758061709,,,,,,,,,,A,Normal value,,,,,2,Two,,,0,Units
DATAFLOW,OECD.EDU.IMEP:DSD_EAG_UOE_NON_FIN_STUD@DF_UOE_NF_DIST_FIELD(1.0),"Distribution of enrolled students, new entrants and graduates by field of education",I,NZL,New Zealand,ISCED11_5T8,Tertiary education,GRAD,Graduates,FE,"Formal education, includes formal initial and formal adult education programmes",_T,Total,F05T07,"Science, technology, engineering and mathematics",_T,Total,A,Annual,_Z,Not applicable,_Z,Not applicable,INST_EDU,All educational institutions,_T,Total,PT_ST,Percentage of students,_T,Total,_T,Total,2021,,23.0037115399685,,,,,,,,,,A,Normal value,,,,,2,Two,,,0,Units
DATAFLOW,OECD.EDU.IMEP:DSD_EAG_UOE_NON_FIN_STUD@DF_UOE_NF_DIST_FIELD(1.0),"Distribution of enrolled students, new entrants and graduates by field of education",I,NZL,New Zealand,ISCED11_5T8,Tertiary education,GRAD,Graduates,FE,"Formal education, includes formal initial and formal adult education programmes",_T,Total,F05T07,"Science, technology, engineering and mathematics",_T,Total,A,Annual,_Z,Not applicable,_Z,Not applicable,INST_EDU,All educational institutions,_T,Total,PT_ST,Percentage of students,_T,Total,_T,Total,2020,,23.7612690827765,,,,,,,,,,A,Normal value,,,,,2,Two,,,0,Units
DATAFLOW,OECD.EDU.IMEP:DSD_EAG_UOE_NON_FIN_STUD@DF_UOE_NF_DIST_FIELD(1.0),"Distribution of enrolled students, new entrants and graduates by field of education",I,NZL,New Zealand,ISCED11_5T8,Tertiary education,GRAD,Graduates,FE,"Formal education, includes formal initial and formal adult education programmes",_T,Total,F05T07,"Science, technology, engineering and mathematics",_T,Total,A,Annual,_Z,Not applicable,_Z,Not applicable,INST_EDU,All educational institutions,_T,Total,PT_ST,Percentage of students,_T,Total,_T,Total,2019,,23.185374925436,,,,,,,,,,A,Normal value,,,,,2,Two,,,0,Units
DATAFLOW,OECD.EDU.IMEP:DSD_EAG_UOE_NON_FIN_STUD@DF_UOE_NF_DIST_FIELD(1.0),"Distribution of enrolled students, new entrants and graduates by field of education",I,NZL,New Zealand,ISCED11_5T8,Tertiary education,GRAD,Graduates,FE,"Formal education, includes formal initial and formal adult education programmes",_T,Total,F05T07,"Science, technology, engineering and mathematics",_T,Total,A,Annual,_Z,Not applicable,_Z,Not applicable,INST_EDU,All educational institutions,_T,Total,PT_ST,Percentage of students,_T,Total,_T,Total,2018,,22.8058434996754,,,,,,,,,,A,Normal value,,,,,2,Two,,,0,Units
DATAFLOW,OECD.EDU.IMEP:DSD_EAG_UOE_NON_FIN_STUD@DF_UOE_NF_DIST_FIELD(1.0),"Distribution of enrolled students, new entrants and graduates by field of education",I,NZL,New Zealand,ISCED11_5T8,Tertiary education,GRAD,Graduates,FE,"Formal education, includes formal initial and formal adult education programmes",_T,Total,F05T07,"Science, technology, engineering and mathematics",_T,Total,A,Annual,_Z,Not applicable,_Z,Not applicable,INST_EDU,All educational institutions,_T,Total,PT_ST,Percentage of students,_T,Total,_T,Total,2017,,22.1726858018344,,,,,,,,,,A,Normal value,,,,,2,Two,,,0,Units
DATAFLOW,OECD.EDU.IMEP:DSD_EAG_UOE_NON_FIN_STUD@DF_UOE_NF_DIST_FIELD(1.0),"Distribution of enrolled students, new entrants and graduates by field of education",I,NZL,New Zealand,ISCED11_5T8,Tertiary education,GRAD,Graduates,FE,"Formal education, includes formal initial and formal adult education programmes",_T,Total,F05T07,"Science, technology, engineering and mathematics",_T,Total,A,Annual,_Z,Not applicable,_Z,Not applicable,INST_EDU,All educational institutions,_T,Total,PT_ST,Percentage of students,_T,Total,_T,Total,2016,,21.2950258447815,,,,,,,,,,A,Normal value,,,,,2,Two,,,0,Units
DATAFLOW,OECD.EDU.IMEP:DSD_EAG_UOE_NON_FIN_STUD@DF_UOE_NF_DIST_FIELD(1.0),"Distribution of enrolled students, new entrants and graduates by field of education",I,NZL,New Zealand,ISCED11_5T8,Tertiary education,GRAD,Graduates,FE,"Formal education, includes formal initial and formal adult education programmes",_T,Total,F05T07,"Science, technology, engineering and mathematics",_T,Total,A,Annual,_Z,Not applicable,_Z,Not applicable,INST_EDU,All educational institutions,_T,Total,PT_ST,Percentage of students,_T,Total,_T,Total,2015,,21.2700366960393,,,,,,,,,,A,Normal value,,,,,2,Two,,,0,Units
DATAFLOW,OECD.EDU.IMEP:DSD_EAG_UOE_NON_FIN_STUD@DF_UOE_NF_DIST_FIELD(1.0),"Distribution of enrolled students, new entrants and graduates by field of education",I,NZL,New Zealand,ISCED11_5T8,Tertiary education,GRAD,Graduates,FE,"Formal education, includes formal initial and formal adult education programmes",_T,Total,F05T07,"Science, technology, engineering and mathematics",_T,Total,A,Annual,_Z,Not applicable,_Z,Not applicable,INST_EDU,All educational institutions,_T,Total,PT_ST,Percentage of students,_T,Total,_T,Total,2014,,20.1358376697451,,,,,,,,,,A,Normal value,,,,,2,Two,,,0,Units
DATAFLOW,OECD.EDU.IMEP:DSD_EAG_UOE_NON_FIN_STUD@DF_UOE_NF_DIST_FIELD(1.0),"Distribution of enrolled students, new entrants and graduates by field of education",I,NZL,New Zealand,ISCED11_5T8,Tertiary education,GRAD,Graduates,FE,"Formal education, includes formal initial and formal adult education programmes",_T,Total,F05T07,"Science, technology, engineering and mathematics",_T,Total,A,Annual,_Z,Not applicable,_Z,Not applicable,INST_EDU,All educational institutions,_T,Total,PT_ST,Percentage of students,_T,Total,_T,Total,2013,,19.497124099598,,,,,,,,,,A,Normal value,,,,,2,Two,,,0,Units
DATAFLOW,OECD.EDU.IMEP:DSD_EAG_UOE_NON_FIN_STUD@DF_UOE_NF_DIST_FIELD(1.0),"Distribution of enrolled students, new entrants and graduates by field of education",I,NLD,Netherlands,ISCED11_5T8,Tertiary education,GRAD,Graduates,FE,"Formal education, includes formal initial and formal adult education programmes",_T,Total,F05T07,"Science, technology, engineering and mathematics",_T,Total,A,Annual,_Z,Not applicable,_Z,Not applicable,INST_EDU,All educational institutions,_T,Total,PT_ST,Percentage of students,_T,Total,_T,Total,2024,,20.5420948932318,,,,,,,,,,A,Normal value,,,,,2,Two,,,0,Units
DATAFLOW,OECD.EDU.IMEP:DSD_EAG_UOE_NON_FIN_STUD@DF_UOE_NF_DIST_FIELD(1.0),"Distribution of enrolled students, new entrants and graduates by field of education",I,NLD,Netherlands,ISCED11_5T8,Tertiary education,GRAD,Graduates,FE,"Formal education, includes formal initial and formal adult education programmes",_T,Total,F05T07,"Science, technology, engineering and mathematics",_T,Total,A,Annual,_Z,Not applicable,_Z,Not applicable,INST_EDU,All educational institutions,_T,Total,PT_ST,Percentage of students,_T,Total,_T,Total,2023,,19.9789959388424,,,,,,,,,,A,Normal value,,,,,2,Two,,,0,Units
DATAFLOW,OECD.EDU.IMEP:DSD_EAG_UOE_NON_FIN_STUD@DF_UOE_NF_DIST_FIELD(1.0),"Distribution of enrolled students, new entrants and graduates by field of education",I,NLD,Netherlands,ISCED11_5T8,Tertiary education,GRAD,Graduates,FE,"Formal education, includes formal initial and formal adult education programmes",_T,Total,F05T07,"Science, technology, engineering and mathematics",_T,Total,A,Annual,_Z,Not applicable,_Z,Not applicable,INST_EDU,All educational institutions,_T,Total,PT_ST,Percentage of students,_T,Total,_T,Total,2022,,19.8066718331273,,,,,,,,,,A,Normal value,,,,,2,Two,,,0,Units
DATAFLOW,OECD.EDU.IMEP:DSD_EAG_UOE_NON_FIN_STUD@DF_UOE_NF_DIST_FIELD(1.0),"Distribution of enrolled students, new entrants and graduates by field of education",I,NLD,Netherlands,ISCED11_5T8,Tertiary education,GRAD,Graduates,FE,"Formal education, includes formal initial and formal adult education programmes",_T,Total,F05T07,"Science, technology, engineering and mathematics",_T,Total,A,Annual,_Z,Not applicable,_Z,Not applicable,INST_EDU,All educational institutions,_T,Total,PT_ST,Percentage of students,_T,Total,_T,Total,2021,,19.3466471071992,,,,,,,,,,A,Normal value,,,,,2,Two,,,0,Units
DATAFLOW,OECD.EDU.IMEP:DSD_EAG_UOE_NON_FIN_STUD@DF_UOE_NF_DIST_FIELD(1.0),"Distribution of enrolled students, new entrants and graduates by field of education",I,NLD,Netherlands,ISCED11_5T8,Tertiary education,GRAD,Graduates,FE,"Formal education, includes formal initial and formal adult education programmes",_T,Total,F05T07,"Science, technology, engineering and mathematics",_T,Total,A,Annual,_Z,Not applicable,_Z,Not applicable,INST_EDU,All educational institutions,_T,Total,PT_ST,Percentage of students,_T,Total,_T,Total,2020,,18.4623714131023,,,,,,,,,,A,Normal value,,,,,2,Two,,,0,Units
DATAFLOW,OECD.EDU.IMEP:DSD_EAG_UOE_NON_FIN_STUD@DF_UOE_NF_DIST_FIELD(1.0),"Distribution of enrolled students, new entrants and graduates by field of education",I,NLD,Netherlands,ISCED11_5T8,Tertiary education,GRAD,Graduates,FE,"Formal education, includes formal initial and formal adult education programmes",_T,Total,F05T07,"Science, technology, engineering and mathematics",_T,Total,A,Annual,_Z,Not applicable,_Z,Not applicable,INST_EDU,All educational institutions,_T,Total,PT_ST,Percentage of students,_T,Total,_T,Total,2019,,18.1004641144645,,,,,,,,,,A,Normal value,,,,,2,Two,,,0,Units
DATAFLOW,OECD.EDU.IMEP:DSD_EAG_UOE_NON_FIN_STUD@DF_UOE_NF_DIST_FIELD(1.0),"Distribution of enrolled students, new entrants and graduates by field of education",I,NLD,Netherlands,ISCED11_5T8,Tertiary education,GRAD,Graduates,FE,"Formal education, includes formal initial and formal adult education programmes",_T,Total,F05T07,"Science, technology, engineering and mathematics",_T,Total,A,Annual,_Z,Not applicable,_Z,Not applicable,INST_EDU,All educational institutions,_T,Total,PT_ST,Percentage of students,_T,Total,_T,Total,2018,,17.0585687224015,,,,,,,,,,A,Normal value,,,,,2,Two,,,0,Units
DATAFLOW,OECD.EDU.IMEP:DSD_EAG_UOE_NON_FIN_STUD@DF_UOE_NF_DIST_FIELD(1.0),"Distribution of enrolled students, new entrants and graduates by field of education",I,NLD,Netherlands,ISCED11_5T8,Tertiary education,GRAD,Graduates,FE,"Formal education, includes formal initial and formal adult education programmes",_T,Total,F05T07,"Science, technology, engineering and mathematics",_T,Total,A,Annual,_Z,Not applicable,_Z,Not applicable,INST_EDU,All educational institutions,_T,Total,PT_ST,Percentage of students,_T,Total,_T,Total,2017,,16.2142250305315,,,,,,,,,,A,Normal value,,,,,2,Two,,,0,Units
DATAFLOW,OECD.EDU.IMEP:DSD_EAG_UOE_NON_FIN_STUD@DF_UOE_NF_DIST_FIELD(1.0),"Distribution of enrolled students, new entrants and graduates by field of education",I,NLD,Netherlands,ISCED11_5T8,Tertiary education,GRAD,Graduates,FE,"Formal education, includes formal initial and formal adult education programmes",_T,Total,F05T07,"Science, technology, engineering and mathematics",_T,Total,A,Annual,_Z,Not applicable,_Z,Not applicable,INST_EDU,All educational institutions,_T,Total,PT_ST,Percentage of students,_T,Total,_T,Total,2016,,15.7050711439175,,,,,,,,,,A,Normal value,,,,,2,Two,,,0,Units
DATAFLOW,OECD.EDU.IMEP:DSD_EAG_UOE_NON_FIN_STUD@DF_UOE_NF_DIST_FIELD(1.0),"Distribution of enrolled students, new entrants and graduates by field of education",I,NLD,Netherlands,ISCED11_5T8,Tertiary education,GRAD,Graduates,FE,"Formal education, includes formal initial and formal adult education programmes",_T,Total,F05T07,"Science, technology, engineering and mathematics",_T,Total,A,Annual,_Z,Not applicable,_Z,Not applicable,INST_EDU,All educational institutions,_T,Total,PT_ST,Percentage of students,_T,Total,_T,Total,2015,,15.1314466411933,,,,,,,,,,A,Normal value,,,,,2,Two,,,0,Units
DATAFLOW,OECD.EDU.IMEP:DSD_EAG_UOE_NON_FIN_STUD@DF_UOE_NF_DIST_FIELD(1.0),"Distribution of enrolled students, new entrants and graduates by field of education",I,NLD,Netherlands,ISCED11_5T8,Tertiary education,GRAD,Graduates,FE,"Formal education, includes formal initial and formal adult education programmes",_T,Total,F05T07,"Science, technology, engineering and mathematics",_T,Total,A,Annual,_Z,Not applicable,_Z,Not applicable,INST_EDU,All educational institutions,_T,Total,PT_ST,Percentage of students,_T,Total,_T,Total,2014,,15.0709388513687,,,,,,,,,,A,Normal value,,,,,2,Two,,,0,Units
DATAFLOW,OECD.EDU.IMEP:DSD_EAG_UOE_NON_FIN_STUD@DF_UOE_NF_DIST_FIELD(1.0),"Distribution of enrolled students, new entrants and graduates by field of education",I,NLD,Netherlands,ISCED11_5T8,Tertiary education,GRAD,Graduates,FE,"Formal education, includes formal initial and formal adult education programmes",_T,Total,F05T07,"Science, technology, engineering and mathematics",_T,Total,A,Annual,_Z,Not applicable,_Z,Not applicable,INST_EDU,All educational institutions,_T,Total,PT_ST,Percentage of students,_T,Total,_T,Total,2013,,14.8266539202653,,,,,,,,,,A,Normal value,,,,,2,Two,,,0,Units
DATAFLOW,OECD.EDU.IMEP:DSD_EAG_UOE_NON_FIN_STUD@DF_UOE_NF_DIST_FIELD(1.0),"Distribution of enrolled students, new entrants and graduates by field of education",I,GRC,Greece,ISCED11_5T8,Tertiary education,GRAD,Graduates,FE,"Formal education, includes formal initial and formal adult education programmes",_T,Total,F05T07,"Science, technology, engineering and mathematics",_T,Total,A,Annual,_Z,Not applicable,_Z,Not applicable,INST_EDU,All educational institutions,_T,Total,PT_ST,Percentage of students,_T,Total,_T,Total,2024,,26.4699430840809,,,,,,,,,,A,Normal value,,,,,2,Two,,,0,Units
DATAFLOW,OECD.EDU.IMEP:DSD_EAG_UOE_NON_FIN_STUD@DF_UOE_NF_DIST_FIELD(1.0),"Distribution of enrolled students, new entrants and graduates by field of education",I,GRC,Greece,ISCED11_5T8,Tertiary education,GRAD,Graduates,FE,"Formal education, includes formal initial and formal adult education programmes",_T,Total,F05T07,"Science, technology, engineering and mathematics",_T,Total,A,Annual,_Z,Not applicable,_Z,Not applicable,INST_EDU,All educational institutions,_T,Total,PT_ST,Percentage of students,_T,Total,_T,Total,2023,,27.5033180946763,,,,,,,,,,A,Normal value,,,,,2,Two,,,0,Units
DATAFLOW,OECD.EDU.IMEP:DSD_EAG_UOE_NON_FIN_STUD@DF_UOE_NF_DIST_FIELD(1.0),"Distribution of enrolled students, new entrants and graduates by field of education",I,GRC,Greece,ISCED11_5T8,Tertiary education,GRAD,Graduates,FE,"Formal education, includes formal initial and formal adult education programmes",_T,Total,F05T07,"Science, technology, engineering and mathematics",_T,Total,A,Annual,_Z,Not applicable,_Z,Not applicable,INST_EDU,All educational institutions,_T,Total,PT_ST,Percentage of students,_T,Total,_T,Total,2022,,26.1929836878935,,,,,,,,,,A,Normal value,,,,,2,Two,,,0,Units
DATAFLOW,OECD.EDU.IMEP:DSD_EAG_UOE_NON_FIN_STUD@DF_UOE_NF_DIST_FIELD(1.0),"Distribution of enrolled students, new entrants and graduates by field of education",I,GRC,Greece,ISCED11_5T8,Tertiary education,GRAD,Graduates,FE,"Formal education, includes formal initial and formal adult education programmes",_T,Total,F05T07,"Science, technology, engineering and mathematics",_T,Total,A,Annual,_Z,Not applicable,_Z,Not applicable,INST_EDU,All educational institutions,_T,Total,PT_ST,Percentage of students,_T,Total,_T,Total,2021,,27.4985932033372,,,,,,,,,,A,Normal value,,,,,2,Two,,,0,Units
DATAFLOW,OECD.EDU.IMEP:DSD_EAG_UOE_NON_FIN_STUD@DF_UOE_NF_DIST_FIELD(1.0),"Distribution of enrolled students, new entrants and graduates by field of education",I,GRC,Greece,ISCED11_5T8,Tertiary education,GRAD,Graduates,FE,"Formal education, includes formal initial and formal adult education programmes",_T,Total,F05T07,"Science, technology, engineering and mathematics",_T,Total,A,Annual,_Z,Not applicable,_Z,Not applicable,INST_EDU,All educational institutions,_T,Total,PT_ST,Percentage of students,_T,Total,_T,Total,2020,,27.4224385156861,,,,,,,,,,A,Normal value,,,,,2,Two,,,0,Units
DATAFLOW,OECD.EDU.IMEP:DSD_EAG_UOE_NON_FIN_STUD@DF_UOE_NF_DIST_FIELD(1.0),"Distribution of enrolled students, new entrants and graduates by field of education",I,GRC,Greece,ISCED11_5T8,Tertiary education,GRAD,Graduates,FE,"Formal education, includes formal initial and formal adult education programmes",_T,Total,F05T07,"Science, technology, engineering and mathematics",_T,Total,A,Annual,_Z,Not applicable,_Z,Not applicable,INST_EDU,All educational institutions,_T,Total,PT_ST,Percentage of students,_T,Total,_T,Total,2019,,27.3382616930753,,,,,,,,,,A,Normal value,,,,,2,Two,,,0,Units
DATAFLOW,OECD.EDU.IMEP:DSD_EAG_UOE_NON_FIN_STUD@DF_UOE_NF_DIST_FIELD(1.0),"Distribution of enrolled students, new entrants and graduates by field of education",I,GRC,Greece,ISCED11_5T8,Tertiary education,GRAD,Graduates,FE,"Formal education, includes formal initial and formal adult education programmes",_T,Total,F05T07,"Science, technology, engineering and mathematics",_T,Total,A,Annual,_Z,Not applicable,_Z,Not applicable,INST_EDU,All educational institutions,_T,Total,PT_ST,Percentage of students,_T,Total,_T,Total,2018,,28.2668676755035,,,,,,,,,,A,Normal value,,,,,2,Two,,,0,Units
DATAFLOW,OECD.EDU.IMEP:DSD_EAG_UOE_NON_FIN_STUD@DF_UOE_NF_DIST_FIELD(1.0),"Distribution of enrolled students, new entrants and graduates by field of education",I,GRC,Greece,ISCED11_5T8,Tertiary education,GRAD,Graduates,FE,"Formal education, includes formal initial and formal adult education programmes",_T,Total,F05T07,"Science, technology, engineering and mathematics",_T,Total,A,Annual,_Z,Not applicable,_Z,Not applicable,INST_EDU,All educational institutions,_T,Total,PT_ST,Percentage of students,_T,Total,_T,Total,2017,,29.4037665982006,,,,,,,,,,A,Normal value,,,,,2,Two,,,0,Units
DATAFLOW,OECD.EDU.IMEP:DSD_EAG_UOE_NON_FIN_STUD@DF_UOE_NF_DIST_FIELD(1.0),"Distribution of enrolled students, new entrants and graduates by field of education",I,GRC,Greece,ISCED11_5T8,Tertiary education,GRAD,Graduates,FE,"Formal education, includes formal initial and formal adult education programmes",_T,Total,F05T07,"Science, technology, engineering and mathematics",_T,Total,A,Annual,_Z,Not applicable,_Z,Not applicable,INST_EDU,All educational institutions,_T,Total,PT_ST,Percentage of students,_T,Total,_T,Total,2016,,28.1614208697393,,,,,,,,,,A,Normal value,,,,,2,Two,,,0,Units
DATAFLOW,OECD.EDU.IMEP:DSD_EAG_UOE_NON_FIN_STUD@DF_UOE_NF_DIST_FIELD(1.0),"Distribution of enrolled students, new entrants and graduates by field of education",I,GRC,Greece,ISCED11_5T8,Tertiary education,GRAD,Graduates,FE,"Formal education, includes formal initial and formal adult education programmes",_T,Total,F05T07,"Science, technology, engineering and mathematics",_T,Total,A,Annual,_Z,Not applicable,_Z,Not applicable,INST_EDU,All educational institutions,_T,Total,PT_ST,Percentage of students,_T,Total,_T,Total,2015,,30.1397655545537,,,,,,,,,,A,Normal value,,,,,2,Two,,,0,Units
DATAFLOW,OECD.EDU.IMEP:DSD_EAG_UOE_NON_FIN_STUD@DF_UOE_NF_DIST_FIELD(1.0),"Distribution of enrolled students, new entrants and graduates by field of education",I,GRC,Greece,ISCED11_5T8,Tertiary education,GRAD,Graduates,FE,"Formal education, includes formal initial and formal adult education programmes",_T,Total,F05T07,"Science, technology, engineering and mathematics",_T,Total,A,Annual,_Z,Not applicable,_Z,Not applicable,INST_EDU,All educational institutions,_T,Total,PT_ST,Percentage of students,_T,Total,_T,Total,2014,,30.1397655545537,,,,,,,,,,A,Normal value,,,,,2,Two,,,0,Units
DATAFLOW,OECD.EDU.IMEP:DSD_EAG_UOE_NON_FIN_STUD@DF_UOE_NF_DIST_FIELD(1.0),"Distribution of enrolled students, new entrants and graduates by field of education",I,GRC,Greece,ISCED11_5T8,Tertiary education,GRAD,Graduates,FE,"Formal education, includes formal initial and formal adult education programmes",_T,Total,F05T07,"Science, technology, engineering and mathematics",_T,Total,A,Annual,_Z,Not applicable,_Z,Not applicable,INST_EDU,All educational institutions,_T,Total,PT_ST,Percentage of students,_T,Total,_T,Total,2013,,31.0714555765595,,,,,,,,,,A,Normal value,,,,,2,Two,,,0,Units
DATAFLOW,OECD.EDU.IMEP:DSD_EAG_UOE_NON_FIN_STUD@DF_UOE_NF_DIST_FIELD(1.0),"Distribution of enrolled students, new entrants and graduates by field of education",I,USA,United States,ISCED11_5T8,Tertiary education,GRAD,Graduates,FE,"Formal education, includes formal initial and formal adult education programmes",_T,Total,F05T07,"Science, technology, engineering and mathematics",_T,Total,A,Annual,_Z,Not applicable,_Z,Not applicable,INST_EDU,All educational institutions,_T,Total,PT_ST,Percentage of students,_T,Total,_T,Total,2023,,21.7679602340747,,,,,,,,,,A,Normal value,,,,,2,Two,,,0,Units
DATAFLOW,OECD.EDU.IMEP:DSD_EAG_UOE_NON_FIN_STUD@DF_UOE_NF_DIST_FIELD(1.0),"Distribution of enrolled students, new entrants and graduates by field of education",I,USA,United States,ISCED11_5T8,Tertiary education,GRAD,Graduates,FE,"Formal education, includes formal initial and formal adult education programmes",_T,Total,F05T07,"Science, technology, engineering and mathematics",_T,Total,A,Annual,_Z,Not applicable,_Z,Not applicable,INST_EDU,All educational institutions,_T,Total,PT_ST,Percentage of students,_T,Total,_T,Total,2022,,20.357335799095,,,,,,,,,,A,Normal value,,,,,2,Two,,,0,Units
DATAFLOW,OECD.EDU.IMEP:DSD_EAG_UOE_NON_FIN_STUD@DF_UOE_NF_DIST_FIELD(1.0),"Distribution of enrolled students, new entrants and graduates by field of education",I,USA,United States,ISCED11_5T8,Tertiary education,GRAD,Graduates,FE,"Formal education, includes formal initial and formal adult education programmes",_T,Total,F05T07,"Science, technology, engineering and mathematics",_T,Total,A,Annual,_Z,Not applicable,_Z,Not applicable,INST_EDU,All educational institutions,_T,Total,PT_ST,Percentage of students,_T,Total,_T,Total,2021,,20.0716696098711,,,,,,,,,,A,Normal value,,,,,2,Two,,,0,Units
DATAFLOW,OECD.EDU.IMEP:DSD_EAG_UOE_NON_FIN_STUD@DF_UOE_NF_DIST_FIELD(1.0),"Distribution of enrolled students, new entrants and graduates by field of education",I,USA,United States,ISCED11_5T8,Tertiary education,GRAD,Graduates,FE,"Formal education, includes formal initial and formal adult education programmes",_T,Total,F05T07,"Science, technology, engineering and mathematics",_T,Total,A,Annual,_Z,Not applicable,_Z,Not applicable,INST_EDU,All educational institutions,_T,Total,PT_ST,Percentage of students,_T,Total,_T,Total,2020,,20.0570081688564,,,,,,,,,,A,Normal value,,,,,2,Two,,,0,Units
DATAFLOW,OECD.EDU.IMEP:DSD_EAG_UOE_NON_FIN_STUD@DF_UOE_NF_DIST_FIELD(1.0),"Distribution of enrolled students, new entrants and graduates by field of education",I,USA,United States,ISCED11_5T8,Tertiary education,GRAD,Graduates,FE,"Formal education, includes formal initial and formal adult education programmes",_T,Total,F05T07,"Science, technology, engineering and mathematics",_T,Total,A,Annual,_Z,Not applicable,_Z,Not applicable,INST_EDU,All educational institutions,_T,Total,PT_ST,Percentage of students,_T,Total,_T,Total,2019,,19.2332248950932,,,,,,,,,,A,Normal value,,,,,2,Two,,,0,Units
DATAFLOW,OECD.EDU.IMEP:DSD_EAG_UOE_NON_FIN_STUD@DF_UOE_NF_DIST_FIELD(1.0),"Distribution of enrolled students, new entrants and graduates by field of education",I,USA,United States,ISCED11_5T8,Tertiary education,GRAD,Graduates,FE,"Formal education, includes formal initial and formal adult education programmes",_T,Total,F05T07,"Science, technology, engineering and mathematics",_T,Total,A,Annual,_Z,Not applicable,_Z,Not applicable,INST_EDU,All educational institutions,_T,Total,PT_ST,Percentage of students,_T,Total,_T,Total,2018,,19.0152666151516,,,,,,,,,,A,Normal value,,,,,2,Two,,,0,Units
DATAFLOW,OECD.EDU.IMEP:DSD_EAG_UOE_NON_FIN_STUD@DF_UOE_NF_DIST_FIELD(1.0),"Distribution of enrolled students, new entrants and graduates by field of education",I,USA,United States,ISCED11_5T8,Tertiary education,GRAD,Graduates,FE,"Formal education, includes formal initial and formal adult education programmes",_T,Total,F05T07,"Science, technology, engineering and mathematics",_T,Total,A,Annual,_Z,Not applicable,_Z,Not applicable,INST_EDU,All educational institutions,_T,Total,PT_ST,Percentage of students,_T,Total,_T,Total,2017,,18.6088047251668,,,,,,,,,,A,Normal value,,,,,2,Two,,,0,Units
DATAFLOW,OECD.EDU.IMEP:DSD_EAG_UOE_NON_FIN_STUD@DF_UOE_NF_DIST_FIELD(1.0),"Distribution of enrolled students, new entrants and graduates by field of education",I,USA,United States,ISCED11_5T8,Tertiary education,GRAD,Graduates,FE,"Formal education, includes formal initial and formal adult education programmes",_T,Total,F05T07,"Science, technology, engineering and mathematics",_T,Total,A,Annual,_Z,Not applicable,_Z,Not applicable,INST_EDU,All educational institutions,_T,Total,PT_ST,Percentage of students,_T,Total,_T,Total,2016,,17.9202119510947,,,,,,,,,,A,Normal value,,,,,2,Two,,,0,Units
DATAFLOW,OECD.EDU.IMEP:DSD_EAG_UOE_NON_FIN_STUD@DF_UOE_NF_DIST_FIELD(1.0),"Distribution of enrolled students, new entrants and graduates by field of education",I,USA,United States,ISCED11_5T8,Tertiary education,GRAD,Graduates,FE,"Formal education, includes formal initial and formal adult education programmes",_T,Total,F05T07,"Science, technology, engineering and mathematics",_T,Total,A,Annual,_Z,Not applicable,_Z,Not applicable,INST_EDU,All educational institutions,_T,Total,PT_ST,Percentage of students,_T,Total,_T,Total,2015,,17.3679496334856,,,,,,,,,,A,Normal value,,,,,2,Two,,,0,Units
DATAFLOW,OECD.EDU.IMEP:DSD_EAG_UOE_NON_FIN_STUD@DF_UOE_NF_DIST_FIELD(1.0),"Distribution of enrolled students, new entrants and graduates by field of education",I,USA,United States,ISCED11_5T8,Tertiary education,GRAD,Graduates,FE,"Formal education, includes formal initial and formal adult education programmes",_T,Total,F05T07,"Science, technology, engineering and mathematics",_T,Total,A,Annual,_Z,Not applicable,_Z,Not applicable,INST_EDU,All educational institutions,_T,Total,PT_ST,Percentage of students,_T,Total,_T,Total,2014,,16.6928751319704,,,,,,,,,,A,Normal value,,,,,2,Two,,,0,Units
DATAFLOW,OECD.EDU.IMEP:DSD_EAG_UOE_NON_FIN_STUD@DF_UOE_NF_DIST_FIELD(1.0),"Distribution of enrolled students, new entrants and graduates by field of education",I,USA,United States,ISCED11_5T8,Tertiary education,GRAD,Graduates,FE,"Formal education, includes formal initial and formal adult education programmes",_T,Total,F05T07,"Science, technology, engineering and mathematics",_T,Total,A,Annual,_Z,Not applicable,_Z,Not applicable,INST_EDU,All educational institutions,_T,Total,PT_ST,Percentage of students,_T,Total,_T,Total,2013,,16.2323348509674,,,,,,,,,,A,Normal value,,,,,2,Two,,,0,Units
DATAFLOW,OECD.EDU.IMEP:DSD_EAG_UOE_NON_FIN_STUD@DF_UOE_NF_DIST_FIELD(1.0),"Distribution of enrolled students, new entrants and graduates by field of education",I,BRA,Brazil,ISCED11_5T8,Tertiary education,GRAD,Graduates,FE,"Formal education, includes formal initial and formal adult education programmes",_T,Total,F05T07,"Science, technology, engineering and mathematics",_T,Total,A,Annual,_Z,Not applicable,_Z,Not applicable,INST_EDU,All educational institutions,_T,Total,PT_ST,Percentage of students,_T,Total,_T,Total,2023,,16.1848713590842,,,,,,,,,,A,Normal value,,,,,2,Two,,,0,Units
DATAFLOW,OECD.EDU.IMEP:DSD_EAG_UOE_NON_FIN_STUD@DF_UOE_NF_DIST_FIELD(1.0),"Distribution of enrolled students, new entrants and graduates by field of education",I,BRA,Brazil,ISCED11_5T8,Tertiary education,GRAD,Graduates,FE,"Formal education, includes formal initial and formal adult education programmes",_T,Total,F05T07,"Science, technology, engineering and mathematics",_T,Total,A,Annual,_Z,Not applicable,_Z,Not applicable,INST_EDU,All educational institutions,_T,Total,PT_ST,Percentage of students,_T,Total,_T,Total,2022,,16.2669835518488,,,,,,,,,,A,Normal value,,,,,2,Two,,,0,Units
DATAFLOW,OECD.EDU.IMEP:DSD_EAG_UOE_NON_FIN_STUD@DF_UOE_NF_DIST_FIELD(1.0),"Distribution of enrolled students, new entrants and graduates by field of education",I,BRA,Brazil,ISCED11_5T8,Tertiary education,GRAD,Graduates,FE,"Formal education, includes formal initial and formal adult education programmes",_T,Total,F05T07,"Science, technology, engineering and mathematics",_T,Total,A,Annual,_Z,Not applicable,_Z,Not applicable,INST_EDU,All educational institutions,_T,Total,PT_ST,Percentage of students,_T,Total,_T,Total,2021,,15.9018268895979,,,,,,,,,,A,Normal value,,,,,2,Two,,,0,Units
DATAFLOW,OECD.EDU.IMEP:DSD_EAG_UOE_NON_FIN_STUD@DF_UOE_NF_DIST_FIELD(1.0),"Distribution of enrolled students, new entrants and graduates by field of education",I,BRA,Brazil,ISCED11_5T8,Tertiary education,GRAD,Graduates,FE,"Formal education, includes formal initial and formal adult education programmes",_T,Total,F05T07,"Science, technology, engineering and mathematics",_T,Total,A,Annual,_Z,Not applicable,_Z,Not applicable,INST_EDU,All educational institutions,_T,Total,PT_ST,Percentage of students,_T,Total,_T,Total,2020,,17.4974188093186,,,,,,,,,,A,Normal value,,,,,2,Two,,,0,Units
DATAFLOW,OECD.EDU.IMEP:DSD_EAG_UOE_NON_FIN_STUD@DF_UOE_NF_DIST_FIELD(1.0),"Distribution of enrolled students, new entrants and graduates by field of education",I,BRA,Brazil,ISCED11_5T8,Tertiary education,GRAD,Graduates,FE,"Formal education, includes formal initial and formal adult education programmes",_T,Total,F05T07,"Science, technology, engineering and mathematics",_T,Total,A,Annual,_Z,Not applicable,_Z,Not applicable,INST_EDU,All educational institutions,_T,Total,PT_ST,Percentage of students,_T,Total,_T,Total,2019,,18.3711819813764,,,,,,,,,,A,Normal value,,,,,2,Two,,,0,Units
DATAFLOW,OECD.EDU.IMEP:DSD_EAG_UOE_NON_FIN_STUD@DF_UOE_NF_DIST_FIELD(1.0),"Distribution of enrolled students, new entrants and graduates by field of education",I,BRA,Brazil,ISCED11_5T8,Tertiary education,GRAD,Graduates,FE,"Formal education, includes formal initial and formal adult education programmes",_T,Total,F05T07,"Science, technology, engineering and mathematics",_T,Total,A,Annual,_Z,Not applicable,_Z,Not applicable,INST_EDU,All educational institutions,_T,Total,PT_ST,Percentage of students,_T,Total,_T,Total,2018,,18.3666470051696,,,,,,,,,,A,Normal value,,,,,2,Two,,,0,Units
DATAFLOW,OECD.EDU.IMEP:DSD_EAG_UOE_NON_FIN_STUD@DF_UOE_NF_DIST_FIELD(1.0),"Distribution of enrolled students, new entrants and graduates by field of education",I,BRA,Brazil,ISCED11_5T8,Tertiary education,GRAD,Graduates,FE,"Formal education, includes formal initial and formal adult education programmes",_T,Total,F05T07,"Science, technology, engineering and mathematics",_T,Total,A,Annual,_Z,Not applicable,_Z,Not applicable,INST_EDU,All educational institutions,_T,Total,PT_ST,Percentage of students,_T,Total,_T,Total,2017,,17.7336024029411,,,,,,,,,,A,Normal value,,,,,2,Two,,,0,Units
DATAFLOW,OECD.EDU.IMEP:DSD_EAG_UOE_NON_FIN_STUD@DF_UOE_NF_DIST_FIELD(1.0),"Distribution of enrolled students, new entrants and graduates by field of education",I,BRA,Brazil,ISCED11_5T8,Tertiary education,GRAD,Graduates,FE,"Formal education, includes formal initial and formal adult education programmes",_T,Total,F05T07,"Science, technology, engineering and mathematics",_T,Total,A,Annual,_Z,Not applicable,_Z,Not applicable,INST_EDU,All educational institutions,_T,Total,PT_ST,Percentage of students,_T,Total,_T,Total,2016,,16.8595423092969,,,,,,,,,,A,Normal value,,,,,2,Two,,,0,Units
DATAFLOW,OECD.EDU.IMEP:DSD_EAG_UOE_NON_FIN_STUD@DF_UOE_NF_DIST_FIELD(1.0),"Distribution of enrolled students, new entrants and graduates by field of education",I,BRA,Brazil,ISCED11_5T8,Tertiary education,GRAD,Graduates,FE,"Formal education, includes formal initial and formal adult education programmes",_T,Total,F05T07,"Science, technology, engineering and mathematics",_T,Total,A,Annual,_Z,Not applicable,_Z,Not applicable,INST_EDU,All educational institutions,_T,Total,PT_ST,Percentage of students,_T,Total,_T,Total,2015,,15.3479985516371,,,,,,,,,,A,Normal value,,,,,2,Two,,,0,Units
DATAFLOW,OECD.EDU.IMEP:DSD_EAG_UOE_NON_FIN_STUD@DF_UOE_NF_DIST_FIELD(1.0),"Distribution of enrolled students, new entrants and graduates by field of education",I,BRA,Brazil,ISCED11_5T8,Tertiary education,GRAD,Graduates,FE,"Formal education, includes formal initial and formal adult education programmes",_T,Total,F05T07,"Science, technology, engineering and mathematics",_T,Total,A,Annual,_Z,Not applicable,_Z,Not applicable,INST_EDU,All educational institutions,_T,Total,PT_ST,Percentage of students,_T,Total,_T,Total,2014,,16.146623974691,,,,,,,,,,A,Normal value,,,,,2,Two,,,0,Units
DATAFLOW,OECD.EDU.IMEP:DSD_EAG_UOE_NON_FIN_STUD@DF_UOE_NF_DIST_FIELD(1.0),"Distribution of enrolled students, new entrants and graduates by field of education",I,BRA,Brazil,ISCED11_5T8,Tertiary education,GRAD,Graduates,FE,"Formal education, includes formal initial and formal adult education programmes",_T,Total,F05T07,"Science, technology, engineering and mathematics",_T,Total,A,Annual,_Z,Not applicable,_Z,Not applicable,INST_EDU,All educational institutions,_T,Total,PT_ST,Percentage of students,_T,Total,_T,Total,2013,,,,,,,,,,,,O,Missing value,,,,,2,Two,,,0,Units
DATAFLOW,OECD.EDU.IMEP:DSD_EAG_UOE_NON_FIN_STUD@DF_UOE_NF_DIST_FIELD(1.0),"Distribution of enrolled students, new entrants and graduates by field of education",I,CAN,Canada,ISCED11_5T8,Tertiary education,GRAD,Graduates,FE,"Formal education, includes formal initial and formal adult education programmes",_T,Total,F05T07,"Science, technology, engineering and mathematics",_T,Total,A,Annual,_Z,Not applicable,_Z,Not applicable,INST_EDU,All educational institutions,_T,Total,PT_ST,Percentage of students,_T,Total,_T,Total,2024,,26.5418104328431,,,,,,,,,,A,Normal value,,,,,2,Two,,,0,Units
DATAFLOW,OECD.EDU.IMEP:DSD_EAG_UOE_NON_FIN_STUD@DF_UOE_NF_DIST_FIELD(1.0),"Distribution of enrolled students, new entrants and graduates by field of education",I,CAN,Canada,ISCED11_5T8,Tertiary education,GRAD,Graduates,FE,"Formal education, includes formal initial and formal adult education programmes",_T,Total,F05T07,"Science, technology, engineering and mathematics",_T,Total,A,Annual,_Z,Not applicable,_Z,Not applicable,INST_EDU,All educational institutions,_T,Total,PT_ST,Percentage of students,_T,Total,_T,Total,2023,,25.9656298252024,,,,,,,,,,A,Normal value,,,,,2,Two,,,0,Units
DATAFLOW,OECD.EDU.IMEP:DSD_EAG_UOE_NON_FIN_STUD@DF_UOE_NF_DIST_FIELD(1.0),"Distribution of enrolled students, new entrants and graduates by field of education",I,CAN,Canada,ISCED11_5T8,Tertiary education,GRAD,Graduates,FE,"Formal education, includes formal initial and formal adult education programmes",_T,Total,F05T07,"Science, technology, engineering and mathematics",_T,Total,A,Annual,_Z,Not applicable,_Z,Not applicable,INST_EDU,All educational institutions,_T,Total,PT_ST,Percentage of students,_T,Total,_T,Total,2022,,26.4736514374198,,,,,,,,,,A,Normal value,,,,,2,Two,,,0,Units
DATAFLOW,OECD.EDU.IMEP:DSD_EAG_UOE_NON_FIN_STUD@DF_UOE_NF_DIST_FIELD(1.0),"Distribution of enrolled students, new entrants and graduates by field of education",I,CAN,Canada,ISCED11_5T8,Tertiary education,GRAD,Graduates,FE,"Formal education, includes formal initial and formal adult education programmes",_T,Total,F05T07,"Science, technology, engineering and mathematics",_T,Total,A,Annual,_Z,Not applicable,_Z,Not applicable,INST_EDU,All educational institutions,_T,Total,PT_ST,Percentage of students,_T,Total,_T,Total,2021,,26.6252375817013,,,,,,,,,,A,Normal value,,,,,2,Two,,,0,Units
DATAFLOW,OECD.EDU.IMEP:DSD_EAG_UOE_NON_FIN_STUD@DF_UOE_NF_DIST_FIELD(1.0),"Distribution of enrolled students, new entrants and graduates by field of education",I,CAN,Canada,ISCED11_5T8,Tertiary education,GRAD,Graduates,FE,"Formal education, includes formal initial and formal adult education programmes",_T,Total,F05T07,"Science, technology, engineering and mathematics",_T,Total,A,Annual,_Z,Not applicable,_Z,Not applicable,INST_EDU,All educational institutions,_T,Total,PT_ST,Percentage of students,_T,Total,_T,Total,2020,,26.1072010601909,,,,,,,,,,A,Normal value,,,,,2,Two,,,0,Units
DATAFLOW,OECD.EDU.IMEP:DSD_EAG_UOE_NON_FIN_STUD@DF_UOE_NF_DIST_FIELD(1.0),"Distribution of enrolled students, new entrants and graduates by field of education",I,CAN,Canada,ISCED11_5T8,Tertiary education,GRAD,Graduates,FE,"Formal education, includes formal initial and formal adult education programmes",_T,Total,F05T07,"Science, technology, engineering and mathematics",_T,Total,A,Annual,_Z,Not applicable,_Z,Not applicable,INST_EDU,All educational institutions,_T,Total,PT_ST,Percentage of students,_T,Total,_T,Total,2019,,26.0497583379621,,,,,,,,,,A,Normal value,,,,,2,Two,,,0,Units
DATAFLOW,OECD.EDU.IMEP:DSD_EAG_UOE_NON_FIN_STUD@DF_UOE_NF_DIST_FIELD(1.0),"Distribution of enrolled students, new entrants and graduates by field of education",I,CAN,Canada,ISCED11_5T8,Tertiary education,GRAD,Graduates,FE,"Formal education, includes formal initial and formal adult education programmes",_T,Total,F05T07,"Science, technology, engineering and mathematics",_T,Total,A,Annual,_Z,Not applicable,_Z,Not applicable,INST_EDU,All educational institutions,_T,Total,PT_ST,Percentage of students,_T,Total,_T,Total,2018,,22.7592120612023,,,,,,,,,,A,Normal value,,,,,2,Two,,,0,Units
DATAFLOW,OECD.EDU.IMEP:DSD_EAG_UOE_NON_FIN_STUD@DF_UOE_NF_DIST_FIELD(1.0),"Distribution of enrolled students, new entrants and graduates by field of education",I,CAN,Canada,ISCED11_5T8,Tertiary education,GRAD,Graduates,FE,"Formal education, includes formal initial and formal adult education programmes",_T,Total,F05T07,"Science, technology, engineering and mathematics",_T,Total,A,Annual,_Z,Not applicable,_Z,Not applicable,INST_EDU,All educational institutions,_T,Total,PT_ST,Percentage of students,_T,Total,_T,Total,2017,,22.8664930697887,,,,,,,,,,A,Normal value,,,,,2,Two,,,0,Units
DATAFLOW,OECD.EDU.IMEP:DSD_EAG_UOE_NON_FIN_STUD@DF_UOE_NF_DIST_FIELD(1.0),"Distribution of enrolled students, new entrants and graduates by field of education",I,CAN,Canada,ISCED11_5T8,Tertiary education,GRAD,Graduates,FE,"Formal education, includes formal initial and formal adult education programmes",_T,Total,F05T07,"Science, technology, engineering and mathematics",_T,Total,A,Annual,_Z,Not applicable,_Z,Not applicable,INST_EDU,All educational institutions,_T,Total,PT_ST,Percentage of students,_T,Total,_T,Total,2016,,21.7352151068422,,,,,,,,,,A,Normal value,,,,,2,Two,,,0,Units
DATAFLOW,OECD.EDU.IMEP:DSD_EAG_UOE_NON_FIN_STUD@DF_UOE_NF_DIST_FIELD(1.0),"Distribution of enrolled students, new entrants and graduates by field of education",I,CAN,Canada,ISCED11_5T8,Tertiary education,GRAD,Graduates,FE,"Formal education, includes formal initial and formal adult education programmes",_T,Total,F05T07,"Science, technology, engineering and mathematics",_T,Total,A,Annual,_Z,Not applicable,_Z,Not applicable,INST_EDU,All educational institutions,_T,Total,PT_ST,Percentage of students,_T,Total,_T,Total,2015,,21.3180035627269,,,,,,,,,,A,Normal value,,,,,2,Two,,,0,Units
DATAFLOW,OECD.EDU.IMEP:DSD_EAG_UOE_NON_FIN_STUD@DF_UOE_NF_DIST_FIELD(1.0),"Distribution of enrolled students, new entrants and graduates by field of education",I,CAN,Canada,ISCED11_5T8,Tertiary education,GRAD,Graduates,FE,"Formal education, includes formal initial and formal adult education programmes",_T,Total,F05T07,"Science, technology, engineering and mathematics",_T,Total,A,Annual,_Z,Not applicable,_Z,Not applicable,INST_EDU,All educational institutions,_T,Total,PT_ST,Percentage of students,_T,Total,_T,Total,2014,,20.4399406821552,,,,,,,,,,A,Normal value,,,,,2,Two,,,0,Units
DATAFLOW,OECD.EDU.IMEP:DSD_EAG_UOE_NON_FIN_STUD@DF_UOE_NF_DIST_FIELD(1.0),"Distribution of enrolled students, new entrants and graduates by field of education",I,CAN,Canada,ISCED11_5T8,Tertiary education,GRAD,Graduates,FE,"Formal education, includes formal initial and formal adult education programmes",_T,Total,F05T07,"Science, technology, engineering and mathematics",_T,Total,A,Annual,_Z,Not applicable,_Z,Not applicable,INST_EDU,All educational institutions,_T,Total,PT_ST,Percentage of students,_T,Total,_T,Total,2013,,21.3708958102706,,,,,,,,,,A,Normal value,,,,,2,Two,,,0,Units
DATAFLOW,OECD.EDU.IMEP:DSD_EAG_UOE_NON_FIN_STUD@DF_UOE_NF_DIST_FIELD(1.0),"Distribution of enrolled students, new entrants and graduates by field of education",I,ESP,Spain,ISCED11_5T8,Tertiary education,GRAD,Graduates,FE,"Formal education, includes formal initial and formal adult education programmes",_T,Total,F05T07,"Science, technology, engineering and mathematics",_T,Total,A,Annual,_Z,Not applicable,_Z,Not applicable,INST_EDU,All educational institutions,_T,Total,PT_ST,Percentage of students,_T,Total,_T,Total,2024,,21.9572172045706,,,,,,,,,,A,Normal value,,,,,2,Two,,,0,Units
DATAFLOW,OECD.EDU.IMEP:DSD_EAG_UOE_NON_FIN_STUD@DF_UOE_NF_DIST_FIELD(1.0),"Distribution of enrolled students, new entrants and graduates by field of education",I,ESP,Spain,ISCED11_5T8,Tertiary education,GRAD,Graduates,FE,"Formal education, includes formal initial and formal adult education programmes",_T,Total,F05T07,"Science, technology, engineering and mathematics",_T,Total,A,Annual,_Z,Not applicable,_Z,Not applicable,INST_EDU,All educational institutions,_T,Total,PT_ST,Percentage of students,_T,Total,_T,Total,2023,,21.2552926525529,,,,,,,,,,A,Normal value,,,,,2,Two,,,0,Units
DATAFLOW,OECD.EDU.IMEP:DSD_EAG_UOE_NON_FIN_STUD@DF_UOE_NF_DIST_FIELD(1.0),"Distribution of enrolled students, new entrants and graduates by field of education",I,ESP,Spain,ISCED11_5T8,Tertiary education,GRAD,Graduates,FE,"Formal education, includes formal initial and formal adult education programmes",_T,Total,F05T07,"Science, technology, engineering and mathematics",_T,Total,A,Annual,_Z,Not applicable,_Z,Not applicable,INST_EDU,All educational institutions,_T,Total,PT_ST,Percentage of students,_T,Total,_T,Total,2022,,21.3437495893014,,,,,,,,,,A,Normal value,,,,,2,Two,,,0,Units
DATAFLOW,OECD.EDU.IMEP:DSD_EAG_UOE_NON_FIN_STUD@DF_UOE_NF_DIST_FIELD(1.0),"Distribution of enrolled students, new entrants and graduates by field of education",I,ESP,Spain,ISCED11_5T8,Tertiary education,GRAD,Graduates,FE,"Formal education, includes formal initial and formal adult education programmes",_T,Total,F05T07,"Science, technology, engineering and mathematics",_T,Total,A,Annual,_Z,Not applicable,_Z,Not applicable,INST_EDU,All educational institutions,_T,Total,PT_ST,Percentage of students,_T,Total,_T,Total,2021,,21.4622615149043,,,,,,,,,,A,Normal value,,,,,2,Two,,,0,Units
DATAFLOW,OECD.EDU.IMEP:DSD_EAG_UOE_NON_FIN_STUD@DF_UOE_NF_DIST_FIELD(1.0),"Distribution of enrolled students, new entrants and graduates by field of education",I,ESP,Spain,ISCED11_5T8,Tertiary education,GRAD,Graduates,FE,"Formal education, includes formal initial and formal adult education programmes",_T,Total,F05T07,"Science, technology, engineering and mathematics",_T,Total,A,Annual,_Z,Not applicable,_Z,Not applicable,INST_EDU,All educational institutions,_T,Total,PT_ST,Percentage of students,_T,Total,_T,Total,2020,,20.807679737567,,,,,,,,,,A,Normal value,,,,,2,Two,,,0,Units
DATAFLOW,OECD.EDU.IMEP:DSD_EAG_UOE_NON_FIN_STUD@DF_UOE_NF_DIST_FIELD(1.0),"Distribution of enrolled students, new entrants and graduates by field of education",I,ESP,Spain,ISCED11_5T8,Tertiary education,GRAD,Graduates,FE,"Formal education, includes formal initial and formal adult education programmes",_T,Total,F05T07,"Science, technology, engineering and mathematics",_T,Total,A,Annual,_Z,Not applicable,_Z,Not applicable,INST_EDU,All educational institutions,_T,Total,PT_ST,Percentage of students,_T,Total,_T,Total,2019,,21.9541663758811,,,,,,,,,,A,Normal value,,,,,2,Two,,,0,Units
DATAFLOW,OECD.EDU.IMEP:DSD_EAG_UOE_NON_FIN_STUD@DF_UOE_NF_DIST_FIELD(1.0),"Distribution of enrolled students, new entrants and graduates by field of education",I,ESP,Spain,ISCED11_5T8,Tertiary education,GRAD,Graduates,FE,"Formal education, includes formal initial and formal adult education programmes",_T,Total,F05T07,"Science, technology, engineering and mathematics",_T,Total,A,Annual,_Z,Not applicable,_Z,Not applicable,INST_EDU,All educational institutions,_T,Total,PT_ST,Percentage of students,_T,Total,_T,Total,2018,,22.2870972293066,,,,,,,,,,A,Normal value,,,,,2,Two,,,0,Units
DATAFLOW,OECD.EDU.IMEP:DSD_EAG_UOE_NON_FIN_STUD@DF_UOE_NF_DIST_FIELD(1.0),"Distribution of enrolled students, new entrants and graduates by field of education",I,ESP,Spain,ISCED11_5T8,Tertiary education,GRAD,Graduates,FE,"Formal education, includes formal initial and formal adult education programmes",_T,Total,F05T07,"Science, technology, engineering and mathematics",_T,Total,A,Annual,_Z,Not applicable,_Z,Not applicable,INST_EDU,All educational institutions,_T,Total,PT_ST,Percentage of students,_T,Total,_T,Total,2017,,23.4987778854608,,,,,,,,,,A,Normal value,,,,,2,Two,,,0,Units
DATAFLOW,OECD.EDU.IMEP:DSD_EAG_UOE_NON_FIN_STUD@DF_UOE_NF_DIST_FIELD(1.0),"Distribution of enrolled students, new entrants and graduates by field of education",I,ESP,Spain,ISCED11_5T8,Tertiary education,GRAD,Graduates,FE,"Formal education, includes formal initial and formal adult education programmes",_T,Total,F05T07,"Science, technology, engineering and mathematics",_T,Total,A,Annual,_Z,Not applicable,_Z,Not applicable,INST_EDU,All educational institutions,_T,Total,PT_ST,Percentage of students,_T,Total,_T,Total,2016,,23.9315731638502,,,,,,,,,,A,Normal value,,,,,2,Two,,,0,Units
DATAFLOW,OECD.EDU.IMEP:DSD_EAG_UOE_NON_FIN_STUD@DF_UOE_NF_DIST_FIELD(1.0),"Distribution of enrolled students, new entrants and graduates by field of education",I,ESP,Spain,ISCED11_5T8,Tertiary education,GRAD,Graduates,FE,"Formal education, includes formal initial and formal adult education programmes",_T,Total,F05T07,"Science, technology, engineering and mathematics",_T,Total,A,Annual,_Z,Not applicable,_Z,Not applicable,INST_EDU,All educational institutions,_T,Total,PT_ST,Percentage of students,_T,Total,_T,Total,2015,,25.5304702087931,,,,,,,,,,A,Normal value,,,,,2,Two,,,0,Units
DATAFLOW,OECD.EDU.IMEP:DSD_EAG_UOE_NON_FIN_STUD@DF_UOE_NF_DIST_FIELD(1.0),"Distribution of enrolled students, new entrants and graduates by field of education",I,ESP,Spain,ISCED11_5T8,Tertiary education,GRAD,Graduates,FE,"Formal education, includes formal initial and formal adult education programmes",_T,Total,F05T07,"Science, technology, engineering and mathematics",_T,Total,A,Annual,_Z,Not applicable,_Z,Not applicable,INST_EDU,All educational institutions,_T,Total,PT_ST,Percentage of students,_T,Total,_T,Total,2014,,24.3457900708516,,,,,,,,,,A,Normal value,,,,,2,Two,,,0,Units
DATAFLOW,OECD.EDU.IMEP:DSD_EAG_UOE_NON_FIN_STUD@DF_UOE_NF_DIST_FIELD(1.0),"Distribution of enrolled students, new entrants and graduates by field of education",I,ESP,Spain,ISCED11_5T8,Tertiary education,GRAD,Graduates,FE,"Formal education, includes formal initial and formal adult education programmes",_T,Total,F05T07,"Science, technology, engineering and mathematics",_T,Total,A,Annual,_Z,Not applicable,_Z,Not applicable,INST_EDU,All educational institutions,_T,Total,PT_ST,Percentage of students,_T,Total,_T,Total,2013,,25.4409929342859,,,,,,,,,,A,Normal value,,,,,2,Two,,,0,Units
DATAFLOW,OECD.EDU.IMEP:DSD_EAG_UOE_NON_FIN_STUD@DF_UOE_NF_DIST_FIELD(1.0),"Distribution of enrolled students, new entrants and graduates by field of education",I,CRI,Costa Rica,ISCED11_5T8,Tertiary education,GRAD,Graduates,FE,"Formal education, includes formal initial and formal adult education programmes",_T,Total,F05T07,"Science, technology, engineering and mathematics",_T,Total,A,Annual,_Z,Not applicable,_Z,Not applicable,INST_EDU,All educational institutions,_T,Total,PT_ST,Percentage of students,_T,Total,_T,Total,2024,,18.450400306532,,,,,,,,,,A,Normal value,,,,,2,Two,,,0,Units
DATAFLOW,OECD.EDU.IMEP:DSD_EAG_UOE_NON_FIN_STUD@DF_UOE_NF_DIST_FIELD(1.0),"Distribution of enrolled students, new entrants and graduates by field of education",I,CRI,Costa Rica,ISCED11_5T8,Tertiary education,GRAD,Graduates,FE,"Formal education, includes formal initial and formal adult education programmes",_T,Total,F05T07,"Science, technology, engineering and mathematics",_T,Total,A,Annual,_Z,Not applicable,_Z,Not applicable,INST_EDU,All educational institutions,_T,Total,PT_ST,Percentage of students,_T,Total,_T,Total,2023,,17.140788855846,,,,,,,,,,A,Normal value,,,,,2,Two,,,0,Units
DATAFLOW,OECD.EDU.IMEP:DSD_EAG_UOE_NON_FIN_STUD@DF_UOE_NF_DIST_FIELD(1.0),"Distribution of enrolled students, new entrants and graduates by field of education",I,CRI,Costa Rica,ISCED11_5T8,Tertiary education,GRAD,Graduates,FE,"Formal education, includes formal initial and formal adult education programmes",_T,Total,F05T07,"Science, technology, engineering and mathematics",_T,Total,A,Annual,_Z,Not applicable,_Z,Not applicable,INST_EDU,All educational institutions,_T,Total,PT_ST,Percentage of students,_T,Total,_T,Total,2022,,15.7750669443618,,,,,,,,,,A,Normal value,,,,,2,Two,,,0,Units
DATAFLOW,OECD.EDU.IMEP:DSD_EAG_UOE_NON_FIN_STUD@DF_UOE_NF_DIST_FIELD(1.0),"Distribution of enrolled students, new entrants and graduates by field of education",I,CRI,Costa Rica,ISCED11_5T8,Tertiary education,GRAD,Graduates,FE,"Formal education, includes formal initial and formal adult education programmes",_T,Total,F05T07,"Science, technology, engineering and mathematics",_T,Total,A,Annual,_Z,Not applicable,_Z,Not applicable,INST_EDU,All educational institutions,_T,Total,PT_ST,Percentage of students,_T,Total,_T,Total,2021,,15.7168888462645,,,,,,,,,,A,Normal value,,,,,2,Two,,,0,Units
DATAFLOW,OECD.EDU.IMEP:DSD_EAG_UOE_NON_FIN_STUD@DF_UOE_NF_DIST_FIELD(1.0),"Distribution of enrolled students, new entrants and graduates by field of education",I,CRI,Costa Rica,ISCED11_5T8,Tertiary education,GRAD,Graduates,FE,"Formal education, includes formal initial and formal adult education programmes",_T,Total,F05T07,"Science, technology, engineering and mathematics",_T,Total,A,Annual,_Z,Not applicable,_Z,Not applicable,INST_EDU,All educational institutions,_T,Total,PT_ST,Percentage of students,_T,Total,_T,Total,2020,,15.8932963962458,,,,,,,,,,A,Normal value,,,,,2,Two,,,0,Units
DATAFLOW,OECD.EDU.IMEP:DSD_EAG_UOE_NON_FIN_STUD@DF_UOE_NF_DIST_FIELD(1.0),"Distribution of enrolled students, new entrants and graduates by field of education",I,CRI,Costa Rica,ISCED11_5T8,Tertiary education,GRAD,Graduates,FE,"Formal education, includes formal initial and formal adult education programmes",_T,Total,F05T07,"Science, technology, engineering and mathematics",_T,Total,A,Annual,_Z,Not applicable,_Z,Not applicable,INST_EDU,All educational institutions,_T,Total,PT_ST,Percentage of students,_T,Total,_T,Total,2019,,16.2673444726864,,,,,,,,,,A,Normal value,,,,,2,Two,,,0,Units
DATAFLOW,OECD.EDU.IMEP:DSD_EAG_UOE_NON_FIN_STUD@DF_UOE_NF_DIST_FIELD(1.0),"Distribution of enrolled students, new entrants and graduates by field of education",I,CRI,Costa Rica,ISCED11_5T8,Tertiary education,GRAD,Graduates,FE,"Formal education, includes formal initial and formal adult education programmes",_T,Total,F05T07,"Science, technology, engineering and mathematics",_T,Total,A,Annual,_Z,Not applicable,_Z,Not applicable,INST_EDU,All educational institutions,_T,Total,PT_ST,Percentage of students,_T,Total,_T,Total,2018,,15.4906380027739,,,,,,,,,,A,Normal value,,,,,2,Two,,,0,Units
DATAFLOW,OECD.EDU.IMEP:DSD_EAG_UOE_NON_FIN_STUD@DF_UOE_NF_DIST_FIELD(1.0),"Distribution of enrolled students, new entrants and graduates by field of education",I,CRI,Costa Rica,ISCED11_5T8,Tertiary education,GRAD,Graduates,FE,"Formal education, includes formal initial and formal adult education programmes",_T,Total,F05T07,"Science, technology, engineering and mathematics",_T,Total,A,Annual,_Z,Not applicable,_Z,Not applicable,INST_EDU,All educational institutions,_T,Total,PT_ST,Percentage of students,_T,Total,_T,Total,2017,,15.0308796528126,,,,,,,,,,A,Normal value,,,,,2,Two,,,0,Units
DATAFLOW,OECD.EDU.IMEP:DSD_EAG_UOE_NON_FIN_STUD@DF_UOE_NF_DIST_FIELD(1.0),"Distribution of enrolled students, new entrants and graduates by field of education",I,CRI,Costa Rica,ISCED11_5T8,Tertiary education,GRAD,Graduates,FE,"Formal education, includes formal initial and formal adult education programmes",_T,Total,F05T07,"Science, technology, engineering and mathematics",_T,Total,A,Annual,_Z,Not applicable,_Z,Not applicable,INST_EDU,All educational institutions,_T,Total,PT_ST,Percentage of students,_T,Total,_T,Total,2016,,14.3994104642594,,,,,,,,,,A,Normal value,,,,,2,Two,,,0,Units
DATAFLOW,OECD.EDU.IMEP:DSD_EAG_UOE_NON_FIN_STUD@DF_UOE_NF_DIST_FIELD(1.0),"Distribution of enrolled students, new entrants and graduates by field of education",I,CRI,Costa Rica,ISCED11_5T8,Tertiary education,GRAD,Graduates,FE,"Formal education, includes formal initial and formal adult education programmes",_T,Total,F05T07,"Science, technology, engineering and mathematics",_T,Total,A,Annual,_Z,Not applicable,_Z,Not applicable,INST_EDU,All educational institutions,_T,Total,PT_ST,Percentage of students,_T,Total,_T,Total,2015,,13.4508003474376,,,,,,,,,,A,Normal value,,,,,2,Two,,,0,Units
DATAFLOW,OECD.EDU.IMEP:DSD_EAG_UOE_NON_FIN_STUD@DF_UOE_NF_DIST_FIELD(1.0),"Distribution of enrolled students, new entrants and graduates by field of education",I,CRI,Costa Rica,ISCED11_5T8,Tertiary education,GRAD,Graduates,FE,"Formal education, includes formal initial and formal adult education programmes",_T,Total,F05T07,"Science, technology, engineering and mathematics",_T,Total,A,Annual,_Z,Not applicable,_Z,Not applicable,INST_EDU,All educational institutions,_T,Total,PT_ST,Percentage of students,_T,Total,_T,Total,2014,,12.8782095069715,,,,,,,,,,A,Normal value,,,,,2,Two,,,0,Units
DATAFLOW,OECD.EDU.IMEP:DSD_EAG_UOE_NON_FIN_STUD@DF_UOE_NF_DIST_FIELD(1.0),"Distribution of enrolled students, new entrants and graduates by field of education",I,CRI,Costa Rica,ISCED11_5T8,Tertiary education,GRAD,Graduates,FE,"Formal education, includes formal initial and formal adult education programmes",_T,Total,F05T07,"Science, technology, engineering and mathematics",_T,Total,A,Annual,_Z,Not applicable,_Z,Not applicable,INST_EDU,All educational institutions,_T,Total,PT_ST,Percentage of students,_T,Total,_T,Total,2013,,,,,,,,,,,,O,Missing value,,,,,2,Two,,,0,Units
DATAFLOW,OECD.EDU.IMEP:DSD_EAG_UOE_NON_FIN_STUD@DF_UOE_NF_DIST_FIELD(1.0),"Distribution of enrolled students, new entrants and graduates by field of education",I,AUS,Australia,ISCED11_5T8,Tertiary education,GRAD,Graduates,FE,"Formal education, includes formal initial and formal adult education programmes",_T,Total,F05T07,"Science, technology, engineering and mathematics",_T,Total,A,Annual,_Z,Not applicable,_Z,Not applicable,INST_EDU,All educational institutions,_T,Total,PT_ST,Percentage of students,_T,Total,_T,Total,2024,,20.4049357613459,,,,,,,,,,A,Normal value,,,,,2,Two,,,0,Units
DATAFLOW,OECD.EDU.IMEP:DSD_EAG_UOE_NON_FIN_STUD@DF_UOE_NF_DIST_FIELD(1.0),"Distribution of enrolled students, new entrants and graduates by field of education",I,AUS,Australia,ISCED11_5T8,Tertiary education,GRAD,Graduates,FE,"Formal education, includes formal initial and formal adult education programmes",_T,Total,F05T07,"Science, technology, engineering and mathematics",_T,Total,A,Annual,_Z,Not applicable,_Z,Not applicable,INST_EDU,All educational institutions,_T,Total,PT_ST,Percentage of students,_T,Total,_T,Total,2023,,18.883757584354,,,,,,,,,,A,Normal value,,,,,2,Two,,,0,Units
DATAFLOW,OECD.EDU.IMEP:DSD_EAG_UOE_NON_FIN_STUD@DF_UOE_NF_DIST_FIELD(1.0),"Distribution of enrolled students, new entrants and graduates by field of education",I,AUS,Australia,ISCED11_5T8,Tertiary education,GRAD,Graduates,FE,"Formal education, includes formal initial and formal adult education programmes",_T,Total,F05T07,"Science, technology, engineering and mathematics",_T,Total,A,Annual,_Z,Not applicable,_Z,Not applicable,INST_EDU,All educational institutions,_T,Total,PT_ST,Percentage of students,_T,Total,_T,Total,2022,,19.1499121794393,,,,,,,,,,A,Normal value,,,,,2,Two,,,0,Units
DATAFLOW,OECD.EDU.IMEP:DSD_EAG_UOE_NON_FIN_STUD@DF_UOE_NF_DIST_FIELD(1.0),"Distribution of enrolled students, new entrants and graduates by field of education",I,AUS,Australia,ISCED11_5T8,Tertiary education,GRAD,Graduates,FE,"Formal education, includes formal initial and formal adult education programmes",_T,Total,F05T07,"Science, technology, engineering and mathematics",_T,Total,A,Annual,_Z,Not applicable,_Z,Not applicable,INST_EDU,All educational institutions,_T,Total,PT_ST,Percentage of students,_T,Total,_T,Total,2021,,20.6789044256792,,,,,,,,,,A,Normal value,,,,,2,Two,,,0,Units
DATAFLOW,OECD.EDU.IMEP:DSD_EAG_UOE_NON_FIN_STUD@DF_UOE_NF_DIST_FIELD(1.0),"Distribution of enrolled students, new entrants and graduates by field of education",I,AUS,Australia,ISCED11_5T8,Tertiary education,GRAD,Graduates,FE,"Formal education, includes formal initial and formal adult education programmes",_T,Total,F05T07,"Science, technology, engineering and mathematics",_T,Total,A,Annual,_Z,Not applicable,_Z,Not applicable,INST_EDU,All educational institutions,_T,Total,PT_ST,Percentage of students,_T,Total,_T,Total,2020,,20.5518415144365,,,,,,,,,,A,Normal value,,,,,2,Two,,,0,Units
DATAFLOW,OECD.EDU.IMEP:DSD_EAG_UOE_NON_FIN_STUD@DF_UOE_NF_DIST_FIELD(1.0),"Distribution of enrolled students, new entrants and graduates by field of education",I,AUS,Australia,ISCED11_5T8,Tertiary education,GRAD,Graduates,FE,"Formal education, includes formal initial and formal adult education programmes",_T,Total,F05T07,"Science, technology, engineering and mathematics",_T,Total,A,Annual,_Z,Not applicable,_Z,Not applicable,INST_EDU,All educational institutions,_T,Total,PT_ST,Percentage of students,_T,Total,_T,Total,2019,,18.6343491114035,,,,,,,,,,A,Normal value,,,,,2,Two,,,0,Units
DATAFLOW,OECD.EDU.IMEP:DSD_EAG_UOE_NON_FIN_STUD@DF_UOE_NF_DIST_FIELD(1.0),"Distribution of enrolled students, new entrants and graduates by field of education",I,AUS,Australia,ISCED11_5T8,Tertiary education,GRAD,Graduates,FE,"Formal education, includes formal initial and formal adult education programmes",_T,Total,F05T07,"Science, technology, engineering and mathematics",_T,Total,A,Annual,_Z,Not applicable,_Z,Not applicable,INST_EDU,All educational institutions,_T,Total,PT_ST,Percentage of students,_T,Total,_T,Total,2018,,17.401863807831,,,,,,,,,,A,Normal value,,,,,2,Two,,,0,Units
DATAFLOW,OECD.EDU.IMEP:DSD_EAG_UOE_NON_FIN_STUD@DF_UOE_NF_DIST_FIELD(1.0),"Distribution of enrolled students, new entrants and graduates by field of education",I,AUS,Australia,ISCED11_5T8,Tertiary education,GRAD,Graduates,FE,"Formal education, includes formal initial and formal adult education programmes",_T,Total,F05T07,"Science, technology, engineering and mathematics",_T,Total,A,Annual,_Z,Not applicable,_Z,Not applicable,INST_EDU,All educational institutions,_T,Total,PT_ST,Percentage of students,_T,Total,_T,Total,2017,,18.4327358789378,,,,,,,,,,A,Normal value,,,,,2,Two,,,0,Units
DATAFLOW,OECD.EDU.IMEP:DSD_EAG_UOE_NON_FIN_STUD@DF_UOE_NF_DIST_FIELD(1.0),"Distribution of enrolled students, new entrants and graduates by field of education",I,AUS,Australia,ISCED11_5T8,Tertiary education,GRAD,Graduates,FE,"Formal education, includes formal initial and formal adult education programmes",_T,Total,F05T07,"Science, technology, engineering and mathematics",_T,Total,A,Annual,_Z,Not applicable,_Z,Not applicable,INST_EDU,All educational institutions,_T,Total,PT_ST,Percentage of students,_T,Total,_T,Total,2016,,18.2997787562678,,,,,,,,,,A,Normal value,,,,,2,Two,,,0,Units
DATAFLOW,OECD.EDU.IMEP:DSD_EAG_UOE_NON_FIN_STUD@DF_UOE_NF_DIST_FIELD(1.0),"Distribution of enrolled students, new entrants and graduates by field of education",I,AUS,Australia,ISCED11_5T8,Tertiary education,GRAD,Graduates,FE,"Formal education, includes formal initial and formal adult education programmes",_T,Total,F05T07,"Science, technology, engineering and mathematics",_T,Total,A,Annual,_Z,Not applicable,_Z,Not applicable,INST_EDU,All educational institutions,_T,Total,PT_ST,Percentage of students,_T,Total,_T,Total,2015,,17.6418080721991,,,,,,,,,,A,Normal value,,,,,2,Two,,,0,Units
DATAFLOW,OECD.EDU.IMEP:DSD_EAG_UOE_NON_FIN_STUD@DF_UOE_NF_DIST_FIELD(1.0),"Distribution of enrolled students, new entrants and graduates by field of education",I,AUS,Australia,ISCED11_5T8,Tertiary education,GRAD,Graduates,FE,"Formal education, includes formal initial and formal adult education programmes",_T,Total,F05T07,"Science, technology, engineering and mathematics",_T,Total,A,Annual,_Z,Not applicable,_Z,Not applicable,INST_EDU,All educational institutions,_T,Total,PT_ST,Percentage of students,_T,Total,_T,Total,2014,,17.6039333407672,,,,,,,,,,A,Normal value,,,,,2,Two,,,0,Units
DATAFLOW,OECD.EDU.IMEP:DSD_EAG_UOE_NON_FIN_STUD@DF_UOE_NF_DIST_FIELD(1.0),"Distribution of enrolled students, new entrants and graduates by field of education",I,AUS,Australia,ISCED11_5T8,Tertiary education,GRAD,Graduates,FE,"Formal education, includes formal initial and formal adult education programmes",_T,Total,F05T07,"Science, technology, engineering and mathematics",_T,Total,A,Annual,_Z,Not applicable,_Z,Not applicable,INST_EDU,All educational institutions,_T,Total,PT_ST,Percentage of students,_T,Total,_T,Total,2013,,17.0349776360868,,,,,,,,,,A,Normal value,,,,,2,Two,,,0,Units
DATAFLOW,OECD.EDU.IMEP:DSD_EAG_UOE_NON_FIN_STUD@DF_UOE_NF_DIST_FIELD(1.0),"Distribution of enrolled students, new entrants and graduates by field of education",I,JPN,Japan,ISCED11_5T8,Tertiary education,GRAD,Graduates,FE,"Formal education, includes formal initial and formal adult education programmes",_T,Total,F05T07,"Science, technology, engineering and mathematics",_T,Total,A,Annual,_Z,Not applicable,_Z,Not applicable,INST_EDU,All educational institutions,_T,Total,PT_ST,Percentage of students,_T,Total,_T,Total,2024,,22.0485079786499,,,,,,,,,,A,Normal value,,,,,2,Two,,,0,Units
DATAFLOW,OECD.EDU.IMEP:DSD_EAG_UOE_NON_FIN_STUD@DF_UOE_NF_DIST_FIELD(1.0),"Distribution of enrolled students, new entrants and graduates by field of education",I,JPN,Japan,ISCED11_5T8,Tertiary education,GRAD,Graduates,FE,"Formal education, includes formal initial and formal adult education programmes",_T,Total,F05T07,"Science, technology, engineering and mathematics",_T,Total,A,Annual,_Z,Not applicable,_Z,Not applicable,INST_EDU,All educational institutions,_T,Total,PT_ST,Percentage of students,_T,Total,_T,Total,2023,,21.8075959078452,,,,,,,,,,A,Normal value,,,,,2,Two,,,0,Units
DATAFLOW,OECD.EDU.IMEP:DSD_EAG_UOE_NON_FIN_STUD@DF_UOE_NF_DIST_FIELD(1.0),"Distribution of enrolled students, new entrants and graduates by field of education",I,JPN,Japan,ISCED11_5T8,Tertiary education,GRAD,Graduates,FE,"Formal education, includes formal initial and formal adult education programmes",_T,Total,F05T07,"Science, technology, engineering and mathematics",_T,Total,A,Annual,_Z,Not applicable,_Z,Not applicable,INST_EDU,All educational institutions,_T,Total,PT_ST,Percentage of students,_T,Total,_T,Total,2022,,21.2829477750282,,,,,,,,,,A,Normal value,,,,,2,Two,,,0,Units
DATAFLOW,OECD.EDU.IMEP:DSD_EAG_UOE_NON_FIN_STUD@DF_UOE_NF_DIST_FIELD(1.0),"Distribution of enrolled students, new entrants and graduates by field of education",I,JPN,Japan,ISCED11_5T8,Tertiary education,GRAD,Graduates,FE,"Formal education, includes formal initial and formal adult education programmes",_T,Total,F05T07,"Science, technology, engineering and mathematics",_T,Total,A,Annual,_Z,Not applicable,_Z,Not applicable,INST_EDU,All educational institutions,_T,Total,PT_ST,Percentage of students,_T,Total,_T,Total,2021,,21.1092018363752,,,,,,,,,,A,Normal value,,,,,2,Two,,,0,Units
DATAFLOW,OECD.EDU.IMEP:DSD_EAG_UOE_NON_FIN_STUD@DF_UOE_NF_DIST_FIELD(1.0),"Distribution of enrolled students, new entrants and graduates by field of education",I,JPN,Japan,ISCED11_5T8,Tertiary education,GRAD,Graduates,FE,"Formal education, includes formal initial and formal adult education programmes",_T,Total,F05T07,"Science, technology, engineering and mathematics",_T,Total,A,Annual,_Z,Not applicable,_Z,Not applicable,INST_EDU,All educational institutions,_T,Total,PT_ST,Percentage of students,_T,Total,_T,Total,2020,,21.1145179120518,,,,,,,,,,A,Normal value,,,,,2,Two,,,0,Units
DATAFLOW,OECD.EDU.IMEP:DSD_EAG_UOE_NON_FIN_STUD@DF_UOE_NF_DIST_FIELD(1.0),"Distribution of enrolled students, new entrants and graduates by field of education",I,JPN,Japan,ISCED11_5T8,Tertiary education,GRAD,Graduates,FE,"Formal education, includes formal initial and formal adult education programmes",_T,Total,F05T07,"Science, technology, engineering and mathematics",_T,Total,A,Annual,_Z,Not applicable,_Z,Not applicable,INST_EDU,All educational institutions,_T,Total,PT_ST,Percentage of students,_T,Total,_T,Total,2019,,21.3072501390692,,,,,,,,,,A,Normal value,,,,,2,Two,,,0,Units
DATAFLOW,OECD.EDU.IMEP:DSD_EAG_UOE_NON_FIN_STUD@DF_UOE_NF_DIST_FIELD(1.0),"Distribution of enrolled students, new entrants and graduates by field of education",I,JPN,Japan,ISCED11_5T8,Tertiary education,GRAD,Graduates,FE,"Formal education, includes formal initial and formal adult education programmes",_T,Total,F05T07,"Science, technology, engineering and mathematics",_T,Total,A,Annual,_Z,Not applicable,_Z,Not applicable,INST_EDU,All educational institutions,_T,Total,PT_ST,Percentage of students,_T,Total,_T,Total,2018,,21.7114677512003,,,,,,,,,,A,Normal value,,,,,2,Two,,,0,Units
DATAFLOW,OECD.EDU.IMEP:DSD_EAG_UOE_NON_FIN_STUD@DF_UOE_NF_DIST_FIELD(1.0),"Distribution of enrolled students, new entrants and graduates by field of education",I,JPN,Japan,ISCED11_5T8,Tertiary education,GRAD,Graduates,FE,"Formal education, includes formal initial and formal adult education programmes",_T,Total,F05T07,"Science, technology, engineering and mathematics",_T,Total,A,Annual,_Z,Not applicable,_Z,Not applicable,INST_EDU,All educational institutions,_T,Total,PT_ST,Percentage of students,_T,Total,_T,Total,2017,,21.5536123325921,,,,,,,,,,A,Normal value,,,,,2,Two,,,0,Units
DATAFLOW,OECD.EDU.IMEP:DSD_EAG_UOE_NON_FIN_STUD@DF_UOE_NF_DIST_FIELD(1.0),"Distribution of enrolled students, new entrants and graduates by field of education",I,JPN,Japan,ISCED11_5T8,Tertiary education,GRAD,Graduates,FE,"Formal education, includes formal initial and formal adult education programmes",_T,Total,F05T07,"Science, technology, engineering and mathematics",_T,Total,A,Annual,_Z,Not applicable,_Z,Not applicable,INST_EDU,All educational institutions,_T,Total,PT_ST,Percentage of students,_T,Total,_T,Total,2016,,21.105953559909,,,,,,,,,,A,Normal value,,,,,2,Two,,,0,Units
DATAFLOW,OECD.EDU.IMEP:DSD_EAG_UOE_NON_FIN_STUD@DF_UOE_NF_DIST_FIELD(1.0),"Distribution of enrolled students, new entrants and graduates by field of education",I,JPN,Japan,ISCED11_5T8,Tertiary education,GRAD,Graduates,FE,"Formal education, includes formal initial and formal adult education programmes",_T,Total,F05T07,"Science, technology, engineering and mathematics",_T,Total,A,Annual,_Z,Not applicable,_Z,Not applicable,INST_EDU,All educational institutions,_T,Total,PT_ST,Percentage of students,_T,Total,_T,Total,2015,,21.0112862763391,,,,,,,,,,A,Normal value,,,,,2,Two,,,0,Units
DATAFLOW,OECD.EDU.IMEP:DSD_EAG_UOE_NON_FIN_STUD@DF_UOE_NF_DIST_FIELD(1.0),"Distribution of enrolled students, new entrants and graduates by field of education",I,JPN,Japan,ISCED11_5T8,Tertiary education,GRAD,Graduates,FE,"Formal education, includes formal initial and formal adult education programmes",_T,Total,F05T07,"Science, technology, engineering and mathematics",_T,Total,A,Annual,_Z,Not applicable,_Z,Not applicable,INST_EDU,All educational institutions,_T,Total,PT_ST,Percentage of students,_T,Total,_T,Total,2014,,21.626850568154,,,,,,,,,,A,Normal value,,,,,2,Two,,,0,Units
DATAFLOW,OECD.EDU.IMEP:DSD_EAG_UOE_NON_FIN_STUD@DF_UOE_NF_DIST_FIELD(1.0),"Distribution of enrolled students, new entrants and graduates by field of education",I,JPN,Japan,ISCED11_5T8,Tertiary education,GRAD,Graduates,FE,"Formal education, includes formal initial and formal adult education programmes",_T,Total,F05T07,"Science, technology, engineering and mathematics",_T,Total,A,Annual,_Z,Not applicable,_Z,Not applicable,INST_EDU,All educational institutions,_T,Total,PT_ST,Percentage of students,_T,Total,_T,Total,2013,,,,,,,,,,,,O,Missing value,,,,,2,Two,,,0,Units
DATAFLOW,OECD.EDU.IMEP:DSD_EAG_UOE_NON_FIN_STUD@DF_UOE_NF_DIST_FIELD(1.0),"Distribution of enrolled students, new entrants and graduates by field of education",I,DEU,Germany,ISCED11_5T8,Tertiary education,GRAD,Graduates,FE,"Formal education, includes formal initial and formal adult education programmes",_T,Total,F05T07,"Science, technology, engineering and mathematics",_T,Total,A,Annual,_Z,Not applicable,_Z,Not applicable,INST_EDU,All educational institutions,_T,Total,PT_ST,Percentage of students,_T,Total,_T,Total,2024,,35.7719433875588,,,,,,,,,,A,Normal value,,,,,2,Two,,,0,Units
DATAFLOW,OECD.EDU.IMEP:DSD_EAG_UOE_NON_FIN_STUD@DF_UOE_NF_DIST_FIELD(1.0),"Distribution of enrolled students, new entrants and graduates by field of education",I,DEU,Germany,ISCED11_5T8,Tertiary education,GRAD,Graduates,FE,"Formal education, includes formal initial and formal adult education programmes",_T,Total,F05T07,"Science, technology, engineering and mathematics",_T,Total,A,Annual,_Z,Not applicable,_Z,Not applicable,INST_EDU,All educational institutions,_T,Total,PT_ST,Percentage of students,_T,Total,_T,Total,2023,,35.4989938947939,,,,,,,,,,A,Normal value,,,,,2,Two,,,0,Units
DATAFLOW,OECD.EDU.IMEP:DSD_EAG_UOE_NON_FIN_STUD@DF_UOE_NF_DIST_FIELD(1.0),"Distribution of enrolled students, new entrants and graduates by field of education",I,DEU,Germany,ISCED11_5T8,Tertiary education,GRAD,Graduates,FE,"Formal education, includes formal initial and formal adult education programmes",_T,Total,F05T07,"Science, technology, engineering and mathematics",_T,Total,A,Annual,_Z,Not applicable,_Z,Not applicable,INST_EDU,All educational institutions,_T,Total,PT_ST,Percentage of students,_T,Total,_T,Total,2022,,35.9354462947228,,,,,,,,,,A,Normal value,,,,,2,Two,,,0,Units
DATAFLOW,OECD.EDU.IMEP:DSD_EAG_UOE_NON_FIN_STUD@DF_UOE_NF_DIST_FIELD(1.0),"Distribution of enrolled students, new entrants and graduates by field of education",I,DEU,Germany,ISCED11_5T8,Tertiary education,GRAD,Graduates,FE,"Formal education, includes formal initial and formal adult education programmes",_T,Total,F05T07,"Science, technology, engineering and mathematics",_T,Total,A,Annual,_Z,Not applicable,_Z,Not applicable,INST_EDU,All educational institutions,_T,Total,PT_ST,Percentage of students,_T,Total,_T,Total,2021,,35.2648401372475,,,,,,,,,,A,Normal value,,,,,2,Two,,,0,Units
DATAFLOW,OECD.EDU.IMEP:DSD_EAG_UOE_NON_FIN_STUD@DF_UOE_NF_DIST_FIELD(1.0),"Distribution of enrolled students, new entrants and graduates by field of education",I,DEU,Germany,ISCED11_5T8,Tertiary education,GRAD,Graduates,FE,"Formal education, includes formal initial and formal adult education programmes",_T,Total,F05T07,"Science, technology, engineering and mathematics",_T,Total,A,Annual,_Z,Not applicable,_Z,Not applicable,INST_EDU,All educational institutions,_T,Total,PT_ST,Percentage of students,_T,Total,_T,Total,2020,,35.9457422893978,,,,,,,,,,A,Normal value,,,,,2,Two,,,0,Units
DATAFLOW,OECD.EDU.IMEP:DSD_EAG_UOE_NON_FIN_STUD@DF_UOE_NF_DIST_FIELD(1.0),"Distribution of enrolled students, new entrants and graduates by field of education",I,DEU,Germany,ISCED11_5T8,Tertiary education,GRAD,Graduates,FE,"Formal education, includes formal initial and formal adult education programmes",_T,Total,F05T07,"Science, technology, engineering and mathematics",_T,Total,A,Annual,_Z,Not applicable,_Z,Not applicable,INST_EDU,All educational institutions,_T,Total,PT_ST,Percentage of students,_T,Total,_T,Total,2019,,36.8261553164596,,,,,,,,,,A,Normal value,,,,,2,Two,,,0,Units
DATAFLOW,OECD.EDU.IMEP:DSD_EAG_UOE_NON_FIN_STUD@DF_UOE_NF_DIST_FIELD(1.0),"Distribution of enrolled students, new entrants and graduates by field of education",I,DEU,Germany,ISCED11_5T8,Tertiary education,GRAD,Graduates,FE,"Formal education, includes formal initial and formal adult education programmes",_T,Total,F05T07,"Science, technology, engineering and mathematics",_T,Total,A,Annual,_Z,Not applicable,_Z,Not applicable,INST_EDU,All educational institutions,_T,Total,PT_ST,Percentage of students,_T,Total,_T,Total,2018,,35.3668011196135,,,,,,,,,,A,Normal value,,,,,2,Two,,,0,Units
DATAFLOW,OECD.EDU.IMEP:DSD_EAG_UOE_NON_FIN_STUD@DF_UOE_NF_DIST_FIELD(1.0),"Distribution of enrolled students, new entrants and graduates by field of education",I,DEU,Germany,ISCED11_5T8,Tertiary education,GRAD,Graduates,FE,"Formal education, includes formal initial and formal adult education programmes",_T,Total,F05T07,"Science, technology, engineering and mathematics",_T,Total,A,Annual,_Z,Not applicable,_Z,Not applicable,INST_EDU,All educational institutions,_T,Total,PT_ST,Percentage of students,_T,Total,_T,Total,2017,,35.6412659048317,,,,,,,,,,A,Normal value,,,,,2,Two,,,0,Units
DATAFLOW,OECD.EDU.IMEP:DSD_EAG_UOE_NON_FIN_STUD@DF_UOE_NF_DIST_FIELD(1.0),"Distribution of enrolled students, new entrants and graduates by field of education",I,DEU,Germany,ISCED11_5T8,Tertiary education,GRAD,Graduates,FE,"Formal education, includes formal initial and formal adult education programmes",_T,Total,F05T07,"Science, technology, engineering and mathematics",_T,Total,A,Annual,_Z,Not applicable,_Z,Not applicable,INST_EDU,All educational institutions,_T,Total,PT_ST,Percentage of students,_T,Total,_T,Total,2016,,36.1136245694766,,,,,,,,,,A,Normal value,,,,,2,Two,,,0,Units
DATAFLOW,OECD.EDU.IMEP:DSD_EAG_UOE_NON_FIN_STUD@DF_UOE_NF_DIST_FIELD(1.0),"Distribution of enrolled students, new entrants and graduates by field of education",I,DEU,Germany,ISCED11_5T8,Tertiary education,GRAD,Graduates,FE,"Formal education, includes formal initial and formal adult education programmes",_T,Total,F05T07,"Science, technology, engineering and mathematics",_T,Total,A,Annual,_Z,Not applicable,_Z,Not applicable,INST_EDU,All educational institutions,_T,Total,PT_ST,Percentage of students,_T,Total,_T,Total,2015,,36.793011276523,,,,,,,,,,A,Normal value,,,,,2,Two,,,0,Units
DATAFLOW,OECD.EDU.IMEP:DSD_EAG_UOE_NON_FIN_STUD@DF_UOE_NF_DIST_FIELD(1.0),"Distribution of enrolled students, new entrants and graduates by field of education",I,DEU,Germany,ISCED11_5T8,Tertiary education,GRAD,Graduates,FE,"Formal education, includes formal initial and formal adult education programmes",_T,Total,F05T07,"Science, technology, engineering and mathematics",_T,Total,A,Annual,_Z,Not applicable,_Z,Not applicable,INST_EDU,All educational institutions,_T,Total,PT_ST,Percentage of students,_T,Total,_T,Total,2014,,36.0026080144531,,,,,,,,,,A,Normal value,,,,,2,Two,,,0,Units
DATAFLOW,OECD.EDU.IMEP:DSD_EAG_UOE_NON_FIN_STUD@DF_UOE_NF_DIST_FIELD(1.0),"Distribution of enrolled students, new entrants and graduates by field of education",I,DEU,Germany,ISCED11_5T8,Tertiary education,GRAD,Graduates,FE,"Formal education, includes formal initial and formal adult education programmes",_T,Total,F05T07,"Science, technology, engineering and mathematics",_T,Total,A,Annual,_Z,Not applicable,_Z,Not applicable,INST_EDU,All educational institutions,_T,Total,PT_ST,Percentage of students,_T,Total,_T,Total,2013,,35.7768744080471,,,,,,,,,,A,Normal value,,,,,2,Two,,,0,Units
DATAFLOW,OECD.EDU.IMEP:DSD_EAG_UOE_NON_FIN_STUD@DF_UOE_NF_DIST_FIELD(1.0),"Distribution of enrolled students, new entrants and graduates by field of education",I,MEX,Mexico,ISCED11_5T8,Tertiary education,GRAD,Graduates,FE,"Formal education, includes formal initial and formal adult education programmes",_T,Total,F05T07,"Science, technology, engineering and mathematics",_T,Total,A,Annual,_Z,Not applicable,_Z,Not applicable,INST_EDU,All educational institutions,_T,Total,PT_ST,Percentage of students,_T,Total,_T,Total,2023,,23.772961316145,,,,,,,,,,A,Normal value,,,,,2,Two,,,0,Units
DATAFLOW,OECD.EDU.IMEP:DSD_EAG_UOE_NON_FIN_STUD@DF_UOE_NF_DIST_FIELD(1.0),"Distribution of enrolled students, new entrants and graduates by field of education",I,MEX,Mexico,ISCED11_5T8,Tertiary education,GRAD,Graduates,FE,"Formal education, includes formal initial and formal adult education programmes",_T,Total,F05T07,"Science, technology, engineering and mathematics",_T,Total,A,Annual,_Z,Not applicable,_Z,Not applicable,INST_EDU,All educational institutions,_T,Total,PT_ST,Percentage of students,_T,Total,_T,Total,2022,,23.7487053745112,,,,,,,,,,A,Normal value,,,,,2,Two,,,0,Units
DATAFLOW,OECD.EDU.IMEP:DSD_EAG_UOE_NON_FIN_STUD@DF_UOE_NF_DIST_FIELD(1.0),"Distribution of enrolled students, new entrants and graduates by field of education",I,MEX,Mexico,ISCED11_5T8,Tertiary education,GRAD,Graduates,FE,"Formal education, includes formal initial and formal adult education programmes",_T,Total,F05T07,"Science, technology, engineering and mathematics",_T,Total,A,Annual,_Z,Not applicable,_Z,Not applicable,INST_EDU,All educational institutions,_T,Total,PT_ST,Percentage of students,_T,Total,_T,Total,2021,,24.3401365420109,,,,,,,,,,A,Normal value,,,,,2,Two,,,0,Units
DATAFLOW,OECD.EDU.IMEP:DSD_EAG_UOE_NON_FIN_STUD@DF_UOE_NF_DIST_FIELD(1.0),"Distribution of enrolled students, new entrants and graduates by field of education",I,MEX,Mexico,ISCED11_5T8,Tertiary education,GRAD,Graduates,FE,"Formal education, includes formal initial and formal adult education programmes",_T,Total,F05T07,"Science, technology, engineering and mathematics",_T,Total,A,Annual,_Z,Not applicable,_Z,Not applicable,INST_EDU,All educational institutions,_T,Total,PT_ST,Percentage of students,_T,Total,_T,Total,2020,,25.8229513714006,,,,,,,,,,A,Normal value,,,,,2,Two,,,0,Units
DATAFLOW,OECD.EDU.IMEP:DSD_EAG_UOE_NON_FIN_STUD@DF_UOE_NF_DIST_FIELD(1.0),"Distribution of enrolled students, new entrants and graduates by field of education",I,MEX,Mexico,ISCED11_5T8,Tertiary education,GRAD,Graduates,FE,"Formal education, includes formal initial and formal adult education programmes",_T,Total,F05T07,"Science, technology, engineering and mathematics",_T,Total,A,Annual,_Z,Not applicable,_Z,Not applicable,INST_EDU,All educational institutions,_T,Total,PT_ST,Percentage of students,_T,Total,_T,Total,2019,,25.8349792033787,,,,,,,,,,A,Normal value,,,,,2,Two,,,0,Units
DATAFLOW,OECD.EDU.IMEP:DSD_EAG_UOE_NON_FIN_STUD@DF_UOE_NF_DIST_FIELD(1.0),"Distribution of enrolled students, new entrants and graduates by field of education",I,MEX,Mexico,ISCED11_5T8,Tertiary education,GRAD,Graduates,FE,"Formal education, includes formal initial and formal adult education programmes",_T,Total,F05T07,"Science, technology, engineering and mathematics",_T,Total,A,Annual,_Z,Not applicable,_Z,Not applicable,INST_EDU,All educational institutions,_T,Total,PT_ST,Percentage of students,_T,Total,_T,Total,2018,,25.9743473835998,,,,,,,,,,A,Normal value,,,,,2,Two,,,0,Units
DATAFLOW,OECD.EDU.IMEP:DSD_EAG_UOE_NON_FIN_STUD@DF_UOE_NF_DIST_FIELD(1.0),"Distribution of enrolled students, new entrants and graduates by field of education",I,MEX,Mexico,ISCED11_5T8,Tertiary education,GRAD,Graduates,FE,"Formal education, includes formal initial and formal adult education programmes",_T,Total,F05T07,"Science, technology, engineering and mathematics",_T,Total,A,Annual,_Z,Not applicable,_Z,Not applicable,INST_EDU,All educational institutions,_T,Total,PT_ST,Percentage of students,_T,Total,_T,Total,2017,,25.2473156695993,,,,,,,,,,A,Normal value,,,,,2,Two,,,0,Units
DATAFLOW,OECD.EDU.IMEP:DSD_EAG_UOE_NON_FIN_STUD@DF_UOE_NF_DIST_FIELD(1.0),"Distribution of enrolled students, new entrants and graduates by field of education",I,MEX,Mexico,ISCED11_5T8,Tertiary education,GRAD,Graduates,FE,"Formal education, includes formal initial and formal adult education programmes",_T,Total,F05T07,"Science, technology, engineering and mathematics",_T,Total,A,Annual,_Z,Not applicable,_Z,Not applicable,INST_EDU,All educational institutions,_T,Total,PT_ST,Percentage of students,_T,Total,_T,Total,2016,,25.4828582964989,,,,,,,,,,A,Normal value,,,,,2,Two,,,0,Units
DATAFLOW,OECD.EDU.IMEP:DSD_EAG_UOE_NON_FIN_STUD@DF_UOE_NF_DIST_FIELD(1.0),"Distribution of enrolled students, new entrants and graduates by field of education",I,MEX,Mexico,ISCED11_5T8,Tertiary education,GRAD,Graduates,FE,"Formal education, includes formal initial and formal adult education programmes",_T,Total,F05T07,"Science, technology, engineering and mathematics",_T,Total,A,Annual,_Z,Not applicable,_Z,Not applicable,INST_EDU,All educational institutions,_T,Total,PT_ST,Percentage of students,_T,Total,_T,Total,2015,,27.8973055050674,,,,,,,,,,A,Normal value,,,,,2,Two,,,0,Units
DATAFLOW,OECD.EDU.IMEP:DSD_EAG_UOE_NON_FIN_STUD@DF_UOE_NF_DIST_FIELD(1.0),"Distribution of enrolled students, new entrants and graduates by field of education",I,MEX,Mexico,ISCED11_5T8,Tertiary education,GRAD,Graduates,FE,"Formal education, includes formal initial and formal adult education programmes",_T,Total,F05T07,"Science, technology, engineering and mathematics",_T,Total,A,Annual,_Z,Not applicable,_Z,Not applicable,INST_EDU,All educational institutions,_T,Total,PT_ST,Percentage of students,_T,Total,_T,Total,2014,,28.0965258573244,,,,,,,,,,A,Normal value,,,,,2,Two,,,0,Units
DATAFLOW,OECD.EDU.IMEP:DSD_EAG_UOE_NON_FIN_STUD@DF_UOE_NF_DIST_FIELD(1.0),"Distribution of enrolled students, new entrants and graduates by field of education",I,MEX,Mexico,ISCED11_5T8,Tertiary education,GRAD,Graduates,FE,"Formal education, includes formal initial and formal adult education programmes",_T,Total,F05T07,"Science, technology, engineering and mathematics",_T,Total,A,Annual,_Z,Not applicable,_Z,Not applicable,INST_EDU,All educational institutions,_T,Total,PT_ST,Percentage of students,_T,Total,_T,Total,2013,,27.4895240932555,,,,,,,,,,A,Normal value,,,,,2,Two,,,0,Units
DATAFLOW,OECD.EDU.IMEP:DSD_EAG_UOE_NON_FIN_STUD@DF_UOE_NF_DIST_FIELD(1.0),"Distribution of enrolled students, new entrants and graduates by field of education",I,IRL,Ireland,ISCED11_5T8,Tertiary education,GRAD,Graduates,FE,"Formal education, includes formal initial and formal adult education programmes",_T,Total,F05T07,"Science, technology, engineering and mathematics",_T,Total,A,Annual,_Z,Not applicable,_Z,Not applicable,INST_EDU,All educational institutions,_T,Total,PT_ST,Percentage of students,_T,Total,_T,Total,2024,,25.8473884101768,,,,,,,,,,A,Normal value,,,,,2,Two,,,0,Units
DATAFLOW,OECD.EDU.IMEP:DSD_EAG_UOE_NON_FIN_STUD@DF_UOE_NF_DIST_FIELD(1.0),"Distribution of enrolled students, new entrants and graduates by field of education",I,IRL,Ireland,ISCED11_5T8,Tertiary education,GRAD,Graduates,FE,"Formal education, includes formal initial and formal adult education programmes",_T,Total,F05T07,"Science, technology, engineering and mathematics",_T,Total,A,Annual,_Z,Not applicable,_Z,Not applicable,INST_EDU,All educational institutions,_T,Total,PT_ST,Percentage of students,_T,Total,_T,Total,2023,,26.2160495140056,,,,,,,,,,A,Normal value,,,,,2,Two,,,0,Units
DATAFLOW,OECD.EDU.IMEP:DSD_EAG_UOE_NON_FIN_STUD@DF_UOE_NF_DIST_FIELD(1.0),"Distribution of enrolled students, new entrants and graduates by field of education",I,IRL,Ireland,ISCED11_5T8,Tertiary education,GRAD,Graduates,FE,"Formal education, includes formal initial and formal adult education programmes",_T,Total,F05T07,"Science, technology, engineering and mathematics",_T,Total,A,Annual,_Z,Not applicable,_Z,Not applicable,INST_EDU,All educational institutions,_T,Total,PT_ST,Percentage of students,_T,Total,_T,Total,2022,,26.2359406406364,,,,,,,,,,A,Normal value,,,,,2,Two,,,0,Units
DATAFLOW,OECD.EDU.IMEP:DSD_EAG_UOE_NON_FIN_STUD@DF_UOE_NF_DIST_FIELD(1.0),"Distribution of enrolled students, new entrants and graduates by field of education",I,IRL,Ireland,ISCED11_5T8,Tertiary education,GRAD,Graduates,FE,"Formal education, includes formal initial and formal adult education programmes",_T,Total,F05T07,"Science, technology, engineering and mathematics",_T,Total,A,Annual,_Z,Not applicable,_Z,Not applicable,INST_EDU,All educational institutions,_T,Total,PT_ST,Percentage of students,_T,Total,_T,Total,2021,,24.9084098299922,,,,,,,,,,A,Normal value,,,,,2,Two,,,0,Units
DATAFLOW,OECD.EDU.IMEP:DSD_EAG_UOE_NON_FIN_STUD@DF_UOE_NF_DIST_FIELD(1.0),"Distribution of enrolled students, new entrants and graduates by field of education",I,IRL,Ireland,ISCED11_5T8,Tertiary education,GRAD,Graduates,FE,"Formal education, includes formal initial and formal adult education programmes",_T,Total,F05T07,"Science, technology, engineering and mathematics",_T,Total,A,Annual,_Z,Not applicable,_Z,Not applicable,INST_EDU,All educational institutions,_T,Total,PT_ST,Percentage of students,_T,Total,_T,Total,2020,,26.4105495676498,,,,,,,,,,A,Normal value,,,,,2,Two,,,0,Units
DATAFLOW,OECD.EDU.IMEP:DSD_EAG_UOE_NON_FIN_STUD@DF_UOE_NF_DIST_FIELD(1.0),"Distribution of enrolled students, new entrants and graduates by field of education",I,IRL,Ireland,ISCED11_5T8,Tertiary education,GRAD,Graduates,FE,"Formal education, includes formal initial and formal adult education programmes",_T,Total,F05T07,"Science, technology, engineering and mathematics",_T,Total,A,Annual,_Z,Not applicable,_Z,Not applicable,INST_EDU,All educational institutions,_T,Total,PT_ST,Percentage of students,_T,Total,_T,Total,2019,,25.3143826402293,,,,,,,,,,A,Normal value,,,,,2,Two,,,0,Units
DATAFLOW,OECD.EDU.IMEP:DSD_EAG_UOE_NON_FIN_STUD@DF_UOE_NF_DIST_FIELD(1.0),"Distribution of enrolled students, new entrants and graduates by field of education",I,IRL,Ireland,ISCED11_5T8,Tertiary education,GRAD,Graduates,FE,"Formal education, includes formal initial and formal adult education programmes",_T,Total,F05T07,"Science, technology, engineering and mathematics",_T,Total,A,Annual,_Z,Not applicable,_Z,Not applicable,INST_EDU,All educational institutions,_T,Total,PT_ST,Percentage of students,_T,Total,_T,Total,2018,,24.0983782111538,,,,,,,,,,A,Normal value,,,,,2,Two,,,0,Units
DATAFLOW,OECD.EDU.IMEP:DSD_EAG_UOE_NON_FIN_STUD@DF_UOE_NF_DIST_FIELD(1.0),"Distribution of enrolled students, new entrants and graduates by field of education",I,IRL,Ireland,ISCED11_5T8,Tertiary education,GRAD,Graduates,FE,"Formal education, includes formal initial and formal adult education programmes",_T,Total,F05T07,"Science, technology, engineering and mathematics",_T,Total,A,Annual,_Z,Not applicable,_Z,Not applicable,INST_EDU,All educational institutions,_T,Total,PT_ST,Percentage of students,_T,Total,_T,Total,2017,,23.8893094025428,,,,,,,,,,A,Normal value,,,,,2,Two,,,0,Units
DATAFLOW,OECD.EDU.IMEP:DSD_EAG_UOE_NON_FIN_STUD@DF_UOE_NF_DIST_FIELD(1.0),"Distribution of enrolled students, new entrants and graduates by field of education",I,IRL,Ireland,ISCED11_5T8,Tertiary education,GRAD,Graduates,FE,"Formal education, includes formal initial and formal adult education programmes",_T,Total,F05T07,"Science, technology, engineering and mathematics",_T,Total,A,Annual,_Z,Not applicable,_Z,Not applicable,INST_EDU,All educational institutions,_T,Total,PT_ST,Percentage of students,_T,Total,_T,Total,2016,,25.2317860530584,,,,,,,,,,A,Normal value,,,,,2,Two,,,0,Units
DATAFLOW,OECD.EDU.IMEP:DSD_EAG_UOE_NON_FIN_STUD@DF_UOE_NF_DIST_FIELD(1.0),"Distribution of enrolled students, new entrants and graduates by field of education",I,IRL,Ireland,ISCED11_5T8,Tertiary education,GRAD,Graduates,FE,"Formal education, includes formal initial and formal adult education programmes",_T,Total,F05T07,"Science, technology, engineering and mathematics",_T,Total,A,Annual,_Z,Not applicable,_Z,Not applicable,INST_EDU,All educational institutions,_T,Total,PT_ST,Percentage of students,_T,Total,_T,Total,2015,,24.866647846307,,,,,,,,,,A,Normal value,,,,,2,Two,,,0,Units
DATAFLOW,OECD.EDU.IMEP:DSD_EAG_UOE_NON_FIN_STUD@DF_UOE_NF_DIST_FIELD(1.0),"Distribution of enrolled students, new entrants and graduates by field of education",I,IRL,Ireland,ISCED11_5T8,Tertiary education,GRAD,Graduates,FE,"Formal education, includes formal initial and formal adult education programmes",_T,Total,F05T07,"Science, technology, engineering and mathematics",_T,Total,A,Annual,_Z,Not applicable,_Z,Not applicable,INST_EDU,All educational institutions,_T,Total,PT_ST,Percentage of students,_T,Total,_T,Total,2014,,23.8999607889936,,,,,,,,,,A,Normal value,,,,,2,Two,,,0,Units
DATAFLOW,OECD.EDU.IMEP:DSD_EAG_UOE_NON_FIN_STUD@DF_UOE_NF_DIST_FIELD(1.0),"Distribution of enrolled students, new entrants and graduates by field of education",I,IRL,Ireland,ISCED11_5T8,Tertiary education,GRAD,Graduates,FE,"Formal education, includes formal initial and formal adult education programmes",_T,Total,F05T07,"Science, technology, engineering and mathematics",_T,Total,A,Annual,_Z,Not applicable,_Z,Not applicable,INST_EDU,All educational institutions,_T,Total,PT_ST,Percentage of students,_T,Total,_T,Total,2013,,,,,,,,,,,,O,Missing value,,,,,2,Two,,,0,Units
DATAFLOW,OECD.EDU.IMEP:DSD_EAG_UOE_NON_FIN_STUD@DF_UOE_NF_DIST_FIELD(1.0),"Distribution of enrolled students, new entrants and graduates by field of education",I,LUX,Luxembourg,ISCED11_5T8,Tertiary education,GRAD,Graduates,FE,"Formal education, includes formal initial and formal adult education programmes",_T,Total,F05T07,"Science, technology, engineering and mathematics",_T,Total,A,Annual,_Z,Not applicable,_Z,Not applicable,INST_EDU,All educational institutions,_T,Total,PT_ST,Percentage of students,_T,Total,_T,Total,2024,,22.6137377341659,,,,,,,,,,A,Normal value,,,,,2,Two,,,0,Units
DATAFLOW,OECD.EDU.IMEP:DSD_EAG_UOE_NON_FIN_STUD@DF_UOE_NF_DIST_FIELD(1.0),"Distribution of enrolled students, new entrants and graduates by field of education",I,LUX,Luxembourg,ISCED11_5T8,Tertiary education,GRAD,Graduates,FE,"Formal education, includes formal initial and formal adult education programmes",_T,Total,F05T07,"Science, technology, engineering and mathematics",_T,Total,A,Annual,_Z,Not applicable,_Z,Not applicable,INST_EDU,All educational institutions,_T,Total,PT_ST,Percentage of students,_T,Total,_T,Total,2023,,24.2492155983864,,,,,,,,,,A,Normal value,,,,,2,Two,,,0,Units
DATAFLOW,OECD.EDU.IMEP:DSD_EAG_UOE_NON_FIN_STUD@DF_UOE_NF_DIST_FIELD(1.0),"Distribution of enrolled students, new entrants and graduates by field of education",I,LUX,Luxembourg,ISCED11_5T8,Tertiary education,GRAD,Graduates,FE,"Formal education, includes formal initial and formal adult education programmes",_T,Total,F05T07,"Science, technology, engineering and mathematics",_T,Total,A,Annual,_Z,Not applicable,_Z,Not applicable,INST_EDU,All educational institutions,_T,Total,PT_ST,Percentage of students,_T,Total,_T,Total,2022,,22.8809634089856,,,,,,,,,,A,Normal value,,,,,2,Two,,,0,Units
DATAFLOW,OECD.EDU.IMEP:DSD_EAG_UOE_NON_FIN_STUD@DF_UOE_NF_DIST_FIELD(1.0),"Distribution of enrolled students, new entrants and graduates by field of education",I,LUX,Luxembourg,ISCED11_5T8,Tertiary education,GRAD,Graduates,FE,"Formal education, includes formal initial and formal adult education programmes",_T,Total,F05T07,"Science, technology, engineering and mathematics",_T,Total,A,Annual,_Z,Not applicable,_Z,Not applicable,INST_EDU,All educational institutions,_T,Total,PT_ST,Percentage of students,_T,Total,_T,Total,2021,,19.7833254828073,,,,,,,,,,A,Normal value,,,,,2,Two,,,0,Units
DATAFLOW,OECD.EDU.IMEP:DSD_EAG_UOE_NON_FIN_STUD@DF_UOE_NF_DIST_FIELD(1.0),"Distribution of enrolled students, new entrants and graduates by field of education",I,LUX,Luxembourg,ISCED11_5T8,Tertiary education,GRAD,Graduates,FE,"Formal education, includes formal initial and formal adult education programmes",_T,Total,F05T07,"Science, technology, engineering and mathematics",_T,Total,A,Annual,_Z,Not applicable,_Z,Not applicable,INST_EDU,All educational institutions,_T,Total,PT_ST,Percentage of students,_T,Total,_T,Total,2020,,19.2430703624733,,,,,,,,,,A,Normal value,,,,,2,Two,,,0,Units
DATAFLOW,OECD.EDU.IMEP:DSD_EAG_UOE_NON_FIN_STUD@DF_UOE_NF_DIST_FIELD(1.0),"Distribution of enrolled students, new entrants and graduates by field of education",I,LUX,Luxembourg,ISCED11_5T8,Tertiary education,GRAD,Graduates,FE,"Formal education, includes formal initial and formal adult education programmes",_T,Total,F05T07,"Science, technology, engineering and mathematics",_T,Total,A,Annual,_Z,Not applicable,_Z,Not applicable,INST_EDU,All educational institutions,_T,Total,PT_ST,Percentage of students,_T,Total,_T,Total,2019,,18.9565217391304,,,,,,,,,,A,Normal value,,,,,2,Two,,,0,Units
DATAFLOW,OECD.EDU.IMEP:DSD_EAG_UOE_NON_FIN_STUD@DF_UOE_NF_DIST_FIELD(1.0),"Distribution of enrolled students, new entrants and graduates by field of education",I,LUX,Luxembourg,ISCED11_5T8,Tertiary education,GRAD,Graduates,FE,"Formal education, includes formal initial and formal adult education programmes",_T,Total,F05T07,"Science, technology, engineering and mathematics",_T,Total,A,Annual,_Z,Not applicable,_Z,Not applicable,INST_EDU,All educational institutions,_T,Total,PT_ST,Percentage of students,_T,Total,_T,Total,2018,,18.8248716486024,,,,,,,,,,A,Normal value,,,,,2,Two,,,0,Units
DATAFLOW,OECD.EDU.IMEP:DSD_EAG_UOE_NON_FIN_STUD@DF_UOE_NF_DIST_FIELD(1.0),"Distribution of enrolled students, new entrants and graduates by field of education",I,LUX,Luxembourg,ISCED11_5T8,Tertiary education,GRAD,Graduates,FE,"Formal education, includes formal initial and formal adult education programmes",_T,Total,F05T07,"Science, technology, engineering and mathematics",_T,Total,A,Annual,_Z,Not applicable,_Z,Not applicable,INST_EDU,All educational institutions,_T,Total,PT_ST,Percentage of students,_T,Total,_T,Total,2017,,17.2196796338673,,,,,,,,,,A,Normal value,,,,,2,Two,,,0,Units
DATAFLOW,OECD.EDU.IMEP:DSD_EAG_UOE_NON_FIN_STUD@DF_UOE_NF_DIST_FIELD(1.0),"Distribution of enrolled students, new entrants and graduates by field of education",I,LUX,Luxembourg,ISCED11_5T8,Tertiary education,GRAD,Graduates,FE,"Formal education, includes formal initial and formal adult education programmes",_T,Total,F05T07,"Science, technology, engineering and mathematics",_T,Total,A,Annual,_Z,Not applicable,_Z,Not applicable,INST_EDU,All educational institutions,_T,Total,PT_ST,Percentage of students,_T,Total,_T,Total,2016,,17.8953626634958,,,,,,,,,,A,Normal value,,,,,2,Two,,,0,Units
DATAFLOW,OECD.EDU.IMEP:DSD_EAG_UOE_NON_FIN_STUD@DF_UOE_NF_DIST_FIELD(1.0),"Distribution of enrolled students, new entrants and graduates by field of education",I,LUX,Luxembourg,ISCED11_5T8,Tertiary education,GRAD,Graduates,FE,"Formal education, includes formal initial and formal adult education programmes",_T,Total,F05T07,"Science, technology, engineering and mathematics",_T,Total,A,Annual,_Z,Not applicable,_Z,Not applicable,INST_EDU,All educational institutions,_T,Total,PT_ST,Percentage of students,_T,Total,_T,Total,2015,,15.9076731129133,,,,,,,,,,A,Normal value,,,,,2,Two,,,0,Units
DATAFLOW,OECD.EDU.IMEP:DSD_EAG_UOE_NON_FIN_STUD@DF_UOE_NF_DIST_FIELD(1.0),"Distribution of enrolled students, new entrants and graduates by field of education",I,LUX,Luxembourg,ISCED11_5T8,Tertiary education,GRAD,Graduates,FE,"Formal education, includes formal initial and formal adult education programmes",_T,Total,F05T07,"Science, technology, engineering and mathematics",_T,Total,A,Annual,_Z,Not applicable,_Z,Not applicable,INST_EDU,All educational institutions,_T,Total,PT_ST,Percentage of students,_T,Total,_T,Total,2014,,13.9219934994583,,,,,,,,,,A,Normal value,,,,,2,Two,,,0,Units
DATAFLOW,OECD.EDU.IMEP:DSD_EAG_UOE_NON_FIN_STUD@DF_UOE_NF_DIST_FIELD(1.0),"Distribution of enrolled students, new entrants and graduates by field of education",I,LUX,Luxembourg,ISCED11_5T8,Tertiary education,GRAD,Graduates,FE,"Formal education, includes formal initial and formal adult education programmes",_T,Total,F05T07,"Science, technology, engineering and mathematics",_T,Total,A,Annual,_Z,Not applicable,_Z,Not applicable,INST_EDU,All educational institutions,_T,Total,PT_ST,Percentage of students,_T,Total,_T,Total,2013,,16.2523900573614,,,,,,,,,,A,Normal value,,,,,2,Two,,,0,Units
DATAFLOW,OECD.EDU.IMEP:DSD_EAG_UOE_NON_FIN_STUD@DF_UOE_NF_DIST_FIELD(1.0),"Distribution of enrolled students, new entrants and graduates by field of education",I,NOR,Norway,ISCED11_5T8,Tertiary education,GRAD,Graduates,FE,"Formal education, includes formal initial and formal adult education programmes",_T,Total,F05T07,"Science, technology, engineering and mathematics",_T,Total,A,Annual,_Z,Not applicable,_Z,Not applicable,INST_EDU,All educational institutions,_T,Total,PT_ST,Percentage of students,_T,Total,_T,Total,2024,,23.8718858933768,,,,,,,,,,A,Normal value,,,,,2,Two,,,0,Units
DATAFLOW,OECD.EDU.IMEP:DSD_EAG_UOE_NON_FIN_STUD@DF_UOE_NF_DIST_FIELD(1.0),"Distribution of enrolled students, new entrants and graduates by field of education",I,NOR,Norway,ISCED11_5T8,Tertiary education,GRAD,Graduates,FE,"Formal education, includes formal initial and formal adult education programmes",_T,Total,F05T07,"Science, technology, engineering and mathematics",_T,Total,A,Annual,_Z,Not applicable,_Z,Not applicable,INST_EDU,All educational institutions,_T,Total,PT_ST,Percentage of students,_T,Total,_T,Total,2023,,22.600679281902,,,,,,,,,,A,Normal value,,,,,2,Two,,,0,Units
DATAFLOW,OECD.EDU.IMEP:DSD_EAG_UOE_NON_FIN_STUD@DF_UOE_NF_DIST_FIELD(1.0),"Distribution of enrolled students, new entrants and graduates by field of education",I,NOR,Norway,ISCED11_5T8,Tertiary education,GRAD,Graduates,FE,"Formal education, includes formal initial and formal adult education programmes",_T,Total,F05T07,"Science, technology, engineering and mathematics",_T,Total,A,Annual,_Z,Not applicable,_Z,Not applicable,INST_EDU,All educational institutions,_T,Total,PT_ST,Percentage of students,_T,Total,_T,Total,2022,,21.57456345755,,,,,,,,,,A,Normal value,,,,,2,Two,,,0,Units
DATAFLOW,OECD.EDU.IMEP:DSD_EAG_UOE_NON_FIN_STUD@DF_UOE_NF_DIST_FIELD(1.0),"Distribution of enrolled students, new entrants and graduates by field of education",I,NOR,Norway,ISCED11_5T8,Tertiary education,GRAD,Graduates,FE,"Formal education, includes formal initial and formal adult education programmes",_T,Total,F05T07,"Science, technology, engineering and mathematics",_T,Total,A,Annual,_Z,Not applicable,_Z,Not applicable,INST_EDU,All educational institutions,_T,Total,PT_ST,Percentage of students,_T,Total,_T,Total,2021,,22.9689084150051,,,,,,,,,,A,Normal value,,,,,2,Two,,,0,Units
DATAFLOW,OECD.EDU.IMEP:DSD_EAG_UOE_NON_FIN_STUD@DF_UOE_NF_DIST_FIELD(1.0),"Distribution of enrolled students, new entrants and graduates by field of education",I,NOR,Norway,ISCED11_5T8,Tertiary education,GRAD,Graduates,FE,"Formal education, includes formal initial and formal adult education programmes",_T,Total,F05T07,"Science, technology, engineering and mathematics",_T,Total,A,Annual,_Z,Not applicable,_Z,Not applicable,INST_EDU,All educational institutions,_T,Total,PT_ST,Percentage of students,_T,Total,_T,Total,2020,,21.2253713112287,,,,,,,,,,A,Normal value,,,,,2,Two,,,0,Units
DATAFLOW,OECD.EDU.IMEP:DSD_EAG_UOE_NON_FIN_STUD@DF_UOE_NF_DIST_FIELD(1.0),"Distribution of enrolled students, new entrants and graduates by field of education",I,NOR,Norway,ISCED11_5T8,Tertiary education,GRAD,Graduates,FE,"Formal education, includes formal initial and formal adult education programmes",_T,Total,F05T07,"Science, technology, engineering and mathematics",_T,Total,A,Annual,_Z,Not applicable,_Z,Not applicable,INST_EDU,All educational institutions,_T,Total,PT_ST,Percentage of students,_T,Total,_T,Total,2019,,20.9459819762171,,,,,,,,,,A,Normal value,,,,,2,Two,,,0,Units
DATAFLOW,OECD.EDU.IMEP:DSD_EAG_UOE_NON_FIN_STUD@DF_UOE_NF_DIST_FIELD(1.0),"Distribution of enrolled students, new entrants and graduates by field of education",I,NOR,Norway,ISCED11_5T8,Tertiary education,GRAD,Graduates,FE,"Formal education, includes formal initial and formal adult education programmes",_T,Total,F05T07,"Science, technology, engineering and mathematics",_T,Total,A,Annual,_Z,Not applicable,_Z,Not applicable,INST_EDU,All educational institutions,_T,Total,PT_ST,Percentage of students,_T,Total,_T,Total,2018,,21.8135677375457,,,,,,,,,,A,Normal value,,,,,2,Two,,,0,Units
DATAFLOW,OECD.EDU.IMEP:DSD_EAG_UOE_NON_FIN_STUD@DF_UOE_NF_DIST_FIELD(1.0),"Distribution of enrolled students, new entrants and graduates by field of education",I,NOR,Norway,ISCED11_5T8,Tertiary education,GRAD,Graduates,FE,"Formal education, includes formal initial and formal adult education programmes",_T,Total,F05T07,"Science, technology, engineering and mathematics",_T,Total,A,Annual,_Z,Not applicable,_Z,Not applicable,INST_EDU,All educational institutions,_T,Total,PT_ST,Percentage of students,_T,Total,_T,Total,2017,,22.104172553452,,,,,,,,,,A,Normal value,,,,,2,Two,,,0,Units
DATAFLOW,OECD.EDU.IMEP:DSD_EAG_UOE_NON_FIN_STUD@DF_UOE_NF_DIST_FIELD(1.0),"Distribution of enrolled students, new entrants and graduates by field of education",I,NOR,Norway,ISCED11_5T8,Tertiary education,GRAD,Graduates,FE,"Formal education, includes formal initial and formal adult education programmes",_T,Total,F05T07,"Science, technology, engineering and mathematics",_T,Total,A,Annual,_Z,Not applicable,_Z,Not applicable,INST_EDU,All educational institutions,_T,Total,PT_ST,Percentage of students,_T,Total,_T,Total,2016,,20.4917363803305,,,,,,,,,,A,Normal value,,,,,2,Two,,,0,Units
DATAFLOW,OECD.EDU.IMEP:DSD_EAG_UOE_NON_FIN_STUD@DF_UOE_NF_DIST_FIELD(1.0),"Distribution of enrolled students, new entrants and graduates by field of education",I,NOR,Norway,ISCED11_5T8,Tertiary education,GRAD,Graduates,FE,"Formal education, includes formal initial and formal adult education programmes",_T,Total,F05T07,"Science, technology, engineering and mathematics",_T,Total,A,Annual,_Z,Not applicable,_Z,Not applicable,INST_EDU,All educational institutions,_T,Total,PT_ST,Percentage of students,_T,Total,_T,Total,2015,,21.0051439475649,,,,,,,,,,A,Normal value,,,,,2,Two,,,0,Units
DATAFLOW,OECD.EDU.IMEP:DSD_EAG_UOE_NON_FIN_STUD@DF_UOE_NF_DIST_FIELD(1.0),"Distribution of enrolled students, new entrants and graduates by field of education",I,NOR,Norway,ISCED11_5T8,Tertiary education,GRAD,Graduates,FE,"Formal education, includes formal initial and formal adult education programmes",_T,Total,F05T07,"Science, technology, engineering and mathematics",_T,Total,A,Annual,_Z,Not applicable,_Z,Not applicable,INST_EDU,All educational institutions,_T,Total,PT_ST,Percentage of students,_T,Total,_T,Total,2014,,20.8998366218424,,,,,,,,,,A,Normal value,,,,,2,Two,,,0,Units
DATAFLOW,OECD.EDU.IMEP:DSD_EAG_UOE_NON_FIN_STUD@DF_UOE_NF_DIST_FIELD(1.0),"Distribution of enrolled students, new entrants and graduates by field of education",I,NOR,Norway,ISCED11_5T8,Tertiary education,GRAD,Graduates,FE,"Formal education, includes formal initial and formal adult education programmes",_T,Total,F05T07,"Science, technology, engineering and mathematics",_T,Total,A,Annual,_Z,Not applicable,_Z,Not applicable,INST_EDU,All educational institutions,_T,Total,PT_ST,Percentage of students,_T,Total,_T,Total,2013,,21.2644065511896,,,,,,,,,,A,Normal value,,,,,2,Two,,,0,Units
DATAFLOW,OECD.EDU.IMEP:DSD_EAG_UOE_NON_FIN_STUD@DF_UOE_NF_DIST_FIELD(1.0),"Distribution of enrolled students, new entrants and graduates by field of education",I,DNK,Denmark,ISCED11_5T8,Tertiary education,GRAD,Graduates,FE,"Formal education, includes formal initial and formal adult education programmes",_T,Total,F05T07,"Science, technology, engineering and mathematics",_T,Total,A,Annual,_Z,Not applicable,_Z,Not applicable,INST_EDU,All educational institutions,_T,Total,PT_ST,Percentage of students,_T,Total,_T,Total,2024,,25.4628949301984,,,,,,,,,,A,Normal value,,,,,2,Two,,,0,Units
DATAFLOW,OECD.EDU.IMEP:DSD_EAG_UOE_NON_FIN_STUD@DF_UOE_NF_DIST_FIELD(1.0),"Distribution of enrolled students, new entrants and graduates by field of education",I,DNK,Denmark,ISCED11_5T8,Tertiary education,GRAD,Graduates,FE,"Formal education, includes formal initial and formal adult education programmes",_T,Total,F05T07,"Science, technology, engineering and mathematics",_T,Total,A,Annual,_Z,Not applicable,_Z,Not applicable,INST_EDU,All educational institutions,_T,Total,PT_ST,Percentage of students,_T,Total,_T,Total,2023,,25.4268263357861,,,,,,,,,,A,Normal value,,,,,2,Two,,,0,Units
DATAFLOW,OECD.EDU.IMEP:DSD_EAG_UOE_NON_FIN_STUD@DF_UOE_NF_DIST_FIELD(1.0),"Distribution of enrolled students, new entrants and graduates by field of education",I,DNK,Denmark,ISCED11_5T8,Tertiary education,GRAD,Graduates,FE,"Formal education, includes formal initial and formal adult education programmes",_T,Total,F05T07,"Science, technology, engineering and mathematics",_T,Total,A,Annual,_Z,Not applicable,_Z,Not applicable,INST_EDU,All educational institutions,_T,Total,PT_ST,Percentage of students,_T,Total,_T,Total,2022,,24.2309616487499,,,,,,,,,,A,Normal value,,,,,2,Two,,,0,Units
DATAFLOW,OECD.EDU.IMEP:DSD_EAG_UOE_NON_FIN_STUD@DF_UOE_NF_DIST_FIELD(1.0),"Distribution of enrolled students, new entrants and graduates by field of education",I,DNK,Denmark,ISCED11_5T8,Tertiary education,GRAD,Graduates,FE,"Formal education, includes formal initial and formal adult education programmes",_T,Total,F05T07,"Science, technology, engineering and mathematics",_T,Total,A,Annual,_Z,Not applicable,_Z,Not applicable,INST_EDU,All educational institutions,_T,Total,PT_ST,Percentage of students,_T,Total,_T,Total,2021,,24.0052000236365,,,,,,,,,,A,Normal value,,,,,2,Two,,,0,Units
DATAFLOW,OECD.EDU.IMEP:DSD_EAG_UOE_NON_FIN_STUD@DF_UOE_NF_DIST_FIELD(1.0),"Distribution of enrolled students, new entrants and graduates by field of education",I,DNK,Denmark,ISCED11_5T8,Tertiary education,GRAD,Graduates,FE,"Formal education, includes formal initial and formal adult education programmes",_T,Total,F05T07,"Science, technology, engineering and mathematics",_T,Total,A,Annual,_Z,Not applicable,_Z,Not applicable,INST_EDU,All educational institutions,_T,Total,PT_ST,Percentage of students,_T,Total,_T,Total,2020,,23.0183020514522,,,,,,,,,,A,Normal value,,,,,2,Two,,,0,Units
DATAFLOW,OECD.EDU.IMEP:DSD_EAG_UOE_NON_FIN_STUD@DF_UOE_NF_DIST_FIELD(1.0),"Distribution of enrolled students, new entrants and graduates by field of education",I,DNK,Denmark,ISCED11_5T8,Tertiary education,GRAD,Graduates,FE,"Formal education, includes formal initial and formal adult education programmes",_T,Total,F05T07,"Science, technology, engineering and mathematics",_T,Total,A,Annual,_Z,Not applicable,_Z,Not applicable,INST_EDU,All educational institutions,_T,Total,PT_ST,Percentage of students,_T,Total,_T,Total,2019,,22.5457762266575,,,,,,,,,,A,Normal value,,,,,2,Two,,,0,Units
DATAFLOW,OECD.EDU.IMEP:DSD_EAG_UOE_NON_FIN_STUD@DF_UOE_NF_DIST_FIELD(1.0),"Distribution of enrolled students, new entrants and graduates by field of education",I,DNK,Denmark,ISCED11_5T8,Tertiary education,GRAD,Graduates,FE,"Formal education, includes formal initial and formal adult education programmes",_T,Total,F05T07,"Science, technology, engineering and mathematics",_T,Total,A,Annual,_Z,Not applicable,_Z,Not applicable,INST_EDU,All educational institutions,_T,Total,PT_ST,Percentage of students,_T,Total,_T,Total,2018,,22.2375012277772,,,,,,,,,,A,Normal value,,,,,2,Two,,,0,Units
DATAFLOW,OECD.EDU.IMEP:DSD_EAG_UOE_NON_FIN_STUD@DF_UOE_NF_DIST_FIELD(1.0),"Distribution of enrolled students, new entrants and graduates by field of education",I,DNK,Denmark,ISCED11_5T8,Tertiary education,GRAD,Graduates,FE,"Formal education, includes formal initial and formal adult education programmes",_T,Total,F05T07,"Science, technology, engineering and mathematics",_T,Total,A,Annual,_Z,Not applicable,_Z,Not applicable,INST_EDU,All educational institutions,_T,Total,PT_ST,Percentage of students,_T,Total,_T,Total,2017,,20.9947764540486,,,,,,,,,,A,Normal value,,,,,2,Two,,,0,Units
DATAFLOW,OECD.EDU.IMEP:DSD_EAG_UOE_NON_FIN_STUD@DF_UOE_NF_DIST_FIELD(1.0),"Distribution of enrolled students, new entrants and graduates by field of education",I,DNK,Denmark,ISCED11_5T8,Tertiary education,GRAD,Graduates,FE,"Formal education, includes formal initial and formal adult education programmes",_T,Total,F05T07,"Science, technology, engineering and mathematics",_T,Total,A,Annual,_Z,Not applicable,_Z,Not applicable,INST_EDU,All educational institutions,_T,Total,PT_ST,Percentage of students,_T,Total,_T,Total,2016,,20.4705661572385,,,,,,,,,,A,Normal value,,,,,2,Two,,,0,Units
DATAFLOW,OECD.EDU.IMEP:DSD_EAG_UOE_NON_FIN_STUD@DF_UOE_NF_DIST_FIELD(1.0),"Distribution of enrolled students, new entrants and graduates by field of education",I,DNK,Denmark,ISCED11_5T8,Tertiary education,GRAD,Graduates,FE,"Formal education, includes formal initial and formal adult education programmes",_T,Total,F05T07,"Science, technology, engineering and mathematics",_T,Total,A,Annual,_Z,Not applicable,_Z,Not applicable,INST_EDU,All educational institutions,_T,Total,PT_ST,Percentage of students,_T,Total,_T,Total,2015,,19.6401678141136,,,,,,,,,,A,Normal value,,,,,2,Two,,,0,Units
DATAFLOW,OECD.EDU.IMEP:DSD_EAG_UOE_NON_FIN_STUD@DF_UOE_NF_DIST_FIELD(1.0),"Distribution of enrolled students, new entrants and graduates by field of education",I,DNK,Denmark,ISCED11_5T8,Tertiary education,GRAD,Graduates,FE,"Formal education, includes formal initial and formal adult education programmes",_T,Total,F05T07,"Science, technology, engineering and mathematics",_T,Total,A,Annual,_Z,Not applicable,_Z,Not applicable,INST_EDU,All educational institutions,_T,Total,PT_ST,Percentage of students,_T,Total,_T,Total,2014,,20.7826780172537,,,,,,,,,,A,Normal value,,,,,2,Two,,,0,Units
DATAFLOW,OECD.EDU.IMEP:DSD_EAG_UOE_NON_FIN_STUD@DF_UOE_NF_DIST_FIELD(1.0),"Distribution of enrolled students, new entrants and graduates by field of education",I,DNK,Denmark,ISCED11_5T8,Tertiary education,GRAD,Graduates,FE,"Formal education, includes formal initial and formal adult education programmes",_T,Total,F05T07,"Science, technology, engineering and mathematics",_T,Total,A,Annual,_Z,Not applicable,_Z,Not applicable,INST_EDU,All educational institutions,_T,Total,PT_ST,Percentage of students,_T,Total,_T,Total,2013,,20.4492454902433,,,,,,,,,,A,Normal value,,,,,2,Two,,,0,Units
DATAFLOW,OECD.EDU.IMEP:DSD_EAG_UOE_NON_FIN_STUD@DF_UOE_NF_DIST_FIELD(1.0),"Distribution of enrolled students, new entrants and graduates by field of education",I,KOR,Korea,ISCED11_5T8,Tertiary education,GRAD,Graduates,FE,"Formal education, includes formal initial and formal adult education programmes",_T,Total,F05T07,"Science, technology, engineering and mathematics",_T,Total,A,Annual,_Z,Not applicable,_Z,Not applicable,INST_EDU,All educational institutions,_T,Total,PT_ST,Percentage of students,_T,Total,_T,Total,2024,,31.0487450286921,,,,,,,,,,A,Normal value,,,,,2,Two,,,0,Units
DATAFLOW,OECD.EDU.IMEP:DSD_EAG_UOE_NON_FIN_STUD@DF_UOE_NF_DIST_FIELD(1.0),"Distribution of enrolled students, new entrants and graduates by field of education",I,KOR,Korea,ISCED11_5T8,Tertiary education,GRAD,Graduates,FE,"Formal education, includes formal initial and formal adult education programmes",_T,Total,F05T07,"Science, technology, engineering and mathematics",_T,Total,A,Annual,_Z,Not applicable,_Z,Not applicable,INST_EDU,All educational institutions,_T,Total,PT_ST,Percentage of students,_T,Total,_T,Total,2023,,30.948333706106,,,,,,,,,,A,Normal value,,,,,2,Two,,,0,Units
DATAFLOW,OECD.EDU.IMEP:DSD_EAG_UOE_NON_FIN_STUD@DF_UOE_NF_DIST_FIELD(1.0),"Distribution of enrolled students, new entrants and graduates by field of education",I,KOR,Korea,ISCED11_5T8,Tertiary education,GRAD,Graduates,FE,"Formal education, includes formal initial and formal adult education programmes",_T,Total,F05T07,"Science, technology, engineering and mathematics",_T,Total,A,Annual,_Z,Not applicable,_Z,Not applicable,INST_EDU,All educational institutions,_T,Total,PT_ST,Percentage of students,_T,Total,_T,Total,2022,,30.4271978447089,,,,,,,,,,A,Normal value,,,,,2,Two,,,0,Units
DATAFLOW,OECD.EDU.IMEP:DSD_EAG_UOE_NON_FIN_STUD@DF_UOE_NF_DIST_FIELD(1.0),"Distribution of enrolled students, new entrants and graduates by field of education",I,KOR,Korea,ISCED11_5T8,Tertiary education,GRAD,Graduates,FE,"Formal education, includes formal initial and formal adult education programmes",_T,Total,F05T07,"Science, technology, engineering and mathematics",_T,Total,A,Annual,_Z,Not applicable,_Z,Not applicable,INST_EDU,All educational institutions,_T,Total,PT_ST,Percentage of students,_T,Total,_T,Total,2021,,30.4017757899312,,,,,,,,,,A,Normal value,,,,,2,Two,,,0,Units
DATAFLOW,OECD.EDU.IMEP:DSD_EAG_UOE_NON_FIN_STUD@DF_UOE_NF_DIST_FIELD(1.0),"Distribution of enrolled students, new entrants and graduates by field of education",I,KOR,Korea,ISCED11_5T8,Tertiary education,GRAD,Graduates,FE,"Formal education, includes formal initial and formal adult education programmes",_T,Total,F05T07,"Science, technology, engineering and mathematics",_T,Total,A,Annual,_Z,Not applicable,_Z,Not applicable,INST_EDU,All educational institutions,_T,Total,PT_ST,Percentage of students,_T,Total,_T,Total,2020,,30.193278402096,,,,,,,,,,A,Normal value,,,,,2,Two,,,0,Units
DATAFLOW,OECD.EDU.IMEP:DSD_EAG_UOE_NON_FIN_STUD@DF_UOE_NF_DIST_FIELD(1.0),"Distribution of enrolled students, new entrants and graduates by field of education",I,KOR,Korea,ISCED11_5T8,Tertiary education,GRAD,Graduates,FE,"Formal education, includes formal initial and formal adult education programmes",_T,Total,F05T07,"Science, technology, engineering and mathematics",_T,Total,A,Annual,_Z,Not applicable,_Z,Not applicable,INST_EDU,All educational institutions,_T,Total,PT_ST,Percentage of students,_T,Total,_T,Total,2019,,29.6162019426203,,,,,,,,,,A,Normal value,,,,,2,Two,,,0,Units
DATAFLOW,OECD.EDU.IMEP:DSD_EAG_UOE_NON_FIN_STUD@DF_UOE_NF_DIST_FIELD(1.0),"Distribution of enrolled students, new entrants and graduates by field of education",I,KOR,Korea,ISCED11_5T8,Tertiary education,GRAD,Graduates,FE,"Formal education, includes formal initial and formal adult education programmes",_T,Total,F05T07,"Science, technology, engineering and mathematics",_T,Total,A,Annual,_Z,Not applicable,_Z,Not applicable,INST_EDU,All educational institutions,_T,Total,PT_ST,Percentage of students,_T,Total,_T,Total,2018,,29.3472246323903,,,,,,,,,,A,Normal value,,,,,2,Two,,,0,Units
DATAFLOW,OECD.EDU.IMEP:DSD_EAG_UOE_NON_FIN_STUD@DF_UOE_NF_DIST_FIELD(1.0),"Distribution of enrolled students, new entrants and graduates by field of education",I,KOR,Korea,ISCED11_5T8,Tertiary education,GRAD,Graduates,FE,"Formal education, includes formal initial and formal adult education programmes",_T,Total,F05T07,"Science, technology, engineering and mathematics",_T,Total,A,Annual,_Z,Not applicable,_Z,Not applicable,INST_EDU,All educational institutions,_T,Total,PT_ST,Percentage of students,_T,Total,_T,Total,2017,,29.3526006226921,,,,,,,,,,A,Normal value,,,,,2,Two,,,0,Units
DATAFLOW,OECD.EDU.IMEP:DSD_EAG_UOE_NON_FIN_STUD@DF_UOE_NF_DIST_FIELD(1.0),"Distribution of enrolled students, new entrants and graduates by field of education",I,KOR,Korea,ISCED11_5T8,Tertiary education,GRAD,Graduates,FE,"Formal education, includes formal initial and formal adult education programmes",_T,Total,F05T07,"Science, technology, engineering and mathematics",_T,Total,A,Annual,_Z,Not applicable,_Z,Not applicable,INST_EDU,All educational institutions,_T,Total,PT_ST,Percentage of students,_T,Total,_T,Total,2016,,29.1026761625577,,,,,,,,,,A,Normal value,,,,,2,Two,,,0,Units
DATAFLOW,OECD.EDU.IMEP:DSD_EAG_UOE_NON_FIN_STUD@DF_UOE_NF_DIST_FIELD(1.0),"Distribution of enrolled students, new entrants and graduates by field of education",I,KOR,Korea,ISCED11_5T8,Tertiary education,GRAD,Graduates,FE,"Formal education, includes formal initial and formal adult education programmes",_T,Total,F05T07,"Science, technology, engineering and mathematics",_T,Total,A,Annual,_Z,Not applicable,_Z,Not applicable,INST_EDU,All educational institutions,_T,Total,PT_ST,Percentage of students,_T,Total,_T,Total,2015,,28.7208480565371,,,,,,,,,,A,Normal value,,,,,2,Two,,,0,Units
DATAFLOW,OECD.EDU.IMEP:DSD_EAG_UOE_NON_FIN_STUD@DF_UOE_NF_DIST_FIELD(1.0),"Distribution of enrolled students, new entrants and graduates by field of education",I,KOR,Korea,ISCED11_5T8,Tertiary education,GRAD,Graduates,FE,"Formal education, includes formal initial and formal adult education programmes",_T,Total,F05T07,"Science, technology, engineering and mathematics",_T,Total,A,Annual,_Z,Not applicable,_Z,Not applicable,INST_EDU,All educational institutions,_T,Total,PT_ST,Percentage of students,_T,Total,_T,Total,2014,,28.210579335202,,,,,,,,,,A,Normal value,,,,,2,Two,,,0,Units
DATAFLOW,OECD.EDU.IMEP:DSD_EAG_UOE_NON_FIN_STUD@DF_UOE_NF_DIST_FIELD(1.0),"Distribution of enrolled students, new entrants and graduates by field of education",I,KOR,Korea,ISCED11_5T8,Tertiary education,GRAD,Graduates,FE,"Formal education, includes formal initial and formal adult education programmes",_T,Total,F05T07,"Science, technology, engineering and mathematics",_T,Total,A,Annual,_Z,Not applicable,_Z,Not applicable,INST_EDU,All educational institutions,_T,Total,PT_ST,Percentage of students,_T,Total,_T,Total,2013,,28.326147844846,,,,,,,,,,A,Normal value,,,,,2,Two,,,0,Units
DATAFLOW,OECD.EDU.IMEP:DSD_EAG_UOE_NON_FIN_STUD@DF_UOE_NF_DIST_FIELD(1.0),"Distribution of enrolled students, new entrants and graduates by field of education",I,HRV,Croatia,ISCED11_5T8,Tertiary education,GRAD,Graduates,FE,"Formal education, includes formal initial and formal adult education programmes",_T,Total,F05T07,"Science, technology, engineering and mathematics",_T,Total,A,Annual,_Z,Not applicable,_Z,Not applicable,INST_EDU,All educational institutions,_T,Total,PT_ST,Percentage of students,_T,Total,_T,Total,2024,,27.9257762263458,,,,,,,,,,A,Normal value,,,,,2,Two,,,0,Units
DATAFLOW,OECD.EDU.IMEP:DSD_EAG_UOE_NON_FIN_STUD@DF_UOE_NF_DIST_FIELD(1.0),"Distribution of enrolled students, new entrants and graduates by field of education",I,HRV,Croatia,ISCED11_5T8,Tertiary education,GRAD,Graduates,FE,"Formal education, includes formal initial and formal adult education programmes",_T,Total,F05T07,"Science, technology, engineering and mathematics",_T,Total,A,Annual,_Z,Not applicable,_Z,Not applicable,INST_EDU,All educational institutions,_T,Total,PT_ST,Percentage of students,_T,Total,_T,Total,2023,,28.437243517646,,,,,,,,,,A,Normal value,,,,,2,Two,,,0,Units
DATAFLOW,OECD.EDU.IMEP:DSD_EAG_UOE_NON_FIN_STUD@DF_UOE_NF_DIST_FIELD(1.0),"Distribution of enrolled students, new entrants and graduates by field of education",I,HRV,Croatia,ISCED11_5T8,Tertiary education,GRAD,Graduates,FE,"Formal education, includes formal initial and formal adult education programmes",_T,Total,F05T07,"Science, technology, engineering and mathematics",_T,Total,A,Annual,_Z,Not applicable,_Z,Not applicable,INST_EDU,All educational institutions,_T,Total,PT_ST,Percentage of students,_T,Total,_T,Total,2022,,28.7269108775421,,,,,,,,,,A,Normal value,,,,,2,Two,,,0,Units
DATAFLOW,OECD.EDU.IMEP:DSD_EAG_UOE_NON_FIN_STUD@DF_UOE_NF_DIST_FIELD(1.0),"Distribution of enrolled students, new entrants and graduates by field of education",I,HRV,Croatia,ISCED11_5T8,Tertiary education,GRAD,Graduates,FE,"Formal education, includes formal initial and formal adult education programmes",_T,Total,F05T07,"Science, technology, engineering and mathematics",_T,Total,A,Annual,_Z,Not applicable,_Z,Not applicable,INST_EDU,All educational institutions,_T,Total,PT_ST,Percentage of students,_T,Total,_T,Total,2021,,27.9122083465521,,,,,,,,,,A,Normal value,,,,,2,Two,,,0,Units
DATAFLOW,OECD.EDU.IMEP:DSD_EAG_UOE_NON_FIN_STUD@DF_UOE_NF_DIST_FIELD(1.0),"Distribution of enrolled students, new entrants and graduates by field of education",I,HRV,Croatia,ISCED11_5T8,Tertiary education,GRAD,Graduates,FE,"Formal education, includes formal initial and formal adult education programmes",_T,Total,F05T07,"Science, technology, engineering and mathematics",_T,Total,A,Annual,_Z,Not applicable,_Z,Not applicable,INST_EDU,All educational institutions,_T,Total,PT_ST,Percentage of students,_T,Total,_T,Total,2020,,28.4930950446791,,,,,,,,,,A,Normal value,,,,,2,Two,,,0,Units
DATAFLOW,OECD.EDU.IMEP:DSD_EAG_UOE_NON_FIN_STUD@DF_UOE_NF_DIST_FIELD(1.0),"Distribution of enrolled students, new entrants and graduates by field of education",I,HRV,Croatia,ISCED11_5T8,Tertiary education,GRAD,Graduates,FE,"Formal education, includes formal initial and formal adult education programmes",_T,Total,F05T07,"Science, technology, engineering and mathematics",_T,Total,A,Annual,_Z,Not applicable,_Z,Not applicable,INST_EDU,All educational institutions,_T,Total,PT_ST,Percentage of students,_T,Total,_T,Total,2019,,27.2669934921591,,,,,,,,,,A,Normal value,,,,,2,Two,,,0,Units
DATAFLOW,OECD.EDU.IMEP:DSD_EAG_UOE_NON_FIN_STUD@DF_UOE_NF_DIST_FIELD(1.0),"Distribution of enrolled students, new entrants and graduates by field of education",I,HRV,Croatia,ISCED11_5T8,Tertiary education,GRAD,Graduates,FE,"Formal education, includes formal initial and formal adult education programmes",_T,Total,F05T07,"Science, technology, engineering and mathematics",_T,Total,A,Annual,_Z,Not applicable,_Z,Not applicable,INST_EDU,All educational institutions,_T,Total,PT_ST,Percentage of students,_T,Total,_T,Total,2018,,26.3335368157902,,,,,,,,,,A,Normal value,,,,,2,Two,,,0,Units
DATAFLOW,OECD.EDU.IMEP:DSD_EAG_UOE_NON_FIN_STUD@DF_UOE_NF_DIST_FIELD(1.0),"Distribution of enrolled students, new entrants and graduates by field of education",I,HRV,Croatia,ISCED11_5T8,Tertiary education,GRAD,Graduates,FE,"Formal education, includes formal initial and formal adult education programmes",_T,Total,F05T07,"Science, technology, engineering and mathematics",_T,Total,A,Annual,_Z,Not applicable,_Z,Not applicable,INST_EDU,All educational institutions,_T,Total,PT_ST,Percentage of students,_T,Total,_T,Total,2017,,27.0146223778281,,,,,,,,,,A,Normal value,,,,,2,Two,,,0,Units
DATAFLOW,OECD.EDU.IMEP:DSD_EAG_UOE_NON_FIN_STUD@DF_UOE_NF_DIST_FIELD(1.0),"Distribution of enrolled students, new entrants and graduates by field of education",I,HRV,Croatia,ISCED11_5T8,Tertiary education,GRAD,Graduates,FE,"Formal education, includes formal initial and formal adult education programmes",_T,Total,F05T07,"Science, technology, engineering and mathematics",_T,Total,A,Annual,_Z,Not applicable,_Z,Not applicable,INST_EDU,All educational institutions,_T,Total,PT_ST,Percentage of students,_T,Total,_T,Total,2016,,25.2938756318326,,,,,,,,,,A,Normal value,,,,,2,Two,,,0,Units
DATAFLOW,OECD.EDU.IMEP:DSD_EAG_UOE_NON_FIN_STUD@DF_UOE_NF_DIST_FIELD(1.0),"Distribution of enrolled students, new entrants and graduates by field of education",I,HRV,Croatia,ISCED11_5T8,Tertiary education,GRAD,Graduates,FE,"Formal education, includes formal initial and formal adult education programmes",_T,Total,F05T07,"Science, technology, engineering and mathematics",_T,Total,A,Annual,_Z,Not applicable,_Z,Not applicable,INST_EDU,All educational institutions,_T,Total,PT_ST,Percentage of students,_T,Total,_T,Total,2015,,23.8628818061089,,,,,,,,,,A,Normal value,,,,,2,Two,,,0,Units
DATAFLOW,OECD.EDU.IMEP:DSD_EAG_UOE_NON_FIN_STUD@DF_UOE_NF_DIST_FIELD(1.0),"Distribution of enrolled students, new entrants and graduates by field of education",I,HRV,Croatia,ISCED11_5T8,Tertiary education,GRAD,Graduates,FE,"Formal education, includes formal initial and formal adult education programmes",_T,Total,F05T07,"Science, technology, engineering and mathematics",_T,Total,A,Annual,_Z,Not applicable,_Z,Not applicable,INST_EDU,All educational institutions,_T,Total,PT_ST,Percentage of students,_T,Total,_T,Total,2014,,23.3809780909892,,,,,,,,,,A,Normal value,,,,,2,Two,,,0,Units
DATAFLOW,OECD.EDU.IMEP:DSD_EAG_UOE_NON_FIN_STUD@DF_UOE_NF_DIST_FIELD(1.0),"Distribution of enrolled students, new entrants and graduates by field of education",I,HRV,Croatia,ISCED11_5T8,Tertiary education,GRAD,Graduates,FE,"Formal education, includes formal initial and formal adult education programmes",_T,Total,F05T07,"Science, technology, engineering and mathematics",_T,Total,A,Annual,_Z,Not applicable,_Z,Not applicable,INST_EDU,All educational institutions,_T,Total,PT_ST,Percentage of students,_T,Total,_T,Total,2013,,22.2574917953408,,,,,,,,,,A,Normal value,,,,,2,Two,,,0,Units
DATAFLOW,OECD.EDU.IMEP:DSD_EAG_UOE_NON_FIN_STUD@DF_UOE_NF_DIST_FIELD(1.0),"Distribution of enrolled students, new entrants and graduates by field of education",I,CHE,Switzerland,ISCED11_5T8,Tertiary education,GRAD,Graduates,FE,"Formal education, includes formal initial and formal adult education programmes",_T,Total,F05T07,"Science, technology, engineering and mathematics",_T,Total,A,Annual,_Z,Not applicable,_Z,Not applicable,INST_EDU,All educational institutions,_T,Total,PT_ST,Percentage of students,_T,Total,_T,Total,2024,,26.2271686669376,,,,,,,,,,A,Normal value,,,,,2,Two,,,0,Units
DATAFLOW,OECD.EDU.IMEP:DSD_EAG_UOE_NON_FIN_STUD@DF_UOE_NF_DIST_FIELD(1.0),"Distribution of enrolled students, new entrants and graduates by field of education",I,CHE,Switzerland,ISCED11_5T8,Tertiary education,GRAD,Graduates,FE,"Formal education, includes formal initial and formal adult education programmes",_T,Total,F05T07,"Science, technology, engineering and mathematics",_T,Total,A,Annual,_Z,Not applicable,_Z,Not applicable,INST_EDU,All educational institutions,_T,Total,PT_ST,Percentage of students,_T,Total,_T,Total,2023,,25.4555251761231,,,,,,,,,,A,Normal value,,,,,2,Two,,,0,Units
DATAFLOW,OECD.EDU.IMEP:DSD_EAG_UOE_NON_FIN_STUD@DF_UOE_NF_DIST_FIELD(1.0),"Distribution of enrolled students, new entrants and graduates by field of education",I,CHE,Switzerland,ISCED11_5T8,Tertiary education,GRAD,Graduates,FE,"Formal education, includes formal initial and formal adult education programmes",_T,Total,F05T07,"Science, technology, engineering and mathematics",_T,Total,A,Annual,_Z,Not applicable,_Z,Not applicable,INST_EDU,All educational institutions,_T,Total,PT_ST,Percentage of students,_T,Total,_T,Total,2022,,25.3965145878206,,,,,,,,,,A,Normal value,,,,,2,Two,,,0,Units
DATAFLOW,OECD.EDU.IMEP:DSD_EAG_UOE_NON_FIN_STUD@DF_UOE_NF_DIST_FIELD(1.0),"Distribution of enrolled students, new entrants and graduates by field of education",I,CHE,Switzerland,ISCED11_5T8,Tertiary education,GRAD,Graduates,FE,"Formal education, includes formal initial and formal adult education programmes",_T,Total,F05T07,"Science, technology, engineering and mathematics",_T,Total,A,Annual,_Z,Not applicable,_Z,Not applicable,INST_EDU,All educational institutions,_T,Total,PT_ST,Percentage of students,_T,Total,_T,Total,2021,,25.4994148897611,,,,,,,,,,A,Normal value,,,,,2,Two,,,0,Units
DATAFLOW,OECD.EDU.IMEP:DSD_EAG_UOE_NON_FIN_STUD@DF_UOE_NF_DIST_FIELD(1.0),"Distribution of enrolled students, new entrants and graduates by field of education",I,CHE,Switzerland,ISCED11_5T8,Tertiary education,GRAD,Graduates,FE,"Formal education, includes formal initial and formal adult education programmes",_T,Total,F05T07,"Science, technology, engineering and mathematics",_T,Total,A,Annual,_Z,Not applicable,_Z,Not applicable,INST_EDU,All educational institutions,_T,Total,PT_ST,Percentage of students,_T,Total,_T,Total,2020,,25.3280459821329,,,,,,,,,,A,Normal value,,,,,2,Two,,,0,Units
DATAFLOW,OECD.EDU.IMEP:DSD_EAG_UOE_NON_FIN_STUD@DF_UOE_NF_DIST_FIELD(1.0),"Distribution of enrolled students, new entrants and graduates by field of education",I,CHE,Switzerland,ISCED11_5T8,Tertiary education,GRAD,Graduates,FE,"Formal education, includes formal initial and formal adult education programmes",_T,Total,F05T07,"Science, technology, engineering and mathematics",_T,Total,A,Annual,_Z,Not applicable,_Z,Not applicable,INST_EDU,All educational institutions,_T,Total,PT_ST,Percentage of students,_T,Total,_T,Total,2019,,25.4960557252412,,,,,,,,,,A,Normal value,,,,,2,Two,,,0,Units
DATAFLOW,OECD.EDU.IMEP:DSD_EAG_UOE_NON_FIN_STUD@DF_UOE_NF_DIST_FIELD(1.0),"Distribution of enrolled students, new entrants and graduates by field of education",I,CHE,Switzerland,ISCED11_5T8,Tertiary education,GRAD,Graduates,FE,"Formal education, includes formal initial and formal adult education programmes",_T,Total,F05T07,"Science, technology, engineering and mathematics",_T,Total,A,Annual,_Z,Not applicable,_Z,Not applicable,INST_EDU,All educational institutions,_T,Total,PT_ST,Percentage of students,_T,Total,_T,Total,2018,,25.3840180952703,,,,,,,,,,A,Normal value,,,,,2,Two,,,0,Units
DATAFLOW,OECD.EDU.IMEP:DSD_EAG_UOE_NON_FIN_STUD@DF_UOE_NF_DIST_FIELD(1.0),"Distribution of enrolled students, new entrants and graduates by field of education",I,CHE,Switzerland,ISCED11_5T8,Tertiary education,GRAD,Graduates,FE,"Formal education, includes formal initial and formal adult education programmes",_T,Total,F05T07,"Science, technology, engineering and mathematics",_T,Total,A,Annual,_Z,Not applicable,_Z,Not applicable,INST_EDU,All educational institutions,_T,Total,PT_ST,Percentage of students,_T,Total,_T,Total,2017,,25.0070904284888,,,,,,,,,,A,Normal value,,,,,2,Two,,,0,Units
DATAFLOW,OECD.EDU.IMEP:DSD_EAG_UOE_NON_FIN_STUD@DF_UOE_NF_DIST_FIELD(1.0),"Distribution of enrolled students, new entrants and graduates by field of education",I,CHE,Switzerland,ISCED11_5T8,Tertiary education,GRAD,Graduates,FE,"Formal education, includes formal initial and formal adult education programmes",_T,Total,F05T07,"Science, technology, engineering and mathematics",_T,Total,A,Annual,_Z,Not applicable,_Z,Not applicable,INST_EDU,All educational institutions,_T,Total,PT_ST,Percentage of students,_T,Total,_T,Total,2016,,24.6967430084014,,,,,,,,,,A,Normal value,,,,,2,Two,,,0,Units
DATAFLOW,OECD.EDU.IMEP:DSD_EAG_UOE_NON_FIN_STUD@DF_UOE_NF_DIST_FIELD(1.0),"Distribution of enrolled students, new entrants and graduates by field of education",I,CHE,Switzerland,ISCED11_5T8,Tertiary education,GRAD,Graduates,FE,"Formal education, includes formal initial and formal adult education programmes",_T,Total,F05T07,"Science, technology, engineering and mathematics",_T,Total,A,Annual,_Z,Not applicable,_Z,Not applicable,INST_EDU,All educational institutions,_T,Total,PT_ST,Percentage of students,_T,Total,_T,Total,2015,,24.5453377407637,,,,,,,,,,A,Normal value,,,,,2,Two,,,0,Units
DATAFLOW,OECD.EDU.IMEP:DSD_EAG_UOE_NON_FIN_STUD@DF_UOE_NF_DIST_FIELD(1.0),"Distribution of enrolled students, new entrants and graduates by field of education",I,CHE,Switzerland,ISCED11_5T8,Tertiary education,GRAD,Graduates,FE,"Formal education, includes formal initial and formal adult education programmes",_T,Total,F05T07,"Science, technology, engineering and mathematics",_T,Total,A,Annual,_Z,Not applicable,_Z,Not applicable,INST_EDU,All educational institutions,_T,Total,PT_ST,Percentage of students,_T,Total,_T,Total,2014,,23.7266453854098,,,,,,,,,,A,Normal value,,,,,2,Two,,,0,Units
DATAFLOW,OECD.EDU.IMEP:DSD_EAG_UOE_NON_FIN_STUD@DF_UOE_NF_DIST_FIELD(1.0),"Distribution of enrolled students, new entrants and graduates by field of education",I,CHE,Switzerland,ISCED11_5T8,Tertiary education,GRAD,Graduates,FE,"Formal education, includes formal initial and formal adult education programmes",_T,Total,F05T07,"Science, technology, engineering and mathematics",_T,Total,A,Annual,_Z,Not applicable,_Z,Not applicable,INST_EDU,All educational institutions,_T,Total,PT_ST,Percentage of students,_T,Total,_T,Total,2013,,23.4674200085979,,,,,,,,,,A,Normal value,,,,,2,Two,,,0,Units
DATAFLOW,OECD.EDU.IMEP:DSD_EAG_UOE_NON_FIN_STUD@DF_UOE_NF_DIST_FIELD(1.0),"Distribution of enrolled students, new entrants and graduates by field of education",I,AUT,Austria,ISCED11_5T8,Tertiary education,GRAD,Graduates,FE,"Formal education, includes formal initial and formal adult education programmes",_T,Total,F05T07,"Science, technology, engineering and mathematics",_T,Total,A,Annual,_Z,Not applicable,_Z,Not applicable,INST_EDU,All educational institutions,_T,Total,PT_ST,Percentage of students,_T,Total,_T,Total,2024,,30.5925848302853,,,,,,,,,,A,Normal value,,,,,2,Two,,,0,Units
DATAFLOW,OECD.EDU.IMEP:DSD_EAG_UOE_NON_FIN_STUD@DF_UOE_NF_DIST_FIELD(1.0),"Distribution of enrolled students, new entrants and graduates by field of education",I,AUT,Austria,ISCED11_5T8,Tertiary education,GRAD,Graduates,FE,"Formal education, includes formal initial and formal adult education programmes",_T,Total,F05T07,"Science, technology, engineering and mathematics",_T,Total,A,Annual,_Z,Not applicable,_Z,Not applicable,INST_EDU,All educational institutions,_T,Total,PT_ST,Percentage of students,_T,Total,_T,Total,2023,,30.5177920912306,,,,,,,,,,A,Normal value,,,,,2,Two,,,0,Units
DATAFLOW,OECD.EDU.IMEP:DSD_EAG_UOE_NON_FIN_STUD@DF_UOE_NF_DIST_FIELD(1.0),"Distribution of enrolled students, new entrants and graduates by field of education",I,AUT,Austria,ISCED11_5T8,Tertiary education,GRAD,Graduates,FE,"Formal education, includes formal initial and formal adult education programmes",_T,Total,F05T07,"Science, technology, engineering and mathematics",_T,Total,A,Annual,_Z,Not applicable,_Z,Not applicable,INST_EDU,All educational institutions,_T,Total,PT_ST,Percentage of students,_T,Total,_T,Total,2022,,31.0812857582573,,,,,,,,,,A,Normal value,,,,,2,Two,,,0,Units
DATAFLOW,OECD.EDU.IMEP:DSD_EAG_UOE_NON_FIN_STUD@DF_UOE_NF_DIST_FIELD(1.0),"Distribution of enrolled students, new entrants and graduates by field of education",I,AUT,Austria,ISCED11_5T8,Tertiary education,GRAD,Graduates,FE,"Formal education, includes formal initial and formal adult education programmes",_T,Total,F05T07,"Science, technology, engineering and mathematics",_T,Total,A,Annual,_Z,Not applicable,_Z,Not applicable,INST_EDU,All educational institutions,_T,Total,PT_ST,Percentage of students,_T,Total,_T,Total,2021,,30.6182012126238,,,,,,,,,,A,Normal value,,,,,2,Two,,,0,Units
DATAFLOW,OECD.EDU.IMEP:DSD_EAG_UOE_NON_FIN_STUD@DF_UOE_NF_DIST_FIELD(1.0),"Distribution of enrolled students, new entrants and graduates by field of education",I,AUT,Austria,ISCED11_5T8,Tertiary education,GRAD,Graduates,FE,"Formal education, includes formal initial and formal adult education programmes",_T,Total,F05T07,"Science, technology, engineering and mathematics",_T,Total,A,Annual,_Z,Not applicable,_Z,Not applicable,INST_EDU,All educational institutions,_T,Total,PT_ST,Percentage of students,_T,Total,_T,Total,2020,,30.5965915453016,,,,,,,,,,A,Normal value,,,,,2,Two,,,0,Units
DATAFLOW,OECD.EDU.IMEP:DSD_EAG_UOE_NON_FIN_STUD@DF_UOE_NF_DIST_FIELD(1.0),"Distribution of enrolled students, new entrants and graduates by field of education",I,AUT,Austria,ISCED11_5T8,Tertiary education,GRAD,Graduates,FE,"Formal education, includes formal initial and formal adult education programmes",_T,Total,F05T07,"Science, technology, engineering and mathematics",_T,Total,A,Annual,_Z,Not applicable,_Z,Not applicable,INST_EDU,All educational institutions,_T,Total,PT_ST,Percentage of students,_T,Total,_T,Total,2019,,31.4290461888533,,,,,,,,,,A,Normal value,,,,,2,Two,,,0,Units
DATAFLOW,OECD.EDU.IMEP:DSD_EAG_UOE_NON_FIN_STUD@DF_UOE_NF_DIST_FIELD(1.0),"Distribution of enrolled students, new entrants and graduates by field of education",I,AUT,Austria,ISCED11_5T8,Tertiary education,GRAD,Graduates,FE,"Formal education, includes formal initial and formal adult education programmes",_T,Total,F05T07,"Science, technology, engineering and mathematics",_T,Total,A,Annual,_Z,Not applicable,_Z,Not applicable,INST_EDU,All educational institutions,_T,Total,PT_ST,Percentage of students,_T,Total,_T,Total,2018,,31.0707972926818,,,,,,,,,,A,Normal value,,,,,2,Two,,,0,Units
DATAFLOW,OECD.EDU.IMEP:DSD_EAG_UOE_NON_FIN_STUD@DF_UOE_NF_DIST_FIELD(1.0),"Distribution of enrolled students, new entrants and graduates by field of education",I,AUT,Austria,ISCED11_5T8,Tertiary education,GRAD,Graduates,FE,"Formal education, includes formal initial and formal adult education programmes",_T,Total,F05T07,"Science, technology, engineering and mathematics",_T,Total,A,Annual,_Z,Not applicable,_Z,Not applicable,INST_EDU,All educational institutions,_T,Total,PT_ST,Percentage of students,_T,Total,_T,Total,2017,,29.8688030019358,,,,,,,,,,A,Normal value,,,,,2,Two,,,0,Units
DATAFLOW,OECD.EDU.IMEP:DSD_EAG_UOE_NON_FIN_STUD@DF_UOE_NF_DIST_FIELD(1.0),"Distribution of enrolled students, new entrants and graduates by field of education",I,AUT,Austria,ISCED11_5T8,Tertiary education,GRAD,Graduates,FE,"Formal education, includes formal initial and formal adult education programmes",_T,Total,F05T07,"Science, technology, engineering and mathematics",_T,Total,A,Annual,_Z,Not applicable,_Z,Not applicable,INST_EDU,All educational institutions,_T,Total,PT_ST,Percentage of students,_T,Total,_T,Total,2016,,30.3183322160533,,,,,,,,,,A,Normal value,,,,,2,Two,,,0,Units
DATAFLOW,OECD.EDU.IMEP:DSD_EAG_UOE_NON_FIN_STUD@DF_UOE_NF_DIST_FIELD(1.0),"Distribution of enrolled students, new entrants and graduates by field of education",I,AUT,Austria,ISCED11_5T8,Tertiary education,GRAD,Graduates,FE,"Formal education, includes formal initial and formal adult education programmes",_T,Total,F05T07,"Science, technology, engineering and mathematics",_T,Total,A,Annual,_Z,Not applicable,_Z,Not applicable,INST_EDU,All educational institutions,_T,Total,PT_ST,Percentage of students,_T,Total,_T,Total,2015,,29.2976369353386,,,,,,,,,,A,Normal value,,,,,2,Two,,,0,Units
DATAFLOW,OECD.EDU.IMEP:DSD_EAG_UOE_NON_FIN_STUD@DF_UOE_NF_DIST_FIELD(1.0),"Distribution of enrolled students, new entrants and graduates by field of education",I,AUT,Austria,ISCED11_5T8,Tertiary education,GRAD,Graduates,FE,"Formal education, includes formal initial and formal adult education programmes",_T,Total,F05T07,"Science, technology, engineering and mathematics",_T,Total,A,Annual,_Z,Not applicable,_Z,Not applicable,INST_EDU,All educational institutions,_T,Total,PT_ST,Percentage of students,_T,Total,_T,Total,2014,,30.543121116666,,,,,,,,,,A,Normal value,,,,,2,Two,,,0,Units
DATAFLOW,OECD.EDU.IMEP:DSD_EAG_UOE_NON_FIN_STUD@DF_UOE_NF_DIST_FIELD(1.0),"Distribution of enrolled students, new entrants and graduates by field of education",I,AUT,Austria,ISCED11_5T8,Tertiary education,GRAD,Graduates,FE,"Formal education, includes formal initial and formal adult education programmes",_T,Total,F05T07,"Science, technology, engineering and mathematics",_T,Total,A,Annual,_Z,Not applicable,_Z,Not applicable,INST_EDU,All educational institutions,_T,Total,PT_ST,Percentage of students,_T,Total,_T,Total,2013,,28.2052343498581,,,,,,,,,,A,Normal value,,,,,2,Two,,,0,Units
DATAFLOW,OECD.EDU.IMEP:DSD_EAG_UOE_NON_FIN_STUD@DF_UOE_NF_DIST_FIELD(1.0),"Distribution of enrolled students, new entrants and graduates by field of education",I,SVK,Slovak Republic,ISCED11_5T8,Tertiary education,GRAD,Graduates,FE,"Formal education, includes formal initial and formal adult education programmes",_T,Total,F05T07,"Science, technology, engineering and mathematics",_T,Total,A,Annual,_Z,Not applicable,_Z,Not applicable,INST_EDU,All educational institutions,_T,Total,PT_ST,Percentage of students,_T,Total,_T,Total,2024,,20.6600397614314,,,,,,,,,,A,Normal value,,,,,2,Two,,,0,Units
DATAFLOW,OECD.EDU.IMEP:DSD_EAG_UOE_NON_FIN_STUD@DF_UOE_NF_DIST_FIELD(1.0),"Distribution of enrolled students, new entrants and graduates by field of education",I,SVK,Slovak Republic,ISCED11_5T8,Tertiary education,GRAD,Graduates,FE,"Formal education, includes formal initial and formal adult education programmes",_T,Total,F05T07,"Science, technology, engineering and mathematics",_T,Total,A,Annual,_Z,Not applicable,_Z,Not applicable,INST_EDU,All educational institutions,_T,Total,PT_ST,Percentage of students,_T,Total,_T,Total,2023,,20.5306960657155,,,,,,,,,,A,Normal value,,,,,2,Two,,,0,Units
DATAFLOW,OECD.EDU.IMEP:DSD_EAG_UOE_NON_FIN_STUD@DF_UOE_NF_DIST_FIELD(1.0),"Distribution of enrolled students, new entrants and graduates by field of education",I,SVK,Slovak Republic,ISCED11_5T8,Tertiary education,GRAD,Graduates,FE,"Formal education, includes formal initial and formal adult education programmes",_T,Total,F05T07,"Science, technology, engineering and mathematics",_T,Total,A,Annual,_Z,Not applicable,_Z,Not applicable,INST_EDU,All educational institutions,_T,Total,PT_ST,Percentage of students,_T,Total,_T,Total,2022,,21.4083377872795,,,,,,,,,,A,Normal value,,,,,2,Two,,,0,Units
DATAFLOW,OECD.EDU.IMEP:DSD_EAG_UOE_NON_FIN_STUD@DF_UOE_NF_DIST_FIELD(1.0),"Distribution of enrolled students, new entrants and graduates by field of education",I,SVK,Slovak Republic,ISCED11_5T8,Tertiary education,GRAD,Graduates,FE,"Formal education, includes formal initial and formal adult education programmes",_T,Total,F05T07,"Science, technology, engineering and mathematics",_T,Total,A,Annual,_Z,Not applicable,_Z,Not applicable,INST_EDU,All educational institutions,_T,Total,PT_ST,Percentage of students,_T,Total,_T,Total,2021,,21.3063724249633,,,,,,,,,,A,Normal value,,,,,2,Two,,,0,Units
DATAFLOW,OECD.EDU.IMEP:DSD_EAG_UOE_NON_FIN_STUD@DF_UOE_NF_DIST_FIELD(1.0),"Distribution of enrolled students, new entrants and graduates by field of education",I,SVK,Slovak Republic,ISCED11_5T8,Tertiary education,GRAD,Graduates,FE,"Formal education, includes formal initial and formal adult education programmes",_T,Total,F05T07,"Science, technology, engineering and mathematics",_T,Total,A,Annual,_Z,Not applicable,_Z,Not applicable,INST_EDU,All educational institutions,_T,Total,PT_ST,Percentage of students,_T,Total,_T,Total,2020,,22.182733215731,,,,,,,,,,A,Normal value,,,,,2,Two,,,0,Units
DATAFLOW,OECD.EDU.IMEP:DSD_EAG_UOE_NON_FIN_STUD@DF_UOE_NF_DIST_FIELD(1.0),"Distribution of enrolled students, new entrants and graduates by field of education",I,SVK,Slovak Republic,ISCED11_5T8,Tertiary education,GRAD,Graduates,FE,"Formal education, includes formal initial and formal adult education programmes",_T,Total,F05T07,"Science, technology, engineering and mathematics",_T,Total,A,Annual,_Z,Not applicable,_Z,Not applicable,INST_EDU,All educational institutions,_T,Total,PT_ST,Percentage of students,_T,Total,_T,Total,2019,,21.8207519095328,,,,,,,,,,A,Normal value,,,,,2,Two,,,0,Units
DATAFLOW,OECD.EDU.IMEP:DSD_EAG_UOE_NON_FIN_STUD@DF_UOE_NF_DIST_FIELD(1.0),"Distribution of enrolled students, new entrants and graduates by field of education",I,SVK,Slovak Republic,ISCED11_5T8,Tertiary education,GRAD,Graduates,FE,"Formal education, includes formal initial and formal adult education programmes",_T,Total,F05T07,"Science, technology, engineering and mathematics",_T,Total,A,Annual,_Z,Not applicable,_Z,Not applicable,INST_EDU,All educational institutions,_T,Total,PT_ST,Percentage of students,_T,Total,_T,Total,2018,,22.0725481817977,,,,,,,,,,A,Normal value,,,,,2,Two,,,0,Units
DATAFLOW,OECD.EDU.IMEP:DSD_EAG_UOE_NON_FIN_STUD@DF_UOE_NF_DIST_FIELD(1.0),"Distribution of enrolled students, new entrants and graduates by field of education",I,SVK,Slovak Republic,ISCED11_5T8,Tertiary education,GRAD,Graduates,FE,"Formal education, includes formal initial and formal adult education programmes",_T,Total,F05T07,"Science, technology, engineering and mathematics",_T,Total,A,Annual,_Z,Not applicable,_Z,Not applicable,INST_EDU,All educational institutions,_T,Total,PT_ST,Percentage of students,_T,Total,_T,Total,2017,,21.1726126980364,,,,,,,,,,A,Normal value,,,,,2,Two,,,0,Units
DATAFLOW,OECD.EDU.IMEP:DSD_EAG_UOE_NON_FIN_STUD@DF_UOE_NF_DIST_FIELD(1.0),"Distribution of enrolled students, new entrants and graduates by field of education",I,SVK,Slovak Republic,ISCED11_5T8,Tertiary education,GRAD,Graduates,FE,"Formal education, includes formal initial and formal adult education programmes",_T,Total,F05T07,"Science, technology, engineering and mathematics",_T,Total,A,Annual,_Z,Not applicable,_Z,Not applicable,INST_EDU,All educational institutions,_T,Total,PT_ST,Percentage of students,_T,Total,_T,Total,2016,,21.1513859275053,,,,,,,,,,A,Normal value,,,,,2,Two,,,0,Units
DATAFLOW,OECD.EDU.IMEP:DSD_EAG_UOE_NON_FIN_STUD@DF_UOE_NF_DIST_FIELD(1.0),"Distribution of enrolled students, new entrants and graduates by field of education",I,SVK,Slovak Republic,ISCED11_5T8,Tertiary education,GRAD,Graduates,FE,"Formal education, includes formal initial and formal adult education programmes",_T,Total,F05T07,"Science, technology, engineering and mathematics",_T,Total,A,Annual,_Z,Not applicable,_Z,Not applicable,INST_EDU,All educational institutions,_T,Total,PT_ST,Percentage of students,_T,Total,_T,Total,2015,,21.1403020277132,,,,,,,,,,A,Normal value,,,,,2,Two,,,0,Units
DATAFLOW,OECD.EDU.IMEP:DSD_EAG_UOE_NON_FIN_STUD@DF_UOE_NF_DIST_FIELD(1.0),"Distribution of enrolled students, new entrants and graduates by field of education",I,SVK,Slovak Republic,ISCED11_5T8,Tertiary education,GRAD,Graduates,FE,"Formal education, includes formal initial and formal adult education programmes",_T,Total,F05T07,"Science, technology, engineering and mathematics",_T,Total,A,Annual,_Z,Not applicable,_Z,Not applicable,INST_EDU,All educational institutions,_T,Total,PT_ST,Percentage of students,_T,Total,_T,Total,2014,,20.5079010182192,,,,,,,,,,A,Normal value,,,,,2,Two,,,0,Units
DATAFLOW,OECD.EDU.IMEP:DSD_EAG_UOE_NON_FIN_STUD@DF_UOE_NF_DIST_FIELD(1.0),"Distribution of enrolled students, new entrants and graduates by field of education",I,SVK,Slovak Republic,ISCED11_5T8,Tertiary education,GRAD,Graduates,FE,"Formal education, includes formal initial and formal adult education programmes",_T,Total,F05T07,"Science, technology, engineering and mathematics",_T,Total,A,Annual,_Z,Not applicable,_Z,Not applicable,INST_EDU,All educational institutions,_T,Total,PT_ST,Percentage of students,_T,Total,_T,Total,2013,,20.669417829247,,,,,,,,,,A,Normal value,,,,,2,Two,,,0,Units
DATAFLOW,OECD.EDU.IMEP:DSD_EAG_UOE_NON_FIN_STUD@DF_UOE_NF_DIST_FIELD(1.0),"Distribution of enrolled students, new entrants and graduates by field of education",I,POL,Poland,ISCED11_5T8,Tertiary education,GRAD,Graduates,FE,"Formal education, includes formal initial and formal adult education programmes",_T,Total,F05T07,"Science, technology, engineering and mathematics",_T,Total,A,Annual,_Z,Not applicable,_Z,Not applicable,INST_EDU,All educational institutions,_T,Total,PT_ST,Percentage of students,_T,Total,_T,Total,2024,,19.1539595666818,,,,,,,,,,A,Normal value,,,,,2,Two,,,0,Units
DATAFLOW,OECD.EDU.IMEP:DSD_EAG_UOE_NON_FIN_STUD@DF_UOE_NF_DIST_FIELD(1.0),"Distribution of enrolled students, new entrants and graduates by field of education",I,POL,Poland,ISCED11_5T8,Tertiary education,GRAD,Graduates,FE,"Formal education, includes formal initial and formal adult education programmes",_T,Total,F05T07,"Science, technology, engineering and mathematics",_T,Total,A,Annual,_Z,Not applicable,_Z,Not applicable,INST_EDU,All educational institutions,_T,Total,PT_ST,Percentage of students,_T,Total,_T,Total,2023,,19.4939651047087,,,,,,,,,,A,Normal value,,,,,2,Two,,,0,Units
DATAFLOW,OECD.EDU.IMEP:DSD_EAG_UOE_NON_FIN_STUD@DF_UOE_NF_DIST_FIELD(1.0),"Distribution of enrolled students, new entrants and graduates by field of education",I,POL,Poland,ISCED11_5T8,Tertiary education,GRAD,Graduates,FE,"Formal education, includes formal initial and formal adult education programmes",_T,Total,F05T07,"Science, technology, engineering and mathematics",_T,Total,A,Annual,_Z,Not applicable,_Z,Not applicable,INST_EDU,All educational institutions,_T,Total,PT_ST,Percentage of students,_T,Total,_T,Total,2022,,19.7707386659818,,,,,,,,,,A,Normal value,,,,,2,Two,,,0,Units
DATAFLOW,OECD.EDU.IMEP:DSD_EAG_UOE_NON_FIN_STUD@DF_UOE_NF_DIST_FIELD(1.0),"Distribution of enrolled students, new entrants and graduates by field of education",I,POL,Poland,ISCED11_5T8,Tertiary education,GRAD,Graduates,FE,"Formal education, includes formal initial and formal adult education programmes",_T,Total,F05T07,"Science, technology, engineering and mathematics",_T,Total,A,Annual,_Z,Not applicable,_Z,Not applicable,INST_EDU,All educational institutions,_T,Total,PT_ST,Percentage of students,_T,Total,_T,Total,2021,,20.0005550313593,,,,,,,,,,A,Normal value,,,,,2,Two,,,0,Units
DATAFLOW,OECD.EDU.IMEP:DSD_EAG_UOE_NON_FIN_STUD@DF_UOE_NF_DIST_FIELD(1.0),"Distribution of enrolled students, new entrants and graduates by field of education",I,POL,Poland,ISCED11_5T8,Tertiary education,GRAD,Graduates,FE,"Formal education, includes formal initial and formal adult education programmes",_T,Total,F05T07,"Science, technology, engineering and mathematics",_T,Total,A,Annual,_Z,Not applicable,_Z,Not applicable,INST_EDU,All educational institutions,_T,Total,PT_ST,Percentage of students,_T,Total,_T,Total,2020,,19.8045304400539,,,,,,,,,,A,Normal value,,,,,2,Two,,,0,Units
DATAFLOW,OECD.EDU.IMEP:DSD_EAG_UOE_NON_FIN_STUD@DF_UOE_NF_DIST_FIELD(1.0),"Distribution of enrolled students, new entrants and graduates by field of education",I,POL,Poland,ISCED11_5T8,Tertiary education,GRAD,Graduates,FE,"Formal education, includes formal initial and formal adult education programmes",_T,Total,F05T07,"Science, technology, engineering and mathematics",_T,Total,A,Annual,_Z,Not applicable,_Z,Not applicable,INST_EDU,All educational institutions,_T,Total,PT_ST,Percentage of students,_T,Total,_T,Total,2019,,20.93412454994,,,,,,,,,,A,Normal value,,,,,2,Two,,,0,Units
DATAFLOW,OECD.EDU.IMEP:DSD_EAG_UOE_NON_FIN_STUD@DF_UOE_NF_DIST_FIELD(1.0),"Distribution of enrolled students, new entrants and graduates by field of education",I,POL,Poland,ISCED11_5T8,Tertiary education,GRAD,Graduates,FE,"Formal education, includes formal initial and formal adult education programmes",_T,Total,F05T07,"Science, technology, engineering and mathematics",_T,Total,A,Annual,_Z,Not applicable,_Z,Not applicable,INST_EDU,All educational institutions,_T,Total,PT_ST,Percentage of students,_T,Total,_T,Total,2018,,21.7076089251777,,,,,,,,,,A,Normal value,,,,,2,Two,,,0,Units
DATAFLOW,OECD.EDU.IMEP:DSD_EAG_UOE_NON_FIN_STUD@DF_UOE_NF_DIST_FIELD(1.0),"Distribution of enrolled students, new entrants and graduates by field of education",I,POL,Poland,ISCED11_5T8,Tertiary education,GRAD,Graduates,FE,"Formal education, includes formal initial and formal adult education programmes",_T,Total,F05T07,"Science, technology, engineering and mathematics",_T,Total,A,Annual,_Z,Not applicable,_Z,Not applicable,INST_EDU,All educational institutions,_T,Total,PT_ST,Percentage of students,_T,Total,_T,Total,2017,,22.9682129254018,,,,,,,,,,A,Normal value,,,,,2,Two,,,0,Units
DATAFLOW,OECD.EDU.IMEP:DSD_EAG_UOE_NON_FIN_STUD@DF_UOE_NF_DIST_FIELD(1.0),"Distribution of enrolled students, new entrants and graduates by field of education",I,POL,Poland,ISCED11_5T8,Tertiary education,GRAD,Graduates,FE,"Formal education, includes formal initial and formal adult education programmes",_T,Total,F05T07,"Science, technology, engineering and mathematics",_T,Total,A,Annual,_Z,Not applicable,_Z,Not applicable,INST_EDU,All educational institutions,_T,Total,PT_ST,Percentage of students,_T,Total,_T,Total,2016,,22.8605474406146,,,,,,,,,,A,Normal value,,,,,2,Two,,,0,Units
DATAFLOW,OECD.EDU.IMEP:DSD_EAG_UOE_NON_FIN_STUD@DF_UOE_NF_DIST_FIELD(1.0),"Distribution of enrolled students, new entrants and graduates by field of education",I,POL,Poland,ISCED11_5T8,Tertiary education,GRAD,Graduates,FE,"Formal education, includes formal initial and formal adult education programmes",_T,Total,F05T07,"Science, technology, engineering and mathematics",_T,Total,A,Annual,_Z,Not applicable,_Z,Not applicable,INST_EDU,All educational institutions,_T,Total,PT_ST,Percentage of students,_T,Total,_T,Total,2015,,22.2674509758378,,,,,,,,,,A,Normal value,,,,,2,Two,,,0,Units
DATAFLOW,OECD.EDU.IMEP:DSD_EAG_UOE_NON_FIN_STUD@DF_UOE_NF_DIST_FIELD(1.0),"Distribution of enrolled students, new entrants and graduates by field of education",I,POL,Poland,ISCED11_5T8,Tertiary education,GRAD,Graduates,FE,"Formal education, includes formal initial and formal adult education programmes",_T,Total,F05T07,"Science, technology, engineering and mathematics",_T,Total,A,Annual,_Z,Not applicable,_Z,Not applicable,INST_EDU,All educational institutions,_T,Total,PT_ST,Percentage of students,_T,Total,_T,Total,2014,,23.9736918032234,,,,,,,,,,A,Normal value,,,,,2,Two,,,0,Units
DATAFLOW,OECD.EDU.IMEP:DSD_EAG_UOE_NON_FIN_STUD@DF_UOE_NF_DIST_FIELD(1.0),"Distribution of enrolled students, new entrants and graduates by field of education",I,POL,Poland,ISCED11_5T8,Tertiary education,GRAD,Graduates,FE,"Formal education, includes formal initial and formal adult education programmes",_T,Total,F05T07,"Science, technology, engineering and mathematics",_T,Total,A,Annual,_Z,Not applicable,_Z,Not applicable,INST_EDU,All educational institutions,_T,Total,PT_ST,Percentage of students,_T,Total,_T,Total,2013,,,,,,,,,,,,O,Missing value,,,,,2,Two,,,0,Units
DATAFLOW,OECD.EDU.IMEP:DSD_EAG_UOE_NON_FIN_STUD@DF_UOE_NF_DIST_FIELD(1.0),"Distribution of enrolled students, new entrants and graduates by field of education",I,SVN,Slovenia,ISCED11_5T8,Tertiary education,GRAD,Graduates,FE,"Formal education, includes formal initial and formal adult education programmes",_T,Total,F05T07,"Science, technology, engineering and mathematics",_T,Total,A,Annual,_Z,Not applicable,_Z,Not applicable,INST_EDU,All educational institutions,_T,Total,PT_ST,Percentage of students,_T,Total,_T,Total,2024,,28.2535020334388,,,,,,,,,,A,Normal value,,,,,2,Two,,,0,Units
DATAFLOW,OECD.EDU.IMEP:DSD_EAG_UOE_NON_FIN_STUD@DF_UOE_NF_DIST_FIELD(1.0),"Distribution of enrolled students, new entrants and graduates by field of education",I,SVN,Slovenia,ISCED11_5T8,Tertiary education,GRAD,Graduates,FE,"Formal education, includes formal initial and formal adult education programmes",_T,Total,F05T07,"Science, technology, engineering and mathematics",_T,Total,A,Annual,_Z,Not applicable,_Z,Not applicable,INST_EDU,All educational institutions,_T,Total,PT_ST,Percentage of students,_T,Total,_T,Total,2023,,29.9837633050695,,,,,,,,,,A,Normal value,,,,,2,Two,,,0,Units
DATAFLOW,OECD.EDU.IMEP:DSD_EAG_UOE_NON_FIN_STUD@DF_UOE_NF_DIST_FIELD(1.0),"Distribution of enrolled students, new entrants and graduates by field of education",I,SVN,Slovenia,ISCED11_5T8,Tertiary education,GRAD,Graduates,FE,"Formal education, includes formal initial and formal adult education programmes",_T,Total,F05T07,"Science, technology, engineering and mathematics",_T,Total,A,Annual,_Z,Not applicable,_Z,Not applicable,INST_EDU,All educational institutions,_T,Total,PT_ST,Percentage of students,_T,Total,_T,Total,2022,,29.5295139966483,,,,,,,,,,A,Normal value,,,,,2,Two,,,0,Units
DATAFLOW,OECD.EDU.IMEP:DSD_EAG_UOE_NON_FIN_STUD@DF_UOE_NF_DIST_FIELD(1.0),"Distribution of enrolled students, new entrants and graduates by field of education",I,SVN,Slovenia,ISCED11_5T8,Tertiary education,GRAD,Graduates,FE,"Formal education, includes formal initial and formal adult education programmes",_T,Total,F05T07,"Science, technology, engineering and mathematics",_T,Total,A,Annual,_Z,Not applicable,_Z,Not applicable,INST_EDU,All educational institutions,_T,Total,PT_ST,Percentage of students,_T,Total,_T,Total,2021,,28.1401908419852,,,,,,,,,,A,Normal value,,,,,2,Two,,,0,Units
DATAFLOW,OECD.EDU.IMEP:DSD_EAG_UOE_NON_FIN_STUD@DF_UOE_NF_DIST_FIELD(1.0),"Distribution of enrolled students, new entrants and graduates by field of education",I,SVN,Slovenia,ISCED11_5T8,Tertiary education,GRAD,Graduates,FE,"Formal education, includes formal initial and formal adult education programmes",_T,Total,F05T07,"Science, technology, engineering and mathematics",_T,Total,A,Annual,_Z,Not applicable,_Z,Not applicable,INST_EDU,All educational institutions,_T,Total,PT_ST,Percentage of students,_T,Total,_T,Total,2020,,28.6433458112818,,,,,,,,,,A,Normal value,,,,,2,Two,,,0,Units
DATAFLOW,OECD.EDU.IMEP:DSD_EAG_UOE_NON_FIN_STUD@DF_UOE_NF_DIST_FIELD(1.0),"Distribution of enrolled students, new entrants and graduates by field of education",I,SVN,Slovenia,ISCED11_5T8,Tertiary education,GRAD,Graduates,FE,"Formal education, includes formal initial and formal adult education programmes",_T,Total,F05T07,"Science, technology, engineering and mathematics",_T,Total,A,Annual,_Z,Not applicable,_Z,Not applicable,INST_EDU,All educational institutions,_T,Total,PT_ST,Percentage of students,_T,Total,_T,Total,2019,,27.9689440993789,,,,,,,,,,A,Normal value,,,,,2,Two,,,0,Units
DATAFLOW,OECD.EDU.IMEP:DSD_EAG_UOE_NON_FIN_STUD@DF_UOE_NF_DIST_FIELD(1.0),"Distribution of enrolled students, new entrants and graduates by field of education",I,SVN,Slovenia,ISCED11_5T8,Tertiary education,GRAD,Graduates,FE,"Formal education, includes formal initial and formal adult education programmes",_T,Total,F05T07,"Science, technology, engineering and mathematics",_T,Total,A,Annual,_Z,Not applicable,_Z,Not applicable,INST_EDU,All educational institutions,_T,Total,PT_ST,Percentage of students,_T,Total,_T,Total,2018,,27.2302158273381,,,,,,,,,,A,Normal value,,,,,2,Two,,,0,Units
DATAFLOW,OECD.EDU.IMEP:DSD_EAG_UOE_NON_FIN_STUD@DF_UOE_NF_DIST_FIELD(1.0),"Distribution of enrolled students, new entrants and graduates by field of education",I,SVN,Slovenia,ISCED11_5T8,Tertiary education,GRAD,Graduates,FE,"Formal education, includes formal initial and formal adult education programmes",_T,Total,F05T07,"Science, technology, engineering and mathematics",_T,Total,A,Annual,_Z,Not applicable,_Z,Not applicable,INST_EDU,All educational institutions,_T,Total,PT_ST,Percentage of students,_T,Total,_T,Total,2017,,26.613197229311,,,,,,,,,,A,Normal value,,,,,2,Two,,,0,Units
DATAFLOW,OECD.EDU.IMEP:DSD_EAG_UOE_NON_FIN_STUD@DF_UOE_NF_DIST_FIELD(1.0),"Distribution of enrolled students, new entrants and graduates by field of education",I,SVN,Slovenia,ISCED11_5T8,Tertiary education,GRAD,Graduates,FE,"Formal education, includes formal initial and formal adult education programmes",_T,Total,F05T07,"Science, technology, engineering and mathematics",_T,Total,A,Annual,_Z,Not applicable,_Z,Not applicable,INST_EDU,All educational institutions,_T,Total,PT_ST,Percentage of students,_T,Total,_T,Total,2016,,25.0234120192463,,,,,,,,,,A,Normal value,,,,,2,Two,,,0,Units
DATAFLOW,OECD.EDU.IMEP:DSD_EAG_UOE_NON_FIN_STUD@DF_UOE_NF_DIST_FIELD(1.0),"Distribution of enrolled students, new entrants and graduates by field of education",I,SVN,Slovenia,ISCED11_5T8,Tertiary education,GRAD,Graduates,FE,"Formal education, includes formal initial and formal adult education programmes",_T,Total,F05T07,"Science, technology, engineering and mathematics",_T,Total,A,Annual,_Z,Not applicable,_Z,Not applicable,INST_EDU,All educational institutions,_T,Total,PT_ST,Percentage of students,_T,Total,_T,Total,2015,,25.6507970586657,,,,,,,,,,A,Normal value,,,,,2,Two,,,0,Units
DATAFLOW,OECD.EDU.IMEP:DSD_EAG_UOE_NON_FIN_STUD@DF_UOE_NF_DIST_FIELD(1.0),"Distribution of enrolled students, new entrants and graduates by field of education",I,SVN,Slovenia,ISCED11_5T8,Tertiary education,GRAD,Graduates,FE,"Formal education, includes formal initial and formal adult education programmes",_T,Total,F05T07,"Science, technology, engineering and mathematics",_T,Total,A,Annual,_Z,Not applicable,_Z,Not applicable,INST_EDU,All educational institutions,_T,Total,PT_ST,Percentage of students,_T,Total,_T,Total,2014,,26.1899702507437,,,,,,,,,,A,Normal value,,,,,2,Two,,,0,Units
DATAFLOW,OECD.EDU.IMEP:DSD_EAG_UOE_NON_FIN_STUD@DF_UOE_NF_DIST_FIELD(1.0),"Distribution of enrolled students, new entrants and graduates by field of education",I,SVN,Slovenia,ISCED11_5T8,Tertiary education,GRAD,Graduates,FE,"Formal education, includes formal initial and formal adult education programmes",_T,Total,F05T07,"Science, technology, engineering and mathematics",_T,Total,A,Annual,_Z,Not applicable,_Z,Not applicable,INST_EDU,All educational institutions,_T,Total,PT_ST,Percentage of students,_T,Total,_T,Total,2013,,26.4563233376793,,,,,,,,,,A,Normal value,,,,,2,Two,,,0,Units
DATAFLOW,OECD.EDU.IMEP:DSD_EAG_UOE_NON_FIN_STUD@DF_UOE_NF_DIST_FIELD(1.0),"Distribution of enrolled students, new entrants and graduates by field of education",I,CHL,Chile,ISCED11_5T8,Tertiary education,GRAD,Graduates,FE,"Formal education, includes formal initial and formal adult education programmes",_T,Total,F05T07,"Science, technology, engineering and mathematics",_T,Total,A,Annual,_Z,Not applicable,_Z,Not applicable,INST_EDU,All educational institutions,_T,Total,PT_ST,Percentage of students,_T,Total,_T,Total,2024,,22.6300290395393,,,,,,,,,,A,Normal value,,,,,2,Two,,,0,Units
DATAFLOW,OECD.EDU.IMEP:DSD_EAG_UOE_NON_FIN_STUD@DF_UOE_NF_DIST_FIELD(1.0),"Distribution of enrolled students, new entrants and graduates by field of education",I,CHL,Chile,ISCED11_5T8,Tertiary education,GRAD,Graduates,FE,"Formal education, includes formal initial and formal adult education programmes",_T,Total,F05T07,"Science, technology, engineering and mathematics",_T,Total,A,Annual,_Z,Not applicable,_Z,Not applicable,INST_EDU,All educational institutions,_T,Total,PT_ST,Percentage of students,_T,Total,_T,Total,2023,,22.3227332499997,,,,,,,,,,A,Normal value,,,,,2,Two,,,0,Units
DATAFLOW,OECD.EDU.IMEP:DSD_EAG_UOE_NON_FIN_STUD@DF_UOE_NF_DIST_FIELD(1.0),"Distribution of enrolled students, new entrants and graduates by field of education",I,CHL,Chile,ISCED11_5T8,Tertiary education,GRAD,Graduates,FE,"Formal education, includes formal initial and formal adult education programmes",_T,Total,F05T07,"Science, technology, engineering and mathematics",_T,Total,A,Annual,_Z,Not applicable,_Z,Not applicable,INST_EDU,All educational institutions,_T,Total,PT_ST,Percentage of students,_T,Total,_T,Total,2022,,21.3828028850282,,,,,,,,,,A,Normal value,,,,,2,Two,,,0,Units
DATAFLOW,OECD.EDU.IMEP:DSD_EAG_UOE_NON_FIN_STUD@DF_UOE_NF_DIST_FIELD(1.0),"Distribution of enrolled students, new entrants and graduates by field of education",I,CHL,Chile,ISCED11_5T8,Tertiary education,GRAD,Graduates,FE,"Formal education, includes formal initial and formal adult education programmes",_T,Total,F05T07,"Science, technology, engineering and mathematics",_T,Total,A,Annual,_Z,Not applicable,_Z,Not applicable,INST_EDU,All educational institutions,_T,Total,PT_ST,Percentage of students,_T,Total,_T,Total,2021,,20.5056053242846,,,,,,,,,,A,Normal value,,,,,2,Two,,,0,Units
DATAFLOW,OECD.EDU.IMEP:DSD_EAG_UOE_NON_FIN_STUD@DF_UOE_NF_DIST_FIELD(1.0),"Distribution of enrolled students, new entrants and graduates by field of education",I,CHL,Chile,ISCED11_5T8,Tertiary education,GRAD,Graduates,FE,"Formal education, includes formal initial and formal adult education programmes",_T,Total,F05T07,"Science, technology, engineering and mathematics",_T,Total,A,Annual,_Z,Not applicable,_Z,Not applicable,INST_EDU,All educational institutions,_T,Total,PT_ST,Percentage of students,_T,Total,_T,Total,2020,,21.4097374573845,,,,,,,,,,A,Normal value,,,,,2,Two,,,0,Units
DATAFLOW,OECD.EDU.IMEP:DSD_EAG_UOE_NON_FIN_STUD@DF_UOE_NF_DIST_FIELD(1.0),"Distribution of enrolled students, new entrants and graduates by field of education",I,CHL,Chile,ISCED11_5T8,Tertiary education,GRAD,Graduates,FE,"Formal education, includes formal initial and formal adult education programmes",_T,Total,F05T07,"Science, technology, engineering and mathematics",_T,Total,A,Annual,_Z,Not applicable,_Z,Not applicable,INST_EDU,All educational institutions,_T,Total,PT_ST,Percentage of students,_T,Total,_T,Total,2019,,20.5681135302547,,,,,,,,,,A,Normal value,,,,,2,Two,,,0,Units
DATAFLOW,OECD.EDU.IMEP:DSD_EAG_UOE_NON_FIN_STUD@DF_UOE_NF_DIST_FIELD(1.0),"Distribution of enrolled students, new entrants and graduates by field of education",I,CHL,Chile,ISCED11_5T8,Tertiary education,GRAD,Graduates,FE,"Formal education, includes formal initial and formal adult education programmes",_T,Total,F05T07,"Science, technology, engineering and mathematics",_T,Total,A,Annual,_Z,Not applicable,_Z,Not applicable,INST_EDU,All educational institutions,_T,Total,PT_ST,Percentage of students,_T,Total,_T,Total,2018,,20.9461713608954,,,,,,,,,,A,Normal value,,,,,2,Two,,,0,Units
DATAFLOW,OECD.EDU.IMEP:DSD_EAG_UOE_NON_FIN_STUD@DF_UOE_NF_DIST_FIELD(1.0),"Distribution of enrolled students, new entrants and graduates by field of education",I,CHL,Chile,ISCED11_5T8,Tertiary education,GRAD,Graduates,FE,"Formal education, includes formal initial and formal adult education programmes",_T,Total,F05T07,"Science, technology, engineering and mathematics",_T,Total,A,Annual,_Z,Not applicable,_Z,Not applicable,INST_EDU,All educational institutions,_T,Total,PT_ST,Percentage of students,_T,Total,_T,Total,2017,,20.4653415639606,,,,,,,,,,A,Normal value,,,,,2,Two,,,0,Units
DATAFLOW,OECD.EDU.IMEP:DSD_EAG_UOE_NON_FIN_STUD@DF_UOE_NF_DIST_FIELD(1.0),"Distribution of enrolled students, new entrants and graduates by field of education",I,CHL,Chile,ISCED11_5T8,Tertiary education,GRAD,Graduates,FE,"Formal education, includes formal initial and formal adult education programmes",_T,Total,F05T07,"Science, technology, engineering and mathematics",_T,Total,A,Annual,_Z,Not applicable,_Z,Not applicable,INST_EDU,All educational institutions,_T,Total,PT_ST,Percentage of students,_T,Total,_T,Total,2016,,19.904027184644,,,,,,,,,,A,Normal value,,,,,2,Two,,,0,Units
DATAFLOW,OECD.EDU.IMEP:DSD_EAG_UOE_NON_FIN_STUD@DF_UOE_NF_DIST_FIELD(1.0),"Distribution of enrolled students, new entrants and graduates by field of education",I,CHL,Chile,ISCED11_5T8,Tertiary education,GRAD,Graduates,FE,"Formal education, includes formal initial and formal adult education programmes",_T,Total,F05T07,"Science, technology, engineering and mathematics",_T,Total,A,Annual,_Z,Not applicable,_Z,Not applicable,INST_EDU,All educational institutions,_T,Total,PT_ST,Percentage of students,_T,Total,_T,Total,2015,,20.1032551517328,,,,,,,,,,A,Normal value,,,,,2,Two,,,0,Units
DATAFLOW,OECD.EDU.IMEP:DSD_EAG_UOE_NON_FIN_STUD@DF_UOE_NF_DIST_FIELD(1.0),"Distribution of enrolled students, new entrants and graduates by field of education",I,CHL,Chile,ISCED11_5T8,Tertiary education,GRAD,Graduates,FE,"Formal education, includes formal initial and formal adult education programmes",_T,Total,F05T07,"Science, technology, engineering and mathematics",_T,Total,A,Annual,_Z,Not applicable,_Z,Not applicable,INST_EDU,All educational institutions,_T,Total,PT_ST,Percentage of students,_T,Total,_T,Total,2014,,19.9736494699375,,,,,,,,,,A,Normal value,,,,,2,Two,,,0,Units
DATAFLOW,OECD.EDU.IMEP:DSD_EAG_UOE_NON_FIN_STUD@DF_UOE_NF_DIST_FIELD(1.0),"Distribution of enrolled students, new entrants and graduates by field of education",I,CHL,Chile,ISCED11_5T8,Tertiary education,GRAD,Graduates,FE,"Formal education, includes formal initial and formal adult education programmes",_T,Total,F05T07,"Science, technology, engineering and mathematics",_T,Total,A,Annual,_Z,Not applicable,_Z,Not applicable,INST_EDU,All educational institutions,_T,Total,PT_ST,Percentage of students,_T,Total,_T,Total,2013,,19.2696569701234,,,,,,,,,,A,Normal value,,,,,2,Two,,,0,Units
DATAFLOW,OECD.EDU.IMEP:DSD_EAG_UOE_NON_FIN_STUD@DF_UOE_NF_DIST_FIELD(1.0),"Distribution of enrolled students, new entrants and graduates by field of education",I,BEL,Belgium,ISCED11_5T8,Tertiary education,GRAD,Graduates,FE,"Formal education, includes formal initial and formal adult education programmes",_T,Total,F05T07,"Science, technology, engineering and mathematics",_T,Total,A,Annual,_Z,Not applicable,_Z,Not applicable,INST_EDU,All educational institutions,_T,Total,PT_ST,Percentage of students,_T,Total,_T,Total,2024,,19.7551812858113,,,,,,,,,,A,Normal value,,,,,2,Two,,,0,Units
DATAFLOW,OECD.EDU.IMEP:DSD_EAG_UOE_NON_FIN_STUD@DF_UOE_NF_DIST_FIELD(1.0),"Distribution of enrolled students, new entrants and graduates by field of education",I,BEL,Belgium,ISCED11_5T8,Tertiary education,GRAD,Graduates,FE,"Formal education, includes formal initial and formal adult education programmes",_T,Total,F05T07,"Science, technology, engineering and mathematics",_T,Total,A,Annual,_Z,Not applicable,_Z,Not applicable,INST_EDU,All educational institutions,_T,Total,PT_ST,Percentage of students,_T,Total,_T,Total,2023,,19.402189479044,,,,,,,,,,A,Normal value,,,,,2,Two,,,0,Units
DATAFLOW,OECD.EDU.IMEP:DSD_EAG_UOE_NON_FIN_STUD@DF_UOE_NF_DIST_FIELD(1.0),"Distribution of enrolled students, new entrants and graduates by field of education",I,BEL,Belgium,ISCED11_5T8,Tertiary education,GRAD,Graduates,FE,"Formal education, includes formal initial and formal adult education programmes",_T,Total,F05T07,"Science, technology, engineering and mathematics",_T,Total,A,Annual,_Z,Not applicable,_Z,Not applicable,INST_EDU,All educational institutions,_T,Total,PT_ST,Percentage of students,_T,Total,_T,Total,2022,,18.8179425563566,,,,,,,,,,A,Normal value,,,,,2,Two,,,0,Units
DATAFLOW,OECD.EDU.IMEP:DSD_EAG_UOE_NON_FIN_STUD@DF_UOE_NF_DIST_FIELD(1.0),"Distribution of enrolled students, new entrants and graduates by field of education",I,BEL,Belgium,ISCED11_5T8,Tertiary education,GRAD,Graduates,FE,"Formal education, includes formal initial and formal adult education programmes",_T,Total,F05T07,"Science, technology, engineering and mathematics",_T,Total,A,Annual,_Z,Not applicable,_Z,Not applicable,INST_EDU,All educational institutions,_T,Total,PT_ST,Percentage of students,_T,Total,_T,Total,2021,,18.614697758078,,,,,,,,,,A,Normal value,,,,,2,Two,,,0,Units
DATAFLOW,OECD.EDU.IMEP:DSD_EAG_UOE_NON_FIN_STUD@DF_UOE_NF_DIST_FIELD(1.0),"Distribution of enrolled students, new entrants and graduates by field of education",I,BEL,Belgium,ISCED11_5T8,Tertiary education,GRAD,Graduates,FE,"Formal education, includes formal initial and formal adult education programmes",_T,Total,F05T07,"Science, technology, engineering and mathematics",_T,Total,A,Annual,_Z,Not applicable,_Z,Not applicable,INST_EDU,All educational institutions,_T,Total,PT_ST,Percentage of students,_T,Total,_T,Total,2020,,18.1118334229434,,,,,,,,,,A,Normal value,,,,,2,Two,,,0,Units
DATAFLOW,OECD.EDU.IMEP:DSD_EAG_UOE_NON_FIN_STUD@DF_UOE_NF_DIST_FIELD(1.0),"Distribution of enrolled students, new entrants and graduates by field of education",I,BEL,Belgium,ISCED11_5T8,Tertiary education,GRAD,Graduates,FE,"Formal education, includes formal initial and formal adult education programmes",_T,Total,F05T07,"Science, technology, engineering and mathematics",_T,Total,A,Annual,_Z,Not applicable,_Z,Not applicable,INST_EDU,All educational institutions,_T,Total,PT_ST,Percentage of students,_T,Total,_T,Total,2019,,18.3693992667965,,,,,,,,,,A,Normal value,,,,,2,Two,,,0,Units
DATAFLOW,OECD.EDU.IMEP:DSD_EAG_UOE_NON_FIN_STUD@DF_UOE_NF_DIST_FIELD(1.0),"Distribution of enrolled students, new entrants and graduates by field of education",I,BEL,Belgium,ISCED11_5T8,Tertiary education,GRAD,Graduates,FE,"Formal education, includes formal initial and formal adult education programmes",_T,Total,F05T07,"Science, technology, engineering and mathematics",_T,Total,A,Annual,_Z,Not applicable,_Z,Not applicable,INST_EDU,All educational institutions,_T,Total,PT_ST,Percentage of students,_T,Total,_T,Total,2018,,17.5493581230633,,,,,,,,,,A,Normal value,,,,,2,Two,,,0,Units
DATAFLOW,OECD.EDU.IMEP:DSD_EAG_UOE_NON_FIN_STUD@DF_UOE_NF_DIST_FIELD(1.0),"Distribution of enrolled students, new entrants and graduates by field of education",I,BEL,Belgium,ISCED11_5T8,Tertiary education,GRAD,Graduates,FE,"Formal education, includes formal initial and formal adult education programmes",_T,Total,F05T07,"Science, technology, engineering and mathematics",_T,Total,A,Annual,_Z,Not applicable,_Z,Not applicable,INST_EDU,All educational institutions,_T,Total,PT_ST,Percentage of students,_T,Total,_T,Total,2017,,17.3408125593649,,,,,,,,,,A,Normal value,,,,,2,Two,,,0,Units
DATAFLOW,OECD.EDU.IMEP:DSD_EAG_UOE_NON_FIN_STUD@DF_UOE_NF_DIST_FIELD(1.0),"Distribution of enrolled students, new entrants and graduates by field of education",I,BEL,Belgium,ISCED11_5T8,Tertiary education,GRAD,Graduates,FE,"Formal education, includes formal initial and formal adult education programmes",_T,Total,F05T07,"Science, technology, engineering and mathematics",_T,Total,A,Annual,_Z,Not applicable,_Z,Not applicable,INST_EDU,All educational institutions,_T,Total,PT_ST,Percentage of students,_T,Total,_T,Total,2016,,17.555424996976,,,,,,,,,,A,Normal value,,,,,2,Two,,,0,Units
DATAFLOW,OECD.EDU.IMEP:DSD_EAG_UOE_NON_FIN_STUD@DF_UOE_NF_DIST_FIELD(1.0),"Distribution of enrolled students, new entrants and graduates by field of education",I,BEL,Belgium,ISCED11_5T8,Tertiary education,GRAD,Graduates,FE,"Formal education, includes formal initial and formal adult education programmes",_T,Total,F05T07,"Science, technology, engineering and mathematics",_T,Total,A,Annual,_Z,Not applicable,_Z,Not applicable,INST_EDU,All educational institutions,_T,Total,PT_ST,Percentage of students,_T,Total,_T,Total,2015,,,,,,,,,,,,O,Missing value,,,,,2,Two,,,0,Units
DATAFLOW,OECD.EDU.IMEP:DSD_EAG_UOE_NON_FIN_STUD@DF_UOE_NF_DIST_FIELD(1.0),"Distribution of enrolled students, new entrants and graduates by field of education",I,BEL,Belgium,ISCED11_5T8,Tertiary education,GRAD,Graduates,FE,"Formal education, includes formal initial and formal adult education programmes",_T,Total,F05T07,"Science, technology, engineering and mathematics",_T,Total,A,Annual,_Z,Not applicable,_Z,Not applicable,INST_EDU,All educational institutions,_T,Total,PT_ST,Percentage of students,_T,Total,_T,Total,2014,,,,,,,,,,,,O,Missing value,,,,,2,Two,,,0,Units
DATAFLOW,OECD.EDU.IMEP:DSD_EAG_UOE_NON_FIN_STUD@DF_UOE_NF_DIST_FIELD(1.0),"Distribution of enrolled students, new entrants and graduates by field of education",I,BEL,Belgium,ISCED11_5T8,Tertiary education,GRAD,Graduates,FE,"Formal education, includes formal initial and formal adult education programmes",_T,Total,F05T07,"Science, technology, engineering and mathematics",_T,Total,A,Annual,_Z,Not applicable,_Z,Not applicable,INST_EDU,All educational institutions,_T,Total,PT_ST,Percentage of students,_T,Total,_T,Total,2013,,17.7905966172271,,,,,,,,,,A,Normal value,,,,,2,Two,,,0,Units
DATAFLOW,OECD.EDU.IMEP:DSD_EAG_UOE_NON_FIN_STUD@DF_UOE_NF_DIST_FIELD(1.0),"Distribution of enrolled students, new entrants and graduates by field of education",I,PER,Peru,ISCED11_5T8,Tertiary education,GRAD,Graduates,FE,"Formal education, includes formal initial and formal adult education programmes",_T,Total,F05T07,"Science, technology, engineering and mathematics",_T,Total,A,Annual,_Z,Not applicable,_Z,Not applicable,INST_EDU,All educational institutions,_T,Total,PT_ST,Percentage of students,_T,Total,_T,Total,2023,,,,,,,,,,,,O,Missing value,,,,,2,Two,,,0,Units
DATAFLOW,OECD.EDU.IMEP:DSD_EAG_UOE_NON_FIN_STUD@DF_UOE_NF_DIST_FIELD(1.0),"Distribution of enrolled students, new entrants and graduates by field of education",I,PER,Peru,ISCED11_5T8,Tertiary education,GRAD,Graduates,FE,"Formal education, includes formal initial and formal adult education programmes",_T,Total,F05T07,"Science, technology, engineering and mathematics",_T,Total,A,Annual,_Z,Not applicable,_Z,Not applicable,INST_EDU,All educational institutions,_T,Total,PT_ST,Percentage of students,_T,Total,_T,Total,2022,,,,,,,,,,,,O,Missing value,,,,,2,Two,,,0,Units
DATAFLOW,OECD.EDU.IMEP:DSD_EAG_UOE_NON_FIN_STUD@DF_UOE_NF_DIST_FIELD(1.0),"Distribution of enrolled students, new entrants and graduates by field of education",I,PER,Peru,ISCED11_5T8,Tertiary education,GRAD,Graduates,FE,"Formal education, includes formal initial and formal adult education programmes",_T,Total,F05T07,"Science, technology, engineering and mathematics",_T,Total,A,Annual,_Z,Not applicable,_Z,Not applicable,INST_EDU,All educational institutions,_T,Total,PT_ST,Percentage of students,_T,Total,_T,Total,2021,,,,,,,,,,,,O,Missing value,,,,,2,Two,,,0,Units
DATAFLOW,OECD.EDU.IMEP:DSD_EAG_UOE_NON_FIN_STUD@DF_UOE_NF_DIST_FIELD(1.0),"Distribution of enrolled students, new entrants and graduates by field of education",I,PER,Peru,ISCED11_5T8,Tertiary education,GRAD,Graduates,FE,"Formal education, includes formal initial and formal adult education programmes",_T,Total,F05T07,"Science, technology, engineering and mathematics",_T,Total,A,Annual,_Z,Not applicable,_Z,Not applicable,INST_EDU,All educational institutions,_T,Total,PT_ST,Percentage of students,_T,Total,_T,Total,2020,,,,,,,,,,,,O,Missing value,,,,,2,Two,,,0,Units
DATAFLOW,OECD.EDU.IMEP:DSD_EAG_UOE_NON_FIN_STUD@DF_UOE_NF_DIST_FIELD(1.0),"Distribution of enrolled students, new entrants and graduates by field of education",I,PER,Peru,ISCED11_5T8,Tertiary education,GRAD,Graduates,FE,"Formal education, includes formal initial and formal adult education programmes",_T,Total,F05T07,"Science, technology, engineering and mathematics",_T,Total,A,Annual,_Z,Not applicable,_Z,Not applicable,INST_EDU,All educational institutions,_T,Total,PT_ST,Percentage of students,_T,Total,_T,Total,2019,,,,,,,,,,,,O,Missing value,,,,,2,Two,,,0,Units
DATAFLOW,OECD.EDU.IMEP:DSD_EAG_UOE_NON_FIN_STUD@DF_UOE_NF_DIST_FIELD(1.0),"Distribution of enrolled students, new entrants and graduates by field of education",I,PER,Peru,ISCED11_5T8,Tertiary education,GRAD,Graduates,FE,"Formal education, includes formal initial and formal adult education programmes",_T,Total,F05T07,"Science, technology, engineering and mathematics",_T,Total,A,Annual,_Z,Not applicable,_Z,Not applicable,INST_EDU,All educational institutions,_T,Total,PT_ST,Percentage of students,_T,Total,_T,Total,2018,,,,,,,,,,,,O,Missing value,,,,,2,Two,,,0,Units
DATAFLOW,OECD.EDU.IMEP:DSD_EAG_UOE_NON_FIN_STUD@DF_UOE_NF_DIST_FIELD(1.0),"Distribution of enrolled students, new entrants and graduates by field of education",I,PER,Peru,ISCED11_5T8,Tertiary education,GRAD,Graduates,FE,"Formal education, includes formal initial and formal adult education programmes",_T,Total,F05T07,"Science, technology, engineering and mathematics",_T,Total,A,Annual,_Z,Not applicable,_Z,Not applicable,INST_EDU,All educational institutions,_T,Total,PT_ST,Percentage of students,_T,Total,_T,Total,2017,,22.8860038100117,,,,,,,,,,A,Normal value,,,,,2,Two,,,0,Units
DATAFLOW,OECD.EDU.IMEP:DSD_EAG_UOE_NON_FIN_STUD@DF_UOE_NF_DIST_FIELD(1.0),"Distribution of enrolled students, new entrants and graduates by field of education",I,PER,Peru,ISCED11_5T8,Tertiary education,GRAD,Graduates,FE,"Formal education, includes formal initial and formal adult education programmes",_T,Total,F05T07,"Science, technology, engineering and mathematics",_T,Total,A,Annual,_Z,Not applicable,_Z,Not applicable,INST_EDU,All educational institutions,_T,Total,PT_ST,Percentage of students,_T,Total,_T,Total,2016,,19.0482355426243,,,,,,,,,,A,Normal value,,,,,2,Two,,,0,Units
DATAFLOW,OECD.EDU.IMEP:DSD_EAG_UOE_NON_FIN_STUD@DF_UOE_NF_DIST_FIELD(1.0),"Distribution of enrolled students, new entrants and graduates by field of education",I,PER,Peru,ISCED11_5T8,Tertiary education,GRAD,Graduates,FE,"Formal education, includes formal initial and formal adult education programmes",_T,Total,F05T07,"Science, technology, engineering and mathematics",_T,Total,A,Annual,_Z,Not applicable,_Z,Not applicable,INST_EDU,All educational institutions,_T,Total,PT_ST,Percentage of students,_T,Total,_T,Total,2015,,,,,,,,,,,,O,Missing value,,,,,2,Two,,,0,Units
DATAFLOW,OECD.EDU.IMEP:DSD_EAG_UOE_NON_FIN_STUD@DF_UOE_NF_DIST_FIELD(1.0),"Distribution of enrolled students, new entrants and graduates by field of education",I,PER,Peru,ISCED11_5T8,Tertiary education,GRAD,Graduates,FE,"Formal education, includes formal initial and formal adult education programmes",_T,Total,F05T07,"Science, technology, engineering and mathematics",_T,Total,A,Annual,_Z,Not applicable,_Z,Not applicable,INST_EDU,All educational institutions,_T,Total,PT_ST,Percentage of students,_T,Total,_T,Total,2014,,,,,,,,,,,,O,Missing value,,,,,2,Two,,,0,Units
DATAFLOW,OECD.EDU.IMEP:DSD_EAG_UOE_NON_FIN_STUD@DF_UOE_NF_DIST_FIELD(1.0),"Distribution of enrolled students, new entrants and graduates by field of education",I,PER,Peru,ISCED11_5T8,Tertiary education,GRAD,Graduates,FE,"Formal education, includes formal initial and formal adult education programmes",_T,Total,F05T07,"Science, technology, engineering and mathematics",_T,Total,A,Annual,_Z,Not applicable,_Z,Not applicable,INST_EDU,All educational institutions,_T,Total,PT_ST,Percentage of students,_T,Total,_T,Total,2013,,,,,,,,,,,,O,Missing value,,,,,2,Two,,,0,Units
DATAFLOW,OECD.EDU.IMEP:DSD_EAG_UOE_NON_FIN_STUD@DF_UOE_NF_DIST_FIELD(1.0),"Distribution of enrolled students, new entrants and graduates by field of education",I,HUN,Hungary,ISCED11_5T8,Tertiary education,GRAD,Graduates,FE,"Formal education, includes formal initial and formal adult education programmes",_T,Total,F05T07,"Science, technology, engineering and mathematics",_T,Total,A,Annual,_Z,Not applicable,_Z,Not applicable,INST_EDU,All educational institutions,_T,Total,PT_ST,Percentage of students,_T,Total,_T,Total,2024,,22.1930089220292,,,,,,,,,,A,Normal value,,,,,2,Two,,,0,Units
DATAFLOW,OECD.EDU.IMEP:DSD_EAG_UOE_NON_FIN_STUD@DF_UOE_NF_DIST_FIELD(1.0),"Distribution of enrolled students, new entrants and graduates by field of education",I,HUN,Hungary,ISCED11_5T8,Tertiary education,GRAD,Graduates,FE,"Formal education, includes formal initial and formal adult education programmes",_T,Total,F05T07,"Science, technology, engineering and mathematics",_T,Total,A,Annual,_Z,Not applicable,_Z,Not applicable,INST_EDU,All educational institutions,_T,Total,PT_ST,Percentage of students,_T,Total,_T,Total,2023,,21.8748417160513,,,,,,,,,,A,Normal value,,,,,2,Two,,,0,Units
DATAFLOW,OECD.EDU.IMEP:DSD_EAG_UOE_NON_FIN_STUD@DF_UOE_NF_DIST_FIELD(1.0),"Distribution of enrolled students, new entrants and graduates by field of education",I,HUN,Hungary,ISCED11_5T8,Tertiary education,GRAD,Graduates,FE,"Formal education, includes formal initial and formal adult education programmes",_T,Total,F05T07,"Science, technology, engineering and mathematics",_T,Total,A,Annual,_Z,Not applicable,_Z,Not applicable,INST_EDU,All educational institutions,_T,Total,PT_ST,Percentage of students,_T,Total,_T,Total,2022,,24.195724016996,,,,,,,,,,A,Normal value,,,,,2,Two,,,0,Units
DATAFLOW,OECD.EDU.IMEP:DSD_EAG_UOE_NON_FIN_STUD@DF_UOE_NF_DIST_FIELD(1.0),"Distribution of enrolled students, new entrants and graduates by field of education",I,HUN,Hungary,ISCED11_5T8,Tertiary education,GRAD,Graduates,FE,"Formal education, includes formal initial and formal adult education programmes",_T,Total,F05T07,"Science, technology, engineering and mathematics",_T,Total,A,Annual,_Z,Not applicable,_Z,Not applicable,INST_EDU,All educational institutions,_T,Total,PT_ST,Percentage of students,_T,Total,_T,Total,2021,,22.8304484948991,,,,,,,,,,A,Normal value,,,,,2,Two,,,0,Units
DATAFLOW,OECD.EDU.IMEP:DSD_EAG_UOE_NON_FIN_STUD@DF_UOE_NF_DIST_FIELD(1.0),"Distribution of enrolled students, new entrants and graduates by field of education",I,HUN,Hungary,ISCED11_5T8,Tertiary education,GRAD,Graduates,FE,"Formal education, includes formal initial and formal adult education programmes",_T,Total,F05T07,"Science, technology, engineering and mathematics",_T,Total,A,Annual,_Z,Not applicable,_Z,Not applicable,INST_EDU,All educational institutions,_T,Total,PT_ST,Percentage of students,_T,Total,_T,Total,2020,,,,,,,,,,,,O,Missing value,,,,,2,Two,,,0,Units
DATAFLOW,OECD.EDU.IMEP:DSD_EAG_UOE_NON_FIN_STUD@DF_UOE_NF_DIST_FIELD(1.0),"Distribution of enrolled students, new entrants and graduates by field of education",I,HUN,Hungary,ISCED11_5T8,Tertiary education,GRAD,Graduates,FE,"Formal education, includes formal initial and formal adult education programmes",_T,Total,F05T07,"Science, technology, engineering and mathematics",_T,Total,A,Annual,_Z,Not applicable,_Z,Not applicable,INST_EDU,All educational institutions,_T,Total,PT_ST,Percentage of students,_T,Total,_T,Total,2019,,23.4880811062273,,,,,,,,,,A,Normal value,,,,,2,Two,,,0,Units
DATAFLOW,OECD.EDU.IMEP:DSD_EAG_UOE_NON_FIN_STUD@DF_UOE_NF_DIST_FIELD(1.0),"Distribution of enrolled students, new entrants and graduates by field of education",I,HUN,Hungary,ISCED11_5T8,Tertiary education,GRAD,Graduates,FE,"Formal education, includes formal initial and formal adult education programmes",_T,Total,F05T07,"Science, technology, engineering and mathematics",_T,Total,A,Annual,_Z,Not applicable,_Z,Not applicable,INST_EDU,All educational institutions,_T,Total,PT_ST,Percentage of students,_T,Total,_T,Total,2018,,22.8077821011673,,,,,,,,,,A,Normal value,,,,,2,Two,,,0,Units
DATAFLOW,OECD.EDU.IMEP:DSD_EAG_UOE_NON_FIN_STUD@DF_UOE_NF_DIST_FIELD(1.0),"Distribution of enrolled students, new entrants and graduates by field of education",I,HUN,Hungary,ISCED11_5T8,Tertiary education,GRAD,Graduates,FE,"Formal education, includes formal initial and formal adult education programmes",_T,Total,F05T07,"Science, technology, engineering and mathematics",_T,Total,A,Annual,_Z,Not applicable,_Z,Not applicable,INST_EDU,All educational institutions,_T,Total,PT_ST,Percentage of students,_T,Total,_T,Total,2017,,23.4820857325656,,,,,,,,,,A,Normal value,,,,,2,Two,,,0,Units
DATAFLOW,OECD.EDU.IMEP:DSD_EAG_UOE_NON_FIN_STUD@DF_UOE_NF_DIST_FIELD(1.0),"Distribution of enrolled students, new entrants and graduates by field of education",I,HUN,Hungary,ISCED11_5T8,Tertiary education,GRAD,Graduates,FE,"Formal education, includes formal initial and formal adult education programmes",_T,Total,F05T07,"Science, technology, engineering and mathematics",_T,Total,A,Annual,_Z,Not applicable,_Z,Not applicable,INST_EDU,All educational institutions,_T,Total,PT_ST,Percentage of students,_T,Total,_T,Total,2016,,23.1122813280971,,,,,,,,,,A,Normal value,,,,,2,Two,,,0,Units
DATAFLOW,OECD.EDU.IMEP:DSD_EAG_UOE_NON_FIN_STUD@DF_UOE_NF_DIST_FIELD(1.0),"Distribution of enrolled students, new entrants and graduates by field of education",I,HUN,Hungary,ISCED11_5T8,Tertiary education,GRAD,Graduates,FE,"Formal education, includes formal initial and formal adult education programmes",_T,Total,F05T07,"Science, technology, engineering and mathematics",_T,Total,A,Annual,_Z,Not applicable,_Z,Not applicable,INST_EDU,All educational institutions,_T,Total,PT_ST,Percentage of students,_T,Total,_T,Total,2015,,22.3952699198317,,,,,,,,,,A,Normal value,,,,,2,Two,,,0,Units
DATAFLOW,OECD.EDU.IMEP:DSD_EAG_UOE_NON_FIN_STUD@DF_UOE_NF_DIST_FIELD(1.0),"Distribution of enrolled students, new entrants and graduates by field of education",I,HUN,Hungary,ISCED11_5T8,Tertiary education,GRAD,Graduates,FE,"Formal education, includes formal initial and formal adult education programmes",_T,Total,F05T07,"Science, technology, engineering and mathematics",_T,Total,A,Annual,_Z,Not applicable,_Z,Not applicable,INST_EDU,All educational institutions,_T,Total,PT_ST,Percentage of students,_T,Total,_T,Total,2014,,20.7824466984061,,,,,,,,,,A,Normal value,,,,,2,Two,,,0,Units
DATAFLOW,OECD.EDU.IMEP:DSD_EAG_UOE_NON_FIN_STUD@DF_UOE_NF_DIST_FIELD(1.0),"Distribution of enrolled students, new entrants and graduates by field of education",I,HUN,Hungary,ISCED11_5T8,Tertiary education,GRAD,Graduates,FE,"Formal education, includes formal initial and formal adult education programmes",_T,Total,F05T07,"Science, technology, engineering and mathematics",_T,Total,A,Annual,_Z,Not applicable,_Z,Not applicable,INST_EDU,All educational institutions,_T,Total,PT_ST,Percentage of students,_T,Total,_T,Total,2013,,18.8773292769055,,,,,,,,,,A,Normal value,,,,,2,Two,,,0,Units
DATAFLOW,OECD.EDU.IMEP:DSD_EAG_UOE_NON_FIN_STUD@DF_UOE_NF_DIST_FIELD(1.0),"Distribution of enrolled students, new entrants and graduates by field of education",I,ISL,Iceland,ISCED11_5T8,Tertiary education,GRAD,Graduates,FE,"Formal education, includes formal initial and formal adult education programmes",_T,Total,F05T07,"Science, technology, engineering and mathematics",_T,Total,A,Annual,_Z,Not applicable,_Z,Not applicable,INST_EDU,All educational institutions,_T,Total,PT_ST,Percentage of students,_T,Total,_T,Total,2023,,16.9660323670638,,,,,,,,,,A,Normal value,,,,,2,Two,,,0,Units
DATAFLOW,OECD.EDU.IMEP:DSD_EAG_UOE_NON_FIN_STUD@DF_UOE_NF_DIST_FIELD(1.0),"Distribution of enrolled students, new entrants and graduates by field of education",I,ISL,Iceland,ISCED11_5T8,Tertiary education,GRAD,Graduates,FE,"Formal education, includes formal initial and formal adult education programmes",_T,Total,F05T07,"Science, technology, engineering and mathematics",_T,Total,A,Annual,_Z,Not applicable,_Z,Not applicable,INST_EDU,All educational institutions,_T,Total,PT_ST,Percentage of students,_T,Total,_T,Total,2022,,16.8747704737422,,,,,,,,,,A,Normal value,,,,,2,Two,,,0,Units
DATAFLOW,OECD.EDU.IMEP:DSD_EAG_UOE_NON_FIN_STUD@DF_UOE_NF_DIST_FIELD(1.0),"Distribution of enrolled students, new entrants and graduates by field of education",I,ISL,Iceland,ISCED11_5T8,Tertiary education,GRAD,Graduates,FE,"Formal education, includes formal initial and formal adult education programmes",_T,Total,F05T07,"Science, technology, engineering and mathematics",_T,Total,A,Annual,_Z,Not applicable,_Z,Not applicable,INST_EDU,All educational institutions,_T,Total,PT_ST,Percentage of students,_T,Total,_T,Total,2021,,17.0391595033429,,,,,,,,,,A,Normal value,,,,,2,Two,,,0,Units
DATAFLOW,OECD.EDU.IMEP:DSD_EAG_UOE_NON_FIN_STUD@DF_UOE_NF_DIST_FIELD(1.0),"Distribution of enrolled students, new entrants and graduates by field of education",I,ISL,Iceland,ISCED11_5T8,Tertiary education,GRAD,Graduates,FE,"Formal education, includes formal initial and formal adult education programmes",_T,Total,F05T07,"Science, technology, engineering and mathematics",_T,Total,A,Annual,_Z,Not applicable,_Z,Not applicable,INST_EDU,All educational institutions,_T,Total,PT_ST,Percentage of students,_T,Total,_T,Total,2020,,18.1697905181918,,,,,,,,,,A,Normal value,,,,,2,Two,,,0,Units
DATAFLOW,OECD.EDU.IMEP:DSD_EAG_UOE_NON_FIN_STUD@DF_UOE_NF_DIST_FIELD(1.0),"Distribution of enrolled students, new entrants and graduates by field of education",I,ISL,Iceland,ISCED11_5T8,Tertiary education,GRAD,Graduates,FE,"Formal education, includes formal initial and formal adult education programmes",_T,Total,F05T07,"Science, technology, engineering and mathematics",_T,Total,A,Annual,_Z,Not applicable,_Z,Not applicable,INST_EDU,All educational institutions,_T,Total,PT_ST,Percentage of students,_T,Total,_T,Total,2019,,20.2057142857143,,,,,,,,,,A,Normal value,,,,,2,Two,,,0,Units
DATAFLOW,OECD.EDU.IMEP:DSD_EAG_UOE_NON_FIN_STUD@DF_UOE_NF_DIST_FIELD(1.0),"Distribution of enrolled students, new entrants and graduates by field of education",I,ISL,Iceland,ISCED11_5T8,Tertiary education,GRAD,Graduates,FE,"Formal education, includes formal initial and formal adult education programmes",_T,Total,F05T07,"Science, technology, engineering and mathematics",_T,Total,A,Annual,_Z,Not applicable,_Z,Not applicable,INST_EDU,All educational institutions,_T,Total,PT_ST,Percentage of students,_T,Total,_T,Total,2018,,18.5919343814081,,,,,,,,,,A,Normal value,,,,,2,Two,,,0,Units
DATAFLOW,OECD.EDU.IMEP:DSD_EAG_UOE_NON_FIN_STUD@DF_UOE_NF_DIST_FIELD(1.0),"Distribution of enrolled students, new entrants and graduates by field of education",I,ISL,Iceland,ISCED11_5T8,Tertiary education,GRAD,Graduates,FE,"Formal education, includes formal initial and formal adult education programmes",_T,Total,F05T07,"Science, technology, engineering and mathematics",_T,Total,A,Annual,_Z,Not applicable,_Z,Not applicable,INST_EDU,All educational institutions,_T,Total,PT_ST,Percentage of students,_T,Total,_T,Total,2017,,19.71454058876,,,,,,,,,,A,Normal value,,,,,2,Two,,,0,Units
DATAFLOW,OECD.EDU.IMEP:DSD_EAG_UOE_NON_FIN_STUD@DF_UOE_NF_DIST_FIELD(1.0),"Distribution of enrolled students, new entrants and graduates by field of education",I,ISL,Iceland,ISCED11_5T8,Tertiary education,GRAD,Graduates,FE,"Formal education, includes formal initial and formal adult education programmes",_T,Total,F05T07,"Science, technology, engineering and mathematics",_T,Total,A,Annual,_Z,Not applicable,_Z,Not applicable,INST_EDU,All educational institutions,_T,Total,PT_ST,Percentage of students,_T,Total,_T,Total,2016,,19.478527607362,,,,,,,,,,A,Normal value,,,,,2,Two,,,0,Units
DATAFLOW,OECD.EDU.IMEP:DSD_EAG_UOE_NON_FIN_STUD@DF_UOE_NF_DIST_FIELD(1.0),"Distribution of enrolled students, new entrants and graduates by field of education",I,ISL,Iceland,ISCED11_5T8,Tertiary education,GRAD,Graduates,FE,"Formal education, includes formal initial and formal adult education programmes",_T,Total,F05T07,"Science, technology, engineering and mathematics",_T,Total,A,Annual,_Z,Not applicable,_Z,Not applicable,INST_EDU,All educational institutions,_T,Total,PT_ST,Percentage of students,_T,Total,_T,Total,2015,,18.0394826412526,,,,,,,,,,A,Normal value,,,,,2,Two,,,0,Units
DATAFLOW,OECD.EDU.IMEP:DSD_EAG_UOE_NON_FIN_STUD@DF_UOE_NF_DIST_FIELD(1.0),"Distribution of enrolled students, new entrants and graduates by field of education",I,ISL,Iceland,ISCED11_5T8,Tertiary education,GRAD,Graduates,FE,"Formal education, includes formal initial and formal adult education programmes",_T,Total,F05T07,"Science, technology, engineering and mathematics",_T,Total,A,Annual,_Z,Not applicable,_Z,Not applicable,INST_EDU,All educational institutions,_T,Total,PT_ST,Percentage of students,_T,Total,_T,Total,2013,,16.7664670658683,,,,,,,,,,A,Normal value,,,,,2,Two,,,0,Units
DATAFLOW,OECD.EDU.IMEP:DSD_EAG_UOE_NON_FIN_STUD@DF_UOE_NF_DIST_FIELD(1.0),"Distribution of enrolled students, new entrants and graduates by field of education",I,LTU,Lithuania,ISCED11_5T8,Tertiary education,GRAD,Graduates,FE,"Formal education, includes formal initial and formal adult education programmes",_T,Total,F05T07,"Science, technology, engineering and mathematics",_T,Total,A,Annual,_Z,Not applicable,_Z,Not applicable,INST_EDU,All educational institutions,_T,Total,PT_ST,Percentage of students,_T,Total,_T,Total,2024,,22.6624124789506,,,,,,,,,,A,Normal value,,,,,2,Two,,,0,Units
DATAFLOW,OECD.EDU.IMEP:DSD_EAG_UOE_NON_FIN_STUD@DF_UOE_NF_DIST_FIELD(1.0),"Distribution of enrolled students, new entrants and graduates by field of education",I,LTU,Lithuania,ISCED11_5T8,Tertiary education,GRAD,Graduates,FE,"Formal education, includes formal initial and formal adult education programmes",_T,Total,F05T07,"Science, technology, engineering and mathematics",_T,Total,A,Annual,_Z,Not applicable,_Z,Not applicable,INST_EDU,All educational institutions,_T,Total,PT_ST,Percentage of students,_T,Total,_T,Total,2023,,23.6880306162847,,,,,,,,,,A,Normal value,,,,,2,Two,,,0,Units
DATAFLOW,OECD.EDU.IMEP:DSD_EAG_UOE_NON_FIN_STUD@DF_UOE_NF_DIST_FIELD(1.0),"Distribution of enrolled students, new entrants and graduates by field of education",I,LTU,Lithuania,ISCED11_5T8,Tertiary education,GRAD,Graduates,FE,"Formal education, includes formal initial and formal adult education programmes",_T,Total,F05T07,"Science, technology, engineering and mathematics",_T,Total,A,Annual,_Z,Not applicable,_Z,Not applicable,INST_EDU,All educational institutions,_T,Total,PT_ST,Percentage of students,_T,Total,_T,Total,2022,,23.8044867556966,,,,,,,,,,A,Normal value,,,,,2,Two,,,0,Units
DATAFLOW,OECD.EDU.IMEP:DSD_EAG_UOE_NON_FIN_STUD@DF_UOE_NF_DIST_FIELD(1.0),"Distribution of enrolled students, new entrants and graduates by field of education",I,LTU,Lithuania,ISCED11_5T8,Tertiary education,GRAD,Graduates,FE,"Formal education, includes formal initial and formal adult education programmes",_T,Total,F05T07,"Science, technology, engineering and mathematics",_T,Total,A,Annual,_Z,Not applicable,_Z,Not applicable,INST_EDU,All educational institutions,_T,Total,PT_ST,Percentage of students,_T,Total,_T,Total,2021,,25.766299745978,,,,,,,,,,A,Normal value,,,,,2,Two,,,0,Units
DATAFLOW,OECD.EDU.IMEP:DSD_EAG_UOE_NON_FIN_STUD@DF_UOE_NF_DIST_FIELD(1.0),"Distribution of enrolled students, new entrants and graduates by field of education",I,LTU,Lithuania,ISCED11_5T8,Tertiary education,GRAD,Graduates,FE,"Formal education, includes formal initial and formal adult education programmes",_T,Total,F05T07,"Science, technology, engineering and mathematics",_T,Total,A,Annual,_Z,Not applicable,_Z,Not applicable,INST_EDU,All educational institutions,_T,Total,PT_ST,Percentage of students,_T,Total,_T,Total,2020,,26.0280698882933,,,,,,,,,,A,Normal value,,,,,2,Two,,,0,Units
DATAFLOW,OECD.EDU.IMEP:DSD_EAG_UOE_NON_FIN_STUD@DF_UOE_NF_DIST_FIELD(1.0),"Distribution of enrolled students, new entrants and graduates by field of education",I,LTU,Lithuania,ISCED11_5T8,Tertiary education,GRAD,Graduates,FE,"Formal education, includes formal initial and formal adult education programmes",_T,Total,F05T07,"Science, technology, engineering and mathematics",_T,Total,A,Annual,_Z,Not applicable,_Z,Not applicable,INST_EDU,All educational institutions,_T,Total,PT_ST,Percentage of students,_T,Total,_T,Total,2019,,27.2661899244936,,,,,,,,,,A,Normal value,,,,,2,Two,,,0,Units
DATAFLOW,OECD.EDU.IMEP:DSD_EAG_UOE_NON_FIN_STUD@DF_UOE_NF_DIST_FIELD(1.0),"Distribution of enrolled students, new entrants and graduates by field of education",I,LTU,Lithuania,ISCED11_5T8,Tertiary education,GRAD,Graduates,FE,"Formal education, includes formal initial and formal adult education programmes",_T,Total,F05T07,"Science, technology, engineering and mathematics",_T,Total,A,Annual,_Z,Not applicable,_Z,Not applicable,INST_EDU,All educational institutions,_T,Total,PT_ST,Percentage of students,_T,Total,_T,Total,2018,,26.8226788432268,,,,,,,,,,A,Normal value,,,,,2,Two,,,0,Units
DATAFLOW,OECD.EDU.IMEP:DSD_EAG_UOE_NON_FIN_STUD@DF_UOE_NF_DIST_FIELD(1.0),"Distribution of enrolled students, new entrants and graduates by field of education",I,LTU,Lithuania,ISCED11_5T8,Tertiary education,GRAD,Graduates,FE,"Formal education, includes formal initial and formal adult education programmes",_T,Total,F05T07,"Science, technology, engineering and mathematics",_T,Total,A,Annual,_Z,Not applicable,_Z,Not applicable,INST_EDU,All educational institutions,_T,Total,PT_ST,Percentage of students,_T,Total,_T,Total,2017,,25.6682560323653,,,,,,,,,,A,Normal value,,,,,2,Two,,,0,Units
DATAFLOW,OECD.EDU.IMEP:DSD_EAG_UOE_NON_FIN_STUD@DF_UOE_NF_DIST_FIELD(1.0),"Distribution of enrolled students, new entrants and graduates by field of education",I,LTU,Lithuania,ISCED11_5T8,Tertiary education,GRAD,Graduates,FE,"Formal education, includes formal initial and formal adult education programmes",_T,Total,F05T07,"Science, technology, engineering and mathematics",_T,Total,A,Annual,_Z,Not applicable,_Z,Not applicable,INST_EDU,All educational institutions,_T,Total,PT_ST,Percentage of students,_T,Total,_T,Total,2016,,23.8149782703905,,,,,,,,,,A,Normal value,,,,,2,Two,,,0,Units
DATAFLOW,OECD.EDU.IMEP:DSD_EAG_UOE_NON_FIN_STUD@DF_UOE_NF_DIST_FIELD(1.0),"Distribution of enrolled students, new entrants and graduates by field of education",I,LTU,Lithuania,ISCED11_5T8,Tertiary education,GRAD,Graduates,FE,"Formal education, includes formal initial and formal adult education programmes",_T,Total,F05T07,"Science, technology, engineering and mathematics",_T,Total,A,Annual,_Z,Not applicable,_Z,Not applicable,INST_EDU,All educational institutions,_T,Total,PT_ST,Percentage of students,_T,Total,_T,Total,2015,,23.1020027945971,,,,,,,,,,A,Normal value,,,,,2,Two,,,0,Units
DATAFLOW,OECD.EDU.IMEP:DSD_EAG_UOE_NON_FIN_STUD@DF_UOE_NF_DIST_FIELD(1.0),"Distribution of enrolled students, new entrants and graduates by field of education",I,LTU,Lithuania,ISCED11_5T8,Tertiary education,GRAD,Graduates,FE,"Formal education, includes formal initial and formal adult education programmes",_T,Total,F05T07,"Science, technology, engineering and mathematics",_T,Total,A,Annual,_Z,Not applicable,_Z,Not applicable,INST_EDU,All educational institutions,_T,Total,PT_ST,Percentage of students,_T,Total,_T,Total,2014,,23.6824630244491,,,,,,,,,,A,Normal value,,,,,2,Two,,,0,Units
DATAFLOW,OECD.EDU.IMEP:DSD_EAG_UOE_NON_FIN_STUD@DF_UOE_NF_DIST_FIELD(1.0),"Distribution of enrolled students, new entrants and graduates by field of education",I,LTU,Lithuania,ISCED11_5T8,Tertiary education,GRAD,Graduates,FE,"Formal education, includes formal initial and formal adult education programmes",_T,Total,F05T07,"Science, technology, engineering and mathematics",_T,Total,A,Annual,_Z,Not applicable,_Z,Not applicable,INST_EDU,All educational institutions,_T,Total,PT_ST,Percentage of students,_T,Total,_T,Total,2013,,23.5157545605307,,,,,,,,,,A,Normal value,,,,,2,Two,,,0,Units
DATAFLOW,OECD.EDU.IMEP:DSD_EAG_UOE_NON_FIN_STUD@DF_UOE_NF_DIST_FIELD(1.0),"Distribution of enrolled students, new entrants and graduates by field of education",I,EST,Estonia,ISCED11_5T8,Tertiary education,GRAD,Graduates,FE,"Formal education, includes formal initial and formal adult education programmes",_T,Total,F05T07,"Science, technology, engineering and mathematics",_T,Total,A,Annual,_Z,Not applicable,_Z,Not applicable,INST_EDU,All educational institutions,_T,Total,PT_ST,Percentage of students,_T,Total,_T,Total,2024,,27.0192919228323,,,,,,,,,,A,Normal value,,,,,2,Two,,,0,Units
DATAFLOW,OECD.EDU.IMEP:DSD_EAG_UOE_NON_FIN_STUD@DF_UOE_NF_DIST_FIELD(1.0),"Distribution of enrolled students, new entrants and graduates by field of education",I,EST,Estonia,ISCED11_5T8,Tertiary education,GRAD,Graduates,FE,"Formal education, includes formal initial and formal adult education programmes",_T,Total,F05T07,"Science, technology, engineering and mathematics",_T,Total,A,Annual,_Z,Not applicable,_Z,Not applicable,INST_EDU,All educational institutions,_T,Total,PT_ST,Percentage of students,_T,Total,_T,Total,2023,,26.4719202898551,,,,,,,,,,A,Normal value,,,,,2,Two,,,0,Units
DATAFLOW,OECD.EDU.IMEP:DSD_EAG_UOE_NON_FIN_STUD@DF_UOE_NF_DIST_FIELD(1.0),"Distribution of enrolled students, new entrants and graduates by field of education",I,EST,Estonia,ISCED11_5T8,Tertiary education,GRAD,Graduates,FE,"Formal education, includes formal initial and formal adult education programmes",_T,Total,F05T07,"Science, technology, engineering and mathematics",_T,Total,A,Annual,_Z,Not applicable,_Z,Not applicable,INST_EDU,All educational institutions,_T,Total,PT_ST,Percentage of students,_T,Total,_T,Total,2022,,27.5299977360199,,,,,,,,,,A,Normal value,,,,,2,Two,,,0,Units
DATAFLOW,OECD.EDU.IMEP:DSD_EAG_UOE_NON_FIN_STUD@DF_UOE_NF_DIST_FIELD(1.0),"Distribution of enrolled students, new entrants and graduates by field of education",I,EST,Estonia,ISCED11_5T8,Tertiary education,GRAD,Graduates,FE,"Formal education, includes formal initial and formal adult education programmes",_T,Total,F05T07,"Science, technology, engineering and mathematics",_T,Total,A,Annual,_Z,Not applicable,_Z,Not applicable,INST_EDU,All educational institutions,_T,Total,PT_ST,Percentage of students,_T,Total,_T,Total,2021,,28.1227249089964,,,,,,,,,,A,Normal value,,,,,2,Two,,,0,Units
DATAFLOW,OECD.EDU.IMEP:DSD_EAG_UOE_NON_FIN_STUD@DF_UOE_NF_DIST_FIELD(1.0),"Distribution of enrolled students, new entrants and graduates by field of education",I,EST,Estonia,ISCED11_5T8,Tertiary education,GRAD,Graduates,FE,"Formal education, includes formal initial and formal adult education programmes",_T,Total,F05T07,"Science, technology, engineering and mathematics",_T,Total,A,Annual,_Z,Not applicable,_Z,Not applicable,INST_EDU,All educational institutions,_T,Total,PT_ST,Percentage of students,_T,Total,_T,Total,2020,,27.4761434682461,,,,,,,,,,A,Normal value,,,,,2,Two,,,0,Units
DATAFLOW,OECD.EDU.IMEP:DSD_EAG_UOE_NON_FIN_STUD@DF_UOE_NF_DIST_FIELD(1.0),"Distribution of enrolled students, new entrants and graduates by field of education",I,EST,Estonia,ISCED11_5T8,Tertiary education,GRAD,Graduates,FE,"Formal education, includes formal initial and formal adult education programmes",_T,Total,F05T07,"Science, technology, engineering and mathematics",_T,Total,A,Annual,_Z,Not applicable,_Z,Not applicable,INST_EDU,All educational institutions,_T,Total,PT_ST,Percentage of students,_T,Total,_T,Total,2019,,27.9095544225227,,,,,,,,,,A,Normal value,,,,,2,Two,,,0,Units
DATAFLOW,OECD.EDU.IMEP:DSD_EAG_UOE_NON_FIN_STUD@DF_UOE_NF_DIST_FIELD(1.0),"Distribution of enrolled students, new entrants and graduates by field of education",I,EST,Estonia,ISCED11_5T8,Tertiary education,GRAD,Graduates,FE,"Formal education, includes formal initial and formal adult education programmes",_T,Total,F05T07,"Science, technology, engineering and mathematics",_T,Total,A,Annual,_Z,Not applicable,_Z,Not applicable,INST_EDU,All educational institutions,_T,Total,PT_ST,Percentage of students,_T,Total,_T,Total,2018,,27.7324363074887,,,,,,,,,,A,Normal value,,,,,2,Two,,,0,Units
DATAFLOW,OECD.EDU.IMEP:DSD_EAG_UOE_NON_FIN_STUD@DF_UOE_NF_DIST_FIELD(1.0),"Distribution of enrolled students, new entrants and graduates by field of education",I,EST,Estonia,ISCED11_5T8,Tertiary education,GRAD,Graduates,FE,"Formal education, includes formal initial and formal adult education programmes",_T,Total,F05T07,"Science, technology, engineering and mathematics",_T,Total,A,Annual,_Z,Not applicable,_Z,Not applicable,INST_EDU,All educational institutions,_T,Total,PT_ST,Percentage of students,_T,Total,_T,Total,2017,,28.8399289965542,,,,,,,,,,A,Normal value,,,,,2,Two,,,0,Units
DATAFLOW,OECD.EDU.IMEP:DSD_EAG_UOE_NON_FIN_STUD@DF_UOE_NF_DIST_FIELD(1.0),"Distribution of enrolled students, new entrants and graduates by field of education",I,EST,Estonia,ISCED11_5T8,Tertiary education,GRAD,Graduates,FE,"Formal education, includes formal initial and formal adult education programmes",_T,Total,F05T07,"Science, technology, engineering and mathematics",_T,Total,A,Annual,_Z,Not applicable,_Z,Not applicable,INST_EDU,All educational institutions,_T,Total,PT_ST,Percentage of students,_T,Total,_T,Total,2016,,27.4522230889236,,,,,,,,,,A,Normal value,,,,,2,Two,,,0,Units
DATAFLOW,OECD.EDU.IMEP:DSD_EAG_UOE_NON_FIN_STUD@DF_UOE_NF_DIST_FIELD(1.0),"Distribution of enrolled students, new entrants and graduates by field of education",I,EST,Estonia,ISCED11_5T8,Tertiary education,GRAD,Graduates,FE,"Formal education, includes formal initial and formal adult education programmes",_T,Total,F05T07,"Science, technology, engineering and mathematics",_T,Total,A,Annual,_Z,Not applicable,_Z,Not applicable,INST_EDU,All educational institutions,_T,Total,PT_ST,Percentage of students,_T,Total,_T,Total,2015,,26.4703078829473,,,,,,,,,,A,Normal value,,,,,2,Two,,,0,Units
DATAFLOW,OECD.EDU.IMEP:DSD_EAG_UOE_NON_FIN_STUD@DF_UOE_NF_DIST_FIELD(1.0),"Distribution of enrolled students, new entrants and graduates by field of education",I,EST,Estonia,ISCED11_5T8,Tertiary education,GRAD,Graduates,FE,"Formal education, includes formal initial and formal adult education programmes",_T,Total,F05T07,"Science, technology, engineering and mathematics",_T,Total,A,Annual,_Z,Not applicable,_Z,Not applicable,INST_EDU,All educational institutions,_T,Total,PT_ST,Percentage of students,_T,Total,_T,Total,2014,,26.4082433758587,,,,,,,,,,A,Normal value,,,,,2,Two,,,0,Units
DATAFLOW,OECD.EDU.IMEP:DSD_EAG_UOE_NON_FIN_STUD@DF_UOE_NF_DIST_FIELD(1.0),"Distribution of enrolled students, new entrants and graduates by field of education",I,EST,Estonia,ISCED11_5T8,Tertiary education,GRAD,Graduates,FE,"Formal education, includes formal initial and formal adult education programmes",_T,Total,F05T07,"Science, technology, engineering and mathematics",_T,Total,A,Annual,_Z,Not applicable,_Z,Not applicable,INST_EDU,All educational institutions,_T,Total,PT_ST,Percentage of students,_T,Total,_T,Total,2013,,27.0819913499586,,,,,,,,,,A,Normal value,,,,,2,Two,,,0,Units
DATAFLOW,OECD.EDU.IMEP:DSD_EAG_UOE_NON_FIN_STUD@DF_UOE_NF_DIST_FIELD(1.0),"Distribution of enrolled students, new entrants and graduates by field of education",I,BGR,Bulgaria,ISCED11_5T8,Tertiary education,GRAD,Graduates,FE,"Formal education, includes formal initial and formal adult education programmes",_T,Total,F05T07,"Science, technology, engineering and mathematics",_T,Total,A,Annual,_Z,Not applicable,_Z,Not applicable,INST_EDU,All educational institutions,_T,Total,PT_ST,Percentage of students,_T,Total,_T,Total,2024,,19.1554592650125,,,,,,,,,,A,Normal value,,,,,2,Two,,,0,Units
DATAFLOW,OECD.EDU.IMEP:DSD_EAG_UOE_NON_FIN_STUD@DF_UOE_NF_DIST_FIELD(1.0),"Distribution of enrolled students, new entrants and graduates by field of education",I,BGR,Bulgaria,ISCED11_5T8,Tertiary education,GRAD,Graduates,FE,"Formal education, includes formal initial and formal adult education programmes",_T,Total,F05T07,"Science, technology, engineering and mathematics",_T,Total,A,Annual,_Z,Not applicable,_Z,Not applicable,INST_EDU,All educational institutions,_T,Total,PT_ST,Percentage of students,_T,Total,_T,Total,2023,,20.1145851838692,,,,,,,,,,A,Normal value,,,,,2,Two,,,0,Units
DATAFLOW,OECD.EDU.IMEP:DSD_EAG_UOE_NON_FIN_STUD@DF_UOE_NF_DIST_FIELD(1.0),"Distribution of enrolled students, new entrants and graduates by field of education",I,BGR,Bulgaria,ISCED11_5T8,Tertiary education,GRAD,Graduates,FE,"Formal education, includes formal initial and formal adult education programmes",_T,Total,F05T07,"Science, technology, engineering and mathematics",_T,Total,A,Annual,_Z,Not applicable,_Z,Not applicable,INST_EDU,All educational institutions,_T,Total,PT_ST,Percentage of students,_T,Total,_T,Total,2022,,20.372641908468,,,,,,,,,,A,Normal value,,,,,2,Two,,,0,Units
DATAFLOW,OECD.EDU.IMEP:DSD_EAG_UOE_NON_FIN_STUD@DF_UOE_NF_DIST_FIELD(1.0),"Distribution of enrolled students, new entrants and graduates by field of education",I,BGR,Bulgaria,ISCED11_5T8,Tertiary education,GRAD,Graduates,FE,"Formal education, includes formal initial and formal adult education programmes",_T,Total,F05T07,"Science, technology, engineering and mathematics",_T,Total,A,Annual,_Z,Not applicable,_Z,Not applicable,INST_EDU,All educational institutions,_T,Total,PT_ST,Percentage of students,_T,Total,_T,Total,2021,,20.372641908468,,,,,,,,,,A,Normal value,,,,,2,Two,,,0,Units
DATAFLOW,OECD.EDU.IMEP:DSD_EAG_UOE_NON_FIN_STUD@DF_UOE_NF_DIST_FIELD(1.0),"Distribution of enrolled students, new entrants and graduates by field of education",I,BGR,Bulgaria,ISCED11_5T8,Tertiary education,GRAD,Graduates,FE,"Formal education, includes formal initial and formal adult education programmes",_T,Total,F05T07,"Science, technology, engineering and mathematics",_T,Total,A,Annual,_Z,Not applicable,_Z,Not applicable,INST_EDU,All educational institutions,_T,Total,PT_ST,Percentage of students,_T,Total,_T,Total,2020,,19.5059864092331,,,,,,,,,,A,Normal value,,,,,2,Two,,,0,Units
DATAFLOW,OECD.EDU.IMEP:DSD_EAG_UOE_NON_FIN_STUD@DF_UOE_NF_DIST_FIELD(1.0),"Distribution of enrolled students, new entrants and graduates by field of education",I,BGR,Bulgaria,ISCED11_5T8,Tertiary education,GRAD,Graduates,FE,"Formal education, includes formal initial and formal adult education programmes",_T,Total,F05T07,"Science, technology, engineering and mathematics",_T,Total,A,Annual,_Z,Not applicable,_Z,Not applicable,INST_EDU,All educational institutions,_T,Total,PT_ST,Percentage of students,_T,Total,_T,Total,2019,,19.8157935644334,,,,,,,,,,A,Normal value,,,,,2,Two,,,0,Units
DATAFLOW,OECD.EDU.IMEP:DSD_EAG_UOE_NON_FIN_STUD@DF_UOE_NF_DIST_FIELD(1.0),"Distribution of enrolled students, new entrants and graduates by field of education",I,BGR,Bulgaria,ISCED11_5T8,Tertiary education,GRAD,Graduates,FE,"Formal education, includes formal initial and formal adult education programmes",_T,Total,F05T07,"Science, technology, engineering and mathematics",_T,Total,A,Annual,_Z,Not applicable,_Z,Not applicable,INST_EDU,All educational institutions,_T,Total,PT_ST,Percentage of students,_T,Total,_T,Total,2018,,19.276798825257,,,,,,,,,,A,Normal value,,,,,2,Two,,,0,Units
DATAFLOW,OECD.EDU.IMEP:DSD_EAG_UOE_NON_FIN_STUD@DF_UOE_NF_DIST_FIELD(1.0),"Distribution of enrolled students, new entrants and graduates by field of education",I,BGR,Bulgaria,ISCED11_5T8,Tertiary education,GRAD,Graduates,FE,"Formal education, includes formal initial and formal adult education programmes",_T,Total,F05T07,"Science, technology, engineering and mathematics",_T,Total,A,Annual,_Z,Not applicable,_Z,Not applicable,INST_EDU,All educational institutions,_T,Total,PT_ST,Percentage of students,_T,Total,_T,Total,2017,,20.5132715343618,,,,,,,,,,A,Normal value,,,,,2,Two,,,0,Units
DATAFLOW,OECD.EDU.IMEP:DSD_EAG_UOE_NON_FIN_STUD@DF_UOE_NF_DIST_FIELD(1.0),"Distribution of enrolled students, new entrants and graduates by field of education",I,BGR,Bulgaria,ISCED11_5T8,Tertiary education,GRAD,Graduates,FE,"Formal education, includes formal initial and formal adult education programmes",_T,Total,F05T07,"Science, technology, engineering and mathematics",_T,Total,A,Annual,_Z,Not applicable,_Z,Not applicable,INST_EDU,All educational institutions,_T,Total,PT_ST,Percentage of students,_T,Total,_T,Total,2016,,19.6644751006078,,,,,,,,,,A,Normal value,,,,,2,Two,,,0,Units
DATAFLOW,OECD.EDU.IMEP:DSD_EAG_UOE_NON_FIN_STUD@DF_UOE_NF_DIST_FIELD(1.0),"Distribution of enrolled students, new entrants and graduates by field of education",I,BGR,Bulgaria,ISCED11_5T8,Tertiary education,GRAD,Graduates,FE,"Formal education, includes formal initial and formal adult education programmes",_T,Total,F05T07,"Science, technology, engineering and mathematics",_T,Total,A,Annual,_Z,Not applicable,_Z,Not applicable,INST_EDU,All educational institutions,_T,Total,PT_ST,Percentage of students,_T,Total,_T,Total,2015,,20.8099956915123,,,,,,,,,,A,Normal value,,,,,2,Two,,,0,Units
DATAFLOW,OECD.EDU.IMEP:DSD_EAG_UOE_NON_FIN_STUD@DF_UOE_NF_DIST_FIELD(1.0),"Distribution of enrolled students, new entrants and graduates by field of education",I,BGR,Bulgaria,ISCED11_5T8,Tertiary education,GRAD,Graduates,FE,"Formal education, includes formal initial and formal adult education programmes",_T,Total,F05T07,"Science, technology, engineering and mathematics",_T,Total,A,Annual,_Z,Not applicable,_Z,Not applicable,INST_EDU,All educational institutions,_T,Total,PT_ST,Percentage of students,_T,Total,_T,Total,2014,,20.9048017294431,,,,,,,,,,A,Normal value,,,,,2,Two,,,0,Units
DATAFLOW,OECD.EDU.IMEP:DSD_EAG_UOE_NON_FIN_STUD@DF_UOE_NF_DIST_FIELD(1.0),"Distribution of enrolled students, new entrants and graduates by field of education",I,TUR,Türkiye,ISCED11_5T8,Tertiary education,GRAD,Graduates,FE,"Formal education, includes formal initial and formal adult education programmes",_T,Total,F05T07,"Science, technology, engineering and mathematics",_T,Total,A,Annual,_Z,Not applicable,_Z,Not applicable,INST_EDU,All educational institutions,_T,Total,PT_ST,Percentage of students,_T,Total,_T,Total,2024,,18.2718224832762,,,,,,,,,,A,Normal value,,,,,2,Two,,,0,Units
DATAFLOW,OECD.EDU.IMEP:DSD_EAG_UOE_NON_FIN_STUD@DF_UOE_NF_DIST_FIELD(1.0),"Distribution of enrolled students, new entrants and graduates by field of education",I,TUR,Türkiye,ISCED11_5T8,Tertiary education,GRAD,Graduates,FE,"Formal education, includes formal initial and formal adult education programmes",_T,Total,F05T07,"Science, technology, engineering and mathematics",_T,Total,A,Annual,_Z,Not applicable,_Z,Not applicable,INST_EDU,All educational institutions,_T,Total,PT_ST,Percentage of students,_T,Total,_T,Total,2023,,18.6022306657415,,,,,,,,,,A,Normal value,,,,,2,Two,,,0,Units
DATAFLOW,OECD.EDU.IMEP:DSD_EAG_UOE_NON_FIN_STUD@DF_UOE_NF_DIST_FIELD(1.0),"Distribution of enrolled students, new entrants and graduates by field of education",I,TUR,Türkiye,ISCED11_5T8,Tertiary education,GRAD,Graduates,FE,"Formal education, includes formal initial and formal adult education programmes",_T,Total,F05T07,"Science, technology, engineering and mathematics",_T,Total,A,Annual,_Z,Not applicable,_Z,Not applicable,INST_EDU,All educational institutions,_T,Total,PT_ST,Percentage of students,_T,Total,_T,Total,2022,,18.4957466986702,,,,,,,,,,A,Normal value,,,,,2,Two,,,0,Units
DATAFLOW,OECD.EDU.IMEP:DSD_EAG_UOE_NON_FIN_STUD@DF_UOE_NF_DIST_FIELD(1.0),"Distribution of enrolled students, new entrants and graduates by field of education",I,TUR,Türkiye,ISCED11_5T8,Tertiary education,GRAD,Graduates,FE,"Formal education, includes formal initial and formal adult education programmes",_T,Total,F05T07,"Science, technology, engineering and mathematics",_T,Total,A,Annual,_Z,Not applicable,_Z,Not applicable,INST_EDU,All educational institutions,_T,Total,PT_ST,Percentage of students,_T,Total,_T,Total,2021,,15.8050317752589,,,,,,,,,,A,Normal value,,,,,2,Two,,,0,Units
DATAFLOW,OECD.EDU.IMEP:DSD_EAG_UOE_NON_FIN_STUD@DF_UOE_NF_DIST_FIELD(1.0),"Distribution of enrolled students, new entrants and graduates by field of education",I,TUR,Türkiye,ISCED11_5T8,Tertiary education,GRAD,Graduates,FE,"Formal education, includes formal initial and formal adult education programmes",_T,Total,F05T07,"Science, technology, engineering and mathematics",_T,Total,A,Annual,_Z,Not applicable,_Z,Not applicable,INST_EDU,All educational institutions,_T,Total,PT_ST,Percentage of students,_T,Total,_T,Total,2020,,15.2129819267093,,,,,,,,,,A,Normal value,,,,,2,Two,,,0,Units
DATAFLOW,OECD.EDU.IMEP:DSD_EAG_UOE_NON_FIN_STUD@DF_UOE_NF_DIST_FIELD(1.0),"Distribution of enrolled students, new entrants and graduates by field of education",I,TUR,Türkiye,ISCED11_5T8,Tertiary education,GRAD,Graduates,FE,"Formal education, includes formal initial and formal adult education programmes",_T,Total,F05T07,"Science, technology, engineering and mathematics",_T,Total,A,Annual,_Z,Not applicable,_Z,Not applicable,INST_EDU,All educational institutions,_T,Total,PT_ST,Percentage of students,_T,Total,_T,Total,2019,,18.3644097646776,,,,,,,,,,A,Normal value,,,,,2,Two,,,0,Units
DATAFLOW,OECD.EDU.IMEP:DSD_EAG_UOE_NON_FIN_STUD@DF_UOE_NF_DIST_FIELD(1.0),"Distribution of enrolled students, new entrants and graduates by field of education",I,TUR,Türkiye,ISCED11_5T8,Tertiary education,GRAD,Graduates,FE,"Formal education, includes formal initial and formal adult education programmes",_T,Total,F05T07,"Science, technology, engineering and mathematics",_T,Total,A,Annual,_Z,Not applicable,_Z,Not applicable,INST_EDU,All educational institutions,_T,Total,PT_ST,Percentage of students,_T,Total,_T,Total,2018,,19.4418927977358,,,,,,,,,,A,Normal value,,,,,2,Two,,,0,Units
DATAFLOW,OECD.EDU.IMEP:DSD_EAG_UOE_NON_FIN_STUD@DF_UOE_NF_DIST_FIELD(1.0),"Distribution of enrolled students, new entrants and graduates by field of education",I,TUR,Türkiye,ISCED11_5T8,Tertiary education,GRAD,Graduates,FE,"Formal education, includes formal initial and formal adult education programmes",_T,Total,F05T07,"Science, technology, engineering and mathematics",_T,Total,A,Annual,_Z,Not applicable,_Z,Not applicable,INST_EDU,All educational institutions,_T,Total,PT_ST,Percentage of students,_T,Total,_T,Total,2017,,19.6431035447239,,,,,,,,,,A,Normal value,,,,,2,Two,,,0,Units
DATAFLOW,OECD.EDU.IMEP:DSD_EAG_UOE_NON_FIN_STUD@DF_UOE_NF_DIST_FIELD(1.0),"Distribution of enrolled students, new entrants and graduates by field of education",I,TUR,Türkiye,ISCED11_5T8,Tertiary education,GRAD,Graduates,FE,"Formal education, includes formal initial and formal adult education programmes",_T,Total,F05T07,"Science, technology, engineering and mathematics",_T,Total,A,Annual,_Z,Not applicable,_Z,Not applicable,INST_EDU,All educational institutions,_T,Total,PT_ST,Percentage of students,_T,Total,_T,Total,2016,,18.8786555425736,,,,,,,,,,A,Normal value,,,,,2,Two,,,0,Units
DATAFLOW,OECD.EDU.IMEP:DSD_EAG_UOE_NON_FIN_STUD@DF_UOE_NF_DIST_FIELD(1.0),"Distribution of enrolled students, new entrants and graduates by field of education",I,TUR,Türkiye,ISCED11_5T8,Tertiary education,GRAD,Graduates,FE,"Formal education, includes formal initial and formal adult education programmes",_T,Total,F05T07,"Science, technology, engineering and mathematics",_T,Total,A,Annual,_Z,Not applicable,_Z,Not applicable,INST_EDU,All educational institutions,_T,Total,PT_ST,Percentage of students,_T,Total,_T,Total,2015,,18.8020431741564,,,,,,,,,,A,Normal value,,,,,2,Two,,,0,Units
DATAFLOW,OECD.EDU.IMEP:DSD_EAG_UOE_NON_FIN_STUD@DF_UOE_NF_DIST_FIELD(1.0),"Distribution of enrolled students, new entrants and graduates by field of education",I,TUR,Türkiye,ISCED11_5T8,Tertiary education,GRAD,Graduates,FE,"Formal education, includes formal initial and formal adult education programmes",_T,Total,F05T07,"Science, technology, engineering and mathematics",_T,Total,A,Annual,_Z,Not applicable,_Z,Not applicable,INST_EDU,All educational institutions,_T,Total,PT_ST,Percentage of students,_T,Total,_T,Total,2014,,20.1470560139305,,,,,,,,,,A,Normal value,,,,,2,Two,,,0,Units
DATAFLOW,OECD.EDU.IMEP:DSD_EAG_UOE_NON_FIN_STUD@DF_UOE_NF_DIST_FIELD(1.0),"Distribution of enrolled students, new entrants and graduates by field of education",I,TUR,Türkiye,ISCED11_5T8,Tertiary education,GRAD,Graduates,FE,"Formal education, includes formal initial and formal adult education programmes",_T,Total,F05T07,"Science, technology, engineering and mathematics",_T,Total,A,Annual,_Z,Not applicable,_Z,Not applicable,INST_EDU,All educational institutions,_T,Total,PT_ST,Percentage of students,_T,Total,_T,Total,2013,,20.9596326398563,,,,,,,,,,A,Normal value,,,,,2,Two,,,0,Units
DATAFLOW,OECD.EDU.IMEP:DSD_EAG_UOE_NON_FIN_STUD@DF_UOE_NF_DIST_FIELD(1.0),"Distribution of enrolled students, new entrants and graduates by field of education",I,EU25,European Union (25 countries),ISCED11_5T8,Tertiary education,GRAD,Graduates,FE,"Formal education, includes formal initial and formal adult education programmes",_T,Total,F05T07,"Science, technology, engineering and mathematics",_T,Total,A,Annual,_Z,Not applicable,_Z,Not applicable,INST_EDU,All educational institutions,_T,Total,PT_ST,Percentage of students,_T,Total,_T,Total,2023,,25.0780009109328,,,,,,,,,,A,Normal value,,,,,2,Two,,,0,Units
DATAFLOW,OECD.EDU.IMEP:DSD_EAG_UOE_NON_FIN_STUD@DF_UOE_NF_DIST_FIELD(1.0),"Distribution of enrolled students, new entrants and graduates by field of education",I,EU25,European Union (25 countries),ISCED11_5T8,Tertiary education,GRAD,Graduates,FE,"Formal education, includes formal initial and formal adult education programmes",_T,Total,F05T07,"Science, technology, engineering and mathematics",_T,Total,A,Annual,_Z,Not applicable,_Z,Not applicable,INST_EDU,All educational institutions,_T,Total,PT_ST,Percentage of students,_T,Total,_T,Total,2022,,25.4064563622568,,,,,,,,,,A,Normal value,,,,,2,Two,,,0,Units
DATAFLOW,OECD.EDU.IMEP:DSD_EAG_UOE_NON_FIN_STUD@DF_UOE_NF_DIST_FIELD(1.0),"Distribution of enrolled students, new entrants and graduates by field of education",I,EU25,European Union (25 countries),ISCED11_5T8,Tertiary education,GRAD,Graduates,FE,"Formal education, includes formal initial and formal adult education programmes",_T,Total,F05T07,"Science, technology, engineering and mathematics",_T,Total,A,Annual,_Z,Not applicable,_Z,Not applicable,INST_EDU,All educational institutions,_T,Total,PT_ST,Percentage of students,_T,Total,_T,Total,2021,,24.9501651721293,,,,,,,,,,A,Normal value,,,,,2,Two,,,0,Units
DATAFLOW,OECD.EDU.IMEP:DSD_EAG_UOE_NON_FIN_STUD@DF_UOE_NF_DIST_FIELD(1.0),"Distribution of enrolled students, new entrants and graduates by field of education",I,EU25,European Union (25 countries),ISCED11_5T8,Tertiary education,GRAD,Graduates,FE,"Formal education, includes formal initial and formal adult education programmes",_T,Total,F05T07,"Science, technology, engineering and mathematics",_T,Total,A,Annual,_Z,Not applicable,_Z,Not applicable,INST_EDU,All educational institutions,_T,Total,PT_ST,Percentage of students,_T,Total,_T,Total,2020,,24.9125893057429,,,,,,,,,,A,Normal value,,,,,2,Two,,,0,Units
DATAFLOW,OECD.EDU.IMEP:DSD_EAG_UOE_NON_FIN_STUD@DF_UOE_NF_DIST_FIELD(1.0),"Distribution of enrolled students, new entrants and graduates by field of education",I,EU25,European Union (25 countries),ISCED11_5T8,Tertiary education,GRAD,Graduates,FE,"Formal education, includes formal initial and formal adult education programmes",_T,Total,F05T07,"Science, technology, engineering and mathematics",_T,Total,A,Annual,_Z,Not applicable,_Z,Not applicable,INST_EDU,All educational institutions,_T,Total,PT_ST,Percentage of students,_T,Total,_T,Total,2019,,25.0910379567773,,,,,,,,,,A,Normal value,,,,,2,Two,,,0,Units
DATAFLOW,OECD.EDU.IMEP:DSD_EAG_UOE_NON_FIN_STUD@DF_UOE_NF_DIST_FIELD(1.0),"Distribution of enrolled students, new entrants and graduates by field of education",I,EU25,European Union (25 countries),ISCED11_5T8,Tertiary education,GRAD,Graduates,FE,"Formal education, includes formal initial and formal adult education programmes",_T,Total,F05T07,"Science, technology, engineering and mathematics",_T,Total,A,Annual,_Z,Not applicable,_Z,Not applicable,INST_EDU,All educational institutions,_T,Total,PT_ST,Percentage of students,_T,Total,_T,Total,2018,,24.7040978497844,,,,,,,,,,A,Normal value,,,,,2,Two,,,0,Units
DATAFLOW,OECD.EDU.IMEP:DSD_EAG_UOE_NON_FIN_STUD@DF_UOE_NF_DIST_FIELD(1.0),"Distribution of enrolled students, new entrants and graduates by field of education",I,EU25,European Union (25 countries),ISCED11_5T8,Tertiary education,GRAD,Graduates,FE,"Formal education, includes formal initial and formal adult education programmes",_T,Total,F05T07,"Science, technology, engineering and mathematics",_T,Total,A,Annual,_Z,Not applicable,_Z,Not applicable,INST_EDU,All educational institutions,_T,Total,PT_ST,Percentage of students,_T,Total,_T,Total,2017,,24.8798278538182,,,,,,,,,,A,Normal value,,,,,2,Two,,,0,Units
DATAFLOW,OECD.EDU.IMEP:DSD_EAG_UOE_NON_FIN_STUD@DF_UOE_NF_DIST_FIELD(1.0),"Distribution of enrolled students, new entrants and graduates by field of education",I,EU25,European Union (25 countries),ISCED11_5T8,Tertiary education,GRAD,Graduates,FE,"Formal education, includes formal initial and formal adult education programmes",_T,Total,F05T07,"Science, technology, engineering and mathematics",_T,Total,A,Annual,_Z,Not applicable,_Z,Not applicable,INST_EDU,All educational institutions,_T,Total,PT_ST,Percentage of students,_T,Total,_T,Total,2016,,24.6065659811685,,,,,,,,,,A,Normal value,,,,,2,Two,,,0,Units
DATAFLOW,OECD.EDU.IMEP:DSD_EAG_UOE_NON_FIN_STUD@DF_UOE_NF_DIST_FIELD(1.0),"Distribution of enrolled students, new entrants and graduates by field of education",I,EU25,European Union (25 countries),ISCED11_5T8,Tertiary education,GRAD,Graduates,FE,"Formal education, includes formal initial and formal adult education programmes",_T,Total,F05T07,"Science, technology, engineering and mathematics",_T,Total,A,Annual,_Z,Not applicable,_Z,Not applicable,INST_EDU,All educational institutions,_T,Total,PT_ST,Percentage of students,_T,Total,_T,Total,2015,,24.5552331992431,,,,,,,,,,A,Normal value,,,,,2,Two,,,0,Units
DATAFLOW,OECD.EDU.IMEP:DSD_EAG_UOE_NON_FIN_STUD@DF_UOE_NF_DIST_FIELD(1.0),"Distribution of enrolled students, new entrants and graduates by field of education",I,EU25,European Union (25 countries),ISCED11_5T8,Tertiary education,GRAD,Graduates,FE,"Formal education, includes formal initial and formal adult education programmes",_T,Total,F05T07,"Science, technology, engineering and mathematics",_T,Total,A,Annual,_Z,Not applicable,_Z,Not applicable,INST_EDU,All educational institutions,_T,Total,PT_ST,Percentage of students,_T,Total,_T,Total,2014,,24.412264550135,,,,,,,,,,A,Normal value,,,,,2,Two,,,0,Units
DATAFLOW,OECD.EDU.IMEP:DSD_EAG_UOE_NON_FIN_STUD@DF_UOE_NF_DIST_FIELD(1.0),"Distribution of enrolled students, new entrants and graduates by field of education",I,EU25,European Union (25 countries),ISCED11_5T8,Tertiary education,GRAD,Graduates,FE,"Formal education, includes formal initial and formal adult education programmes",_T,Total,F05T07,"Science, technology, engineering and mathematics",_T,Total,A,Annual,_Z,Not applicable,_Z,Not applicable,INST_EDU,All educational institutions,_T,Total,PT_ST,Percentage of students,_T,Total,_T,Total,2013,,22.9950720043197,,,,,,,,,,A,Normal value,,,,,2,Two,,,0,Units
DATAFLOW,OECD.EDU.IMEP:DSD_EAG_UOE_NON_FIN_STUD@DF_UOE_NF_DIST_FIELD(1.0),"Distribution of enrolled students, new entrants and graduates by field of education",I,OECD,OECD,ISCED11_5T8,Tertiary education,GRAD,Graduates,FE,"Formal education, includes formal initial and formal adult education programmes",_T,Total,F05T07,"Science, technology, engineering and mathematics",_T,Total,A,Annual,_Z,Not applicable,_Z,Not applicable,INST_EDU,All educational institutions,_T,Total,PT_ST,Percentage of students,_T,Total,_T,Total,2023,,23.9964902975224,,,,,,,,,,A,Normal value,,,,,2,Two,,,0,Units
DATAFLOW,OECD.EDU.IMEP:DSD_EAG_UOE_NON_FIN_STUD@DF_UOE_NF_DIST_FIELD(1.0),"Distribution of enrolled students, new entrants and graduates by field of education",I,OECD,OECD,ISCED11_5T8,Tertiary education,GRAD,Graduates,FE,"Formal education, includes formal initial and formal adult education programmes",_T,Total,F05T07,"Science, technology, engineering and mathematics",_T,Total,A,Annual,_Z,Not applicable,_Z,Not applicable,INST_EDU,All educational institutions,_T,Total,PT_ST,Percentage of students,_T,Total,_T,Total,2022,,24.1025816836199,,,,,,,,,,A,Normal value,,,,,2,Two,,,0,Units
DATAFLOW,OECD.EDU.IMEP:DSD_EAG_UOE_NON_FIN_STUD@DF_UOE_NF_DIST_FIELD(1.0),"Distribution of enrolled students, new entrants and graduates by field of education",I,OECD,OECD,ISCED11_5T8,Tertiary education,GRAD,Graduates,FE,"Formal education, includes formal initial and formal adult education programmes",_T,Total,F05T07,"Science, technology, engineering and mathematics",_T,Total,A,Annual,_Z,Not applicable,_Z,Not applicable,INST_EDU,All educational institutions,_T,Total,PT_ST,Percentage of students,_T,Total,_T,Total,2021,,23.7755513331536,,,,,,,,,,A,Normal value,,,,,2,Two,,,0,Units
DATAFLOW,OECD.EDU.IMEP:DSD_EAG_UOE_NON_FIN_STUD@DF_UOE_NF_DIST_FIELD(1.0),"Distribution of enrolled students, new entrants and graduates by field of education",I,OECD,OECD,ISCED11_5T8,Tertiary education,GRAD,Graduates,FE,"Formal education, includes formal initial and formal adult education programmes",_T,Total,F05T07,"Science, technology, engineering and mathematics",_T,Total,A,Annual,_Z,Not applicable,_Z,Not applicable,INST_EDU,All educational institutions,_T,Total,PT_ST,Percentage of students,_T,Total,_T,Total,2020,,23.7574971355746,,,,,,,,,,A,Normal value,,,,,2,Two,,,0,Units
DATAFLOW,OECD.EDU.IMEP:DSD_EAG_UOE_NON_FIN_STUD@DF_UOE_NF_DIST_FIELD(1.0),"Distribution of enrolled students, new entrants and graduates by field of education",I,OECD,OECD,ISCED11_5T8,Tertiary education,GRAD,Graduates,FE,"Formal education, includes formal initial and formal adult education programmes",_T,Total,F05T07,"Science, technology, engineering and mathematics",_T,Total,A,Annual,_Z,Not applicable,_Z,Not applicable,INST_EDU,All educational institutions,_T,Total,PT_ST,Percentage of students,_T,Total,_T,Total,2019,,23.9667895270733,,,,,,,,,,A,Normal value,,,,,2,Two,,,0,Units
DATAFLOW,OECD.EDU.IMEP:DSD_EAG_UOE_NON_FIN_STUD@DF_UOE_NF_DIST_FIELD(1.0),"Distribution of enrolled students, new entrants and graduates by field of education",I,OECD,OECD,ISCED11_5T8,Tertiary education,GRAD,Graduates,FE,"Formal education, includes formal initial and formal adult education programmes",_T,Total,F05T07,"Science, technology, engineering and mathematics",_T,Total,A,Annual,_Z,Not applicable,_Z,Not applicable,INST_EDU,All educational institutions,_T,Total,PT_ST,Percentage of students,_T,Total,_T,Total,2018,,23.6381273300424,,,,,,,,,,A,Normal value,,,,,2,Two,,,0,Units
DATAFLOW,OECD.EDU.IMEP:DSD_EAG_UOE_NON_FIN_STUD@DF_UOE_NF_DIST_FIELD(1.0),"Distribution of enrolled students, new entrants and graduates by field of education",I,OECD,OECD,ISCED11_5T8,Tertiary education,GRAD,Graduates,FE,"Formal education, includes formal initial and formal adult education programmes",_T,Total,F05T07,"Science, technology, engineering and mathematics",_T,Total,A,Annual,_Z,Not applicable,_Z,Not applicable,INST_EDU,All educational institutions,_T,Total,PT_ST,Percentage of students,_T,Total,_T,Total,2017,,23.6655572639748,,,,,,,,,,A,Normal value,,,,,2,Two,,,0,Units
DATAFLOW,OECD.EDU.IMEP:DSD_EAG_UOE_NON_FIN_STUD@DF_UOE_NF_DIST_FIELD(1.0),"Distribution of enrolled students, new entrants and graduates by field of education",I,OECD,OECD,ISCED11_5T8,Tertiary education,GRAD,Graduates,FE,"Formal education, includes formal initial and formal adult education programmes",_T,Total,F05T07,"Science, technology, engineering and mathematics",_T,Total,A,Annual,_Z,Not applicable,_Z,Not applicable,INST_EDU,All educational institutions,_T,Total,PT_ST,Percentage of students,_T,Total,_T,Total,2016,,23.3534167907721,,,,,,,,,,A,Normal value,,,,,2,Two,,,0,Units
DATAFLOW,OECD.EDU.IMEP:DSD_EAG_UOE_NON_FIN_STUD@DF_UOE_NF_DIST_FIELD(1.0),"Distribution of enrolled students, new entrants and graduates by field of education",I,OECD,OECD,ISCED11_5T8,Tertiary education,GRAD,Graduates,FE,"Formal education, includes formal initial and formal adult education programmes",_T,Total,F05T07,"Science, technology, engineering and mathematics",_T,Total,A,Annual,_Z,Not applicable,_Z,Not applicable,INST_EDU,All educational institutions,_T,Total,PT_ST,Percentage of students,_T,Total,_T,Total,2015,,23.1932109307467,,,,,,,,,,A,Normal value,,,,,2,Two,,,0,Units
DATAFLOW,OECD.EDU.IMEP:DSD_EAG_UOE_NON_FIN_STUD@DF_UOE_NF_DIST_FIELD(1.0),"Distribution of enrolled students, new entrants and graduates by field of education",I,OECD,OECD,ISCED11_5T8,Tertiary education,GRAD,Graduates,FE,"Formal education, includes formal initial and formal adult education programmes",_T,Total,F05T07,"Science, technology, engineering and mathematics",_T,Total,A,Annual,_Z,Not applicable,_Z,Not applicable,INST_EDU,All educational institutions,_T,Total,PT_ST,Percentage of students,_T,Total,_T,Total,2014,,22.5592459120284,,,,,,,,,,A,Normal value,,,,,2,Two,,,0,Units
DATAFLOW,OECD.EDU.IMEP:DSD_EAG_UOE_NON_FIN_STUD@DF_UOE_NF_DIST_FIELD(1.0),"Distribution of enrolled students, new entrants and graduates by field of education",I,OECD,OECD,ISCED11_5T8,Tertiary education,GRAD,Graduates,FE,"Formal education, includes formal initial and formal adult education programmes",_T,Total,F05T07,"Science, technology, engineering and mathematics",_T,Total,A,Annual,_Z,Not applicable,_Z,Not applicable,INST_EDU,All educational institutions,_T,Total,PT_ST,Percentage of students,_T,Total,_T,Total,2013,,23.0487291924069,,,,,,,,,,A,Normal value,,,,,2,Two,,,0,Units
DATAFLOW,OECD.EDU.IMEP:DSD_EAG_UOE_NON_FIN_STUD@DF_UOE_NF_DIST_FIELD(1.0),"Distribution of enrolled students, new entrants and graduates by field of education",I,G20,G20,ISCED11_5T8,Tertiary education,GRAD,Graduates,FE,"Formal education, includes formal initial and formal adult education programmes",_T,Total,F05T07,"Science, technology, engineering and mathematics",_T,Total,A,Annual,_Z,Not applicable,_Z,Not applicable,INST_EDU,All educational institutions,_T,Total,PT_ST,Percentage of students,_T,Total,_T,Total,2022,,,,,,,,,,,,O,Missing value,,,,,2,Two,,,0,Units
DATAFLOW,OECD.EDU.IMEP:DSD_EAG_UOE_NON_FIN_STUD@DF_UOE_NF_DIST_FIELD(1.0),"Distribution of enrolled students, new entrants and graduates by field of education",I,G20,G20,ISCED11_5T8,Tertiary education,GRAD,Graduates,FE,"Formal education, includes formal initial and formal adult education programmes",_T,Total,F05T07,"Science, technology, engineering and mathematics",_T,Total,A,Annual,_Z,Not applicable,_Z,Not applicable,INST_EDU,All educational institutions,_T,Total,PT_ST,Percentage of students,_T,Total,_T,Total,2021,,,,,,,,,,,,O,Missing value,,,,,2,Two,,,0,Units
DATAFLOW,OECD.EDU.IMEP:DSD_EAG_UOE_NON_FIN_STUD@DF_UOE_NF_DIST_FIELD(1.0),"Distribution of enrolled students, new entrants and graduates by field of education",I,G20,G20,ISCED11_5T8,Tertiary education,GRAD,Graduates,FE,"Formal education, includes formal initial and formal adult education programmes",_T,Total,F05T07,"Science, technology, engineering and mathematics",_T,Total,A,Annual,_Z,Not applicable,_Z,Not applicable,INST_EDU,All educational institutions,_T,Total,PT_ST,Percentage of students,_T,Total,_T,Total,2020,,,,,,,,,,,,O,Missing value,,,,,2,Two,,,0,Units
DATAFLOW,OECD.EDU.IMEP:DSD_EAG_UOE_NON_FIN_STUD@DF_UOE_NF_DIST_FIELD(1.0),"Distribution of enrolled students, new entrants and graduates by field of education",I,G20,G20,ISCED11_5T8,Tertiary education,GRAD,Graduates,FE,"Formal education, includes formal initial and formal adult education programmes",_T,Total,F05T07,"Science, technology, engineering and mathematics",_T,Total,A,Annual,_Z,Not applicable,_Z,Not applicable,INST_EDU,All educational institutions,_T,Total,PT_ST,Percentage of students,_T,Total,_T,Total,2019,,,,,,,,,,,,O,Missing value,,,,,2,Two,,,0,Units
DATAFLOW,OECD.EDU.IMEP:DSD_EAG_UOE_NON_FIN_STUD@DF_UOE_NF_DIST_FIELD(1.0),"Distribution of enrolled students, new entrants and graduates by field of education",I,G20,G20,ISCED11_5T8,Tertiary education,GRAD,Graduates,FE,"Formal education, includes formal initial and formal adult education programmes",_T,Total,F05T07,"Science, technology, engineering and mathematics",_T,Total,A,Annual,_Z,Not applicable,_Z,Not applicable,INST_EDU,All educational institutions,_T,Total,PT_ST,Percentage of students,_T,Total,_T,Total,2018,,,,,,,,,,,,O,Missing value,,,,,2,Two,,,0,Units
DATAFLOW,OECD.EDU.IMEP:DSD_EAG_UOE_NON_FIN_STUD@DF_UOE_NF_DIST_FIELD(1.0),"Distribution of enrolled students, new entrants and graduates by field of education",I,G20,G20,ISCED11_5T8,Tertiary education,GRAD,Graduates,FE,"Formal education, includes formal initial and formal adult education programmes",_T,Total,F05T07,"Science, technology, engineering and mathematics",_T,Total,A,Annual,_Z,Not applicable,_Z,Not applicable,INST_EDU,All educational institutions,_T,Total,PT_ST,Percentage of students,_T,Total,_T,Total,2017,,,,,,,,,,,,O,Missing value,,,,,2,Two,,,0,Units
DATAFLOW,OECD.EDU.IMEP:DSD_EAG_UOE_NON_FIN_STUD@DF_UOE_NF_DIST_FIELD(1.0),"Distribution of enrolled students, new entrants and graduates by field of education",I,G20,G20,ISCED11_5T8,Tertiary education,GRAD,Graduates,FE,"Formal education, includes formal initial and formal adult education programmes",_T,Total,F05T07,"Science, technology, engineering and mathematics",_T,Total,A,Annual,_Z,Not applicable,_Z,Not applicable,INST_EDU,All educational institutions,_T,Total,PT_ST,Percentage of students,_T,Total,_T,Total,2016,,,,,,,,,,,,O,Missing value,,,,,2,Two,,,0,Units
DATAFLOW,OECD.EDU.IMEP:DSD_EAG_UOE_NON_FIN_STUD@DF_UOE_NF_DIST_FIELD(1.0),"Distribution of enrolled students, new entrants and graduates by field of education",I,G20,G20,ISCED11_5T8,Tertiary education,GRAD,Graduates,FE,"Formal education, includes formal initial and formal adult education programmes",_T,Total,F05T07,"Science, technology, engineering and mathematics",_T,Total,A,Annual,_Z,Not applicable,_Z,Not applicable,INST_EDU,All educational institutions,_T,Total,PT_ST,Percentage of students,_T,Total,_T,Total,2015,,,,,,,,,,,,O,Missing value,,,,,2,Two,,,0,Units
DATAFLOW,OECD.EDU.IMEP:DSD_EAG_UOE_NON_FIN_STUD@DF_UOE_NF_DIST_FIELD(1.0),"Distribution of enrolled students, new entrants and graduates by field of education",I,G20,G20,ISCED11_5T8,Tertiary education,GRAD,Graduates,FE,"Formal education, includes formal initial and formal adult education programmes",_T,Total,F05T07,"Science, technology, engineering and mathematics",_T,Total,A,Annual,_Z,Not applicable,_Z,Not applicable,INST_EDU,All educational institutions,_T,Total,PT_ST,Percentage of students,_T,Total,_T,Total,2014,,,,,,,,,,,,O,Missing value,,,,,2,Two,,,0,Units
DATAFLOW,OECD.EDU.IMEP:DSD_EAG_UOE_NON_FIN_STUD@DF_UOE_NF_DIST_FIELD(1.0),"Distribution of enrolled students, new entrants and graduates by field of education",I,G20,G20,ISCED11_5T8,Tertiary education,GRAD,Graduates,FE,"Formal education, includes formal initial and formal adult education programmes",_T,Total,F05T07,"Science, technology, engineering and mathematics",_T,Total,A,Annual,_Z,Not applicable,_Z,Not applicable,INST_EDU,All educational institutions,_T,Total,PT_ST,Percentage of students,_T,Total,_T,Total,2013,,,,,,,,,,,,O,Missing value,,,,,2,Two,,,0,Units
