STRUCTURE,STRUCTURE_ID,STRUCTURE_NAME,ACTION,REF_AREA,Reference area,SEX,Sex,AGE,Age,ATTAINMENT_LEV,Educational attainment level,EDUCATION_FIELD,Field of education,MEASURE,Measure,INCOME,Income,BIRTH_PLACE,Place of birth,MIGRATION_AGE,Age at migration,EDU_STATUS,Education status,LABOUR_FORCE_STATUS,Labour force status,DURATION_UNEMP,Unemployment duration,UNIT_MEASURE,Unit of measure,STATISTICAL_OPERATION,Statistical operation,WORK_TIME_ARNGMNT,Work time arrangement,QUESTIONNAIRE,Questionnaire name,FREQ,Frequency of observation,TIME_PERIOD,Time period,OBS_VALUE,Observation value,OBS_STATUS,Observation status,CONF_STATUS,Confidentiality status,UNIT_MULT,Unit multiplier,DECIMALS,Decimals
DATAFLOW,OECD.EDU.IMEP:DSD_EAG_LSO_EA@DF_LSO_EARN_ALL(1.0),Education and earnings (EARNINGS) (full dataset),I,ROU,Romania,_T,Total,Y25T64,From 25 to 64 years,ISCED11A_5T8,Tertiary education,F05T07,"Science, technology, engineering and mathematics",EARN_RELATIVE,Relative earnings,_Z,Not applicable,_T,Total,_Z,Not applicable,ED_NED,In education or not in education,EMP,Employment,_Z,Not applicable,PT_EARN_WR_ISCED11A_5T8,Percentage of earnings of workers with tertiary educational attainment,OBS,Observed,PT,Part-time,EARNINGS_FIELD,LSO-EARNINGS cyclical data collection on field of study,A3,Triennial,2023,,,,A,Normal value,,,0,Units,1,One
DATAFLOW,OECD.EDU.IMEP:DSD_EAG_LSO_EA@DF_LSO_EARN_ALL(1.0),Education and earnings (EARNINGS) (full dataset),I,ROU,Romania,_T,Total,Y25T34,From 25 to 34 years,ISCED11A_5T8,Tertiary education,F05T07,"Science, technology, engineering and mathematics",EARN_RELATIVE,Relative earnings,_Z,Not applicable,_T,Total,_Z,Not applicable,ED_NED,In education or not in education,EMP,Employment,_Z,Not applicable,PT_EARN_WR_ISCED11A_5T8,Percentage of earnings of workers with tertiary educational attainment,OBS,Observed,PT,Part-time,EARNINGS_FIELD,LSO-EARNINGS cyclical data collection on field of study,A3,Triennial,2023,,,,A,Normal value,,,0,Units,1,One
DATAFLOW,OECD.EDU.IMEP:DSD_EAG_LSO_EA@DF_LSO_EARN_ALL(1.0),Education and earnings (EARNINGS) (full dataset),I,CRI,Costa Rica,_T,Total,Y25T34,From 25 to 34 years,ISCED11A_5T8,Tertiary education,F05T07,"Science, technology, engineering and mathematics",EARN_RELATIVE,Relative earnings,_Z,Not applicable,_T,Total,_Z,Not applicable,ED_NED,In education or not in education,EMP,Employment,_Z,Not applicable,PT_EARN_WR_ISCED11A_5T8,Percentage of earnings of workers with tertiary educational attainment,OBS,Observed,PT,Part-time,EARNINGS_FIELD,LSO-EARNINGS cyclical data collection on field of study,A3,Triennial,2023,,,,A,Normal value,,,0,Units,1,One
DATAFLOW,OECD.EDU.IMEP:DSD_EAG_LSO_EA@DF_LSO_EARN_ALL(1.0),Education and earnings (EARNINGS) (full dataset),I,CRI,Costa Rica,_T,Total,Y55T64,From 55 to 64 years,ISCED11A_5T8,Tertiary education,F05T07,"Science, technology, engineering and mathematics",EARN_RELATIVE,Relative earnings,_Z,Not applicable,_T,Total,_Z,Not applicable,ED_NED,In education or not in education,EMP,Employment,_Z,Not applicable,PT_EARN_WR_ISCED11A_5T8,Percentage of earnings of workers with tertiary educational attainment,OBS,Observed,PT,Part-time,EARNINGS_FIELD,LSO-EARNINGS cyclical data collection on field of study,A3,Triennial,2023,,,,A,Normal value,,,0,Units,1,One
DATAFLOW,OECD.EDU.IMEP:DSD_EAG_LSO_EA@DF_LSO_EARN_ALL(1.0),Education and earnings (EARNINGS) (full dataset),I,CRI,Costa Rica,_T,Total,Y25T34,From 25 to 34 years,ISCED11A_5T8,Tertiary education,F05T07,"Science, technology, engineering and mathematics",EARN_RELATIVE,Relative earnings,_Z,Not applicable,_T,Total,_Z,Not applicable,ED_NED,In education or not in education,EMP,Employment,_Z,Not applicable,PT_EARN_WR_ISCED11A_5T8,Percentage of earnings of workers with tertiary educational attainment,OBS,Observed,PT,Part-time,EARNINGS_FIELD,LSO-EARNINGS cyclical data collection on field of study,A3,Triennial,2020,,,,A,Normal value,C,Confidential statistical information,0,Units,1,One
DATAFLOW,OECD.EDU.IMEP:DSD_EAG_LSO_EA@DF_LSO_EARN_ALL(1.0),Education and earnings (EARNINGS) (full dataset),I,CRI,Costa Rica,_T,Total,Y25T64,From 25 to 64 years,ISCED11A_5T8,Tertiary education,F05T07,"Science, technology, engineering and mathematics",EARN_RELATIVE,Relative earnings,_Z,Not applicable,_T,Total,_Z,Not applicable,ED_NED,In education or not in education,EMP,Employment,_Z,Not applicable,PT_EARN_WR_ISCED11A_5T8,Percentage of earnings of workers with tertiary educational attainment,OBS,Observed,PT,Part-time,EARNINGS_FIELD,LSO-EARNINGS cyclical data collection on field of study,A3,Triennial,2020,,,,A,Normal value,C,Confidential statistical information,0,Units,1,One
DATAFLOW,OECD.EDU.IMEP:DSD_EAG_LSO_EA@DF_LSO_EARN_ALL(1.0),Education and earnings (EARNINGS) (full dataset),I,CRI,Costa Rica,_T,Total,Y55T64,From 55 to 64 years,ISCED11A_5T8,Tertiary education,F05T07,"Science, technology, engineering and mathematics",EARN_RELATIVE,Relative earnings,_Z,Not applicable,_T,Total,_Z,Not applicable,ED_NED,In education or not in education,EMP,Employment,_Z,Not applicable,PT_EARN_WR_ISCED11A_5T8,Percentage of earnings of workers with tertiary educational attainment,OBS,Observed,FT,Full-time,EARNINGS_FIELD,LSO-EARNINGS cyclical data collection on field of study,A3,Triennial,2020,,,,A,Normal value,C,Confidential statistical information,0,Units,1,One
DATAFLOW,OECD.EDU.IMEP:DSD_EAG_LSO_EA@DF_LSO_EARN_ALL(1.0),Education and earnings (EARNINGS) (full dataset),I,CRI,Costa Rica,_T,Total,Y55T64,From 55 to 64 years,ISCED11A_5T8,Tertiary education,F05T07,"Science, technology, engineering and mathematics",EARN_RELATIVE,Relative earnings,_Z,Not applicable,_T,Total,_Z,Not applicable,ED_NED,In education or not in education,EMP,Employment,_Z,Not applicable,PT_EARN_WR_ISCED11A_5T8,Percentage of earnings of workers with tertiary educational attainment,OBS,Observed,_T,Total,EARNINGS_FIELD,LSO-EARNINGS cyclical data collection on field of study,A3,Triennial,2020,,,,A,Normal value,C,Confidential statistical information,0,Units,1,One
DATAFLOW,OECD.EDU.IMEP:DSD_EAG_LSO_EA@DF_LSO_EARN_ALL(1.0),Education and earnings (EARNINGS) (full dataset),I,LVA,Latvia,_T,Total,Y25T34,From 25 to 34 years,ISCED11A_5T8,Tertiary education,F05T07,"Science, technology, engineering and mathematics",EARN_RELATIVE,Relative earnings,_Z,Not applicable,_T,Total,_Z,Not applicable,ED_NED,In education or not in education,EMP,Employment,_Z,Not applicable,PT_EARN_WR_ISCED11A_5T8,Percentage of earnings of workers with tertiary educational attainment,OBS,Observed,PT,Part-time,EARNINGS_FIELD,LSO-EARNINGS cyclical data collection on field of study,A3,Triennial,2020,,,,A,Normal value,C,Confidential statistical information,0,Units,1,One
DATAFLOW,OECD.EDU.IMEP:DSD_EAG_LSO_EA@DF_LSO_EARN_ALL(1.0),Education and earnings (EARNINGS) (full dataset),I,LVA,Latvia,_T,Total,Y55T64,From 55 to 64 years,ISCED11A_5T8,Tertiary education,F05T07,"Science, technology, engineering and mathematics",EARN_RELATIVE,Relative earnings,_Z,Not applicable,_T,Total,_Z,Not applicable,ED_NED,In education or not in education,EMP,Employment,_Z,Not applicable,PT_EARN_WR_ISCED11A_5T8,Percentage of earnings of workers with tertiary educational attainment,OBS,Observed,PT,Part-time,EARNINGS_FIELD,LSO-EARNINGS cyclical data collection on field of study,A3,Triennial,2020,,,,A,Normal value,C,Confidential statistical information,0,Units,1,One
DATAFLOW,OECD.EDU.IMEP:DSD_EAG_LSO_EA@DF_LSO_EARN_ALL(1.0),Education and earnings (EARNINGS) (full dataset),I,LUX,Luxembourg,_T,Total,Y25T34,From 25 to 34 years,ISCED11A_5T8,Tertiary education,F05T07,"Science, technology, engineering and mathematics",EARN_RELATIVE,Relative earnings,_Z,Not applicable,_T,Total,_Z,Not applicable,ED_NED,In education or not in education,EMP,Employment,_Z,Not applicable,PT_EARN_WR_ISCED11A_5T8,Percentage of earnings of workers with tertiary educational attainment,OBS,Observed,PT,Part-time,EARNINGS_FIELD,LSO-EARNINGS cyclical data collection on field of study,A3,Triennial,2020,,,,A,Normal value,C,Confidential statistical information,0,Units,1,One
DATAFLOW,OECD.EDU.IMEP:DSD_EAG_LSO_EA@DF_LSO_EARN_ALL(1.0),Education and earnings (EARNINGS) (full dataset),I,LUX,Luxembourg,_T,Total,Y55T64,From 55 to 64 years,ISCED11A_5T8,Tertiary education,F05T07,"Science, technology, engineering and mathematics",EARN_RELATIVE,Relative earnings,_Z,Not applicable,_T,Total,_Z,Not applicable,ED_NED,In education or not in education,EMP,Employment,_Z,Not applicable,PT_EARN_WR_ISCED11A_5T8,Percentage of earnings of workers with tertiary educational attainment,OBS,Observed,FT,Full-time,EARNINGS_FIELD,LSO-EARNINGS cyclical data collection on field of study,A3,Triennial,2020,,,,A,Normal value,C,Confidential statistical information,0,Units,1,One
DATAFLOW,OECD.EDU.IMEP:DSD_EAG_LSO_EA@DF_LSO_EARN_ALL(1.0),Education and earnings (EARNINGS) (full dataset),I,LUX,Luxembourg,_T,Total,Y25T64,From 25 to 64 years,ISCED11A_5T8,Tertiary education,F05T07,"Science, technology, engineering and mathematics",EARN_RELATIVE,Relative earnings,_Z,Not applicable,_T,Total,_Z,Not applicable,ED_NED,In education or not in education,EMP,Employment,_Z,Not applicable,PT_EARN_WR_ISCED11A_5T8,Percentage of earnings of workers with tertiary educational attainment,OBS,Observed,PT,Part-time,EARNINGS_FIELD,LSO-EARNINGS cyclical data collection on field of study,A3,Triennial,2020,,,,A,Normal value,C,Confidential statistical information,0,Units,1,One
DATAFLOW,OECD.EDU.IMEP:DSD_EAG_LSO_EA@DF_LSO_EARN_ALL(1.0),Education and earnings (EARNINGS) (full dataset),I,LUX,Luxembourg,_T,Total,Y55T64,From 55 to 64 years,ISCED11A_5T8,Tertiary education,F05T07,"Science, technology, engineering and mathematics",EARN_RELATIVE,Relative earnings,_Z,Not applicable,_T,Total,_Z,Not applicable,ED_NED,In education or not in education,EMP,Employment,_Z,Not applicable,PT_EARN_WR_ISCED11A_5T8,Percentage of earnings of workers with tertiary educational attainment,OBS,Observed,_T,Total,EARNINGS_FIELD,LSO-EARNINGS cyclical data collection on field of study,A3,Triennial,2020,,,,A,Normal value,C,Confidential statistical information,0,Units,1,One
DATAFLOW,OECD.EDU.IMEP:DSD_EAG_LSO_EA@DF_LSO_EARN_ALL(1.0),Education and earnings (EARNINGS) (full dataset),I,GBR,United Kingdom,_T,Total,Y25T34,From 25 to 34 years,ISCED11A_5T8,Tertiary education,F05T07,"Science, technology, engineering and mathematics",EARN_RELATIVE,Relative earnings,_Z,Not applicable,_T,Total,_Z,Not applicable,ED_NED,In education or not in education,EMP,Employment,_Z,Not applicable,PT_EARN_WR_ISCED11A_5T8,Percentage of earnings of workers with tertiary educational attainment,OBS,Observed,PT,Part-time,EARNINGS_FIELD,LSO-EARNINGS cyclical data collection on field of study,A3,Triennial,2020,,,,A,Normal value,C,Confidential statistical information,0,Units,1,One
DATAFLOW,OECD.EDU.IMEP:DSD_EAG_LSO_EA@DF_LSO_EARN_ALL(1.0),Education and earnings (EARNINGS) (full dataset),I,GBR,United Kingdom,_T,Total,Y25T34,From 25 to 34 years,ISCED11A_5T8,Tertiary education,F05T07,"Science, technology, engineering and mathematics",EARN_RELATIVE,Relative earnings,_Z,Not applicable,_T,Total,_Z,Not applicable,ED_NED,In education or not in education,EMP,Employment,_Z,Not applicable,PT_EARN_WR_ISCED11A_5T8,Percentage of earnings of workers with tertiary educational attainment,OBS,Observed,PT,Part-time,EARNINGS_FIELD,LSO-EARNINGS cyclical data collection on field of study,A3,Triennial,2017,,,,A,Normal value,C,Confidential statistical information,0,Units,1,One
DATAFLOW,OECD.EDU.IMEP:DSD_EAG_LSO_EA@DF_LSO_EARN_ALL(1.0),Education and earnings (EARNINGS) (full dataset),I,LVA,Latvia,_T,Total,Y25T34,From 25 to 34 years,ISCED11A_5T8,Tertiary education,F05T07,"Science, technology, engineering and mathematics",EARN_RELATIVE,Relative earnings,_Z,Not applicable,_T,Total,_Z,Not applicable,ED_NED,In education or not in education,EMP,Employment,_Z,Not applicable,PT_EARN_WR_ISCED11A_5T8,Percentage of earnings of workers with tertiary educational attainment,OBS,Observed,PT,Part-time,EARNINGS_FIELD,LSO-EARNINGS cyclical data collection on field of study,A3,Triennial,2017,,,,A,Normal value,C,Confidential statistical information,0,Units,1,One
DATAFLOW,OECD.EDU.IMEP:DSD_EAG_LSO_EA@DF_LSO_EARN_ALL(1.0),Education and earnings (EARNINGS) (full dataset),I,PRT,Portugal,_T,Total,Y55T64,From 55 to 64 years,ISCED11A_5T8,Tertiary education,F05T07,"Science, technology, engineering and mathematics",EARN_RELATIVE,Relative earnings,_Z,Not applicable,_T,Total,_Z,Not applicable,ED_NED,In education or not in education,EMP,Employment,_Z,Not applicable,PT_EARN_WR_ISCED11A_5T8,Percentage of earnings of workers with tertiary educational attainment,OBS,Observed,PT,Part-time,EARNINGS_FIELD,LSO-EARNINGS cyclical data collection on field of study,A3,Triennial,2017,,,,A,Normal value,C,Confidential statistical information,0,Units,1,One
DATAFLOW,OECD.EDU.IMEP:DSD_EAG_LSO_EA@DF_LSO_EARN_ALL(1.0),Education and earnings (EARNINGS) (full dataset),I,LVA,Latvia,_T,Total,Y55T64,From 55 to 64 years,ISCED11A_5T8,Tertiary education,F05T07,"Science, technology, engineering and mathematics",EARN_RELATIVE,Relative earnings,_Z,Not applicable,_T,Total,_Z,Not applicable,ED_NED,In education or not in education,EMP,Employment,_Z,Not applicable,PT_EARN_WR_ISCED11A_5T8,Percentage of earnings of workers with tertiary educational attainment,OBS,Observed,PT,Part-time,EARNINGS_FIELD,LSO-EARNINGS cyclical data collection on field of study,A3,Triennial,2017,,,,A,Normal value,C,Confidential statistical information,0,Units,1,One
DATAFLOW,OECD.EDU.IMEP:DSD_EAG_LSO_EA@DF_LSO_EARN_ALL(1.0),Education and earnings (EARNINGS) (full dataset),I,CRI,Costa Rica,_T,Total,Y55T64,From 55 to 64 years,ISCED11A_5T8,Tertiary education,F05T07,"Science, technology, engineering and mathematics",EARN_RELATIVE,Relative earnings,_Z,Not applicable,_T,Total,_Z,Not applicable,ED_NED,In education or not in education,EMP,Employment,_Z,Not applicable,PT_EARN_WR_ISCED11A_5T8,Percentage of earnings of workers with tertiary educational attainment,OBS,Observed,FT,Full-time,EARNINGS_FIELD,LSO-EARNINGS cyclical data collection on field of study,A3,Triennial,2017,,,,A,Normal value,C,Confidential statistical information,0,Units,1,One
DATAFLOW,OECD.EDU.IMEP:DSD_EAG_LSO_EA@DF_LSO_EARN_ALL(1.0),Education and earnings (EARNINGS) (full dataset),I,CRI,Costa Rica,_T,Total,Y55T64,From 55 to 64 years,ISCED11A_5T8,Tertiary education,F05T07,"Science, technology, engineering and mathematics",EARN_RELATIVE,Relative earnings,_Z,Not applicable,_T,Total,_Z,Not applicable,ED_NED,In education or not in education,EMP,Employment,_Z,Not applicable,PT_EARN_WR_ISCED11A_5T8,Percentage of earnings of workers with tertiary educational attainment,OBS,Observed,PT,Part-time,EARNINGS_FIELD,LSO-EARNINGS cyclical data collection on field of study,A3,Triennial,2017,,,,A,Normal value,C,Confidential statistical information,0,Units,1,One
DATAFLOW,OECD.EDU.IMEP:DSD_EAG_LSO_EA@DF_LSO_EARN_ALL(1.0),Education and earnings (EARNINGS) (full dataset),I,CRI,Costa Rica,_T,Total,Y55T64,From 55 to 64 years,ISCED11A_5T8,Tertiary education,F05T07,"Science, technology, engineering and mathematics",EARN_RELATIVE,Relative earnings,_Z,Not applicable,_T,Total,_Z,Not applicable,ED_NED,In education or not in education,EMP,Employment,_Z,Not applicable,PT_EARN_WR_ISCED11A_5T8,Percentage of earnings of workers with tertiary educational attainment,OBS,Observed,_T,Total,EARNINGS_FIELD,LSO-EARNINGS cyclical data collection on field of study,A3,Triennial,2017,,,,A,Normal value,C,Confidential statistical information,0,Units,1,One
DATAFLOW,OECD.EDU.IMEP:DSD_EAG_LSO_EA@DF_LSO_EARN_ALL(1.0),Education and earnings (EARNINGS) (full dataset),I,CRI,Costa Rica,_T,Total,Y25T34,From 25 to 34 years,ISCED11A_5T8,Tertiary education,F05T07,"Science, technology, engineering and mathematics",EARN_RELATIVE,Relative earnings,_Z,Not applicable,_T,Total,_Z,Not applicable,ED_NED,In education or not in education,EMP,Employment,_Z,Not applicable,PT_EARN_WR_ISCED11A_5T8,Percentage of earnings of workers with tertiary educational attainment,OBS,Observed,PT,Part-time,EARNINGS_FIELD,LSO-EARNINGS cyclical data collection on field of study,A3,Triennial,2017,,,,A,Normal value,C,Confidential statistical information,0,Units,1,One
DATAFLOW,OECD.EDU.IMEP:DSD_EAG_LSO_EA@DF_LSO_EARN_ALL(1.0),Education and earnings (EARNINGS) (full dataset),I,CRI,Costa Rica,_T,Total,Y25T64,From 25 to 64 years,ISCED11A_5T8,Tertiary education,F05T07,"Science, technology, engineering and mathematics",EARN_RELATIVE,Relative earnings,_Z,Not applicable,_T,Total,_Z,Not applicable,ED_NED,In education or not in education,EMP,Employment,_Z,Not applicable,PT_EARN_WR_ISCED11A_5T8,Percentage of earnings of workers with tertiary educational attainment,OBS,Observed,PT,Part-time,EARNINGS_FIELD,LSO-EARNINGS cyclical data collection on field of study,A3,Triennial,2017,,,,A,Normal value,C,Confidential statistical information,0,Units,1,One
DATAFLOW,OECD.EDU.IMEP:DSD_EAG_LSO_EA@DF_LSO_EARN_ALL(1.0),Education and earnings (EARNINGS) (full dataset),I,FIN,Finland,_T,Total,Y55T64,From 55 to 64 years,ISCED11A_5T8,Tertiary education,F05T07,"Science, technology, engineering and mathematics",EARN_RELATIVE,Relative earnings,_Z,Not applicable,_T,Total,_Z,Not applicable,ED_NED,In education or not in education,EMP,Employment,_Z,Not applicable,PT_EARN_WR_ISCED11A_5T8,Percentage of earnings of workers with tertiary educational attainment,OBS,Observed,PT,Part-time,EARNINGS_FIELD,LSO-EARNINGS cyclical data collection on field of study,A3,Triennial,2019,,,,B,Time series break,,,0,Units,1,One
DATAFLOW,OECD.EDU.IMEP:DSD_EAG_LSO_EA@DF_LSO_EARN_ALL(1.0),Education and earnings (EARNINGS) (full dataset),I,FIN,Finland,_T,Total,Y55T64,From 55 to 64 years,ISCED11A_5T8,Tertiary education,F05T07,"Science, technology, engineering and mathematics",EARN_RELATIVE,Relative earnings,_Z,Not applicable,_T,Total,_Z,Not applicable,ED_NED,In education or not in education,EMP,Employment,_Z,Not applicable,PT_EARN_WR_ISCED11A_5T8,Percentage of earnings of workers with tertiary educational attainment,OBS,Observed,FT,Full-time,EARNINGS_FIELD,LSO-EARNINGS cyclical data collection on field of study,A3,Triennial,2019,,,,B,Time series break,,,0,Units,1,One
DATAFLOW,OECD.EDU.IMEP:DSD_EAG_LSO_EA@DF_LSO_EARN_ALL(1.0),Education and earnings (EARNINGS) (full dataset),I,FIN,Finland,_T,Total,Y25T34,From 25 to 34 years,ISCED11A_5T8,Tertiary education,F05T07,"Science, technology, engineering and mathematics",EARN_RELATIVE,Relative earnings,_Z,Not applicable,_T,Total,_Z,Not applicable,ED_NED,In education or not in education,EMP,Employment,_Z,Not applicable,PT_EARN_WR_ISCED11A_5T8,Percentage of earnings of workers with tertiary educational attainment,OBS,Observed,FT,Full-time,EARNINGS_FIELD,LSO-EARNINGS cyclical data collection on field of study,A3,Triennial,2019,,,,B,Time series break,,,0,Units,1,One
DATAFLOW,OECD.EDU.IMEP:DSD_EAG_LSO_EA@DF_LSO_EARN_ALL(1.0),Education and earnings (EARNINGS) (full dataset),I,FIN,Finland,_T,Total,Y25T34,From 25 to 34 years,ISCED11A_5T8,Tertiary education,F05T07,"Science, technology, engineering and mathematics",EARN_RELATIVE,Relative earnings,_Z,Not applicable,_T,Total,_Z,Not applicable,ED_NED,In education or not in education,EMP,Employment,_Z,Not applicable,PT_EARN_WR_ISCED11A_5T8,Percentage of earnings of workers with tertiary educational attainment,OBS,Observed,PT,Part-time,EARNINGS_FIELD,LSO-EARNINGS cyclical data collection on field of study,A3,Triennial,2019,,,,B,Time series break,,,0,Units,1,One
DATAFLOW,OECD.EDU.IMEP:DSD_EAG_LSO_EA@DF_LSO_EARN_ALL(1.0),Education and earnings (EARNINGS) (full dataset),I,FIN,Finland,_T,Total,Y25T64,From 25 to 64 years,ISCED11A_5T8,Tertiary education,F05T07,"Science, technology, engineering and mathematics",EARN_RELATIVE,Relative earnings,_Z,Not applicable,_T,Total,_Z,Not applicable,ED_NED,In education or not in education,EMP,Employment,_Z,Not applicable,PT_EARN_WR_ISCED11A_5T8,Percentage of earnings of workers with tertiary educational attainment,OBS,Observed,PT,Part-time,EARNINGS_FIELD,LSO-EARNINGS cyclical data collection on field of study,A3,Triennial,2019,,,,B,Time series break,,,0,Units,1,One
DATAFLOW,OECD.EDU.IMEP:DSD_EAG_LSO_EA@DF_LSO_EARN_ALL(1.0),Education and earnings (EARNINGS) (full dataset),I,FIN,Finland,_T,Total,Y25T64,From 25 to 64 years,ISCED11A_5T8,Tertiary education,F05T07,"Science, technology, engineering and mathematics",EARN_RELATIVE,Relative earnings,_Z,Not applicable,_T,Total,_Z,Not applicable,ED_NED,In education or not in education,EMP,Employment,_Z,Not applicable,PT_EARN_WR_ISCED11A_5T8,Percentage of earnings of workers with tertiary educational attainment,OBS,Observed,FT,Full-time,EARNINGS_FIELD,LSO-EARNINGS cyclical data collection on field of study,A3,Triennial,2019,,,,B,Time series break,,,0,Units,1,One
DATAFLOW,OECD.EDU.IMEP:DSD_EAG_LSO_EA@DF_LSO_EARN_ALL(1.0),Education and earnings (EARNINGS) (full dataset),I,AUS,Australia,_T,Total,Y55T64,From 55 to 64 years,ISCED11A_5T8,Tertiary education,F05T07,"Science, technology, engineering and mathematics",EARN_RELATIVE,Relative earnings,_Z,Not applicable,_T,Total,_Z,Not applicable,ED_NED,In education or not in education,EMP,Employment,_Z,Not applicable,PT_EARN_WR_ISCED11A_5T8,Percentage of earnings of workers with tertiary educational attainment,OBS,Observed,FT,Full-time,EARNINGS_FIELD,LSO-EARNINGS cyclical data collection on field of study,A3,Triennial,2016,,,,O,Missing value,,,0,Units,1,One
DATAFLOW,OECD.EDU.IMEP:DSD_EAG_LSO_EA@DF_LSO_EARN_ALL(1.0),Education and earnings (EARNINGS) (full dataset),I,AUS,Australia,_T,Total,Y55T64,From 55 to 64 years,ISCED11A_5T8,Tertiary education,F05T07,"Science, technology, engineering and mathematics",EARN_RELATIVE,Relative earnings,_Z,Not applicable,_T,Total,_Z,Not applicable,ED_NED,In education or not in education,EMP,Employment,_Z,Not applicable,PT_EARN_WR_ISCED11A_5T8,Percentage of earnings of workers with tertiary educational attainment,OBS,Observed,PT,Part-time,EARNINGS_FIELD,LSO-EARNINGS cyclical data collection on field of study,A3,Triennial,2016,,,,O,Missing value,,,0,Units,1,One
DATAFLOW,OECD.EDU.IMEP:DSD_EAG_LSO_EA@DF_LSO_EARN_ALL(1.0),Education and earnings (EARNINGS) (full dataset),I,AUS,Australia,_T,Total,Y55T64,From 55 to 64 years,ISCED11A_5T8,Tertiary education,F05T07,"Science, technology, engineering and mathematics",EARN_RELATIVE,Relative earnings,_Z,Not applicable,_T,Total,_Z,Not applicable,ED_NED,In education or not in education,EMP,Employment,_Z,Not applicable,PT_EARN_WR_ISCED11A_5T8,Percentage of earnings of workers with tertiary educational attainment,OBS,Observed,_T,Total,EARNINGS_FIELD,LSO-EARNINGS cyclical data collection on field of study,A3,Triennial,2016,,,,O,Missing value,,,0,Units,1,One
DATAFLOW,OECD.EDU.IMEP:DSD_EAG_LSO_EA@DF_LSO_EARN_ALL(1.0),Education and earnings (EARNINGS) (full dataset),I,AUS,Australia,_T,Total,Y25T34,From 25 to 34 years,ISCED11A_5T8,Tertiary education,F05T07,"Science, technology, engineering and mathematics",EARN_RELATIVE,Relative earnings,_Z,Not applicable,_T,Total,_Z,Not applicable,ED_NED,In education or not in education,EMP,Employment,_Z,Not applicable,PT_EARN_WR_ISCED11A_5T8,Percentage of earnings of workers with tertiary educational attainment,OBS,Observed,PT,Part-time,EARNINGS_FIELD,LSO-EARNINGS cyclical data collection on field of study,A3,Triennial,2016,,,,O,Missing value,,,0,Units,1,One
DATAFLOW,OECD.EDU.IMEP:DSD_EAG_LSO_EA@DF_LSO_EARN_ALL(1.0),Education and earnings (EARNINGS) (full dataset),I,AUS,Australia,_T,Total,Y25T34,From 25 to 34 years,ISCED11A_5T8,Tertiary education,F05T07,"Science, technology, engineering and mathematics",EARN_RELATIVE,Relative earnings,_Z,Not applicable,_T,Total,_Z,Not applicable,ED_NED,In education or not in education,EMP,Employment,_Z,Not applicable,PT_EARN_WR_ISCED11A_5T8,Percentage of earnings of workers with tertiary educational attainment,OBS,Observed,_T,Total,EARNINGS_FIELD,LSO-EARNINGS cyclical data collection on field of study,A3,Triennial,2016,,,,O,Missing value,,,0,Units,1,One
DATAFLOW,OECD.EDU.IMEP:DSD_EAG_LSO_EA@DF_LSO_EARN_ALL(1.0),Education and earnings (EARNINGS) (full dataset),I,AUS,Australia,_T,Total,Y25T34,From 25 to 34 years,ISCED11A_5T8,Tertiary education,F05T07,"Science, technology, engineering and mathematics",EARN_RELATIVE,Relative earnings,_Z,Not applicable,_T,Total,_Z,Not applicable,ED_NED,In education or not in education,EMP,Employment,_Z,Not applicable,PT_EARN_WR_ISCED11A_5T8,Percentage of earnings of workers with tertiary educational attainment,OBS,Observed,FT,Full-time,EARNINGS_FIELD,LSO-EARNINGS cyclical data collection on field of study,A3,Triennial,2016,,,,O,Missing value,,,0,Units,1,One
DATAFLOW,OECD.EDU.IMEP:DSD_EAG_LSO_EA@DF_LSO_EARN_ALL(1.0),Education and earnings (EARNINGS) (full dataset),I,AUS,Australia,_T,Total,Y25T64,From 25 to 64 years,ISCED11A_5T8,Tertiary education,F05T07,"Science, technology, engineering and mathematics",EARN_RELATIVE,Relative earnings,_Z,Not applicable,_T,Total,_Z,Not applicable,ED_NED,In education or not in education,EMP,Employment,_Z,Not applicable,PT_EARN_WR_ISCED11A_5T8,Percentage of earnings of workers with tertiary educational attainment,OBS,Observed,PT,Part-time,EARNINGS_FIELD,LSO-EARNINGS cyclical data collection on field of study,A3,Triennial,2016,,,,O,Missing value,,,0,Units,1,One
DATAFLOW,OECD.EDU.IMEP:DSD_EAG_LSO_EA@DF_LSO_EARN_ALL(1.0),Education and earnings (EARNINGS) (full dataset),I,PRT,Portugal,_T,Total,Y25T34,From 25 to 34 years,ISCED11A_5T8,Tertiary education,F05T07,"Science, technology, engineering and mathematics",EARN_RELATIVE,Relative earnings,_Z,Not applicable,_T,Total,_Z,Not applicable,ED_NED,In education or not in education,EMP,Employment,_Z,Not applicable,PT_EARN_WR_ISCED11A_5T8,Percentage of earnings of workers with tertiary educational attainment,OBS,Observed,PT,Part-time,EARNINGS_FIELD,LSO-EARNINGS cyclical data collection on field of study,A3,Triennial,2017,,,,O,Missing value,,,0,Units,1,One
DATAFLOW,OECD.EDU.IMEP:DSD_EAG_LSO_EA@DF_LSO_EARN_ALL(1.0),Education and earnings (EARNINGS) (full dataset),I,CRI,Costa Rica,_T,Total,Y55T64,From 55 to 64 years,ISCED11A_5T8,Tertiary education,F05T07,"Science, technology, engineering and mathematics",EARN_RELATIVE,Relative earnings,_Z,Not applicable,_T,Total,_Z,Not applicable,ED_NED,In education or not in education,EMP,Employment,_Z,Not applicable,PT_EARN_WR_ISCED11A_5T8,Percentage of earnings of workers with tertiary educational attainment,OBS,Observed,PT,Part-time,EARNINGS_FIELD,LSO-EARNINGS cyclical data collection on field of study,A3,Triennial,2020,,,,O,Missing value,,,0,Units,1,One
DATAFLOW,OECD.EDU.IMEP:DSD_EAG_LSO_EA@DF_LSO_EARN_ALL(1.0),Education and earnings (EARNINGS) (full dataset),I,SVN,Slovenia,_T,Total,Y25T34,From 25 to 34 years,ISCED11A_5T8,Tertiary education,F05T07,"Science, technology, engineering and mathematics",EARN_RELATIVE,Relative earnings,_Z,Not applicable,_T,Total,_Z,Not applicable,ED_NED,In education or not in education,EMP,Employment,_Z,Not applicable,PT_EARN_WR_ISCED11A_5T8,Percentage of earnings of workers with tertiary educational attainment,OBS,Observed,PT,Part-time,EARNINGS_FIELD,LSO-EARNINGS cyclical data collection on field of study,A3,Triennial,2020,,,,O,Missing value,,,0,Units,1,One
DATAFLOW,OECD.EDU.IMEP:DSD_EAG_LSO_EA@DF_LSO_EARN_ALL(1.0),Education and earnings (EARNINGS) (full dataset),I,SVN,Slovenia,_T,Total,Y25T64,From 25 to 64 years,ISCED11A_5T8,Tertiary education,F05T07,"Science, technology, engineering and mathematics",EARN_RELATIVE,Relative earnings,_Z,Not applicable,_T,Total,_Z,Not applicable,ED_NED,In education or not in education,EMP,Employment,_Z,Not applicable,PT_EARN_WR_ISCED11A_5T8,Percentage of earnings of workers with tertiary educational attainment,OBS,Observed,PT,Part-time,EARNINGS_FIELD,LSO-EARNINGS cyclical data collection on field of study,A3,Triennial,2020,,,,O,Missing value,,,0,Units,1,One
DATAFLOW,OECD.EDU.IMEP:DSD_EAG_LSO_EA@DF_LSO_EARN_ALL(1.0),Education and earnings (EARNINGS) (full dataset),I,SVN,Slovenia,_T,Total,Y55T64,From 55 to 64 years,ISCED11A_5T8,Tertiary education,F05T07,"Science, technology, engineering and mathematics",EARN_RELATIVE,Relative earnings,_Z,Not applicable,_T,Total,_Z,Not applicable,ED_NED,In education or not in education,EMP,Employment,_Z,Not applicable,PT_EARN_WR_ISCED11A_5T8,Percentage of earnings of workers with tertiary educational attainment,OBS,Observed,PT,Part-time,EARNINGS_FIELD,LSO-EARNINGS cyclical data collection on field of study,A3,Triennial,2020,,,,O,Missing value,,,0,Units,1,One
DATAFLOW,OECD.EDU.IMEP:DSD_EAG_LSO_EA@DF_LSO_EARN_ALL(1.0),Education and earnings (EARNINGS) (full dataset),I,LUX,Luxembourg,_T,Total,Y55T64,From 55 to 64 years,ISCED11A_5T8,Tertiary education,F05T07,"Science, technology, engineering and mathematics",EARN_RELATIVE,Relative earnings,_Z,Not applicable,_T,Total,_Z,Not applicable,ED_NED,In education or not in education,EMP,Employment,_Z,Not applicable,PT_EARN_WR_ISCED11A_5T8,Percentage of earnings of workers with tertiary educational attainment,OBS,Observed,PT,Part-time,EARNINGS_FIELD,LSO-EARNINGS cyclical data collection on field of study,A3,Triennial,2020,,,,O,Missing value,,,0,Units,1,One
DATAFLOW,OECD.EDU.IMEP:DSD_EAG_LSO_EA@DF_LSO_EARN_ALL(1.0),Education and earnings (EARNINGS) (full dataset),I,AUS,Australia,_T,Total,Y25T64,From 25 to 64 years,ISCED11A_5T8,Tertiary education,F05T07,"Science, technology, engineering and mathematics",EARN_RELATIVE,Relative earnings,_Z,Not applicable,_T,Total,_Z,Not applicable,ED_NED,In education or not in education,EMP,Employment,_Z,Not applicable,PT_EARN_WR_ISCED11A_5T8,Percentage of earnings of workers with tertiary educational attainment,OBS,Observed,PT,Part-time,EARNINGS_FIELD,LSO-EARNINGS cyclical data collection on field of study,A3,Triennial,2020,,,,O,Missing value,,,0,Units,1,One
DATAFLOW,OECD.EDU.IMEP:DSD_EAG_LSO_EA@DF_LSO_EARN_ALL(1.0),Education and earnings (EARNINGS) (full dataset),I,AUS,Australia,_T,Total,Y25T34,From 25 to 34 years,ISCED11A_5T8,Tertiary education,F05T07,"Science, technology, engineering and mathematics",EARN_RELATIVE,Relative earnings,_Z,Not applicable,_T,Total,_Z,Not applicable,ED_NED,In education or not in education,EMP,Employment,_Z,Not applicable,PT_EARN_WR_ISCED11A_5T8,Percentage of earnings of workers with tertiary educational attainment,OBS,Observed,FT,Full-time,EARNINGS_FIELD,LSO-EARNINGS cyclical data collection on field of study,A3,Triennial,2020,,,,O,Missing value,,,0,Units,1,One
DATAFLOW,OECD.EDU.IMEP:DSD_EAG_LSO_EA@DF_LSO_EARN_ALL(1.0),Education and earnings (EARNINGS) (full dataset),I,AUS,Australia,_T,Total,Y25T34,From 25 to 34 years,ISCED11A_5T8,Tertiary education,F05T07,"Science, technology, engineering and mathematics",EARN_RELATIVE,Relative earnings,_Z,Not applicable,_T,Total,_Z,Not applicable,ED_NED,In education or not in education,EMP,Employment,_Z,Not applicable,PT_EARN_WR_ISCED11A_5T8,Percentage of earnings of workers with tertiary educational attainment,OBS,Observed,_T,Total,EARNINGS_FIELD,LSO-EARNINGS cyclical data collection on field of study,A3,Triennial,2020,,,,O,Missing value,,,0,Units,1,One
DATAFLOW,OECD.EDU.IMEP:DSD_EAG_LSO_EA@DF_LSO_EARN_ALL(1.0),Education and earnings (EARNINGS) (full dataset),I,AUS,Australia,_T,Total,Y25T34,From 25 to 34 years,ISCED11A_5T8,Tertiary education,F05T07,"Science, technology, engineering and mathematics",EARN_RELATIVE,Relative earnings,_Z,Not applicable,_T,Total,_Z,Not applicable,ED_NED,In education or not in education,EMP,Employment,_Z,Not applicable,PT_EARN_WR_ISCED11A_5T8,Percentage of earnings of workers with tertiary educational attainment,OBS,Observed,PT,Part-time,EARNINGS_FIELD,LSO-EARNINGS cyclical data collection on field of study,A3,Triennial,2020,,,,O,Missing value,,,0,Units,1,One
DATAFLOW,OECD.EDU.IMEP:DSD_EAG_LSO_EA@DF_LSO_EARN_ALL(1.0),Education and earnings (EARNINGS) (full dataset),I,AUS,Australia,_T,Total,Y55T64,From 55 to 64 years,ISCED11A_5T8,Tertiary education,F05T07,"Science, technology, engineering and mathematics",EARN_RELATIVE,Relative earnings,_Z,Not applicable,_T,Total,_Z,Not applicable,ED_NED,In education or not in education,EMP,Employment,_Z,Not applicable,PT_EARN_WR_ISCED11A_5T8,Percentage of earnings of workers with tertiary educational attainment,OBS,Observed,PT,Part-time,EARNINGS_FIELD,LSO-EARNINGS cyclical data collection on field of study,A3,Triennial,2020,,,,O,Missing value,,,0,Units,1,One
DATAFLOW,OECD.EDU.IMEP:DSD_EAG_LSO_EA@DF_LSO_EARN_ALL(1.0),Education and earnings (EARNINGS) (full dataset),I,AUS,Australia,_T,Total,Y55T64,From 55 to 64 years,ISCED11A_5T8,Tertiary education,F05T07,"Science, technology, engineering and mathematics",EARN_RELATIVE,Relative earnings,_Z,Not applicable,_T,Total,_Z,Not applicable,ED_NED,In education or not in education,EMP,Employment,_Z,Not applicable,PT_EARN_WR_ISCED11A_5T8,Percentage of earnings of workers with tertiary educational attainment,OBS,Observed,FT,Full-time,EARNINGS_FIELD,LSO-EARNINGS cyclical data collection on field of study,A3,Triennial,2020,,,,O,Missing value,,,0,Units,1,One
DATAFLOW,OECD.EDU.IMEP:DSD_EAG_LSO_EA@DF_LSO_EARN_ALL(1.0),Education and earnings (EARNINGS) (full dataset),I,AUS,Australia,_T,Total,Y55T64,From 55 to 64 years,ISCED11A_5T8,Tertiary education,F05T07,"Science, technology, engineering and mathematics",EARN_RELATIVE,Relative earnings,_Z,Not applicable,_T,Total,_Z,Not applicable,ED_NED,In education or not in education,EMP,Employment,_Z,Not applicable,PT_EARN_WR_ISCED11A_5T8,Percentage of earnings of workers with tertiary educational attainment,OBS,Observed,_T,Total,EARNINGS_FIELD,LSO-EARNINGS cyclical data collection on field of study,A3,Triennial,2020,,,,O,Missing value,,,0,Units,1,One
DATAFLOW,OECD.EDU.IMEP:DSD_EAG_LSO_EA@DF_LSO_EARN_ALL(1.0),Education and earnings (EARNINGS) (full dataset),I,ROU,Romania,_T,Total,Y55T64,From 55 to 64 years,ISCED11A_5T8,Tertiary education,F05T07,"Science, technology, engineering and mathematics",EARN_RELATIVE,Relative earnings,_Z,Not applicable,_T,Total,_Z,Not applicable,ED_NED,In education or not in education,EMP,Employment,_Z,Not applicable,PT_EARN_WR_ISCED11A_5T8,Percentage of earnings of workers with tertiary educational attainment,OBS,Observed,PT,Part-time,EARNINGS_FIELD,LSO-EARNINGS cyclical data collection on field of study,A3,Triennial,2023,,,,O,Missing value,,,0,Units,1,One
DATAFLOW,OECD.EDU.IMEP:DSD_EAG_LSO_EA@DF_LSO_EARN_ALL(1.0),Education and earnings (EARNINGS) (full dataset),I,AUS,Australia,_T,Total,Y25T64,From 25 to 64 years,ISCED11A_5T8,Tertiary education,F05T07,"Science, technology, engineering and mathematics",EARN_RELATIVE,Relative earnings,_Z,Not applicable,_T,Total,_Z,Not applicable,ED_NED,In education or not in education,EMP,Employment,_Z,Not applicable,PT_EARN_WR_ISCED11A_5T8,Percentage of earnings of workers with tertiary educational attainment,OBS,Observed,_T,Total,EARNINGS_FIELD,LSO-EARNINGS cyclical data collection on field of study,A3,Triennial,2016,,111.65987,,A,Normal value,,,0,Units,1,One
DATAFLOW,OECD.EDU.IMEP:DSD_EAG_LSO_EA@DF_LSO_EARN_ALL(1.0),Education and earnings (EARNINGS) (full dataset),I,AUS,Australia,_T,Total,Y25T64,From 25 to 64 years,ISCED11A_5T8,Tertiary education,F05T07,"Science, technology, engineering and mathematics",EARN_RELATIVE,Relative earnings,_Z,Not applicable,_T,Total,_Z,Not applicable,ED_NED,In education or not in education,EMP,Employment,_Z,Not applicable,PT_EARN_WR_ISCED11A_5T8,Percentage of earnings of workers with tertiary educational attainment,OBS,Observed,FT,Full-time,EARNINGS_FIELD,LSO-EARNINGS cyclical data collection on field of study,A3,Triennial,2016,,105.62469,,A,Normal value,,,0,Units,1,One
DATAFLOW,OECD.EDU.IMEP:DSD_EAG_LSO_EA@DF_LSO_EARN_ALL(1.0),Education and earnings (EARNINGS) (full dataset),I,FIN,Finland,_T,Total,Y25T64,From 25 to 64 years,ISCED11A_5T8,Tertiary education,F05T07,"Science, technology, engineering and mathematics",EARN_RELATIVE,Relative earnings,_Z,Not applicable,_T,Total,_Z,Not applicable,ED_NED,In education or not in education,EMP,Employment,_Z,Not applicable,PT_EARN_WR_ISCED11A_5T8,Percentage of earnings of workers with tertiary educational attainment,OBS,Observed,FT,Full-time,EARNINGS_FIELD,LSO-EARNINGS cyclical data collection on field of study,A3,Triennial,2022,,113.5552368164063,,A,Normal value,,,0,Units,1,One
DATAFLOW,OECD.EDU.IMEP:DSD_EAG_LSO_EA@DF_LSO_EARN_ALL(1.0),Education and earnings (EARNINGS) (full dataset),I,FIN,Finland,_T,Total,Y25T64,From 25 to 64 years,ISCED11A_5T8,Tertiary education,F05T07,"Science, technology, engineering and mathematics",EARN_RELATIVE,Relative earnings,_Z,Not applicable,_T,Total,_Z,Not applicable,ED_NED,In education or not in education,EMP,Employment,_Z,Not applicable,PT_EARN_WR_ISCED11A_5T8,Percentage of earnings of workers with tertiary educational attainment,OBS,Observed,_T,Total,EARNINGS_FIELD,LSO-EARNINGS cyclical data collection on field of study,A3,Triennial,2022,,118.5691604614258,,A,Normal value,,,0,Units,1,One
DATAFLOW,OECD.EDU.IMEP:DSD_EAG_LSO_EA@DF_LSO_EARN_ALL(1.0),Education and earnings (EARNINGS) (full dataset),I,FIN,Finland,_T,Total,Y25T64,From 25 to 64 years,ISCED11A_5T8,Tertiary education,F05T07,"Science, technology, engineering and mathematics",EARN_RELATIVE,Relative earnings,_Z,Not applicable,_T,Total,_Z,Not applicable,ED_NED,In education or not in education,EMP,Employment,_Z,Not applicable,PT_EARN_WR_ISCED11A_5T8,Percentage of earnings of workers with tertiary educational attainment,OBS,Observed,PT,Part-time,EARNINGS_FIELD,LSO-EARNINGS cyclical data collection on field of study,A3,Triennial,2022,,110.7088394165039,,A,Normal value,,,0,Units,1,One
DATAFLOW,OECD.EDU.IMEP:DSD_EAG_LSO_EA@DF_LSO_EARN_ALL(1.0),Education and earnings (EARNINGS) (full dataset),I,FIN,Finland,_T,Total,Y25T34,From 25 to 34 years,ISCED11A_5T8,Tertiary education,F05T07,"Science, technology, engineering and mathematics",EARN_RELATIVE,Relative earnings,_Z,Not applicable,_T,Total,_Z,Not applicable,ED_NED,In education or not in education,EMP,Employment,_Z,Not applicable,PT_EARN_WR_ISCED11A_5T8,Percentage of earnings of workers with tertiary educational attainment,OBS,Observed,FT,Full-time,EARNINGS_FIELD,LSO-EARNINGS cyclical data collection on field of study,A3,Triennial,2022,,108.6783142089844,,A,Normal value,,,0,Units,1,One
DATAFLOW,OECD.EDU.IMEP:DSD_EAG_LSO_EA@DF_LSO_EARN_ALL(1.0),Education and earnings (EARNINGS) (full dataset),I,FIN,Finland,_T,Total,Y25T34,From 25 to 34 years,ISCED11A_5T8,Tertiary education,F05T07,"Science, technology, engineering and mathematics",EARN_RELATIVE,Relative earnings,_Z,Not applicable,_T,Total,_Z,Not applicable,ED_NED,In education or not in education,EMP,Employment,_Z,Not applicable,PT_EARN_WR_ISCED11A_5T8,Percentage of earnings of workers with tertiary educational attainment,OBS,Observed,_T,Total,EARNINGS_FIELD,LSO-EARNINGS cyclical data collection on field of study,A3,Triennial,2022,,116.3504257202148,,A,Normal value,,,0,Units,1,One
DATAFLOW,OECD.EDU.IMEP:DSD_EAG_LSO_EA@DF_LSO_EARN_ALL(1.0),Education and earnings (EARNINGS) (full dataset),I,FIN,Finland,_T,Total,Y25T34,From 25 to 34 years,ISCED11A_5T8,Tertiary education,F05T07,"Science, technology, engineering and mathematics",EARN_RELATIVE,Relative earnings,_Z,Not applicable,_T,Total,_Z,Not applicable,ED_NED,In education or not in education,EMP,Employment,_Z,Not applicable,PT_EARN_WR_ISCED11A_5T8,Percentage of earnings of workers with tertiary educational attainment,OBS,Observed,PT,Part-time,EARNINGS_FIELD,LSO-EARNINGS cyclical data collection on field of study,A3,Triennial,2022,,105.2551345825195,,A,Normal value,,,0,Units,1,One
DATAFLOW,OECD.EDU.IMEP:DSD_EAG_LSO_EA@DF_LSO_EARN_ALL(1.0),Education and earnings (EARNINGS) (full dataset),I,FIN,Finland,_T,Total,Y55T64,From 55 to 64 years,ISCED11A_5T8,Tertiary education,F05T07,"Science, technology, engineering and mathematics",EARN_RELATIVE,Relative earnings,_Z,Not applicable,_T,Total,_Z,Not applicable,ED_NED,In education or not in education,EMP,Employment,_Z,Not applicable,PT_EARN_WR_ISCED11A_5T8,Percentage of earnings of workers with tertiary educational attainment,OBS,Observed,PT,Part-time,EARNINGS_FIELD,LSO-EARNINGS cyclical data collection on field of study,A3,Triennial,2022,,113.8409423828125,,A,Normal value,,,0,Units,1,One
DATAFLOW,OECD.EDU.IMEP:DSD_EAG_LSO_EA@DF_LSO_EARN_ALL(1.0),Education and earnings (EARNINGS) (full dataset),I,FIN,Finland,_T,Total,Y55T64,From 55 to 64 years,ISCED11A_5T8,Tertiary education,F05T07,"Science, technology, engineering and mathematics",EARN_RELATIVE,Relative earnings,_Z,Not applicable,_T,Total,_Z,Not applicable,ED_NED,In education or not in education,EMP,Employment,_Z,Not applicable,PT_EARN_WR_ISCED11A_5T8,Percentage of earnings of workers with tertiary educational attainment,OBS,Observed,FT,Full-time,EARNINGS_FIELD,LSO-EARNINGS cyclical data collection on field of study,A3,Triennial,2022,,117.5740509033203,,A,Normal value,,,0,Units,1,One
DATAFLOW,OECD.EDU.IMEP:DSD_EAG_LSO_EA@DF_LSO_EARN_ALL(1.0),Education and earnings (EARNINGS) (full dataset),I,FIN,Finland,_T,Total,Y55T64,From 55 to 64 years,ISCED11A_5T8,Tertiary education,F05T07,"Science, technology, engineering and mathematics",EARN_RELATIVE,Relative earnings,_Z,Not applicable,_T,Total,_Z,Not applicable,ED_NED,In education or not in education,EMP,Employment,_Z,Not applicable,PT_EARN_WR_ISCED11A_5T8,Percentage of earnings of workers with tertiary educational attainment,OBS,Observed,_T,Total,EARNINGS_FIELD,LSO-EARNINGS cyclical data collection on field of study,A3,Triennial,2022,,118.7218322753906,,A,Normal value,,,0,Units,1,One
DATAFLOW,OECD.EDU.IMEP:DSD_EAG_LSO_EA@DF_LSO_EARN_ALL(1.0),Education and earnings (EARNINGS) (full dataset),I,FIN,Finland,_T,Total,Y55T64,From 55 to 64 years,ISCED11A_5T8,Tertiary education,F05T07,"Science, technology, engineering and mathematics",EARN_RELATIVE,Relative earnings,_Z,Not applicable,_T,Total,_Z,Not applicable,ED_NED,In education or not in education,EMP,Employment,_Z,Not applicable,PT_EARN_WR_ISCED11A_5T8,Percentage of earnings of workers with tertiary educational attainment,OBS,Observed,PT,Part-time,EARNINGS_FIELD,LSO-EARNINGS cyclical data collection on field of study,A3,Triennial,2016,,113.98442,,A,Normal value,,,0,Units,1,One
DATAFLOW,OECD.EDU.IMEP:DSD_EAG_LSO_EA@DF_LSO_EARN_ALL(1.0),Education and earnings (EARNINGS) (full dataset),I,FIN,Finland,_T,Total,Y55T64,From 55 to 64 years,ISCED11A_5T8,Tertiary education,F05T07,"Science, technology, engineering and mathematics",EARN_RELATIVE,Relative earnings,_Z,Not applicable,_T,Total,_Z,Not applicable,ED_NED,In education or not in education,EMP,Employment,_Z,Not applicable,PT_EARN_WR_ISCED11A_5T8,Percentage of earnings of workers with tertiary educational attainment,OBS,Observed,FT,Full-time,EARNINGS_FIELD,LSO-EARNINGS cyclical data collection on field of study,A3,Triennial,2016,,115.85593,,A,Normal value,,,0,Units,1,One
DATAFLOW,OECD.EDU.IMEP:DSD_EAG_LSO_EA@DF_LSO_EARN_ALL(1.0),Education and earnings (EARNINGS) (full dataset),I,FIN,Finland,_T,Total,Y55T64,From 55 to 64 years,ISCED11A_5T8,Tertiary education,F05T07,"Science, technology, engineering and mathematics",EARN_RELATIVE,Relative earnings,_Z,Not applicable,_T,Total,_Z,Not applicable,ED_NED,In education or not in education,EMP,Employment,_Z,Not applicable,PT_EARN_WR_ISCED11A_5T8,Percentage of earnings of workers with tertiary educational attainment,OBS,Observed,_T,Total,EARNINGS_FIELD,LSO-EARNINGS cyclical data collection on field of study,A3,Triennial,2016,,117.59321,,A,Normal value,,,0,Units,1,One
DATAFLOW,OECD.EDU.IMEP:DSD_EAG_LSO_EA@DF_LSO_EARN_ALL(1.0),Education and earnings (EARNINGS) (full dataset),I,FIN,Finland,_T,Total,Y25T64,From 25 to 64 years,ISCED11A_5T8,Tertiary education,F05T07,"Science, technology, engineering and mathematics",EARN_RELATIVE,Relative earnings,_Z,Not applicable,_T,Total,_Z,Not applicable,ED_NED,In education or not in education,EMP,Employment,_Z,Not applicable,PT_EARN_WR_ISCED11A_5T8,Percentage of earnings of workers with tertiary educational attainment,OBS,Observed,FT,Full-time,EARNINGS_FIELD,LSO-EARNINGS cyclical data collection on field of study,A3,Triennial,2016,,112.23255,,A,Normal value,,,0,Units,1,One
DATAFLOW,OECD.EDU.IMEP:DSD_EAG_LSO_EA@DF_LSO_EARN_ALL(1.0),Education and earnings (EARNINGS) (full dataset),I,FIN,Finland,_T,Total,Y25T64,From 25 to 64 years,ISCED11A_5T8,Tertiary education,F05T07,"Science, technology, engineering and mathematics",EARN_RELATIVE,Relative earnings,_Z,Not applicable,_T,Total,_Z,Not applicable,ED_NED,In education or not in education,EMP,Employment,_Z,Not applicable,PT_EARN_WR_ISCED11A_5T8,Percentage of earnings of workers with tertiary educational attainment,OBS,Observed,_T,Total,EARNINGS_FIELD,LSO-EARNINGS cyclical data collection on field of study,A3,Triennial,2016,,114.85783,,A,Normal value,,,0,Units,1,One
DATAFLOW,OECD.EDU.IMEP:DSD_EAG_LSO_EA@DF_LSO_EARN_ALL(1.0),Education and earnings (EARNINGS) (full dataset),I,FIN,Finland,_T,Total,Y25T64,From 25 to 64 years,ISCED11A_5T8,Tertiary education,F05T07,"Science, technology, engineering and mathematics",EARN_RELATIVE,Relative earnings,_Z,Not applicable,_T,Total,_Z,Not applicable,ED_NED,In education or not in education,EMP,Employment,_Z,Not applicable,PT_EARN_WR_ISCED11A_5T8,Percentage of earnings of workers with tertiary educational attainment,OBS,Observed,PT,Part-time,EARNINGS_FIELD,LSO-EARNINGS cyclical data collection on field of study,A3,Triennial,2016,,107.96635,,A,Normal value,,,0,Units,1,One
DATAFLOW,OECD.EDU.IMEP:DSD_EAG_LSO_EA@DF_LSO_EARN_ALL(1.0),Education and earnings (EARNINGS) (full dataset),I,FIN,Finland,_T,Total,Y25T34,From 25 to 34 years,ISCED11A_5T8,Tertiary education,F05T07,"Science, technology, engineering and mathematics",EARN_RELATIVE,Relative earnings,_Z,Not applicable,_T,Total,_Z,Not applicable,ED_NED,In education or not in education,EMP,Employment,_Z,Not applicable,PT_EARN_WR_ISCED11A_5T8,Percentage of earnings of workers with tertiary educational attainment,OBS,Observed,FT,Full-time,EARNINGS_FIELD,LSO-EARNINGS cyclical data collection on field of study,A3,Triennial,2016,,106.96532,,A,Normal value,,,0,Units,1,One
DATAFLOW,OECD.EDU.IMEP:DSD_EAG_LSO_EA@DF_LSO_EARN_ALL(1.0),Education and earnings (EARNINGS) (full dataset),I,FIN,Finland,_T,Total,Y25T34,From 25 to 34 years,ISCED11A_5T8,Tertiary education,F05T07,"Science, technology, engineering and mathematics",EARN_RELATIVE,Relative earnings,_Z,Not applicable,_T,Total,_Z,Not applicable,ED_NED,In education or not in education,EMP,Employment,_Z,Not applicable,PT_EARN_WR_ISCED11A_5T8,Percentage of earnings of workers with tertiary educational attainment,OBS,Observed,_T,Total,EARNINGS_FIELD,LSO-EARNINGS cyclical data collection on field of study,A3,Triennial,2016,,110.43159,,A,Normal value,,,0,Units,1,One
DATAFLOW,OECD.EDU.IMEP:DSD_EAG_LSO_EA@DF_LSO_EARN_ALL(1.0),Education and earnings (EARNINGS) (full dataset),I,FIN,Finland,_T,Total,Y25T34,From 25 to 34 years,ISCED11A_5T8,Tertiary education,F05T07,"Science, technology, engineering and mathematics",EARN_RELATIVE,Relative earnings,_Z,Not applicable,_T,Total,_Z,Not applicable,ED_NED,In education or not in education,EMP,Employment,_Z,Not applicable,PT_EARN_WR_ISCED11A_5T8,Percentage of earnings of workers with tertiary educational attainment,OBS,Observed,PT,Part-time,EARNINGS_FIELD,LSO-EARNINGS cyclical data collection on field of study,A3,Triennial,2016,,101.89713,,A,Normal value,,,0,Units,1,One
DATAFLOW,OECD.EDU.IMEP:DSD_EAG_LSO_EA@DF_LSO_EARN_ALL(1.0),Education and earnings (EARNINGS) (full dataset),I,EST,Estonia,_T,Total,Y25T34,From 25 to 34 years,ISCED11A_5T8,Tertiary education,F05T07,"Science, technology, engineering and mathematics",EARN_RELATIVE,Relative earnings,_Z,Not applicable,_T,Total,_Z,Not applicable,ED_NED,In education or not in education,EMP,Employment,_Z,Not applicable,PT_EARN_WR_ISCED11A_5T8,Percentage of earnings of workers with tertiary educational attainment,OBS,Observed,_T,Total,EARNINGS_FIELD,LSO-EARNINGS cyclical data collection on field of study,A3,Triennial,2017,,112.71755,,A,Normal value,,,0,Units,1,One
DATAFLOW,OECD.EDU.IMEP:DSD_EAG_LSO_EA@DF_LSO_EARN_ALL(1.0),Education and earnings (EARNINGS) (full dataset),I,EST,Estonia,_T,Total,Y25T34,From 25 to 34 years,ISCED11A_5T8,Tertiary education,F05T07,"Science, technology, engineering and mathematics",EARN_RELATIVE,Relative earnings,_Z,Not applicable,_T,Total,_Z,Not applicable,ED_NED,In education or not in education,EMP,Employment,_Z,Not applicable,PT_EARN_WR_ISCED11A_5T8,Percentage of earnings of workers with tertiary educational attainment,OBS,Observed,PT,Part-time,EARNINGS_FIELD,LSO-EARNINGS cyclical data collection on field of study,A3,Triennial,2017,,100.90308,,A,Normal value,,,0,Units,1,One
DATAFLOW,OECD.EDU.IMEP:DSD_EAG_LSO_EA@DF_LSO_EARN_ALL(1.0),Education and earnings (EARNINGS) (full dataset),I,EST,Estonia,_T,Total,Y25T34,From 25 to 34 years,ISCED11A_5T8,Tertiary education,F05T07,"Science, technology, engineering and mathematics",EARN_RELATIVE,Relative earnings,_Z,Not applicable,_T,Total,_Z,Not applicable,ED_NED,In education or not in education,EMP,Employment,_Z,Not applicable,PT_EARN_WR_ISCED11A_5T8,Percentage of earnings of workers with tertiary educational attainment,OBS,Observed,FT,Full-time,EARNINGS_FIELD,LSO-EARNINGS cyclical data collection on field of study,A3,Triennial,2017,,111.86745,,A,Normal value,,,0,Units,1,One
DATAFLOW,OECD.EDU.IMEP:DSD_EAG_LSO_EA@DF_LSO_EARN_ALL(1.0),Education and earnings (EARNINGS) (full dataset),I,USA,United States,_T,Total,Y25T34,From 25 to 34 years,ISCED11A_5T8,Tertiary education,F05T07,"Science, technology, engineering and mathematics",EARN_RELATIVE,Relative earnings,_Z,Not applicable,_T,Total,_Z,Not applicable,ED_NED,In education or not in education,EMP,Employment,_Z,Not applicable,PT_EARN_WR_ISCED11A_5T8,Percentage of earnings of workers with tertiary educational attainment,OBS,Observed,PT,Part-time,EARNINGS_FIELD,LSO-EARNINGS cyclical data collection on field of study,A3,Triennial,2017,,100.43342,,A,Normal value,,,0,Units,1,One
DATAFLOW,OECD.EDU.IMEP:DSD_EAG_LSO_EA@DF_LSO_EARN_ALL(1.0),Education and earnings (EARNINGS) (full dataset),I,USA,United States,_T,Total,Y25T34,From 25 to 34 years,ISCED11A_5T8,Tertiary education,F05T07,"Science, technology, engineering and mathematics",EARN_RELATIVE,Relative earnings,_Z,Not applicable,_T,Total,_Z,Not applicable,ED_NED,In education or not in education,EMP,Employment,_Z,Not applicable,PT_EARN_WR_ISCED11A_5T8,Percentage of earnings of workers with tertiary educational attainment,OBS,Observed,_T,Total,EARNINGS_FIELD,LSO-EARNINGS cyclical data collection on field of study,A3,Triennial,2017,,118.51887,,A,Normal value,,,0,Units,1,One
DATAFLOW,OECD.EDU.IMEP:DSD_EAG_LSO_EA@DF_LSO_EARN_ALL(1.0),Education and earnings (EARNINGS) (full dataset),I,USA,United States,_T,Total,Y25T34,From 25 to 34 years,ISCED11A_5T8,Tertiary education,F05T07,"Science, technology, engineering and mathematics",EARN_RELATIVE,Relative earnings,_Z,Not applicable,_T,Total,_Z,Not applicable,ED_NED,In education or not in education,EMP,Employment,_Z,Not applicable,PT_EARN_WR_ISCED11A_5T8,Percentage of earnings of workers with tertiary educational attainment,OBS,Observed,FT,Full-time,EARNINGS_FIELD,LSO-EARNINGS cyclical data collection on field of study,A3,Triennial,2017,,117.62061,,A,Normal value,,,0,Units,1,One
DATAFLOW,OECD.EDU.IMEP:DSD_EAG_LSO_EA@DF_LSO_EARN_ALL(1.0),Education and earnings (EARNINGS) (full dataset),I,CHE,Switzerland,_T,Total,Y25T34,From 25 to 34 years,ISCED11A_5T8,Tertiary education,F05T07,"Science, technology, engineering and mathematics",EARN_RELATIVE,Relative earnings,_Z,Not applicable,_T,Total,_Z,Not applicable,ED_NED,In education or not in education,EMP,Employment,_Z,Not applicable,PT_EARN_WR_ISCED11A_5T8,Percentage of earnings of workers with tertiary educational attainment,OBS,Observed,FT,Full-time,EARNINGS_FIELD,LSO-EARNINGS cyclical data collection on field of study,A3,Triennial,2017,,100.45329,,A,Normal value,,,0,Units,1,One
DATAFLOW,OECD.EDU.IMEP:DSD_EAG_LSO_EA@DF_LSO_EARN_ALL(1.0),Education and earnings (EARNINGS) (full dataset),I,CHE,Switzerland,_T,Total,Y25T34,From 25 to 34 years,ISCED11A_5T8,Tertiary education,F05T07,"Science, technology, engineering and mathematics",EARN_RELATIVE,Relative earnings,_Z,Not applicable,_T,Total,_Z,Not applicable,ED_NED,In education or not in education,EMP,Employment,_Z,Not applicable,PT_EARN_WR_ISCED11A_5T8,Percentage of earnings of workers with tertiary educational attainment,OBS,Observed,_T,Total,EARNINGS_FIELD,LSO-EARNINGS cyclical data collection on field of study,A3,Triennial,2017,,108.75452,,A,Normal value,,,0,Units,1,One
DATAFLOW,OECD.EDU.IMEP:DSD_EAG_LSO_EA@DF_LSO_EARN_ALL(1.0),Education and earnings (EARNINGS) (full dataset),I,CHE,Switzerland,_T,Total,Y25T34,From 25 to 34 years,ISCED11A_5T8,Tertiary education,F05T07,"Science, technology, engineering and mathematics",EARN_RELATIVE,Relative earnings,_Z,Not applicable,_T,Total,_Z,Not applicable,ED_NED,In education or not in education,EMP,Employment,_Z,Not applicable,PT_EARN_WR_ISCED11A_5T8,Percentage of earnings of workers with tertiary educational attainment,OBS,Observed,PT,Part-time,EARNINGS_FIELD,LSO-EARNINGS cyclical data collection on field of study,A3,Triennial,2017,,111.98489,,A,Normal value,,,0,Units,1,One
DATAFLOW,OECD.EDU.IMEP:DSD_EAG_LSO_EA@DF_LSO_EARN_ALL(1.0),Education and earnings (EARNINGS) (full dataset),I,DNK,Denmark,_T,Total,Y25T34,From 25 to 34 years,ISCED11A_5T8,Tertiary education,F05T07,"Science, technology, engineering and mathematics",EARN_RELATIVE,Relative earnings,_Z,Not applicable,_T,Total,_Z,Not applicable,ED_NED,In education or not in education,EMP,Employment,_Z,Not applicable,PT_EARN_WR_ISCED11A_5T8,Percentage of earnings of workers with tertiary educational attainment,OBS,Observed,PT,Part-time,EARNINGS_FIELD,LSO-EARNINGS cyclical data collection on field of study,A3,Triennial,2017,,95.641968,,A,Normal value,,,0,Units,1,One
DATAFLOW,OECD.EDU.IMEP:DSD_EAG_LSO_EA@DF_LSO_EARN_ALL(1.0),Education and earnings (EARNINGS) (full dataset),I,DNK,Denmark,_T,Total,Y25T34,From 25 to 34 years,ISCED11A_5T8,Tertiary education,F05T07,"Science, technology, engineering and mathematics",EARN_RELATIVE,Relative earnings,_Z,Not applicable,_T,Total,_Z,Not applicable,ED_NED,In education or not in education,EMP,Employment,_Z,Not applicable,PT_EARN_WR_ISCED11A_5T8,Percentage of earnings of workers with tertiary educational attainment,OBS,Observed,FT,Full-time,EARNINGS_FIELD,LSO-EARNINGS cyclical data collection on field of study,A3,Triennial,2017,,106.43452,,A,Normal value,,,0,Units,1,One
DATAFLOW,OECD.EDU.IMEP:DSD_EAG_LSO_EA@DF_LSO_EARN_ALL(1.0),Education and earnings (EARNINGS) (full dataset),I,DNK,Denmark,_T,Total,Y25T34,From 25 to 34 years,ISCED11A_5T8,Tertiary education,F05T07,"Science, technology, engineering and mathematics",EARN_RELATIVE,Relative earnings,_Z,Not applicable,_T,Total,_Z,Not applicable,ED_NED,In education or not in education,EMP,Employment,_Z,Not applicable,PT_EARN_WR_ISCED11A_5T8,Percentage of earnings of workers with tertiary educational attainment,OBS,Observed,_T,Total,EARNINGS_FIELD,LSO-EARNINGS cyclical data collection on field of study,A3,Triennial,2017,,111.33455,,A,Normal value,,,0,Units,1,One
DATAFLOW,OECD.EDU.IMEP:DSD_EAG_LSO_EA@DF_LSO_EARN_ALL(1.0),Education and earnings (EARNINGS) (full dataset),I,CHL,Chile,_T,Total,Y25T34,From 25 to 34 years,ISCED11A_5T8,Tertiary education,F05T07,"Science, technology, engineering and mathematics",EARN_RELATIVE,Relative earnings,_Z,Not applicable,_T,Total,_Z,Not applicable,ED_NED,In education or not in education,EMP,Employment,_Z,Not applicable,PT_EARN_WR_ISCED11A_5T8,Percentage of earnings of workers with tertiary educational attainment,OBS,Observed,_T,Total,EARNINGS_FIELD,LSO-EARNINGS cyclical data collection on field of study,A3,Triennial,2017,,115.84776,,A,Normal value,,,0,Units,1,One
DATAFLOW,OECD.EDU.IMEP:DSD_EAG_LSO_EA@DF_LSO_EARN_ALL(1.0),Education and earnings (EARNINGS) (full dataset),I,CHL,Chile,_T,Total,Y25T34,From 25 to 34 years,ISCED11A_5T8,Tertiary education,F05T07,"Science, technology, engineering and mathematics",EARN_RELATIVE,Relative earnings,_Z,Not applicable,_T,Total,_Z,Not applicable,ED_NED,In education or not in education,EMP,Employment,_Z,Not applicable,PT_EARN_WR_ISCED11A_5T8,Percentage of earnings of workers with tertiary educational attainment,OBS,Observed,FT,Full-time,EARNINGS_FIELD,LSO-EARNINGS cyclical data collection on field of study,A3,Triennial,2017,,110.96044,,A,Normal value,,,0,Units,1,One
DATAFLOW,OECD.EDU.IMEP:DSD_EAG_LSO_EA@DF_LSO_EARN_ALL(1.0),Education and earnings (EARNINGS) (full dataset),I,CHL,Chile,_T,Total,Y25T34,From 25 to 34 years,ISCED11A_5T8,Tertiary education,F05T07,"Science, technology, engineering and mathematics",EARN_RELATIVE,Relative earnings,_Z,Not applicable,_T,Total,_Z,Not applicable,ED_NED,In education or not in education,EMP,Employment,_Z,Not applicable,PT_EARN_WR_ISCED11A_5T8,Percentage of earnings of workers with tertiary educational attainment,OBS,Observed,PT,Part-time,EARNINGS_FIELD,LSO-EARNINGS cyclical data collection on field of study,A3,Triennial,2017,,119.85059,,A,Normal value,,,0,Units,1,One
DATAFLOW,OECD.EDU.IMEP:DSD_EAG_LSO_EA@DF_LSO_EARN_ALL(1.0),Education and earnings (EARNINGS) (full dataset),I,AUT,Austria,_T,Total,Y25T34,From 25 to 34 years,ISCED11A_5T8,Tertiary education,F05T07,"Science, technology, engineering and mathematics",EARN_RELATIVE,Relative earnings,_Z,Not applicable,_T,Total,_Z,Not applicable,ED_NED,In education or not in education,EMP,Employment,_Z,Not applicable,PT_EARN_WR_ISCED11A_5T8,Percentage of earnings of workers with tertiary educational attainment,OBS,Observed,_T,Total,EARNINGS_FIELD,LSO-EARNINGS cyclical data collection on field of study,A3,Triennial,2017,,120.0034,,A,Normal value,,,0,Units,1,One
DATAFLOW,OECD.EDU.IMEP:DSD_EAG_LSO_EA@DF_LSO_EARN_ALL(1.0),Education and earnings (EARNINGS) (full dataset),I,AUT,Austria,_T,Total,Y25T34,From 25 to 34 years,ISCED11A_5T8,Tertiary education,F05T07,"Science, technology, engineering and mathematics",EARN_RELATIVE,Relative earnings,_Z,Not applicable,_T,Total,_Z,Not applicable,ED_NED,In education or not in education,EMP,Employment,_Z,Not applicable,PT_EARN_WR_ISCED11A_5T8,Percentage of earnings of workers with tertiary educational attainment,OBS,Observed,PT,Part-time,EARNINGS_FIELD,LSO-EARNINGS cyclical data collection on field of study,A3,Triennial,2017,,115.98681,,A,Normal value,,,0,Units,1,One
DATAFLOW,OECD.EDU.IMEP:DSD_EAG_LSO_EA@DF_LSO_EARN_ALL(1.0),Education and earnings (EARNINGS) (full dataset),I,AUT,Austria,_T,Total,Y25T34,From 25 to 34 years,ISCED11A_5T8,Tertiary education,F05T07,"Science, technology, engineering and mathematics",EARN_RELATIVE,Relative earnings,_Z,Not applicable,_T,Total,_Z,Not applicable,ED_NED,In education or not in education,EMP,Employment,_Z,Not applicable,PT_EARN_WR_ISCED11A_5T8,Percentage of earnings of workers with tertiary educational attainment,OBS,Observed,FT,Full-time,EARNINGS_FIELD,LSO-EARNINGS cyclical data collection on field of study,A3,Triennial,2017,,108.0627,,A,Normal value,,,0,Units,1,One
DATAFLOW,OECD.EDU.IMEP:DSD_EAG_LSO_EA@DF_LSO_EARN_ALL(1.0),Education and earnings (EARNINGS) (full dataset),I,LVA,Latvia,_T,Total,Y25T34,From 25 to 34 years,ISCED11A_5T8,Tertiary education,F05T07,"Science, technology, engineering and mathematics",EARN_RELATIVE,Relative earnings,_Z,Not applicable,_T,Total,_Z,Not applicable,ED_NED,In education or not in education,EMP,Employment,_Z,Not applicable,PT_EARN_WR_ISCED11A_5T8,Percentage of earnings of workers with tertiary educational attainment,OBS,Observed,_T,Total,EARNINGS_FIELD,LSO-EARNINGS cyclical data collection on field of study,A3,Triennial,2017,,115.76278,,A,Normal value,,,0,Units,1,One
DATAFLOW,OECD.EDU.IMEP:DSD_EAG_LSO_EA@DF_LSO_EARN_ALL(1.0),Education and earnings (EARNINGS) (full dataset),I,LVA,Latvia,_T,Total,Y25T34,From 25 to 34 years,ISCED11A_5T8,Tertiary education,F05T07,"Science, technology, engineering and mathematics",EARN_RELATIVE,Relative earnings,_Z,Not applicable,_T,Total,_Z,Not applicable,ED_NED,In education or not in education,EMP,Employment,_Z,Not applicable,PT_EARN_WR_ISCED11A_5T8,Percentage of earnings of workers with tertiary educational attainment,OBS,Observed,FT,Full-time,EARNINGS_FIELD,LSO-EARNINGS cyclical data collection on field of study,A3,Triennial,2017,,116.95826,,A,Normal value,,,0,Units,1,One
DATAFLOW,OECD.EDU.IMEP:DSD_EAG_LSO_EA@DF_LSO_EARN_ALL(1.0),Education and earnings (EARNINGS) (full dataset),I,PRT,Portugal,_T,Total,Y25T34,From 25 to 34 years,ISCED11A_5T8,Tertiary education,F05T07,"Science, technology, engineering and mathematics",EARN_RELATIVE,Relative earnings,_Z,Not applicable,_T,Total,_Z,Not applicable,ED_NED,In education or not in education,EMP,Employment,_Z,Not applicable,PT_EARN_WR_ISCED11A_5T8,Percentage of earnings of workers with tertiary educational attainment,OBS,Observed,_T,Total,EARNINGS_FIELD,LSO-EARNINGS cyclical data collection on field of study,A3,Triennial,2017,,108.48176,,A,Normal value,,,0,Units,1,One
DATAFLOW,OECD.EDU.IMEP:DSD_EAG_LSO_EA@DF_LSO_EARN_ALL(1.0),Education and earnings (EARNINGS) (full dataset),I,PRT,Portugal,_T,Total,Y25T34,From 25 to 34 years,ISCED11A_5T8,Tertiary education,F05T07,"Science, technology, engineering and mathematics",EARN_RELATIVE,Relative earnings,_Z,Not applicable,_T,Total,_Z,Not applicable,ED_NED,In education or not in education,EMP,Employment,_Z,Not applicable,PT_EARN_WR_ISCED11A_5T8,Percentage of earnings of workers with tertiary educational attainment,OBS,Observed,FT,Full-time,EARNINGS_FIELD,LSO-EARNINGS cyclical data collection on field of study,A3,Triennial,2017,,107.40739,,A,Normal value,,,0,Units,1,One
DATAFLOW,OECD.EDU.IMEP:DSD_EAG_LSO_EA@DF_LSO_EARN_ALL(1.0),Education and earnings (EARNINGS) (full dataset),I,GBR,United Kingdom,_T,Total,Y25T34,From 25 to 34 years,ISCED11A_5T8,Tertiary education,F05T07,"Science, technology, engineering and mathematics",EARN_RELATIVE,Relative earnings,_Z,Not applicable,_T,Total,_Z,Not applicable,ED_NED,In education or not in education,EMP,Employment,_Z,Not applicable,PT_EARN_WR_ISCED11A_5T8,Percentage of earnings of workers with tertiary educational attainment,OBS,Observed,FT,Full-time,EARNINGS_FIELD,LSO-EARNINGS cyclical data collection on field of study,A3,Triennial,2017,,111.58698,,A,Normal value,,,0,Units,1,One
DATAFLOW,OECD.EDU.IMEP:DSD_EAG_LSO_EA@DF_LSO_EARN_ALL(1.0),Education and earnings (EARNINGS) (full dataset),I,GBR,United Kingdom,_T,Total,Y25T34,From 25 to 34 years,ISCED11A_5T8,Tertiary education,F05T07,"Science, technology, engineering and mathematics",EARN_RELATIVE,Relative earnings,_Z,Not applicable,_T,Total,_Z,Not applicable,ED_NED,In education or not in education,EMP,Employment,_Z,Not applicable,PT_EARN_WR_ISCED11A_5T8,Percentage of earnings of workers with tertiary educational attainment,OBS,Observed,_T,Total,EARNINGS_FIELD,LSO-EARNINGS cyclical data collection on field of study,A3,Triennial,2017,,121.07806,,A,Normal value,,,0,Units,1,One
DATAFLOW,OECD.EDU.IMEP:DSD_EAG_LSO_EA@DF_LSO_EARN_ALL(1.0),Education and earnings (EARNINGS) (full dataset),I,CRI,Costa Rica,_T,Total,Y25T34,From 25 to 34 years,ISCED11A_5T8,Tertiary education,F05T07,"Science, technology, engineering and mathematics",EARN_RELATIVE,Relative earnings,_Z,Not applicable,_T,Total,_Z,Not applicable,ED_NED,In education or not in education,EMP,Employment,_Z,Not applicable,PT_EARN_WR_ISCED11A_5T8,Percentage of earnings of workers with tertiary educational attainment,OBS,Observed,FT,Full-time,EARNINGS_FIELD,LSO-EARNINGS cyclical data collection on field of study,A3,Triennial,2017,,109.03549,,A,Normal value,,,0,Units,1,One
DATAFLOW,OECD.EDU.IMEP:DSD_EAG_LSO_EA@DF_LSO_EARN_ALL(1.0),Education and earnings (EARNINGS) (full dataset),I,CRI,Costa Rica,_T,Total,Y25T34,From 25 to 34 years,ISCED11A_5T8,Tertiary education,F05T07,"Science, technology, engineering and mathematics",EARN_RELATIVE,Relative earnings,_Z,Not applicable,_T,Total,_Z,Not applicable,ED_NED,In education or not in education,EMP,Employment,_Z,Not applicable,PT_EARN_WR_ISCED11A_5T8,Percentage of earnings of workers with tertiary educational attainment,OBS,Observed,_T,Total,EARNINGS_FIELD,LSO-EARNINGS cyclical data collection on field of study,A3,Triennial,2017,,109.7145,,A,Normal value,,,0,Units,1,One
DATAFLOW,OECD.EDU.IMEP:DSD_EAG_LSO_EA@DF_LSO_EARN_ALL(1.0),Education and earnings (EARNINGS) (full dataset),I,DEU,Germany,_T,Total,Y25T34,From 25 to 34 years,ISCED11A_5T8,Tertiary education,F05T07,"Science, technology, engineering and mathematics",EARN_RELATIVE,Relative earnings,_Z,Not applicable,_T,Total,_Z,Not applicable,ED_NED,In education or not in education,EMP,Employment,_Z,Not applicable,PT_EARN_WR_ISCED11A_5T8,Percentage of earnings of workers with tertiary educational attainment,OBS,Observed,FT,Full-time,EARNINGS_FIELD,LSO-EARNINGS cyclical data collection on field of study,A3,Triennial,2017,,100.45154,,A,Normal value,,,0,Units,1,One
DATAFLOW,OECD.EDU.IMEP:DSD_EAG_LSO_EA@DF_LSO_EARN_ALL(1.0),Education and earnings (EARNINGS) (full dataset),I,DEU,Germany,_T,Total,Y25T34,From 25 to 34 years,ISCED11A_5T8,Tertiary education,F05T07,"Science, technology, engineering and mathematics",EARN_RELATIVE,Relative earnings,_Z,Not applicable,_T,Total,_Z,Not applicable,ED_NED,In education or not in education,EMP,Employment,_Z,Not applicable,PT_EARN_WR_ISCED11A_5T8,Percentage of earnings of workers with tertiary educational attainment,OBS,Observed,_T,Total,EARNINGS_FIELD,LSO-EARNINGS cyclical data collection on field of study,A3,Triennial,2017,,103.22748,,A,Normal value,,,0,Units,1,One
DATAFLOW,OECD.EDU.IMEP:DSD_EAG_LSO_EA@DF_LSO_EARN_ALL(1.0),Education and earnings (EARNINGS) (full dataset),I,DEU,Germany,_T,Total,Y25T34,From 25 to 34 years,ISCED11A_5T8,Tertiary education,F05T07,"Science, technology, engineering and mathematics",EARN_RELATIVE,Relative earnings,_Z,Not applicable,_T,Total,_Z,Not applicable,ED_NED,In education or not in education,EMP,Employment,_Z,Not applicable,PT_EARN_WR_ISCED11A_5T8,Percentage of earnings of workers with tertiary educational attainment,OBS,Observed,PT,Part-time,EARNINGS_FIELD,LSO-EARNINGS cyclical data collection on field of study,A3,Triennial,2017,,110.8834,,A,Normal value,,,0,Units,1,One
DATAFLOW,OECD.EDU.IMEP:DSD_EAG_LSO_EA@DF_LSO_EARN_ALL(1.0),Education and earnings (EARNINGS) (full dataset),I,NOR,Norway,_T,Total,Y25T34,From 25 to 34 years,ISCED11A_5T8,Tertiary education,F05T07,"Science, technology, engineering and mathematics",EARN_RELATIVE,Relative earnings,_Z,Not applicable,_T,Total,_Z,Not applicable,ED_NED,In education or not in education,EMP,Employment,_Z,Not applicable,PT_EARN_WR_ISCED11A_5T8,Percentage of earnings of workers with tertiary educational attainment,OBS,Observed,PT,Part-time,EARNINGS_FIELD,LSO-EARNINGS cyclical data collection on field of study,A3,Triennial,2017,,81.618774,,A,Normal value,,,0,Units,1,One
DATAFLOW,OECD.EDU.IMEP:DSD_EAG_LSO_EA@DF_LSO_EARN_ALL(1.0),Education and earnings (EARNINGS) (full dataset),I,NOR,Norway,_T,Total,Y25T34,From 25 to 34 years,ISCED11A_5T8,Tertiary education,F05T07,"Science, technology, engineering and mathematics",EARN_RELATIVE,Relative earnings,_Z,Not applicable,_T,Total,_Z,Not applicable,ED_NED,In education or not in education,EMP,Employment,_Z,Not applicable,PT_EARN_WR_ISCED11A_5T8,Percentage of earnings of workers with tertiary educational attainment,OBS,Observed,_T,Total,EARNINGS_FIELD,LSO-EARNINGS cyclical data collection on field of study,A3,Triennial,2017,,114.48375,,A,Normal value,,,0,Units,1,One
DATAFLOW,OECD.EDU.IMEP:DSD_EAG_LSO_EA@DF_LSO_EARN_ALL(1.0),Education and earnings (EARNINGS) (full dataset),I,NOR,Norway,_T,Total,Y25T34,From 25 to 34 years,ISCED11A_5T8,Tertiary education,F05T07,"Science, technology, engineering and mathematics",EARN_RELATIVE,Relative earnings,_Z,Not applicable,_T,Total,_Z,Not applicable,ED_NED,In education or not in education,EMP,Employment,_Z,Not applicable,PT_EARN_WR_ISCED11A_5T8,Percentage of earnings of workers with tertiary educational attainment,OBS,Observed,FT,Full-time,EARNINGS_FIELD,LSO-EARNINGS cyclical data collection on field of study,A3,Triennial,2017,,112.44916,,A,Normal value,,,0,Units,1,One
DATAFLOW,OECD.EDU.IMEP:DSD_EAG_LSO_EA@DF_LSO_EARN_ALL(1.0),Education and earnings (EARNINGS) (full dataset),I,SWE,Sweden,_T,Total,Y25T34,From 25 to 34 years,ISCED11A_5T8,Tertiary education,F05T07,"Science, technology, engineering and mathematics",EARN_RELATIVE,Relative earnings,_Z,Not applicable,_T,Total,_Z,Not applicable,ED_NED,In education or not in education,EMP,Employment,_Z,Not applicable,PT_EARN_WR_ISCED11A_5T8,Percentage of earnings of workers with tertiary educational attainment,OBS,Observed,PT,Part-time,EARNINGS_FIELD,LSO-EARNINGS cyclical data collection on field of study,A3,Triennial,2017,,99.166077,,A,Normal value,,,0,Units,1,One
DATAFLOW,OECD.EDU.IMEP:DSD_EAG_LSO_EA@DF_LSO_EARN_ALL(1.0),Education and earnings (EARNINGS) (full dataset),I,SWE,Sweden,_T,Total,Y25T34,From 25 to 34 years,ISCED11A_5T8,Tertiary education,F05T07,"Science, technology, engineering and mathematics",EARN_RELATIVE,Relative earnings,_Z,Not applicable,_T,Total,_Z,Not applicable,ED_NED,In education or not in education,EMP,Employment,_Z,Not applicable,PT_EARN_WR_ISCED11A_5T8,Percentage of earnings of workers with tertiary educational attainment,OBS,Observed,_T,Total,EARNINGS_FIELD,LSO-EARNINGS cyclical data collection on field of study,A3,Triennial,2017,,113.8137,,A,Normal value,,,0,Units,1,One
DATAFLOW,OECD.EDU.IMEP:DSD_EAG_LSO_EA@DF_LSO_EARN_ALL(1.0),Education and earnings (EARNINGS) (full dataset),I,SWE,Sweden,_T,Total,Y25T34,From 25 to 34 years,ISCED11A_5T8,Tertiary education,F05T07,"Science, technology, engineering and mathematics",EARN_RELATIVE,Relative earnings,_Z,Not applicable,_T,Total,_Z,Not applicable,ED_NED,In education or not in education,EMP,Employment,_Z,Not applicable,PT_EARN_WR_ISCED11A_5T8,Percentage of earnings of workers with tertiary educational attainment,OBS,Observed,FT,Full-time,EARNINGS_FIELD,LSO-EARNINGS cyclical data collection on field of study,A3,Triennial,2017,,110.1445,,A,Normal value,,,0,Units,1,One
DATAFLOW,OECD.EDU.IMEP:DSD_EAG_LSO_EA@DF_LSO_EARN_ALL(1.0),Education and earnings (EARNINGS) (full dataset),I,NOR,Norway,_T,Total,Y55T64,From 55 to 64 years,ISCED11A_5T8,Tertiary education,F05T07,"Science, technology, engineering and mathematics",EARN_RELATIVE,Relative earnings,_Z,Not applicable,_T,Total,_Z,Not applicable,ED_NED,In education or not in education,EMP,Employment,_Z,Not applicable,PT_EARN_WR_ISCED11A_5T8,Percentage of earnings of workers with tertiary educational attainment,OBS,Observed,_T,Total,EARNINGS_FIELD,LSO-EARNINGS cyclical data collection on field of study,A3,Triennial,2017,,123.38185,,A,Normal value,,,0,Units,1,One
DATAFLOW,OECD.EDU.IMEP:DSD_EAG_LSO_EA@DF_LSO_EARN_ALL(1.0),Education and earnings (EARNINGS) (full dataset),I,NOR,Norway,_T,Total,Y55T64,From 55 to 64 years,ISCED11A_5T8,Tertiary education,F05T07,"Science, technology, engineering and mathematics",EARN_RELATIVE,Relative earnings,_Z,Not applicable,_T,Total,_Z,Not applicable,ED_NED,In education or not in education,EMP,Employment,_Z,Not applicable,PT_EARN_WR_ISCED11A_5T8,Percentage of earnings of workers with tertiary educational attainment,OBS,Observed,PT,Part-time,EARNINGS_FIELD,LSO-EARNINGS cyclical data collection on field of study,A3,Triennial,2017,,100.14107,,A,Normal value,,,0,Units,1,One
DATAFLOW,OECD.EDU.IMEP:DSD_EAG_LSO_EA@DF_LSO_EARN_ALL(1.0),Education and earnings (EARNINGS) (full dataset),I,NOR,Norway,_T,Total,Y55T64,From 55 to 64 years,ISCED11A_5T8,Tertiary education,F05T07,"Science, technology, engineering and mathematics",EARN_RELATIVE,Relative earnings,_Z,Not applicable,_T,Total,_Z,Not applicable,ED_NED,In education or not in education,EMP,Employment,_Z,Not applicable,PT_EARN_WR_ISCED11A_5T8,Percentage of earnings of workers with tertiary educational attainment,OBS,Observed,FT,Full-time,EARNINGS_FIELD,LSO-EARNINGS cyclical data collection on field of study,A3,Triennial,2017,,117.38737,,A,Normal value,,,0,Units,1,One
DATAFLOW,OECD.EDU.IMEP:DSD_EAG_LSO_EA@DF_LSO_EARN_ALL(1.0),Education and earnings (EARNINGS) (full dataset),I,SWE,Sweden,_T,Total,Y55T64,From 55 to 64 years,ISCED11A_5T8,Tertiary education,F05T07,"Science, technology, engineering and mathematics",EARN_RELATIVE,Relative earnings,_Z,Not applicable,_T,Total,_Z,Not applicable,ED_NED,In education or not in education,EMP,Employment,_Z,Not applicable,PT_EARN_WR_ISCED11A_5T8,Percentage of earnings of workers with tertiary educational attainment,OBS,Observed,_T,Total,EARNINGS_FIELD,LSO-EARNINGS cyclical data collection on field of study,A3,Triennial,2017,,123.40852,,A,Normal value,,,0,Units,1,One
DATAFLOW,OECD.EDU.IMEP:DSD_EAG_LSO_EA@DF_LSO_EARN_ALL(1.0),Education and earnings (EARNINGS) (full dataset),I,SWE,Sweden,_T,Total,Y55T64,From 55 to 64 years,ISCED11A_5T8,Tertiary education,F05T07,"Science, technology, engineering and mathematics",EARN_RELATIVE,Relative earnings,_Z,Not applicable,_T,Total,_Z,Not applicable,ED_NED,In education or not in education,EMP,Employment,_Z,Not applicable,PT_EARN_WR_ISCED11A_5T8,Percentage of earnings of workers with tertiary educational attainment,OBS,Observed,PT,Part-time,EARNINGS_FIELD,LSO-EARNINGS cyclical data collection on field of study,A3,Triennial,2017,,93.030022,,A,Normal value,,,0,Units,1,One
DATAFLOW,OECD.EDU.IMEP:DSD_EAG_LSO_EA@DF_LSO_EARN_ALL(1.0),Education and earnings (EARNINGS) (full dataset),I,SWE,Sweden,_T,Total,Y55T64,From 55 to 64 years,ISCED11A_5T8,Tertiary education,F05T07,"Science, technology, engineering and mathematics",EARN_RELATIVE,Relative earnings,_Z,Not applicable,_T,Total,_Z,Not applicable,ED_NED,In education or not in education,EMP,Employment,_Z,Not applicable,PT_EARN_WR_ISCED11A_5T8,Percentage of earnings of workers with tertiary educational attainment,OBS,Observed,FT,Full-time,EARNINGS_FIELD,LSO-EARNINGS cyclical data collection on field of study,A3,Triennial,2017,,120.33167,,A,Normal value,,,0,Units,1,One
DATAFLOW,OECD.EDU.IMEP:DSD_EAG_LSO_EA@DF_LSO_EARN_ALL(1.0),Education and earnings (EARNINGS) (full dataset),I,EST,Estonia,_T,Total,Y55T64,From 55 to 64 years,ISCED11A_5T8,Tertiary education,F05T07,"Science, technology, engineering and mathematics",EARN_RELATIVE,Relative earnings,_Z,Not applicable,_T,Total,_Z,Not applicable,ED_NED,In education or not in education,EMP,Employment,_Z,Not applicable,PT_EARN_WR_ISCED11A_5T8,Percentage of earnings of workers with tertiary educational attainment,OBS,Observed,PT,Part-time,EARNINGS_FIELD,LSO-EARNINGS cyclical data collection on field of study,A3,Triennial,2017,,74.360031,,A,Normal value,,,0,Units,1,One
DATAFLOW,OECD.EDU.IMEP:DSD_EAG_LSO_EA@DF_LSO_EARN_ALL(1.0),Education and earnings (EARNINGS) (full dataset),I,EST,Estonia,_T,Total,Y55T64,From 55 to 64 years,ISCED11A_5T8,Tertiary education,F05T07,"Science, technology, engineering and mathematics",EARN_RELATIVE,Relative earnings,_Z,Not applicable,_T,Total,_Z,Not applicable,ED_NED,In education or not in education,EMP,Employment,_Z,Not applicable,PT_EARN_WR_ISCED11A_5T8,Percentage of earnings of workers with tertiary educational attainment,OBS,Observed,FT,Full-time,EARNINGS_FIELD,LSO-EARNINGS cyclical data collection on field of study,A3,Triennial,2017,,96.759079,,A,Normal value,,,0,Units,1,One
DATAFLOW,OECD.EDU.IMEP:DSD_EAG_LSO_EA@DF_LSO_EARN_ALL(1.0),Education and earnings (EARNINGS) (full dataset),I,EST,Estonia,_T,Total,Y55T64,From 55 to 64 years,ISCED11A_5T8,Tertiary education,F05T07,"Science, technology, engineering and mathematics",EARN_RELATIVE,Relative earnings,_Z,Not applicable,_T,Total,_Z,Not applicable,ED_NED,In education or not in education,EMP,Employment,_Z,Not applicable,PT_EARN_WR_ISCED11A_5T8,Percentage of earnings of workers with tertiary educational attainment,OBS,Observed,_T,Total,EARNINGS_FIELD,LSO-EARNINGS cyclical data collection on field of study,A3,Triennial,2017,,96.759216,,A,Normal value,,,0,Units,1,One
DATAFLOW,OECD.EDU.IMEP:DSD_EAG_LSO_EA@DF_LSO_EARN_ALL(1.0),Education and earnings (EARNINGS) (full dataset),I,USA,United States,_T,Total,Y55T64,From 55 to 64 years,ISCED11A_5T8,Tertiary education,F05T07,"Science, technology, engineering and mathematics",EARN_RELATIVE,Relative earnings,_Z,Not applicable,_T,Total,_Z,Not applicable,ED_NED,In education or not in education,EMP,Employment,_Z,Not applicable,PT_EARN_WR_ISCED11A_5T8,Percentage of earnings of workers with tertiary educational attainment,OBS,Observed,FT,Full-time,EARNINGS_FIELD,LSO-EARNINGS cyclical data collection on field of study,A3,Triennial,2017,,123.04946,,A,Normal value,,,0,Units,1,One
DATAFLOW,OECD.EDU.IMEP:DSD_EAG_LSO_EA@DF_LSO_EARN_ALL(1.0),Education and earnings (EARNINGS) (full dataset),I,USA,United States,_T,Total,Y55T64,From 55 to 64 years,ISCED11A_5T8,Tertiary education,F05T07,"Science, technology, engineering and mathematics",EARN_RELATIVE,Relative earnings,_Z,Not applicable,_T,Total,_Z,Not applicable,ED_NED,In education or not in education,EMP,Employment,_Z,Not applicable,PT_EARN_WR_ISCED11A_5T8,Percentage of earnings of workers with tertiary educational attainment,OBS,Observed,PT,Part-time,EARNINGS_FIELD,LSO-EARNINGS cyclical data collection on field of study,A3,Triennial,2017,,149.80141,,A,Normal value,,,0,Units,1,One
DATAFLOW,OECD.EDU.IMEP:DSD_EAG_LSO_EA@DF_LSO_EARN_ALL(1.0),Education and earnings (EARNINGS) (full dataset),I,USA,United States,_T,Total,Y55T64,From 55 to 64 years,ISCED11A_5T8,Tertiary education,F05T07,"Science, technology, engineering and mathematics",EARN_RELATIVE,Relative earnings,_Z,Not applicable,_T,Total,_Z,Not applicable,ED_NED,In education or not in education,EMP,Employment,_Z,Not applicable,PT_EARN_WR_ISCED11A_5T8,Percentage of earnings of workers with tertiary educational attainment,OBS,Observed,_T,Total,EARNINGS_FIELD,LSO-EARNINGS cyclical data collection on field of study,A3,Triennial,2017,,127.47214,,A,Normal value,,,0,Units,1,One
DATAFLOW,OECD.EDU.IMEP:DSD_EAG_LSO_EA@DF_LSO_EARN_ALL(1.0),Education and earnings (EARNINGS) (full dataset),I,DNK,Denmark,_T,Total,Y55T64,From 55 to 64 years,ISCED11A_5T8,Tertiary education,F05T07,"Science, technology, engineering and mathematics",EARN_RELATIVE,Relative earnings,_Z,Not applicable,_T,Total,_Z,Not applicable,ED_NED,In education or not in education,EMP,Employment,_Z,Not applicable,PT_EARN_WR_ISCED11A_5T8,Percentage of earnings of workers with tertiary educational attainment,OBS,Observed,_T,Total,EARNINGS_FIELD,LSO-EARNINGS cyclical data collection on field of study,A3,Triennial,2017,,117.11078,,A,Normal value,,,0,Units,1,One
DATAFLOW,OECD.EDU.IMEP:DSD_EAG_LSO_EA@DF_LSO_EARN_ALL(1.0),Education and earnings (EARNINGS) (full dataset),I,DNK,Denmark,_T,Total,Y55T64,From 55 to 64 years,ISCED11A_5T8,Tertiary education,F05T07,"Science, technology, engineering and mathematics",EARN_RELATIVE,Relative earnings,_Z,Not applicable,_T,Total,_Z,Not applicable,ED_NED,In education or not in education,EMP,Employment,_Z,Not applicable,PT_EARN_WR_ISCED11A_5T8,Percentage of earnings of workers with tertiary educational attainment,OBS,Observed,PT,Part-time,EARNINGS_FIELD,LSO-EARNINGS cyclical data collection on field of study,A3,Triennial,2017,,108.94933,,A,Normal value,,,0,Units,1,One
DATAFLOW,OECD.EDU.IMEP:DSD_EAG_LSO_EA@DF_LSO_EARN_ALL(1.0),Education and earnings (EARNINGS) (full dataset),I,DNK,Denmark,_T,Total,Y55T64,From 55 to 64 years,ISCED11A_5T8,Tertiary education,F05T07,"Science, technology, engineering and mathematics",EARN_RELATIVE,Relative earnings,_Z,Not applicable,_T,Total,_Z,Not applicable,ED_NED,In education or not in education,EMP,Employment,_Z,Not applicable,PT_EARN_WR_ISCED11A_5T8,Percentage of earnings of workers with tertiary educational attainment,OBS,Observed,FT,Full-time,EARNINGS_FIELD,LSO-EARNINGS cyclical data collection on field of study,A3,Triennial,2017,,112.41082,,A,Normal value,,,0,Units,1,One
DATAFLOW,OECD.EDU.IMEP:DSD_EAG_LSO_EA@DF_LSO_EARN_ALL(1.0),Education and earnings (EARNINGS) (full dataset),I,CHE,Switzerland,_T,Total,Y55T64,From 55 to 64 years,ISCED11A_5T8,Tertiary education,F05T07,"Science, technology, engineering and mathematics",EARN_RELATIVE,Relative earnings,_Z,Not applicable,_T,Total,_Z,Not applicable,ED_NED,In education or not in education,EMP,Employment,_Z,Not applicable,PT_EARN_WR_ISCED11A_5T8,Percentage of earnings of workers with tertiary educational attainment,OBS,Observed,PT,Part-time,EARNINGS_FIELD,LSO-EARNINGS cyclical data collection on field of study,A3,Triennial,2017,,109.00855,,A,Normal value,,,0,Units,1,One
DATAFLOW,OECD.EDU.IMEP:DSD_EAG_LSO_EA@DF_LSO_EARN_ALL(1.0),Education and earnings (EARNINGS) (full dataset),I,CHE,Switzerland,_T,Total,Y55T64,From 55 to 64 years,ISCED11A_5T8,Tertiary education,F05T07,"Science, technology, engineering and mathematics",EARN_RELATIVE,Relative earnings,_Z,Not applicable,_T,Total,_Z,Not applicable,ED_NED,In education or not in education,EMP,Employment,_Z,Not applicable,PT_EARN_WR_ISCED11A_5T8,Percentage of earnings of workers with tertiary educational attainment,OBS,Observed,FT,Full-time,EARNINGS_FIELD,LSO-EARNINGS cyclical data collection on field of study,A3,Triennial,2017,,98.942642,,A,Normal value,,,0,Units,1,One
DATAFLOW,OECD.EDU.IMEP:DSD_EAG_LSO_EA@DF_LSO_EARN_ALL(1.0),Education and earnings (EARNINGS) (full dataset),I,CHE,Switzerland,_T,Total,Y55T64,From 55 to 64 years,ISCED11A_5T8,Tertiary education,F05T07,"Science, technology, engineering and mathematics",EARN_RELATIVE,Relative earnings,_Z,Not applicable,_T,Total,_Z,Not applicable,ED_NED,In education or not in education,EMP,Employment,_Z,Not applicable,PT_EARN_WR_ISCED11A_5T8,Percentage of earnings of workers with tertiary educational attainment,OBS,Observed,_T,Total,EARNINGS_FIELD,LSO-EARNINGS cyclical data collection on field of study,A3,Triennial,2017,,110.01959,,A,Normal value,,,0,Units,1,One
DATAFLOW,OECD.EDU.IMEP:DSD_EAG_LSO_EA@DF_LSO_EARN_ALL(1.0),Education and earnings (EARNINGS) (full dataset),I,AUT,Austria,_T,Total,Y55T64,From 55 to 64 years,ISCED11A_5T8,Tertiary education,F05T07,"Science, technology, engineering and mathematics",EARN_RELATIVE,Relative earnings,_Z,Not applicable,_T,Total,_Z,Not applicable,ED_NED,In education or not in education,EMP,Employment,_Z,Not applicable,PT_EARN_WR_ISCED11A_5T8,Percentage of earnings of workers with tertiary educational attainment,OBS,Observed,PT,Part-time,EARNINGS_FIELD,LSO-EARNINGS cyclical data collection on field of study,A3,Triennial,2017,,113.67648,,A,Normal value,,,0,Units,1,One
DATAFLOW,OECD.EDU.IMEP:DSD_EAG_LSO_EA@DF_LSO_EARN_ALL(1.0),Education and earnings (EARNINGS) (full dataset),I,AUT,Austria,_T,Total,Y55T64,From 55 to 64 years,ISCED11A_5T8,Tertiary education,F05T07,"Science, technology, engineering and mathematics",EARN_RELATIVE,Relative earnings,_Z,Not applicable,_T,Total,_Z,Not applicable,ED_NED,In education or not in education,EMP,Employment,_Z,Not applicable,PT_EARN_WR_ISCED11A_5T8,Percentage of earnings of workers with tertiary educational attainment,OBS,Observed,FT,Full-time,EARNINGS_FIELD,LSO-EARNINGS cyclical data collection on field of study,A3,Triennial,2017,,96.641541,,A,Normal value,,,0,Units,1,One
DATAFLOW,OECD.EDU.IMEP:DSD_EAG_LSO_EA@DF_LSO_EARN_ALL(1.0),Education and earnings (EARNINGS) (full dataset),I,AUT,Austria,_T,Total,Y55T64,From 55 to 64 years,ISCED11A_5T8,Tertiary education,F05T07,"Science, technology, engineering and mathematics",EARN_RELATIVE,Relative earnings,_Z,Not applicable,_T,Total,_Z,Not applicable,ED_NED,In education or not in education,EMP,Employment,_Z,Not applicable,PT_EARN_WR_ISCED11A_5T8,Percentage of earnings of workers with tertiary educational attainment,OBS,Observed,_T,Total,EARNINGS_FIELD,LSO-EARNINGS cyclical data collection on field of study,A3,Triennial,2017,,102.23263,,A,Normal value,,,0,Units,1,One
DATAFLOW,OECD.EDU.IMEP:DSD_EAG_LSO_EA@DF_LSO_EARN_ALL(1.0),Education and earnings (EARNINGS) (full dataset),I,CHL,Chile,_T,Total,Y55T64,From 55 to 64 years,ISCED11A_5T8,Tertiary education,F05T07,"Science, technology, engineering and mathematics",EARN_RELATIVE,Relative earnings,_Z,Not applicable,_T,Total,_Z,Not applicable,ED_NED,In education or not in education,EMP,Employment,_Z,Not applicable,PT_EARN_WR_ISCED11A_5T8,Percentage of earnings of workers with tertiary educational attainment,OBS,Observed,PT,Part-time,EARNINGS_FIELD,LSO-EARNINGS cyclical data collection on field of study,A3,Triennial,2017,,124.70771,,A,Normal value,,,0,Units,1,One
DATAFLOW,OECD.EDU.IMEP:DSD_EAG_LSO_EA@DF_LSO_EARN_ALL(1.0),Education and earnings (EARNINGS) (full dataset),I,CHL,Chile,_T,Total,Y55T64,From 55 to 64 years,ISCED11A_5T8,Tertiary education,F05T07,"Science, technology, engineering and mathematics",EARN_RELATIVE,Relative earnings,_Z,Not applicable,_T,Total,_Z,Not applicable,ED_NED,In education or not in education,EMP,Employment,_Z,Not applicable,PT_EARN_WR_ISCED11A_5T8,Percentage of earnings of workers with tertiary educational attainment,OBS,Observed,FT,Full-time,EARNINGS_FIELD,LSO-EARNINGS cyclical data collection on field of study,A3,Triennial,2017,,120.44373,,A,Normal value,,,0,Units,1,One
DATAFLOW,OECD.EDU.IMEP:DSD_EAG_LSO_EA@DF_LSO_EARN_ALL(1.0),Education and earnings (EARNINGS) (full dataset),I,CHL,Chile,_T,Total,Y55T64,From 55 to 64 years,ISCED11A_5T8,Tertiary education,F05T07,"Science, technology, engineering and mathematics",EARN_RELATIVE,Relative earnings,_Z,Not applicable,_T,Total,_Z,Not applicable,ED_NED,In education or not in education,EMP,Employment,_Z,Not applicable,PT_EARN_WR_ISCED11A_5T8,Percentage of earnings of workers with tertiary educational attainment,OBS,Observed,_T,Total,EARNINGS_FIELD,LSO-EARNINGS cyclical data collection on field of study,A3,Triennial,2017,,122.04303,,A,Normal value,,,0,Units,1,One
DATAFLOW,OECD.EDU.IMEP:DSD_EAG_LSO_EA@DF_LSO_EARN_ALL(1.0),Education and earnings (EARNINGS) (full dataset),I,DEU,Germany,_T,Total,Y55T64,From 55 to 64 years,ISCED11A_5T8,Tertiary education,F05T07,"Science, technology, engineering and mathematics",EARN_RELATIVE,Relative earnings,_Z,Not applicable,_T,Total,_Z,Not applicable,ED_NED,In education or not in education,EMP,Employment,_Z,Not applicable,PT_EARN_WR_ISCED11A_5T8,Percentage of earnings of workers with tertiary educational attainment,OBS,Observed,PT,Part-time,EARNINGS_FIELD,LSO-EARNINGS cyclical data collection on field of study,A3,Triennial,2017,,110.94533,,A,Normal value,,,0,Units,1,One
DATAFLOW,OECD.EDU.IMEP:DSD_EAG_LSO_EA@DF_LSO_EARN_ALL(1.0),Education and earnings (EARNINGS) (full dataset),I,DEU,Germany,_T,Total,Y55T64,From 55 to 64 years,ISCED11A_5T8,Tertiary education,F05T07,"Science, technology, engineering and mathematics",EARN_RELATIVE,Relative earnings,_Z,Not applicable,_T,Total,_Z,Not applicable,ED_NED,In education or not in education,EMP,Employment,_Z,Not applicable,PT_EARN_WR_ISCED11A_5T8,Percentage of earnings of workers with tertiary educational attainment,OBS,Observed,FT,Full-time,EARNINGS_FIELD,LSO-EARNINGS cyclical data collection on field of study,A3,Triennial,2017,,98.0075,,A,Normal value,,,0,Units,1,One
DATAFLOW,OECD.EDU.IMEP:DSD_EAG_LSO_EA@DF_LSO_EARN_ALL(1.0),Education and earnings (EARNINGS) (full dataset),I,DEU,Germany,_T,Total,Y55T64,From 55 to 64 years,ISCED11A_5T8,Tertiary education,F05T07,"Science, technology, engineering and mathematics",EARN_RELATIVE,Relative earnings,_Z,Not applicable,_T,Total,_Z,Not applicable,ED_NED,In education or not in education,EMP,Employment,_Z,Not applicable,PT_EARN_WR_ISCED11A_5T8,Percentage of earnings of workers with tertiary educational attainment,OBS,Observed,_T,Total,EARNINGS_FIELD,LSO-EARNINGS cyclical data collection on field of study,A3,Triennial,2017,,107.17367,,A,Normal value,,,0,Units,1,One
DATAFLOW,OECD.EDU.IMEP:DSD_EAG_LSO_EA@DF_LSO_EARN_ALL(1.0),Education and earnings (EARNINGS) (full dataset),I,LVA,Latvia,_T,Total,Y55T64,From 55 to 64 years,ISCED11A_5T8,Tertiary education,F05T07,"Science, technology, engineering and mathematics",EARN_RELATIVE,Relative earnings,_Z,Not applicable,_T,Total,_Z,Not applicable,ED_NED,In education or not in education,EMP,Employment,_Z,Not applicable,PT_EARN_WR_ISCED11A_5T8,Percentage of earnings of workers with tertiary educational attainment,OBS,Observed,_T,Total,EARNINGS_FIELD,LSO-EARNINGS cyclical data collection on field of study,A3,Triennial,2017,,96.104858,,A,Normal value,,,0,Units,1,One
DATAFLOW,OECD.EDU.IMEP:DSD_EAG_LSO_EA@DF_LSO_EARN_ALL(1.0),Education and earnings (EARNINGS) (full dataset),I,LVA,Latvia,_T,Total,Y55T64,From 55 to 64 years,ISCED11A_5T8,Tertiary education,F05T07,"Science, technology, engineering and mathematics",EARN_RELATIVE,Relative earnings,_Z,Not applicable,_T,Total,_Z,Not applicable,ED_NED,In education or not in education,EMP,Employment,_Z,Not applicable,PT_EARN_WR_ISCED11A_5T8,Percentage of earnings of workers with tertiary educational attainment,OBS,Observed,FT,Full-time,EARNINGS_FIELD,LSO-EARNINGS cyclical data collection on field of study,A3,Triennial,2017,,96.632217,,A,Normal value,,,0,Units,1,One
DATAFLOW,OECD.EDU.IMEP:DSD_EAG_LSO_EA@DF_LSO_EARN_ALL(1.0),Education and earnings (EARNINGS) (full dataset),I,PRT,Portugal,_T,Total,Y55T64,From 55 to 64 years,ISCED11A_5T8,Tertiary education,F05T07,"Science, technology, engineering and mathematics",EARN_RELATIVE,Relative earnings,_Z,Not applicable,_T,Total,_Z,Not applicable,ED_NED,In education or not in education,EMP,Employment,_Z,Not applicable,PT_EARN_WR_ISCED11A_5T8,Percentage of earnings of workers with tertiary educational attainment,OBS,Observed,FT,Full-time,EARNINGS_FIELD,LSO-EARNINGS cyclical data collection on field of study,A3,Triennial,2017,,109.91354,,A,Normal value,,,0,Units,1,One
DATAFLOW,OECD.EDU.IMEP:DSD_EAG_LSO_EA@DF_LSO_EARN_ALL(1.0),Education and earnings (EARNINGS) (full dataset),I,PRT,Portugal,_T,Total,Y55T64,From 55 to 64 years,ISCED11A_5T8,Tertiary education,F05T07,"Science, technology, engineering and mathematics",EARN_RELATIVE,Relative earnings,_Z,Not applicable,_T,Total,_Z,Not applicable,ED_NED,In education or not in education,EMP,Employment,_Z,Not applicable,PT_EARN_WR_ISCED11A_5T8,Percentage of earnings of workers with tertiary educational attainment,OBS,Observed,_T,Total,EARNINGS_FIELD,LSO-EARNINGS cyclical data collection on field of study,A3,Triennial,2017,,110.17152,,A,Normal value,,,0,Units,1,One
DATAFLOW,OECD.EDU.IMEP:DSD_EAG_LSO_EA@DF_LSO_EARN_ALL(1.0),Education and earnings (EARNINGS) (full dataset),I,GBR,United Kingdom,_T,Total,Y55T64,From 55 to 64 years,ISCED11A_5T8,Tertiary education,F05T07,"Science, technology, engineering and mathematics",EARN_RELATIVE,Relative earnings,_Z,Not applicable,_T,Total,_Z,Not applicable,ED_NED,In education or not in education,EMP,Employment,_Z,Not applicable,PT_EARN_WR_ISCED11A_5T8,Percentage of earnings of workers with tertiary educational attainment,OBS,Observed,FT,Full-time,EARNINGS_FIELD,LSO-EARNINGS cyclical data collection on field of study,A3,Triennial,2017,,113.9091,,A,Normal value,,,0,Units,1,One
DATAFLOW,OECD.EDU.IMEP:DSD_EAG_LSO_EA@DF_LSO_EARN_ALL(1.0),Education and earnings (EARNINGS) (full dataset),I,GBR,United Kingdom,_T,Total,Y55T64,From 55 to 64 years,ISCED11A_5T8,Tertiary education,F05T07,"Science, technology, engineering and mathematics",EARN_RELATIVE,Relative earnings,_Z,Not applicable,_T,Total,_Z,Not applicable,ED_NED,In education or not in education,EMP,Employment,_Z,Not applicable,PT_EARN_WR_ISCED11A_5T8,Percentage of earnings of workers with tertiary educational attainment,OBS,Observed,_T,Total,EARNINGS_FIELD,LSO-EARNINGS cyclical data collection on field of study,A3,Triennial,2017,,126.35504,,A,Normal value,,,0,Units,1,One
DATAFLOW,OECD.EDU.IMEP:DSD_EAG_LSO_EA@DF_LSO_EARN_ALL(1.0),Education and earnings (EARNINGS) (full dataset),I,GBR,United Kingdom,_T,Total,Y55T64,From 55 to 64 years,ISCED11A_5T8,Tertiary education,F05T07,"Science, technology, engineering and mathematics",EARN_RELATIVE,Relative earnings,_Z,Not applicable,_T,Total,_Z,Not applicable,ED_NED,In education or not in education,EMP,Employment,_Z,Not applicable,PT_EARN_WR_ISCED11A_5T8,Percentage of earnings of workers with tertiary educational attainment,OBS,Observed,PT,Part-time,EARNINGS_FIELD,LSO-EARNINGS cyclical data collection on field of study,A3,Triennial,2017,,90.742813,,A,Normal value,,,0,Units,1,One
DATAFLOW,OECD.EDU.IMEP:DSD_EAG_LSO_EA@DF_LSO_EARN_ALL(1.0),Education and earnings (EARNINGS) (full dataset),I,AUT,Austria,_T,Total,Y25T64,From 25 to 64 years,ISCED11A_5T8,Tertiary education,F05T07,"Science, technology, engineering and mathematics",EARN_RELATIVE,Relative earnings,_Z,Not applicable,_T,Total,_Z,Not applicable,ED_NED,In education or not in education,EMP,Employment,_Z,Not applicable,PT_EARN_WR_ISCED11A_5T8,Percentage of earnings of workers with tertiary educational attainment,OBS,Observed,PT,Part-time,EARNINGS_FIELD,LSO-EARNINGS cyclical data collection on field of study,A3,Triennial,2017,,109.68904,,A,Normal value,,,0,Units,1,One
DATAFLOW,OECD.EDU.IMEP:DSD_EAG_LSO_EA@DF_LSO_EARN_ALL(1.0),Education and earnings (EARNINGS) (full dataset),I,CHL,Chile,_T,Total,Y25T64,From 25 to 64 years,ISCED11A_5T8,Tertiary education,F05T07,"Science, technology, engineering and mathematics",EARN_RELATIVE,Relative earnings,_Z,Not applicable,_T,Total,_Z,Not applicable,ED_NED,In education or not in education,EMP,Employment,_Z,Not applicable,PT_EARN_WR_ISCED11A_5T8,Percentage of earnings of workers with tertiary educational attainment,OBS,Observed,PT,Part-time,EARNINGS_FIELD,LSO-EARNINGS cyclical data collection on field of study,A3,Triennial,2017,,118.92696,,A,Normal value,,,0,Units,1,One
DATAFLOW,OECD.EDU.IMEP:DSD_EAG_LSO_EA@DF_LSO_EARN_ALL(1.0),Education and earnings (EARNINGS) (full dataset),I,DNK,Denmark,_T,Total,Y25T64,From 25 to 64 years,ISCED11A_5T8,Tertiary education,F05T07,"Science, technology, engineering and mathematics",EARN_RELATIVE,Relative earnings,_Z,Not applicable,_T,Total,_Z,Not applicable,ED_NED,In education or not in education,EMP,Employment,_Z,Not applicable,PT_EARN_WR_ISCED11A_5T8,Percentage of earnings of workers with tertiary educational attainment,OBS,Observed,PT,Part-time,EARNINGS_FIELD,LSO-EARNINGS cyclical data collection on field of study,A3,Triennial,2017,,101.16833,,A,Normal value,,,0,Units,1,One
DATAFLOW,OECD.EDU.IMEP:DSD_EAG_LSO_EA@DF_LSO_EARN_ALL(1.0),Education and earnings (EARNINGS) (full dataset),I,EST,Estonia,_T,Total,Y25T64,From 25 to 64 years,ISCED11A_5T8,Tertiary education,F05T07,"Science, technology, engineering and mathematics",EARN_RELATIVE,Relative earnings,_Z,Not applicable,_T,Total,_Z,Not applicable,ED_NED,In education or not in education,EMP,Employment,_Z,Not applicable,PT_EARN_WR_ISCED11A_5T8,Percentage of earnings of workers with tertiary educational attainment,OBS,Observed,PT,Part-time,EARNINGS_FIELD,LSO-EARNINGS cyclical data collection on field of study,A3,Triennial,2017,,102.24273,,A,Normal value,,,0,Units,1,One
DATAFLOW,OECD.EDU.IMEP:DSD_EAG_LSO_EA@DF_LSO_EARN_ALL(1.0),Education and earnings (EARNINGS) (full dataset),I,DEU,Germany,_T,Total,Y25T64,From 25 to 64 years,ISCED11A_5T8,Tertiary education,F05T07,"Science, technology, engineering and mathematics",EARN_RELATIVE,Relative earnings,_Z,Not applicable,_T,Total,_Z,Not applicable,ED_NED,In education or not in education,EMP,Employment,_Z,Not applicable,PT_EARN_WR_ISCED11A_5T8,Percentage of earnings of workers with tertiary educational attainment,OBS,Observed,PT,Part-time,EARNINGS_FIELD,LSO-EARNINGS cyclical data collection on field of study,A3,Triennial,2017,,110.00471,,A,Normal value,,,0,Units,1,One
DATAFLOW,OECD.EDU.IMEP:DSD_EAG_LSO_EA@DF_LSO_EARN_ALL(1.0),Education and earnings (EARNINGS) (full dataset),I,LVA,Latvia,_T,Total,Y25T64,From 25 to 64 years,ISCED11A_5T8,Tertiary education,F05T07,"Science, technology, engineering and mathematics",EARN_RELATIVE,Relative earnings,_Z,Not applicable,_T,Total,_Z,Not applicable,ED_NED,In education or not in education,EMP,Employment,_Z,Not applicable,PT_EARN_WR_ISCED11A_5T8,Percentage of earnings of workers with tertiary educational attainment,OBS,Observed,PT,Part-time,EARNINGS_FIELD,LSO-EARNINGS cyclical data collection on field of study,A3,Triennial,2017,,79.988174,,A,Normal value,,,0,Units,1,One
DATAFLOW,OECD.EDU.IMEP:DSD_EAG_LSO_EA@DF_LSO_EARN_ALL(1.0),Education and earnings (EARNINGS) (full dataset),I,NOR,Norway,_T,Total,Y25T64,From 25 to 64 years,ISCED11A_5T8,Tertiary education,F05T07,"Science, technology, engineering and mathematics",EARN_RELATIVE,Relative earnings,_Z,Not applicable,_T,Total,_Z,Not applicable,ED_NED,In education or not in education,EMP,Employment,_Z,Not applicable,PT_EARN_WR_ISCED11A_5T8,Percentage of earnings of workers with tertiary educational attainment,OBS,Observed,PT,Part-time,EARNINGS_FIELD,LSO-EARNINGS cyclical data collection on field of study,A3,Triennial,2017,,92.803543,,A,Normal value,,,0,Units,1,One
DATAFLOW,OECD.EDU.IMEP:DSD_EAG_LSO_EA@DF_LSO_EARN_ALL(1.0),Education and earnings (EARNINGS) (full dataset),I,PRT,Portugal,_T,Total,Y25T64,From 25 to 64 years,ISCED11A_5T8,Tertiary education,F05T07,"Science, technology, engineering and mathematics",EARN_RELATIVE,Relative earnings,_Z,Not applicable,_T,Total,_Z,Not applicable,ED_NED,In education or not in education,EMP,Employment,_Z,Not applicable,PT_EARN_WR_ISCED11A_5T8,Percentage of earnings of workers with tertiary educational attainment,OBS,Observed,PT,Part-time,EARNINGS_FIELD,LSO-EARNINGS cyclical data collection on field of study,A3,Triennial,2017,,89.743324,,A,Normal value,,,0,Units,1,One
DATAFLOW,OECD.EDU.IMEP:DSD_EAG_LSO_EA@DF_LSO_EARN_ALL(1.0),Education and earnings (EARNINGS) (full dataset),I,SWE,Sweden,_T,Total,Y25T64,From 25 to 64 years,ISCED11A_5T8,Tertiary education,F05T07,"Science, technology, engineering and mathematics",EARN_RELATIVE,Relative earnings,_Z,Not applicable,_T,Total,_Z,Not applicable,ED_NED,In education or not in education,EMP,Employment,_Z,Not applicable,PT_EARN_WR_ISCED11A_5T8,Percentage of earnings of workers with tertiary educational attainment,OBS,Observed,PT,Part-time,EARNINGS_FIELD,LSO-EARNINGS cyclical data collection on field of study,A3,Triennial,2017,,95.64212,,A,Normal value,,,0,Units,1,One
DATAFLOW,OECD.EDU.IMEP:DSD_EAG_LSO_EA@DF_LSO_EARN_ALL(1.0),Education and earnings (EARNINGS) (full dataset),I,CHE,Switzerland,_T,Total,Y25T64,From 25 to 64 years,ISCED11A_5T8,Tertiary education,F05T07,"Science, technology, engineering and mathematics",EARN_RELATIVE,Relative earnings,_Z,Not applicable,_T,Total,_Z,Not applicable,ED_NED,In education or not in education,EMP,Employment,_Z,Not applicable,PT_EARN_WR_ISCED11A_5T8,Percentage of earnings of workers with tertiary educational attainment,OBS,Observed,PT,Part-time,EARNINGS_FIELD,LSO-EARNINGS cyclical data collection on field of study,A3,Triennial,2017,,114.23642,,A,Normal value,,,0,Units,1,One
DATAFLOW,OECD.EDU.IMEP:DSD_EAG_LSO_EA@DF_LSO_EARN_ALL(1.0),Education and earnings (EARNINGS) (full dataset),I,GBR,United Kingdom,_T,Total,Y25T64,From 25 to 64 years,ISCED11A_5T8,Tertiary education,F05T07,"Science, technology, engineering and mathematics",EARN_RELATIVE,Relative earnings,_Z,Not applicable,_T,Total,_Z,Not applicable,ED_NED,In education or not in education,EMP,Employment,_Z,Not applicable,PT_EARN_WR_ISCED11A_5T8,Percentage of earnings of workers with tertiary educational attainment,OBS,Observed,PT,Part-time,EARNINGS_FIELD,LSO-EARNINGS cyclical data collection on field of study,A3,Triennial,2017,,83.166039,,A,Normal value,,,0,Units,1,One
DATAFLOW,OECD.EDU.IMEP:DSD_EAG_LSO_EA@DF_LSO_EARN_ALL(1.0),Education and earnings (EARNINGS) (full dataset),I,USA,United States,_T,Total,Y25T64,From 25 to 64 years,ISCED11A_5T8,Tertiary education,F05T07,"Science, technology, engineering and mathematics",EARN_RELATIVE,Relative earnings,_Z,Not applicable,_T,Total,_Z,Not applicable,ED_NED,In education or not in education,EMP,Employment,_Z,Not applicable,PT_EARN_WR_ISCED11A_5T8,Percentage of earnings of workers with tertiary educational attainment,OBS,Observed,PT,Part-time,EARNINGS_FIELD,LSO-EARNINGS cyclical data collection on field of study,A3,Triennial,2017,,129.04335,,A,Normal value,,,0,Units,1,One
DATAFLOW,OECD.EDU.IMEP:DSD_EAG_LSO_EA@DF_LSO_EARN_ALL(1.0),Education and earnings (EARNINGS) (full dataset),I,AUT,Austria,_T,Total,Y25T64,From 25 to 64 years,ISCED11A_5T8,Tertiary education,F05T07,"Science, technology, engineering and mathematics",EARN_RELATIVE,Relative earnings,_Z,Not applicable,_T,Total,_Z,Not applicable,ED_NED,In education or not in education,EMP,Employment,_Z,Not applicable,PT_EARN_WR_ISCED11A_5T8,Percentage of earnings of workers with tertiary educational attainment,OBS,Observed,FT,Full-time,EARNINGS_FIELD,LSO-EARNINGS cyclical data collection on field of study,A3,Triennial,2017,,101.38992,,A,Normal value,,,0,Units,1,One
DATAFLOW,OECD.EDU.IMEP:DSD_EAG_LSO_EA@DF_LSO_EARN_ALL(1.0),Education and earnings (EARNINGS) (full dataset),I,CHL,Chile,_T,Total,Y25T64,From 25 to 64 years,ISCED11A_5T8,Tertiary education,F05T07,"Science, technology, engineering and mathematics",EARN_RELATIVE,Relative earnings,_Z,Not applicable,_T,Total,_Z,Not applicable,ED_NED,In education or not in education,EMP,Employment,_Z,Not applicable,PT_EARN_WR_ISCED11A_5T8,Percentage of earnings of workers with tertiary educational attainment,OBS,Observed,FT,Full-time,EARNINGS_FIELD,LSO-EARNINGS cyclical data collection on field of study,A3,Triennial,2017,,117.79903,,A,Normal value,,,0,Units,1,One
DATAFLOW,OECD.EDU.IMEP:DSD_EAG_LSO_EA@DF_LSO_EARN_ALL(1.0),Education and earnings (EARNINGS) (full dataset),I,CRI,Costa Rica,_T,Total,Y25T64,From 25 to 64 years,ISCED11A_5T8,Tertiary education,F05T07,"Science, technology, engineering and mathematics",EARN_RELATIVE,Relative earnings,_Z,Not applicable,_T,Total,_Z,Not applicable,ED_NED,In education or not in education,EMP,Employment,_Z,Not applicable,PT_EARN_WR_ISCED11A_5T8,Percentage of earnings of workers with tertiary educational attainment,OBS,Observed,FT,Full-time,EARNINGS_FIELD,LSO-EARNINGS cyclical data collection on field of study,A3,Triennial,2017,,104.98263,,A,Normal value,,,0,Units,1,One
DATAFLOW,OECD.EDU.IMEP:DSD_EAG_LSO_EA@DF_LSO_EARN_ALL(1.0),Education and earnings (EARNINGS) (full dataset),I,DNK,Denmark,_T,Total,Y25T64,From 25 to 64 years,ISCED11A_5T8,Tertiary education,F05T07,"Science, technology, engineering and mathematics",EARN_RELATIVE,Relative earnings,_Z,Not applicable,_T,Total,_Z,Not applicable,ED_NED,In education or not in education,EMP,Employment,_Z,Not applicable,PT_EARN_WR_ISCED11A_5T8,Percentage of earnings of workers with tertiary educational attainment,OBS,Observed,FT,Full-time,EARNINGS_FIELD,LSO-EARNINGS cyclical data collection on field of study,A3,Triennial,2017,,109.61609,,A,Normal value,,,0,Units,1,One
DATAFLOW,OECD.EDU.IMEP:DSD_EAG_LSO_EA@DF_LSO_EARN_ALL(1.0),Education and earnings (EARNINGS) (full dataset),I,EST,Estonia,_T,Total,Y25T64,From 25 to 64 years,ISCED11A_5T8,Tertiary education,F05T07,"Science, technology, engineering and mathematics",EARN_RELATIVE,Relative earnings,_Z,Not applicable,_T,Total,_Z,Not applicable,ED_NED,In education or not in education,EMP,Employment,_Z,Not applicable,PT_EARN_WR_ISCED11A_5T8,Percentage of earnings of workers with tertiary educational attainment,OBS,Observed,FT,Full-time,EARNINGS_FIELD,LSO-EARNINGS cyclical data collection on field of study,A3,Triennial,2017,,105.9584,,A,Normal value,,,0,Units,1,One
DATAFLOW,OECD.EDU.IMEP:DSD_EAG_LSO_EA@DF_LSO_EARN_ALL(1.0),Education and earnings (EARNINGS) (full dataset),I,DEU,Germany,_T,Total,Y25T64,From 25 to 64 years,ISCED11A_5T8,Tertiary education,F05T07,"Science, technology, engineering and mathematics",EARN_RELATIVE,Relative earnings,_Z,Not applicable,_T,Total,_Z,Not applicable,ED_NED,In education or not in education,EMP,Employment,_Z,Not applicable,PT_EARN_WR_ISCED11A_5T8,Percentage of earnings of workers with tertiary educational attainment,OBS,Observed,FT,Full-time,EARNINGS_FIELD,LSO-EARNINGS cyclical data collection on field of study,A3,Triennial,2017,,103.59639,,A,Normal value,,,0,Units,1,One
DATAFLOW,OECD.EDU.IMEP:DSD_EAG_LSO_EA@DF_LSO_EARN_ALL(1.0),Education and earnings (EARNINGS) (full dataset),I,LVA,Latvia,_T,Total,Y25T64,From 25 to 64 years,ISCED11A_5T8,Tertiary education,F05T07,"Science, technology, engineering and mathematics",EARN_RELATIVE,Relative earnings,_Z,Not applicable,_T,Total,_Z,Not applicable,ED_NED,In education or not in education,EMP,Employment,_Z,Not applicable,PT_EARN_WR_ISCED11A_5T8,Percentage of earnings of workers with tertiary educational attainment,OBS,Observed,FT,Full-time,EARNINGS_FIELD,LSO-EARNINGS cyclical data collection on field of study,A3,Triennial,2017,,107.92957,,A,Normal value,,,0,Units,1,One
DATAFLOW,OECD.EDU.IMEP:DSD_EAG_LSO_EA@DF_LSO_EARN_ALL(1.0),Education and earnings (EARNINGS) (full dataset),I,NOR,Norway,_T,Total,Y25T64,From 25 to 64 years,ISCED11A_5T8,Tertiary education,F05T07,"Science, technology, engineering and mathematics",EARN_RELATIVE,Relative earnings,_Z,Not applicable,_T,Total,_Z,Not applicable,ED_NED,In education or not in education,EMP,Employment,_Z,Not applicable,PT_EARN_WR_ISCED11A_5T8,Percentage of earnings of workers with tertiary educational attainment,OBS,Observed,FT,Full-time,EARNINGS_FIELD,LSO-EARNINGS cyclical data collection on field of study,A3,Triennial,2017,,115.09417,,A,Normal value,,,0,Units,1,One
DATAFLOW,OECD.EDU.IMEP:DSD_EAG_LSO_EA@DF_LSO_EARN_ALL(1.0),Education and earnings (EARNINGS) (full dataset),I,PRT,Portugal,_T,Total,Y25T64,From 25 to 64 years,ISCED11A_5T8,Tertiary education,F05T07,"Science, technology, engineering and mathematics",EARN_RELATIVE,Relative earnings,_Z,Not applicable,_T,Total,_Z,Not applicable,ED_NED,In education or not in education,EMP,Employment,_Z,Not applicable,PT_EARN_WR_ISCED11A_5T8,Percentage of earnings of workers with tertiary educational attainment,OBS,Observed,FT,Full-time,EARNINGS_FIELD,LSO-EARNINGS cyclical data collection on field of study,A3,Triennial,2017,,108.401,,A,Normal value,,,0,Units,1,One
DATAFLOW,OECD.EDU.IMEP:DSD_EAG_LSO_EA@DF_LSO_EARN_ALL(1.0),Education and earnings (EARNINGS) (full dataset),I,SWE,Sweden,_T,Total,Y25T64,From 25 to 64 years,ISCED11A_5T8,Tertiary education,F05T07,"Science, technology, engineering and mathematics",EARN_RELATIVE,Relative earnings,_Z,Not applicable,_T,Total,_Z,Not applicable,ED_NED,In education or not in education,EMP,Employment,_Z,Not applicable,PT_EARN_WR_ISCED11A_5T8,Percentage of earnings of workers with tertiary educational attainment,OBS,Observed,FT,Full-time,EARNINGS_FIELD,LSO-EARNINGS cyclical data collection on field of study,A3,Triennial,2017,,110.61575,,A,Normal value,,,0,Units,1,One
DATAFLOW,OECD.EDU.IMEP:DSD_EAG_LSO_EA@DF_LSO_EARN_ALL(1.0),Education and earnings (EARNINGS) (full dataset),I,CHE,Switzerland,_T,Total,Y25T64,From 25 to 64 years,ISCED11A_5T8,Tertiary education,F05T07,"Science, technology, engineering and mathematics",EARN_RELATIVE,Relative earnings,_Z,Not applicable,_T,Total,_Z,Not applicable,ED_NED,In education or not in education,EMP,Employment,_Z,Not applicable,PT_EARN_WR_ISCED11A_5T8,Percentage of earnings of workers with tertiary educational attainment,OBS,Observed,FT,Full-time,EARNINGS_FIELD,LSO-EARNINGS cyclical data collection on field of study,A3,Triennial,2017,,98.39473,,A,Normal value,,,0,Units,1,One
DATAFLOW,OECD.EDU.IMEP:DSD_EAG_LSO_EA@DF_LSO_EARN_ALL(1.0),Education and earnings (EARNINGS) (full dataset),I,GBR,United Kingdom,_T,Total,Y25T64,From 25 to 64 years,ISCED11A_5T8,Tertiary education,F05T07,"Science, technology, engineering and mathematics",EARN_RELATIVE,Relative earnings,_Z,Not applicable,_T,Total,_Z,Not applicable,ED_NED,In education or not in education,EMP,Employment,_Z,Not applicable,PT_EARN_WR_ISCED11A_5T8,Percentage of earnings of workers with tertiary educational attainment,OBS,Observed,FT,Full-time,EARNINGS_FIELD,LSO-EARNINGS cyclical data collection on field of study,A3,Triennial,2017,,116.87697,,A,Normal value,,,0,Units,1,One
DATAFLOW,OECD.EDU.IMEP:DSD_EAG_LSO_EA@DF_LSO_EARN_ALL(1.0),Education and earnings (EARNINGS) (full dataset),I,USA,United States,_T,Total,Y25T64,From 25 to 64 years,ISCED11A_5T8,Tertiary education,F05T07,"Science, technology, engineering and mathematics",EARN_RELATIVE,Relative earnings,_Z,Not applicable,_T,Total,_Z,Not applicable,ED_NED,In education or not in education,EMP,Employment,_Z,Not applicable,PT_EARN_WR_ISCED11A_5T8,Percentage of earnings of workers with tertiary educational attainment,OBS,Observed,FT,Full-time,EARNINGS_FIELD,LSO-EARNINGS cyclical data collection on field of study,A3,Triennial,2017,,120.7511,,A,Normal value,,,0,Units,1,One
DATAFLOW,OECD.EDU.IMEP:DSD_EAG_LSO_EA@DF_LSO_EARN_ALL(1.0),Education and earnings (EARNINGS) (full dataset),I,AUT,Austria,_T,Total,Y25T64,From 25 to 64 years,ISCED11A_5T8,Tertiary education,F05T07,"Science, technology, engineering and mathematics",EARN_RELATIVE,Relative earnings,_Z,Not applicable,_T,Total,_Z,Not applicable,ED_NED,In education or not in education,EMP,Employment,_Z,Not applicable,PT_EARN_WR_ISCED11A_5T8,Percentage of earnings of workers with tertiary educational attainment,OBS,Observed,_T,Total,EARNINGS_FIELD,LSO-EARNINGS cyclical data collection on field of study,A3,Triennial,2017,,114.36657,,A,Normal value,,,0,Units,1,One
DATAFLOW,OECD.EDU.IMEP:DSD_EAG_LSO_EA@DF_LSO_EARN_ALL(1.0),Education and earnings (EARNINGS) (full dataset),I,CHL,Chile,_T,Total,Y25T64,From 25 to 64 years,ISCED11A_5T8,Tertiary education,F05T07,"Science, technology, engineering and mathematics",EARN_RELATIVE,Relative earnings,_Z,Not applicable,_T,Total,_Z,Not applicable,ED_NED,In education or not in education,EMP,Employment,_Z,Not applicable,PT_EARN_WR_ISCED11A_5T8,Percentage of earnings of workers with tertiary educational attainment,OBS,Observed,_T,Total,EARNINGS_FIELD,LSO-EARNINGS cyclical data collection on field of study,A3,Triennial,2017,,119.2025,,A,Normal value,,,0,Units,1,One
DATAFLOW,OECD.EDU.IMEP:DSD_EAG_LSO_EA@DF_LSO_EARN_ALL(1.0),Education and earnings (EARNINGS) (full dataset),I,CRI,Costa Rica,_T,Total,Y25T64,From 25 to 64 years,ISCED11A_5T8,Tertiary education,F05T07,"Science, technology, engineering and mathematics",EARN_RELATIVE,Relative earnings,_Z,Not applicable,_T,Total,_Z,Not applicable,ED_NED,In education or not in education,EMP,Employment,_Z,Not applicable,PT_EARN_WR_ISCED11A_5T8,Percentage of earnings of workers with tertiary educational attainment,OBS,Observed,_T,Total,EARNINGS_FIELD,LSO-EARNINGS cyclical data collection on field of study,A3,Triennial,2017,,105.87163,,A,Normal value,,,0,Units,1,One
DATAFLOW,OECD.EDU.IMEP:DSD_EAG_LSO_EA@DF_LSO_EARN_ALL(1.0),Education and earnings (EARNINGS) (full dataset),I,DNK,Denmark,_T,Total,Y25T64,From 25 to 64 years,ISCED11A_5T8,Tertiary education,F05T07,"Science, technology, engineering and mathematics",EARN_RELATIVE,Relative earnings,_Z,Not applicable,_T,Total,_Z,Not applicable,ED_NED,In education or not in education,EMP,Employment,_Z,Not applicable,PT_EARN_WR_ISCED11A_5T8,Percentage of earnings of workers with tertiary educational attainment,OBS,Observed,_T,Total,EARNINGS_FIELD,LSO-EARNINGS cyclical data collection on field of study,A3,Triennial,2017,,114.22431,,A,Normal value,,,0,Units,1,One
DATAFLOW,OECD.EDU.IMEP:DSD_EAG_LSO_EA@DF_LSO_EARN_ALL(1.0),Education and earnings (EARNINGS) (full dataset),I,EST,Estonia,_T,Total,Y25T64,From 25 to 64 years,ISCED11A_5T8,Tertiary education,F05T07,"Science, technology, engineering and mathematics",EARN_RELATIVE,Relative earnings,_Z,Not applicable,_T,Total,_Z,Not applicable,ED_NED,In education or not in education,EMP,Employment,_Z,Not applicable,PT_EARN_WR_ISCED11A_5T8,Percentage of earnings of workers with tertiary educational attainment,OBS,Observed,_T,Total,EARNINGS_FIELD,LSO-EARNINGS cyclical data collection on field of study,A3,Triennial,2017,,106.96207,,A,Normal value,,,0,Units,1,One
DATAFLOW,OECD.EDU.IMEP:DSD_EAG_LSO_EA@DF_LSO_EARN_ALL(1.0),Education and earnings (EARNINGS) (full dataset),I,DEU,Germany,_T,Total,Y25T64,From 25 to 64 years,ISCED11A_5T8,Tertiary education,F05T07,"Science, technology, engineering and mathematics",EARN_RELATIVE,Relative earnings,_Z,Not applicable,_T,Total,_Z,Not applicable,ED_NED,In education or not in education,EMP,Employment,_Z,Not applicable,PT_EARN_WR_ISCED11A_5T8,Percentage of earnings of workers with tertiary educational attainment,OBS,Observed,_T,Total,EARNINGS_FIELD,LSO-EARNINGS cyclical data collection on field of study,A3,Triennial,2017,,109.92971,,A,Normal value,,,0,Units,1,One
DATAFLOW,OECD.EDU.IMEP:DSD_EAG_LSO_EA@DF_LSO_EARN_ALL(1.0),Education and earnings (EARNINGS) (full dataset),I,LVA,Latvia,_T,Total,Y25T64,From 25 to 64 years,ISCED11A_5T8,Tertiary education,F05T07,"Science, technology, engineering and mathematics",EARN_RELATIVE,Relative earnings,_Z,Not applicable,_T,Total,_Z,Not applicable,ED_NED,In education or not in education,EMP,Employment,_Z,Not applicable,PT_EARN_WR_ISCED11A_5T8,Percentage of earnings of workers with tertiary educational attainment,OBS,Observed,_T,Total,EARNINGS_FIELD,LSO-EARNINGS cyclical data collection on field of study,A3,Triennial,2017,,107.52444,,A,Normal value,,,0,Units,1,One
DATAFLOW,OECD.EDU.IMEP:DSD_EAG_LSO_EA@DF_LSO_EARN_ALL(1.0),Education and earnings (EARNINGS) (full dataset),I,NOR,Norway,_T,Total,Y25T64,From 25 to 64 years,ISCED11A_5T8,Tertiary education,F05T07,"Science, technology, engineering and mathematics",EARN_RELATIVE,Relative earnings,_Z,Not applicable,_T,Total,_Z,Not applicable,ED_NED,In education or not in education,EMP,Employment,_Z,Not applicable,PT_EARN_WR_ISCED11A_5T8,Percentage of earnings of workers with tertiary educational attainment,OBS,Observed,_T,Total,EARNINGS_FIELD,LSO-EARNINGS cyclical data collection on field of study,A3,Triennial,2017,,117.92245,,A,Normal value,,,0,Units,1,One
DATAFLOW,OECD.EDU.IMEP:DSD_EAG_LSO_EA@DF_LSO_EARN_ALL(1.0),Education and earnings (EARNINGS) (full dataset),I,PRT,Portugal,_T,Total,Y25T64,From 25 to 64 years,ISCED11A_5T8,Tertiary education,F05T07,"Science, technology, engineering and mathematics",EARN_RELATIVE,Relative earnings,_Z,Not applicable,_T,Total,_Z,Not applicable,ED_NED,In education or not in education,EMP,Employment,_Z,Not applicable,PT_EARN_WR_ISCED11A_5T8,Percentage of earnings of workers with tertiary educational attainment,OBS,Observed,_T,Total,EARNINGS_FIELD,LSO-EARNINGS cyclical data collection on field of study,A3,Triennial,2017,,108.29199,,A,Normal value,,,0,Units,1,One
DATAFLOW,OECD.EDU.IMEP:DSD_EAG_LSO_EA@DF_LSO_EARN_ALL(1.0),Education and earnings (EARNINGS) (full dataset),I,SWE,Sweden,_T,Total,Y25T64,From 25 to 64 years,ISCED11A_5T8,Tertiary education,F05T07,"Science, technology, engineering and mathematics",EARN_RELATIVE,Relative earnings,_Z,Not applicable,_T,Total,_Z,Not applicable,ED_NED,In education or not in education,EMP,Employment,_Z,Not applicable,PT_EARN_WR_ISCED11A_5T8,Percentage of earnings of workers with tertiary educational attainment,OBS,Observed,_T,Total,EARNINGS_FIELD,LSO-EARNINGS cyclical data collection on field of study,A3,Triennial,2017,,114.91262,,A,Normal value,,,0,Units,1,One
DATAFLOW,OECD.EDU.IMEP:DSD_EAG_LSO_EA@DF_LSO_EARN_ALL(1.0),Education and earnings (EARNINGS) (full dataset),I,CHE,Switzerland,_T,Total,Y25T64,From 25 to 64 years,ISCED11A_5T8,Tertiary education,F05T07,"Science, technology, engineering and mathematics",EARN_RELATIVE,Relative earnings,_Z,Not applicable,_T,Total,_Z,Not applicable,ED_NED,In education or not in education,EMP,Employment,_Z,Not applicable,PT_EARN_WR_ISCED11A_5T8,Percentage of earnings of workers with tertiary educational attainment,OBS,Observed,_T,Total,EARNINGS_FIELD,LSO-EARNINGS cyclical data collection on field of study,A3,Triennial,2017,,109.11914,,A,Normal value,,,0,Units,1,One
DATAFLOW,OECD.EDU.IMEP:DSD_EAG_LSO_EA@DF_LSO_EARN_ALL(1.0),Education and earnings (EARNINGS) (full dataset),I,GBR,United Kingdom,_T,Total,Y25T64,From 25 to 64 years,ISCED11A_5T8,Tertiary education,F05T07,"Science, technology, engineering and mathematics",EARN_RELATIVE,Relative earnings,_Z,Not applicable,_T,Total,_Z,Not applicable,ED_NED,In education or not in education,EMP,Employment,_Z,Not applicable,PT_EARN_WR_ISCED11A_5T8,Percentage of earnings of workers with tertiary educational attainment,OBS,Observed,_T,Total,EARNINGS_FIELD,LSO-EARNINGS cyclical data collection on field of study,A3,Triennial,2017,,126.60622,,A,Normal value,,,0,Units,1,One
DATAFLOW,OECD.EDU.IMEP:DSD_EAG_LSO_EA@DF_LSO_EARN_ALL(1.0),Education and earnings (EARNINGS) (full dataset),I,USA,United States,_T,Total,Y25T64,From 25 to 64 years,ISCED11A_5T8,Tertiary education,F05T07,"Science, technology, engineering and mathematics",EARN_RELATIVE,Relative earnings,_Z,Not applicable,_T,Total,_Z,Not applicable,ED_NED,In education or not in education,EMP,Employment,_Z,Not applicable,PT_EARN_WR_ISCED11A_5T8,Percentage of earnings of workers with tertiary educational attainment,OBS,Observed,_T,Total,EARNINGS_FIELD,LSO-EARNINGS cyclical data collection on field of study,A3,Triennial,2017,,123.30868,,A,Normal value,,,0,Units,1,One
DATAFLOW,OECD.EDU.IMEP:DSD_EAG_LSO_EA@DF_LSO_EARN_ALL(1.0),Education and earnings (EARNINGS) (full dataset),I,AUT,Austria,_T,Total,Y55T64,From 55 to 64 years,ISCED11A_5T8,Tertiary education,F05T07,"Science, technology, engineering and mathematics",EARN_RELATIVE,Relative earnings,_Z,Not applicable,_T,Total,_Z,Not applicable,ED_NED,In education or not in education,EMP,Employment,_Z,Not applicable,PT_EARN_WR_ISCED11A_5T8,Percentage of earnings of workers with tertiary educational attainment,OBS,Observed,PT,Part-time,EARNINGS_FIELD,LSO-EARNINGS cyclical data collection on field of study,A3,Triennial,2020,,89.220459,,A,Normal value,,,0,Units,1,One
DATAFLOW,OECD.EDU.IMEP:DSD_EAG_LSO_EA@DF_LSO_EARN_ALL(1.0),Education and earnings (EARNINGS) (full dataset),I,CAN,Canada,_T,Total,Y55T64,From 55 to 64 years,ISCED11A_5T8,Tertiary education,F05T07,"Science, technology, engineering and mathematics",EARN_RELATIVE,Relative earnings,_Z,Not applicable,_T,Total,_Z,Not applicable,ED_NED,In education or not in education,EMP,Employment,_Z,Not applicable,PT_EARN_WR_ISCED11A_5T8,Percentage of earnings of workers with tertiary educational attainment,OBS,Observed,PT,Part-time,EARNINGS_FIELD,LSO-EARNINGS cyclical data collection on field of study,A3,Triennial,2020,,105.4300842285156,,A,Normal value,,,0,Units,1,One
DATAFLOW,OECD.EDU.IMEP:DSD_EAG_LSO_EA@DF_LSO_EARN_ALL(1.0),Education and earnings (EARNINGS) (full dataset),I,DNK,Denmark,_T,Total,Y55T64,From 55 to 64 years,ISCED11A_5T8,Tertiary education,F05T07,"Science, technology, engineering and mathematics",EARN_RELATIVE,Relative earnings,_Z,Not applicable,_T,Total,_Z,Not applicable,ED_NED,In education or not in education,EMP,Employment,_Z,Not applicable,PT_EARN_WR_ISCED11A_5T8,Percentage of earnings of workers with tertiary educational attainment,OBS,Observed,PT,Part-time,EARNINGS_FIELD,LSO-EARNINGS cyclical data collection on field of study,A3,Triennial,2020,,103.8231,,A,Normal value,,,0,Units,1,One
DATAFLOW,OECD.EDU.IMEP:DSD_EAG_LSO_EA@DF_LSO_EARN_ALL(1.0),Education and earnings (EARNINGS) (full dataset),I,EST,Estonia,_T,Total,Y55T64,From 55 to 64 years,ISCED11A_5T8,Tertiary education,F05T07,"Science, technology, engineering and mathematics",EARN_RELATIVE,Relative earnings,_Z,Not applicable,_T,Total,_Z,Not applicable,ED_NED,In education or not in education,EMP,Employment,_Z,Not applicable,PT_EARN_WR_ISCED11A_5T8,Percentage of earnings of workers with tertiary educational attainment,OBS,Observed,PT,Part-time,EARNINGS_FIELD,LSO-EARNINGS cyclical data collection on field of study,A3,Triennial,2020,,95.635864,,A,Normal value,,,0,Units,1,One
DATAFLOW,OECD.EDU.IMEP:DSD_EAG_LSO_EA@DF_LSO_EARN_ALL(1.0),Education and earnings (EARNINGS) (full dataset),I,DEU,Germany,_T,Total,Y55T64,From 55 to 64 years,ISCED11A_5T8,Tertiary education,F05T07,"Science, technology, engineering and mathematics",EARN_RELATIVE,Relative earnings,_Z,Not applicable,_T,Total,_Z,Not applicable,ED_NED,In education or not in education,EMP,Employment,_Z,Not applicable,PT_EARN_WR_ISCED11A_5T8,Percentage of earnings of workers with tertiary educational attainment,OBS,Observed,PT,Part-time,EARNINGS_FIELD,LSO-EARNINGS cyclical data collection on field of study,A3,Triennial,2020,,127.98036,,A,Normal value,,,0,Units,1,One
DATAFLOW,OECD.EDU.IMEP:DSD_EAG_LSO_EA@DF_LSO_EARN_ALL(1.0),Education and earnings (EARNINGS) (full dataset),I,NOR,Norway,_T,Total,Y55T64,From 55 to 64 years,ISCED11A_5T8,Tertiary education,F05T07,"Science, technology, engineering and mathematics",EARN_RELATIVE,Relative earnings,_Z,Not applicable,_T,Total,_Z,Not applicable,ED_NED,In education or not in education,EMP,Employment,_Z,Not applicable,PT_EARN_WR_ISCED11A_5T8,Percentage of earnings of workers with tertiary educational attainment,OBS,Observed,PT,Part-time,EARNINGS_FIELD,LSO-EARNINGS cyclical data collection on field of study,A3,Triennial,2020,,101.85679,,A,Normal value,,,0,Units,1,One
DATAFLOW,OECD.EDU.IMEP:DSD_EAG_LSO_EA@DF_LSO_EARN_ALL(1.0),Education and earnings (EARNINGS) (full dataset),I,PRT,Portugal,_T,Total,Y55T64,From 55 to 64 years,ISCED11A_5T8,Tertiary education,F05T07,"Science, technology, engineering and mathematics",EARN_RELATIVE,Relative earnings,_Z,Not applicable,_T,Total,_Z,Not applicable,ED_NED,In education or not in education,EMP,Employment,_Z,Not applicable,PT_EARN_WR_ISCED11A_5T8,Percentage of earnings of workers with tertiary educational attainment,OBS,Observed,PT,Part-time,EARNINGS_FIELD,LSO-EARNINGS cyclical data collection on field of study,A3,Triennial,2020,,66.745071,,A,Normal value,,,0,Units,1,One
DATAFLOW,OECD.EDU.IMEP:DSD_EAG_LSO_EA@DF_LSO_EARN_ALL(1.0),Education and earnings (EARNINGS) (full dataset),I,SWE,Sweden,_T,Total,Y55T64,From 55 to 64 years,ISCED11A_5T8,Tertiary education,F05T07,"Science, technology, engineering and mathematics",EARN_RELATIVE,Relative earnings,_Z,Not applicable,_T,Total,_Z,Not applicable,ED_NED,In education or not in education,EMP,Employment,_Z,Not applicable,PT_EARN_WR_ISCED11A_5T8,Percentage of earnings of workers with tertiary educational attainment,OBS,Observed,PT,Part-time,EARNINGS_FIELD,LSO-EARNINGS cyclical data collection on field of study,A3,Triennial,2020,,103.22221,,A,Normal value,,,0,Units,1,One
DATAFLOW,OECD.EDU.IMEP:DSD_EAG_LSO_EA@DF_LSO_EARN_ALL(1.0),Education and earnings (EARNINGS) (full dataset),I,CHE,Switzerland,_T,Total,Y55T64,From 55 to 64 years,ISCED11A_5T8,Tertiary education,F05T07,"Science, technology, engineering and mathematics",EARN_RELATIVE,Relative earnings,_Z,Not applicable,_T,Total,_Z,Not applicable,ED_NED,In education or not in education,EMP,Employment,_Z,Not applicable,PT_EARN_WR_ISCED11A_5T8,Percentage of earnings of workers with tertiary educational attainment,OBS,Observed,PT,Part-time,EARNINGS_FIELD,LSO-EARNINGS cyclical data collection on field of study,A3,Triennial,2020,,117.78075,,A,Normal value,,,0,Units,1,One
DATAFLOW,OECD.EDU.IMEP:DSD_EAG_LSO_EA@DF_LSO_EARN_ALL(1.0),Education and earnings (EARNINGS) (full dataset),I,GBR,United Kingdom,_T,Total,Y55T64,From 55 to 64 years,ISCED11A_5T8,Tertiary education,F05T07,"Science, technology, engineering and mathematics",EARN_RELATIVE,Relative earnings,_Z,Not applicable,_T,Total,_Z,Not applicable,ED_NED,In education or not in education,EMP,Employment,_Z,Not applicable,PT_EARN_WR_ISCED11A_5T8,Percentage of earnings of workers with tertiary educational attainment,OBS,Observed,PT,Part-time,EARNINGS_FIELD,LSO-EARNINGS cyclical data collection on field of study,A3,Triennial,2020,,116.92313,,A,Normal value,,,0,Units,1,One
DATAFLOW,OECD.EDU.IMEP:DSD_EAG_LSO_EA@DF_LSO_EARN_ALL(1.0),Education and earnings (EARNINGS) (full dataset),I,AUT,Austria,_T,Total,Y55T64,From 55 to 64 years,ISCED11A_5T8,Tertiary education,F05T07,"Science, technology, engineering and mathematics",EARN_RELATIVE,Relative earnings,_Z,Not applicable,_T,Total,_Z,Not applicable,ED_NED,In education or not in education,EMP,Employment,_Z,Not applicable,PT_EARN_WR_ISCED11A_5T8,Percentage of earnings of workers with tertiary educational attainment,OBS,Observed,FT,Full-time,EARNINGS_FIELD,LSO-EARNINGS cyclical data collection on field of study,A3,Triennial,2020,,96.057007,,A,Normal value,,,0,Units,1,One
DATAFLOW,OECD.EDU.IMEP:DSD_EAG_LSO_EA@DF_LSO_EARN_ALL(1.0),Education and earnings (EARNINGS) (full dataset),I,CAN,Canada,_T,Total,Y55T64,From 55 to 64 years,ISCED11A_5T8,Tertiary education,F05T07,"Science, technology, engineering and mathematics",EARN_RELATIVE,Relative earnings,_Z,Not applicable,_T,Total,_Z,Not applicable,ED_NED,In education or not in education,EMP,Employment,_Z,Not applicable,PT_EARN_WR_ISCED11A_5T8,Percentage of earnings of workers with tertiary educational attainment,OBS,Observed,FT,Full-time,EARNINGS_FIELD,LSO-EARNINGS cyclical data collection on field of study,A3,Triennial,2020,,106.0932388305664,,A,Normal value,,,0,Units,1,One
DATAFLOW,OECD.EDU.IMEP:DSD_EAG_LSO_EA@DF_LSO_EARN_ALL(1.0),Education and earnings (EARNINGS) (full dataset),I,DNK,Denmark,_T,Total,Y55T64,From 55 to 64 years,ISCED11A_5T8,Tertiary education,F05T07,"Science, technology, engineering and mathematics",EARN_RELATIVE,Relative earnings,_Z,Not applicable,_T,Total,_Z,Not applicable,ED_NED,In education or not in education,EMP,Employment,_Z,Not applicable,PT_EARN_WR_ISCED11A_5T8,Percentage of earnings of workers with tertiary educational attainment,OBS,Observed,FT,Full-time,EARNINGS_FIELD,LSO-EARNINGS cyclical data collection on field of study,A3,Triennial,2020,,109.69224,,A,Normal value,,,0,Units,1,One
DATAFLOW,OECD.EDU.IMEP:DSD_EAG_LSO_EA@DF_LSO_EARN_ALL(1.0),Education and earnings (EARNINGS) (full dataset),I,EST,Estonia,_T,Total,Y55T64,From 55 to 64 years,ISCED11A_5T8,Tertiary education,F05T07,"Science, technology, engineering and mathematics",EARN_RELATIVE,Relative earnings,_Z,Not applicable,_T,Total,_Z,Not applicable,ED_NED,In education or not in education,EMP,Employment,_Z,Not applicable,PT_EARN_WR_ISCED11A_5T8,Percentage of earnings of workers with tertiary educational attainment,OBS,Observed,FT,Full-time,EARNINGS_FIELD,LSO-EARNINGS cyclical data collection on field of study,A3,Triennial,2020,,101.49931,,A,Normal value,,,0,Units,1,One
DATAFLOW,OECD.EDU.IMEP:DSD_EAG_LSO_EA@DF_LSO_EARN_ALL(1.0),Education and earnings (EARNINGS) (full dataset),I,DEU,Germany,_T,Total,Y55T64,From 55 to 64 years,ISCED11A_5T8,Tertiary education,F05T07,"Science, technology, engineering and mathematics",EARN_RELATIVE,Relative earnings,_Z,Not applicable,_T,Total,_Z,Not applicable,ED_NED,In education or not in education,EMP,Employment,_Z,Not applicable,PT_EARN_WR_ISCED11A_5T8,Percentage of earnings of workers with tertiary educational attainment,OBS,Observed,FT,Full-time,EARNINGS_FIELD,LSO-EARNINGS cyclical data collection on field of study,A3,Triennial,2020,,121.23394,,A,Normal value,,,0,Units,1,One
DATAFLOW,OECD.EDU.IMEP:DSD_EAG_LSO_EA@DF_LSO_EARN_ALL(1.0),Education and earnings (EARNINGS) (full dataset),I,LVA,Latvia,_T,Total,Y55T64,From 55 to 64 years,ISCED11A_5T8,Tertiary education,F05T07,"Science, technology, engineering and mathematics",EARN_RELATIVE,Relative earnings,_Z,Not applicable,_T,Total,_Z,Not applicable,ED_NED,In education or not in education,EMP,Employment,_Z,Not applicable,PT_EARN_WR_ISCED11A_5T8,Percentage of earnings of workers with tertiary educational attainment,OBS,Observed,FT,Full-time,EARNINGS_FIELD,LSO-EARNINGS cyclical data collection on field of study,A3,Triennial,2020,,106.36689,,A,Normal value,,,0,Units,1,One
DATAFLOW,OECD.EDU.IMEP:DSD_EAG_LSO_EA@DF_LSO_EARN_ALL(1.0),Education and earnings (EARNINGS) (full dataset),I,NOR,Norway,_T,Total,Y55T64,From 55 to 64 years,ISCED11A_5T8,Tertiary education,F05T07,"Science, technology, engineering and mathematics",EARN_RELATIVE,Relative earnings,_Z,Not applicable,_T,Total,_Z,Not applicable,ED_NED,In education or not in education,EMP,Employment,_Z,Not applicable,PT_EARN_WR_ISCED11A_5T8,Percentage of earnings of workers with tertiary educational attainment,OBS,Observed,FT,Full-time,EARNINGS_FIELD,LSO-EARNINGS cyclical data collection on field of study,A3,Triennial,2020,,116.23209,,A,Normal value,,,0,Units,1,One
DATAFLOW,OECD.EDU.IMEP:DSD_EAG_LSO_EA@DF_LSO_EARN_ALL(1.0),Education and earnings (EARNINGS) (full dataset),I,PRT,Portugal,_T,Total,Y55T64,From 55 to 64 years,ISCED11A_5T8,Tertiary education,F05T07,"Science, technology, engineering and mathematics",EARN_RELATIVE,Relative earnings,_Z,Not applicable,_T,Total,_Z,Not applicable,ED_NED,In education or not in education,EMP,Employment,_Z,Not applicable,PT_EARN_WR_ISCED11A_5T8,Percentage of earnings of workers with tertiary educational attainment,OBS,Observed,FT,Full-time,EARNINGS_FIELD,LSO-EARNINGS cyclical data collection on field of study,A3,Triennial,2020,,107.2693,,A,Normal value,,,0,Units,1,One
DATAFLOW,OECD.EDU.IMEP:DSD_EAG_LSO_EA@DF_LSO_EARN_ALL(1.0),Education and earnings (EARNINGS) (full dataset),I,SVN,Slovenia,_T,Total,Y55T64,From 55 to 64 years,ISCED11A_5T8,Tertiary education,F05T07,"Science, technology, engineering and mathematics",EARN_RELATIVE,Relative earnings,_Z,Not applicable,_T,Total,_Z,Not applicable,ED_NED,In education or not in education,EMP,Employment,_Z,Not applicable,PT_EARN_WR_ISCED11A_5T8,Percentage of earnings of workers with tertiary educational attainment,OBS,Observed,FT,Full-time,EARNINGS_FIELD,LSO-EARNINGS cyclical data collection on field of study,A3,Triennial,2020,,103.35495,,A,Normal value,,,0,Units,1,One
DATAFLOW,OECD.EDU.IMEP:DSD_EAG_LSO_EA@DF_LSO_EARN_ALL(1.0),Education and earnings (EARNINGS) (full dataset),I,SWE,Sweden,_T,Total,Y55T64,From 55 to 64 years,ISCED11A_5T8,Tertiary education,F05T07,"Science, technology, engineering and mathematics",EARN_RELATIVE,Relative earnings,_Z,Not applicable,_T,Total,_Z,Not applicable,ED_NED,In education or not in education,EMP,Employment,_Z,Not applicable,PT_EARN_WR_ISCED11A_5T8,Percentage of earnings of workers with tertiary educational attainment,OBS,Observed,FT,Full-time,EARNINGS_FIELD,LSO-EARNINGS cyclical data collection on field of study,A3,Triennial,2020,,116.50843,,A,Normal value,,,0,Units,1,One
DATAFLOW,OECD.EDU.IMEP:DSD_EAG_LSO_EA@DF_LSO_EARN_ALL(1.0),Education and earnings (EARNINGS) (full dataset),I,CHE,Switzerland,_T,Total,Y55T64,From 55 to 64 years,ISCED11A_5T8,Tertiary education,F05T07,"Science, technology, engineering and mathematics",EARN_RELATIVE,Relative earnings,_Z,Not applicable,_T,Total,_Z,Not applicable,ED_NED,In education or not in education,EMP,Employment,_Z,Not applicable,PT_EARN_WR_ISCED11A_5T8,Percentage of earnings of workers with tertiary educational attainment,OBS,Observed,FT,Full-time,EARNINGS_FIELD,LSO-EARNINGS cyclical data collection on field of study,A3,Triennial,2020,,98.690887,,A,Normal value,,,0,Units,1,One
DATAFLOW,OECD.EDU.IMEP:DSD_EAG_LSO_EA@DF_LSO_EARN_ALL(1.0),Education and earnings (EARNINGS) (full dataset),I,GBR,United Kingdom,_T,Total,Y55T64,From 55 to 64 years,ISCED11A_5T8,Tertiary education,F05T07,"Science, technology, engineering and mathematics",EARN_RELATIVE,Relative earnings,_Z,Not applicable,_T,Total,_Z,Not applicable,ED_NED,In education or not in education,EMP,Employment,_Z,Not applicable,PT_EARN_WR_ISCED11A_5T8,Percentage of earnings of workers with tertiary educational attainment,OBS,Observed,FT,Full-time,EARNINGS_FIELD,LSO-EARNINGS cyclical data collection on field of study,A3,Triennial,2020,,121.49635,,A,Normal value,,,0,Units,1,One
DATAFLOW,OECD.EDU.IMEP:DSD_EAG_LSO_EA@DF_LSO_EARN_ALL(1.0),Education and earnings (EARNINGS) (full dataset),I,AUT,Austria,_T,Total,Y55T64,From 55 to 64 years,ISCED11A_5T8,Tertiary education,F05T07,"Science, technology, engineering and mathematics",EARN_RELATIVE,Relative earnings,_Z,Not applicable,_T,Total,_Z,Not applicable,ED_NED,In education or not in education,EMP,Employment,_Z,Not applicable,PT_EARN_WR_ISCED11A_5T8,Percentage of earnings of workers with tertiary educational attainment,OBS,Observed,_T,Total,EARNINGS_FIELD,LSO-EARNINGS cyclical data collection on field of study,A3,Triennial,2020,,101.6907,,A,Normal value,,,0,Units,1,One
DATAFLOW,OECD.EDU.IMEP:DSD_EAG_LSO_EA@DF_LSO_EARN_ALL(1.0),Education and earnings (EARNINGS) (full dataset),I,CAN,Canada,_T,Total,Y55T64,From 55 to 64 years,ISCED11A_5T8,Tertiary education,F05T07,"Science, technology, engineering and mathematics",EARN_RELATIVE,Relative earnings,_Z,Not applicable,_T,Total,_Z,Not applicable,ED_NED,In education or not in education,EMP,Employment,_Z,Not applicable,PT_EARN_WR_ISCED11A_5T8,Percentage of earnings of workers with tertiary educational attainment,OBS,Observed,_T,Total,EARNINGS_FIELD,LSO-EARNINGS cyclical data collection on field of study,A3,Triennial,2020,,110.0436401367188,,A,Normal value,,,0,Units,1,One
DATAFLOW,OECD.EDU.IMEP:DSD_EAG_LSO_EA@DF_LSO_EARN_ALL(1.0),Education and earnings (EARNINGS) (full dataset),I,DNK,Denmark,_T,Total,Y55T64,From 55 to 64 years,ISCED11A_5T8,Tertiary education,F05T07,"Science, technology, engineering and mathematics",EARN_RELATIVE,Relative earnings,_Z,Not applicable,_T,Total,_Z,Not applicable,ED_NED,In education or not in education,EMP,Employment,_Z,Not applicable,PT_EARN_WR_ISCED11A_5T8,Percentage of earnings of workers with tertiary educational attainment,OBS,Observed,_T,Total,EARNINGS_FIELD,LSO-EARNINGS cyclical data collection on field of study,A3,Triennial,2020,,114.19774,,A,Normal value,,,0,Units,1,One
DATAFLOW,OECD.EDU.IMEP:DSD_EAG_LSO_EA@DF_LSO_EARN_ALL(1.0),Education and earnings (EARNINGS) (full dataset),I,EST,Estonia,_T,Total,Y55T64,From 55 to 64 years,ISCED11A_5T8,Tertiary education,F05T07,"Science, technology, engineering and mathematics",EARN_RELATIVE,Relative earnings,_Z,Not applicable,_T,Total,_Z,Not applicable,ED_NED,In education or not in education,EMP,Employment,_Z,Not applicable,PT_EARN_WR_ISCED11A_5T8,Percentage of earnings of workers with tertiary educational attainment,OBS,Observed,_T,Total,EARNINGS_FIELD,LSO-EARNINGS cyclical data collection on field of study,A3,Triennial,2020,,102.22923,,A,Normal value,,,0,Units,1,One
DATAFLOW,OECD.EDU.IMEP:DSD_EAG_LSO_EA@DF_LSO_EARN_ALL(1.0),Education and earnings (EARNINGS) (full dataset),I,DEU,Germany,_T,Total,Y55T64,From 55 to 64 years,ISCED11A_5T8,Tertiary education,F05T07,"Science, technology, engineering and mathematics",EARN_RELATIVE,Relative earnings,_Z,Not applicable,_T,Total,_Z,Not applicable,ED_NED,In education or not in education,EMP,Employment,_Z,Not applicable,PT_EARN_WR_ISCED11A_5T8,Percentage of earnings of workers with tertiary educational attainment,OBS,Observed,_T,Total,EARNINGS_FIELD,LSO-EARNINGS cyclical data collection on field of study,A3,Triennial,2020,,135.39792,,A,Normal value,,,0,Units,1,One
DATAFLOW,OECD.EDU.IMEP:DSD_EAG_LSO_EA@DF_LSO_EARN_ALL(1.0),Education and earnings (EARNINGS) (full dataset),I,LVA,Latvia,_T,Total,Y55T64,From 55 to 64 years,ISCED11A_5T8,Tertiary education,F05T07,"Science, technology, engineering and mathematics",EARN_RELATIVE,Relative earnings,_Z,Not applicable,_T,Total,_Z,Not applicable,ED_NED,In education or not in education,EMP,Employment,_Z,Not applicable,PT_EARN_WR_ISCED11A_5T8,Percentage of earnings of workers with tertiary educational attainment,OBS,Observed,_T,Total,EARNINGS_FIELD,LSO-EARNINGS cyclical data collection on field of study,A3,Triennial,2020,,106.41707,,A,Normal value,,,0,Units,1,One
DATAFLOW,OECD.EDU.IMEP:DSD_EAG_LSO_EA@DF_LSO_EARN_ALL(1.0),Education and earnings (EARNINGS) (full dataset),I,NOR,Norway,_T,Total,Y55T64,From 55 to 64 years,ISCED11A_5T8,Tertiary education,F05T07,"Science, technology, engineering and mathematics",EARN_RELATIVE,Relative earnings,_Z,Not applicable,_T,Total,_Z,Not applicable,ED_NED,In education or not in education,EMP,Employment,_Z,Not applicable,PT_EARN_WR_ISCED11A_5T8,Percentage of earnings of workers with tertiary educational attainment,OBS,Observed,_T,Total,EARNINGS_FIELD,LSO-EARNINGS cyclical data collection on field of study,A3,Triennial,2020,,121.09254,,A,Normal value,,,0,Units,1,One
DATAFLOW,OECD.EDU.IMEP:DSD_EAG_LSO_EA@DF_LSO_EARN_ALL(1.0),Education and earnings (EARNINGS) (full dataset),I,PRT,Portugal,_T,Total,Y55T64,From 55 to 64 years,ISCED11A_5T8,Tertiary education,F05T07,"Science, technology, engineering and mathematics",EARN_RELATIVE,Relative earnings,_Z,Not applicable,_T,Total,_Z,Not applicable,ED_NED,In education or not in education,EMP,Employment,_Z,Not applicable,PT_EARN_WR_ISCED11A_5T8,Percentage of earnings of workers with tertiary educational attainment,OBS,Observed,_T,Total,EARNINGS_FIELD,LSO-EARNINGS cyclical data collection on field of study,A3,Triennial,2020,,107.08747,,A,Normal value,,,0,Units,1,One
DATAFLOW,OECD.EDU.IMEP:DSD_EAG_LSO_EA@DF_LSO_EARN_ALL(1.0),Education and earnings (EARNINGS) (full dataset),I,SVN,Slovenia,_T,Total,Y55T64,From 55 to 64 years,ISCED11A_5T8,Tertiary education,F05T07,"Science, technology, engineering and mathematics",EARN_RELATIVE,Relative earnings,_Z,Not applicable,_T,Total,_Z,Not applicable,ED_NED,In education or not in education,EMP,Employment,_Z,Not applicable,PT_EARN_WR_ISCED11A_5T8,Percentage of earnings of workers with tertiary educational attainment,OBS,Observed,_T,Total,EARNINGS_FIELD,LSO-EARNINGS cyclical data collection on field of study,A3,Triennial,2020,,103.35495,,A,Normal value,,,0,Units,1,One
DATAFLOW,OECD.EDU.IMEP:DSD_EAG_LSO_EA@DF_LSO_EARN_ALL(1.0),Education and earnings (EARNINGS) (full dataset),I,SWE,Sweden,_T,Total,Y55T64,From 55 to 64 years,ISCED11A_5T8,Tertiary education,F05T07,"Science, technology, engineering and mathematics",EARN_RELATIVE,Relative earnings,_Z,Not applicable,_T,Total,_Z,Not applicable,ED_NED,In education or not in education,EMP,Employment,_Z,Not applicable,PT_EARN_WR_ISCED11A_5T8,Percentage of earnings of workers with tertiary educational attainment,OBS,Observed,_T,Total,EARNINGS_FIELD,LSO-EARNINGS cyclical data collection on field of study,A3,Triennial,2020,,121.12412,,A,Normal value,,,0,Units,1,One
DATAFLOW,OECD.EDU.IMEP:DSD_EAG_LSO_EA@DF_LSO_EARN_ALL(1.0),Education and earnings (EARNINGS) (full dataset),I,CHE,Switzerland,_T,Total,Y55T64,From 55 to 64 years,ISCED11A_5T8,Tertiary education,F05T07,"Science, technology, engineering and mathematics",EARN_RELATIVE,Relative earnings,_Z,Not applicable,_T,Total,_Z,Not applicable,ED_NED,In education or not in education,EMP,Employment,_Z,Not applicable,PT_EARN_WR_ISCED11A_5T8,Percentage of earnings of workers with tertiary educational attainment,OBS,Observed,_T,Total,EARNINGS_FIELD,LSO-EARNINGS cyclical data collection on field of study,A3,Triennial,2020,,111.75652,,A,Normal value,,,0,Units,1,One
DATAFLOW,OECD.EDU.IMEP:DSD_EAG_LSO_EA@DF_LSO_EARN_ALL(1.0),Education and earnings (EARNINGS) (full dataset),I,GBR,United Kingdom,_T,Total,Y55T64,From 55 to 64 years,ISCED11A_5T8,Tertiary education,F05T07,"Science, technology, engineering and mathematics",EARN_RELATIVE,Relative earnings,_Z,Not applicable,_T,Total,_Z,Not applicable,ED_NED,In education or not in education,EMP,Employment,_Z,Not applicable,PT_EARN_WR_ISCED11A_5T8,Percentage of earnings of workers with tertiary educational attainment,OBS,Observed,_T,Total,EARNINGS_FIELD,LSO-EARNINGS cyclical data collection on field of study,A3,Triennial,2020,,130.83629,,A,Normal value,,,0,Units,1,One
DATAFLOW,OECD.EDU.IMEP:DSD_EAG_LSO_EA@DF_LSO_EARN_ALL(1.0),Education and earnings (EARNINGS) (full dataset),I,AUT,Austria,_T,Total,Y25T34,From 25 to 34 years,ISCED11A_5T8,Tertiary education,F05T07,"Science, technology, engineering and mathematics",EARN_RELATIVE,Relative earnings,_Z,Not applicable,_T,Total,_Z,Not applicable,ED_NED,In education or not in education,EMP,Employment,_Z,Not applicable,PT_EARN_WR_ISCED11A_5T8,Percentage of earnings of workers with tertiary educational attainment,OBS,Observed,FT,Full-time,EARNINGS_FIELD,LSO-EARNINGS cyclical data collection on field of study,A3,Triennial,2020,,106.20786,,A,Normal value,,,0,Units,1,One
DATAFLOW,OECD.EDU.IMEP:DSD_EAG_LSO_EA@DF_LSO_EARN_ALL(1.0),Education and earnings (EARNINGS) (full dataset),I,CAN,Canada,_T,Total,Y25T34,From 25 to 34 years,ISCED11A_5T8,Tertiary education,F05T07,"Science, technology, engineering and mathematics",EARN_RELATIVE,Relative earnings,_Z,Not applicable,_T,Total,_Z,Not applicable,ED_NED,In education or not in education,EMP,Employment,_Z,Not applicable,PT_EARN_WR_ISCED11A_5T8,Percentage of earnings of workers with tertiary educational attainment,OBS,Observed,FT,Full-time,EARNINGS_FIELD,LSO-EARNINGS cyclical data collection on field of study,A3,Triennial,2020,,109.4516525268555,,A,Normal value,,,0,Units,1,One
DATAFLOW,OECD.EDU.IMEP:DSD_EAG_LSO_EA@DF_LSO_EARN_ALL(1.0),Education and earnings (EARNINGS) (full dataset),I,CRI,Costa Rica,_T,Total,Y25T34,From 25 to 34 years,ISCED11A_5T8,Tertiary education,F05T07,"Science, technology, engineering and mathematics",EARN_RELATIVE,Relative earnings,_Z,Not applicable,_T,Total,_Z,Not applicable,ED_NED,In education or not in education,EMP,Employment,_Z,Not applicable,PT_EARN_WR_ISCED11A_5T8,Percentage of earnings of workers with tertiary educational attainment,OBS,Observed,FT,Full-time,EARNINGS_FIELD,LSO-EARNINGS cyclical data collection on field of study,A3,Triennial,2020,,113.10786,,A,Normal value,,,0,Units,1,One
DATAFLOW,OECD.EDU.IMEP:DSD_EAG_LSO_EA@DF_LSO_EARN_ALL(1.0),Education and earnings (EARNINGS) (full dataset),I,DNK,Denmark,_T,Total,Y25T34,From 25 to 34 years,ISCED11A_5T8,Tertiary education,F05T07,"Science, technology, engineering and mathematics",EARN_RELATIVE,Relative earnings,_Z,Not applicable,_T,Total,_Z,Not applicable,ED_NED,In education or not in education,EMP,Employment,_Z,Not applicable,PT_EARN_WR_ISCED11A_5T8,Percentage of earnings of workers with tertiary educational attainment,OBS,Observed,FT,Full-time,EARNINGS_FIELD,LSO-EARNINGS cyclical data collection on field of study,A3,Triennial,2020,,106.86878,,A,Normal value,,,0,Units,1,One
DATAFLOW,OECD.EDU.IMEP:DSD_EAG_LSO_EA@DF_LSO_EARN_ALL(1.0),Education and earnings (EARNINGS) (full dataset),I,EST,Estonia,_T,Total,Y25T34,From 25 to 34 years,ISCED11A_5T8,Tertiary education,F05T07,"Science, technology, engineering and mathematics",EARN_RELATIVE,Relative earnings,_Z,Not applicable,_T,Total,_Z,Not applicable,ED_NED,In education or not in education,EMP,Employment,_Z,Not applicable,PT_EARN_WR_ISCED11A_5T8,Percentage of earnings of workers with tertiary educational attainment,OBS,Observed,FT,Full-time,EARNINGS_FIELD,LSO-EARNINGS cyclical data collection on field of study,A3,Triennial,2020,,108.37887,,A,Normal value,,,0,Units,1,One
DATAFLOW,OECD.EDU.IMEP:DSD_EAG_LSO_EA@DF_LSO_EARN_ALL(1.0),Education and earnings (EARNINGS) (full dataset),I,DEU,Germany,_T,Total,Y25T34,From 25 to 34 years,ISCED11A_5T8,Tertiary education,F05T07,"Science, technology, engineering and mathematics",EARN_RELATIVE,Relative earnings,_Z,Not applicable,_T,Total,_Z,Not applicable,ED_NED,In education or not in education,EMP,Employment,_Z,Not applicable,PT_EARN_WR_ISCED11A_5T8,Percentage of earnings of workers with tertiary educational attainment,OBS,Observed,FT,Full-time,EARNINGS_FIELD,LSO-EARNINGS cyclical data collection on field of study,A3,Triennial,2020,,113.03805,,A,Normal value,,,0,Units,1,One
DATAFLOW,OECD.EDU.IMEP:DSD_EAG_LSO_EA@DF_LSO_EARN_ALL(1.0),Education and earnings (EARNINGS) (full dataset),I,LVA,Latvia,_T,Total,Y25T34,From 25 to 34 years,ISCED11A_5T8,Tertiary education,F05T07,"Science, technology, engineering and mathematics",EARN_RELATIVE,Relative earnings,_Z,Not applicable,_T,Total,_Z,Not applicable,ED_NED,In education or not in education,EMP,Employment,_Z,Not applicable,PT_EARN_WR_ISCED11A_5T8,Percentage of earnings of workers with tertiary educational attainment,OBS,Observed,FT,Full-time,EARNINGS_FIELD,LSO-EARNINGS cyclical data collection on field of study,A3,Triennial,2020,,120.08703,,A,Normal value,,,0,Units,1,One
DATAFLOW,OECD.EDU.IMEP:DSD_EAG_LSO_EA@DF_LSO_EARN_ALL(1.0),Education and earnings (EARNINGS) (full dataset),I,LUX,Luxembourg,_T,Total,Y25T34,From 25 to 34 years,ISCED11A_5T8,Tertiary education,F05T07,"Science, technology, engineering and mathematics",EARN_RELATIVE,Relative earnings,_Z,Not applicable,_T,Total,_Z,Not applicable,ED_NED,In education or not in education,EMP,Employment,_Z,Not applicable,PT_EARN_WR_ISCED11A_5T8,Percentage of earnings of workers with tertiary educational attainment,OBS,Observed,FT,Full-time,EARNINGS_FIELD,LSO-EARNINGS cyclical data collection on field of study,A3,Triennial,2020,,114.21491,,A,Normal value,,,0,Units,1,One
DATAFLOW,OECD.EDU.IMEP:DSD_EAG_LSO_EA@DF_LSO_EARN_ALL(1.0),Education and earnings (EARNINGS) (full dataset),I,NOR,Norway,_T,Total,Y25T34,From 25 to 34 years,ISCED11A_5T8,Tertiary education,F05T07,"Science, technology, engineering and mathematics",EARN_RELATIVE,Relative earnings,_Z,Not applicable,_T,Total,_Z,Not applicable,ED_NED,In education or not in education,EMP,Employment,_Z,Not applicable,PT_EARN_WR_ISCED11A_5T8,Percentage of earnings of workers with tertiary educational attainment,OBS,Observed,FT,Full-time,EARNINGS_FIELD,LSO-EARNINGS cyclical data collection on field of study,A3,Triennial,2020,,111.7646,,A,Normal value,,,0,Units,1,One
DATAFLOW,OECD.EDU.IMEP:DSD_EAG_LSO_EA@DF_LSO_EARN_ALL(1.0),Education and earnings (EARNINGS) (full dataset),I,PRT,Portugal,_T,Total,Y25T34,From 25 to 34 years,ISCED11A_5T8,Tertiary education,F05T07,"Science, technology, engineering and mathematics",EARN_RELATIVE,Relative earnings,_Z,Not applicable,_T,Total,_Z,Not applicable,ED_NED,In education or not in education,EMP,Employment,_Z,Not applicable,PT_EARN_WR_ISCED11A_5T8,Percentage of earnings of workers with tertiary educational attainment,OBS,Observed,FT,Full-time,EARNINGS_FIELD,LSO-EARNINGS cyclical data collection on field of study,A3,Triennial,2020,,108.79862,,A,Normal value,,,0,Units,1,One
DATAFLOW,OECD.EDU.IMEP:DSD_EAG_LSO_EA@DF_LSO_EARN_ALL(1.0),Education and earnings (EARNINGS) (full dataset),I,SVN,Slovenia,_T,Total,Y25T34,From 25 to 34 years,ISCED11A_5T8,Tertiary education,F05T07,"Science, technology, engineering and mathematics",EARN_RELATIVE,Relative earnings,_Z,Not applicable,_T,Total,_Z,Not applicable,ED_NED,In education or not in education,EMP,Employment,_Z,Not applicable,PT_EARN_WR_ISCED11A_5T8,Percentage of earnings of workers with tertiary educational attainment,OBS,Observed,FT,Full-time,EARNINGS_FIELD,LSO-EARNINGS cyclical data collection on field of study,A3,Triennial,2020,,107.26472,,A,Normal value,,,0,Units,1,One
DATAFLOW,OECD.EDU.IMEP:DSD_EAG_LSO_EA@DF_LSO_EARN_ALL(1.0),Education and earnings (EARNINGS) (full dataset),I,SWE,Sweden,_T,Total,Y25T34,From 25 to 34 years,ISCED11A_5T8,Tertiary education,F05T07,"Science, technology, engineering and mathematics",EARN_RELATIVE,Relative earnings,_Z,Not applicable,_T,Total,_Z,Not applicable,ED_NED,In education or not in education,EMP,Employment,_Z,Not applicable,PT_EARN_WR_ISCED11A_5T8,Percentage of earnings of workers with tertiary educational attainment,OBS,Observed,FT,Full-time,EARNINGS_FIELD,LSO-EARNINGS cyclical data collection on field of study,A3,Triennial,2020,,106.8584,,A,Normal value,,,0,Units,1,One
DATAFLOW,OECD.EDU.IMEP:DSD_EAG_LSO_EA@DF_LSO_EARN_ALL(1.0),Education and earnings (EARNINGS) (full dataset),I,CHE,Switzerland,_T,Total,Y25T34,From 25 to 34 years,ISCED11A_5T8,Tertiary education,F05T07,"Science, technology, engineering and mathematics",EARN_RELATIVE,Relative earnings,_Z,Not applicable,_T,Total,_Z,Not applicable,ED_NED,In education or not in education,EMP,Employment,_Z,Not applicable,PT_EARN_WR_ISCED11A_5T8,Percentage of earnings of workers with tertiary educational attainment,OBS,Observed,FT,Full-time,EARNINGS_FIELD,LSO-EARNINGS cyclical data collection on field of study,A3,Triennial,2020,,102.33921,,A,Normal value,,,0,Units,1,One
DATAFLOW,OECD.EDU.IMEP:DSD_EAG_LSO_EA@DF_LSO_EARN_ALL(1.0),Education and earnings (EARNINGS) (full dataset),I,GBR,United Kingdom,_T,Total,Y25T34,From 25 to 34 years,ISCED11A_5T8,Tertiary education,F05T07,"Science, technology, engineering and mathematics",EARN_RELATIVE,Relative earnings,_Z,Not applicable,_T,Total,_Z,Not applicable,ED_NED,In education or not in education,EMP,Employment,_Z,Not applicable,PT_EARN_WR_ISCED11A_5T8,Percentage of earnings of workers with tertiary educational attainment,OBS,Observed,FT,Full-time,EARNINGS_FIELD,LSO-EARNINGS cyclical data collection on field of study,A3,Triennial,2020,,108.10086,,A,Normal value,,,0,Units,1,One
DATAFLOW,OECD.EDU.IMEP:DSD_EAG_LSO_EA@DF_LSO_EARN_ALL(1.0),Education and earnings (EARNINGS) (full dataset),I,AUT,Austria,_T,Total,Y25T34,From 25 to 34 years,ISCED11A_5T8,Tertiary education,F05T07,"Science, technology, engineering and mathematics",EARN_RELATIVE,Relative earnings,_Z,Not applicable,_T,Total,_Z,Not applicable,ED_NED,In education or not in education,EMP,Employment,_Z,Not applicable,PT_EARN_WR_ISCED11A_5T8,Percentage of earnings of workers with tertiary educational attainment,OBS,Observed,PT,Part-time,EARNINGS_FIELD,LSO-EARNINGS cyclical data collection on field of study,A3,Triennial,2020,,106.23869,,A,Normal value,,,0,Units,1,One
DATAFLOW,OECD.EDU.IMEP:DSD_EAG_LSO_EA@DF_LSO_EARN_ALL(1.0),Education and earnings (EARNINGS) (full dataset),I,CAN,Canada,_T,Total,Y25T34,From 25 to 34 years,ISCED11A_5T8,Tertiary education,F05T07,"Science, technology, engineering and mathematics",EARN_RELATIVE,Relative earnings,_Z,Not applicable,_T,Total,_Z,Not applicable,ED_NED,In education or not in education,EMP,Employment,_Z,Not applicable,PT_EARN_WR_ISCED11A_5T8,Percentage of earnings of workers with tertiary educational attainment,OBS,Observed,PT,Part-time,EARNINGS_FIELD,LSO-EARNINGS cyclical data collection on field of study,A3,Triennial,2020,,108.6529693603516,,A,Normal value,,,0,Units,1,One
DATAFLOW,OECD.EDU.IMEP:DSD_EAG_LSO_EA@DF_LSO_EARN_ALL(1.0),Education and earnings (EARNINGS) (full dataset),I,DNK,Denmark,_T,Total,Y25T34,From 25 to 34 years,ISCED11A_5T8,Tertiary education,F05T07,"Science, technology, engineering and mathematics",EARN_RELATIVE,Relative earnings,_Z,Not applicable,_T,Total,_Z,Not applicable,ED_NED,In education or not in education,EMP,Employment,_Z,Not applicable,PT_EARN_WR_ISCED11A_5T8,Percentage of earnings of workers with tertiary educational attainment,OBS,Observed,PT,Part-time,EARNINGS_FIELD,LSO-EARNINGS cyclical data collection on field of study,A3,Triennial,2020,,96.134529,,A,Normal value,,,0,Units,1,One
DATAFLOW,OECD.EDU.IMEP:DSD_EAG_LSO_EA@DF_LSO_EARN_ALL(1.0),Education and earnings (EARNINGS) (full dataset),I,DEU,Germany,_T,Total,Y25T34,From 25 to 34 years,ISCED11A_5T8,Tertiary education,F05T07,"Science, technology, engineering and mathematics",EARN_RELATIVE,Relative earnings,_Z,Not applicable,_T,Total,_Z,Not applicable,ED_NED,In education or not in education,EMP,Employment,_Z,Not applicable,PT_EARN_WR_ISCED11A_5T8,Percentage of earnings of workers with tertiary educational attainment,OBS,Observed,PT,Part-time,EARNINGS_FIELD,LSO-EARNINGS cyclical data collection on field of study,A3,Triennial,2020,,111.57153,,A,Normal value,,,0,Units,1,One
DATAFLOW,OECD.EDU.IMEP:DSD_EAG_LSO_EA@DF_LSO_EARN_ALL(1.0),Education and earnings (EARNINGS) (full dataset),I,NOR,Norway,_T,Total,Y25T34,From 25 to 34 years,ISCED11A_5T8,Tertiary education,F05T07,"Science, technology, engineering and mathematics",EARN_RELATIVE,Relative earnings,_Z,Not applicable,_T,Total,_Z,Not applicable,ED_NED,In education or not in education,EMP,Employment,_Z,Not applicable,PT_EARN_WR_ISCED11A_5T8,Percentage of earnings of workers with tertiary educational attainment,OBS,Observed,PT,Part-time,EARNINGS_FIELD,LSO-EARNINGS cyclical data collection on field of study,A3,Triennial,2020,,89.075821,,A,Normal value,,,0,Units,1,One
DATAFLOW,OECD.EDU.IMEP:DSD_EAG_LSO_EA@DF_LSO_EARN_ALL(1.0),Education and earnings (EARNINGS) (full dataset),I,PRT,Portugal,_T,Total,Y25T34,From 25 to 34 years,ISCED11A_5T8,Tertiary education,F05T07,"Science, technology, engineering and mathematics",EARN_RELATIVE,Relative earnings,_Z,Not applicable,_T,Total,_Z,Not applicable,ED_NED,In education or not in education,EMP,Employment,_Z,Not applicable,PT_EARN_WR_ISCED11A_5T8,Percentage of earnings of workers with tertiary educational attainment,OBS,Observed,PT,Part-time,EARNINGS_FIELD,LSO-EARNINGS cyclical data collection on field of study,A3,Triennial,2020,,96.712646,,A,Normal value,,,0,Units,1,One
DATAFLOW,OECD.EDU.IMEP:DSD_EAG_LSO_EA@DF_LSO_EARN_ALL(1.0),Education and earnings (EARNINGS) (full dataset),I,SWE,Sweden,_T,Total,Y25T34,From 25 to 34 years,ISCED11A_5T8,Tertiary education,F05T07,"Science, technology, engineering and mathematics",EARN_RELATIVE,Relative earnings,_Z,Not applicable,_T,Total,_Z,Not applicable,ED_NED,In education or not in education,EMP,Employment,_Z,Not applicable,PT_EARN_WR_ISCED11A_5T8,Percentage of earnings of workers with tertiary educational attainment,OBS,Observed,PT,Part-time,EARNINGS_FIELD,LSO-EARNINGS cyclical data collection on field of study,A3,Triennial,2020,,102.22625,,A,Normal value,,,0,Units,1,One
DATAFLOW,OECD.EDU.IMEP:DSD_EAG_LSO_EA@DF_LSO_EARN_ALL(1.0),Education and earnings (EARNINGS) (full dataset),I,CHE,Switzerland,_T,Total,Y25T34,From 25 to 34 years,ISCED11A_5T8,Tertiary education,F05T07,"Science, technology, engineering and mathematics",EARN_RELATIVE,Relative earnings,_Z,Not applicable,_T,Total,_Z,Not applicable,ED_NED,In education or not in education,EMP,Employment,_Z,Not applicable,PT_EARN_WR_ISCED11A_5T8,Percentage of earnings of workers with tertiary educational attainment,OBS,Observed,PT,Part-time,EARNINGS_FIELD,LSO-EARNINGS cyclical data collection on field of study,A3,Triennial,2020,,108.35109,,A,Normal value,,,0,Units,1,One
DATAFLOW,OECD.EDU.IMEP:DSD_EAG_LSO_EA@DF_LSO_EARN_ALL(1.0),Education and earnings (EARNINGS) (full dataset),I,AUT,Austria,_T,Total,Y25T34,From 25 to 34 years,ISCED11A_5T8,Tertiary education,F05T07,"Science, technology, engineering and mathematics",EARN_RELATIVE,Relative earnings,_Z,Not applicable,_T,Total,_Z,Not applicable,ED_NED,In education or not in education,EMP,Employment,_Z,Not applicable,PT_EARN_WR_ISCED11A_5T8,Percentage of earnings of workers with tertiary educational attainment,OBS,Observed,_T,Total,EARNINGS_FIELD,LSO-EARNINGS cyclical data collection on field of study,A3,Triennial,2020,,113.54587,,A,Normal value,,,0,Units,1,One
DATAFLOW,OECD.EDU.IMEP:DSD_EAG_LSO_EA@DF_LSO_EARN_ALL(1.0),Education and earnings (EARNINGS) (full dataset),I,CAN,Canada,_T,Total,Y25T34,From 25 to 34 years,ISCED11A_5T8,Tertiary education,F05T07,"Science, technology, engineering and mathematics",EARN_RELATIVE,Relative earnings,_Z,Not applicable,_T,Total,_Z,Not applicable,ED_NED,In education or not in education,EMP,Employment,_Z,Not applicable,PT_EARN_WR_ISCED11A_5T8,Percentage of earnings of workers with tertiary educational attainment,OBS,Observed,_T,Total,EARNINGS_FIELD,LSO-EARNINGS cyclical data collection on field of study,A3,Triennial,2020,,111.9402236938477,,A,Normal value,,,0,Units,1,One
DATAFLOW,OECD.EDU.IMEP:DSD_EAG_LSO_EA@DF_LSO_EARN_ALL(1.0),Education and earnings (EARNINGS) (full dataset),I,CRI,Costa Rica,_T,Total,Y25T34,From 25 to 34 years,ISCED11A_5T8,Tertiary education,F05T07,"Science, technology, engineering and mathematics",EARN_RELATIVE,Relative earnings,_Z,Not applicable,_T,Total,_Z,Not applicable,ED_NED,In education or not in education,EMP,Employment,_Z,Not applicable,PT_EARN_WR_ISCED11A_5T8,Percentage of earnings of workers with tertiary educational attainment,OBS,Observed,_T,Total,EARNINGS_FIELD,LSO-EARNINGS cyclical data collection on field of study,A3,Triennial,2020,,114.41065,,A,Normal value,,,0,Units,1,One
DATAFLOW,OECD.EDU.IMEP:DSD_EAG_LSO_EA@DF_LSO_EARN_ALL(1.0),Education and earnings (EARNINGS) (full dataset),I,DNK,Denmark,_T,Total,Y25T34,From 25 to 34 years,ISCED11A_5T8,Tertiary education,F05T07,"Science, technology, engineering and mathematics",EARN_RELATIVE,Relative earnings,_Z,Not applicable,_T,Total,_Z,Not applicable,ED_NED,In education or not in education,EMP,Employment,_Z,Not applicable,PT_EARN_WR_ISCED11A_5T8,Percentage of earnings of workers with tertiary educational attainment,OBS,Observed,_T,Total,EARNINGS_FIELD,LSO-EARNINGS cyclical data collection on field of study,A3,Triennial,2020,,112.03979,,A,Normal value,,,0,Units,1,One
DATAFLOW,OECD.EDU.IMEP:DSD_EAG_LSO_EA@DF_LSO_EARN_ALL(1.0),Education and earnings (EARNINGS) (full dataset),I,EST,Estonia,_T,Total,Y25T34,From 25 to 34 years,ISCED11A_5T8,Tertiary education,F05T07,"Science, technology, engineering and mathematics",EARN_RELATIVE,Relative earnings,_Z,Not applicable,_T,Total,_Z,Not applicable,ED_NED,In education or not in education,EMP,Employment,_Z,Not applicable,PT_EARN_WR_ISCED11A_5T8,Percentage of earnings of workers with tertiary educational attainment,OBS,Observed,_T,Total,EARNINGS_FIELD,LSO-EARNINGS cyclical data collection on field of study,A3,Triennial,2020,,110.43562,,A,Normal value,,,0,Units,1,One
DATAFLOW,OECD.EDU.IMEP:DSD_EAG_LSO_EA@DF_LSO_EARN_ALL(1.0),Education and earnings (EARNINGS) (full dataset),I,DEU,Germany,_T,Total,Y25T34,From 25 to 34 years,ISCED11A_5T8,Tertiary education,F05T07,"Science, technology, engineering and mathematics",EARN_RELATIVE,Relative earnings,_Z,Not applicable,_T,Total,_Z,Not applicable,ED_NED,In education or not in education,EMP,Employment,_Z,Not applicable,PT_EARN_WR_ISCED11A_5T8,Percentage of earnings of workers with tertiary educational attainment,OBS,Observed,_T,Total,EARNINGS_FIELD,LSO-EARNINGS cyclical data collection on field of study,A3,Triennial,2020,,113.35636,,A,Normal value,,,0,Units,1,One
DATAFLOW,OECD.EDU.IMEP:DSD_EAG_LSO_EA@DF_LSO_EARN_ALL(1.0),Education and earnings (EARNINGS) (full dataset),I,LVA,Latvia,_T,Total,Y25T34,From 25 to 34 years,ISCED11A_5T8,Tertiary education,F05T07,"Science, technology, engineering and mathematics",EARN_RELATIVE,Relative earnings,_Z,Not applicable,_T,Total,_Z,Not applicable,ED_NED,In education or not in education,EMP,Employment,_Z,Not applicable,PT_EARN_WR_ISCED11A_5T8,Percentage of earnings of workers with tertiary educational attainment,OBS,Observed,_T,Total,EARNINGS_FIELD,LSO-EARNINGS cyclical data collection on field of study,A3,Triennial,2020,,121.35314,,A,Normal value,,,0,Units,1,One
DATAFLOW,OECD.EDU.IMEP:DSD_EAG_LSO_EA@DF_LSO_EARN_ALL(1.0),Education and earnings (EARNINGS) (full dataset),I,LUX,Luxembourg,_T,Total,Y25T34,From 25 to 34 years,ISCED11A_5T8,Tertiary education,F05T07,"Science, technology, engineering and mathematics",EARN_RELATIVE,Relative earnings,_Z,Not applicable,_T,Total,_Z,Not applicable,ED_NED,In education or not in education,EMP,Employment,_Z,Not applicable,PT_EARN_WR_ISCED11A_5T8,Percentage of earnings of workers with tertiary educational attainment,OBS,Observed,_T,Total,EARNINGS_FIELD,LSO-EARNINGS cyclical data collection on field of study,A3,Triennial,2020,,115.15598,,A,Normal value,,,0,Units,1,One
DATAFLOW,OECD.EDU.IMEP:DSD_EAG_LSO_EA@DF_LSO_EARN_ALL(1.0),Education and earnings (EARNINGS) (full dataset),I,NOR,Norway,_T,Total,Y25T34,From 25 to 34 years,ISCED11A_5T8,Tertiary education,F05T07,"Science, technology, engineering and mathematics",EARN_RELATIVE,Relative earnings,_Z,Not applicable,_T,Total,_Z,Not applicable,ED_NED,In education or not in education,EMP,Employment,_Z,Not applicable,PT_EARN_WR_ISCED11A_5T8,Percentage of earnings of workers with tertiary educational attainment,OBS,Observed,_T,Total,EARNINGS_FIELD,LSO-EARNINGS cyclical data collection on field of study,A3,Triennial,2020,,116.69487,,A,Normal value,,,0,Units,1,One
DATAFLOW,OECD.EDU.IMEP:DSD_EAG_LSO_EA@DF_LSO_EARN_ALL(1.0),Education and earnings (EARNINGS) (full dataset),I,PRT,Portugal,_T,Total,Y25T34,From 25 to 34 years,ISCED11A_5T8,Tertiary education,F05T07,"Science, technology, engineering and mathematics",EARN_RELATIVE,Relative earnings,_Z,Not applicable,_T,Total,_Z,Not applicable,ED_NED,In education or not in education,EMP,Employment,_Z,Not applicable,PT_EARN_WR_ISCED11A_5T8,Percentage of earnings of workers with tertiary educational attainment,OBS,Observed,_T,Total,EARNINGS_FIELD,LSO-EARNINGS cyclical data collection on field of study,A3,Triennial,2020,,109.37318,,A,Normal value,,,0,Units,1,One
DATAFLOW,OECD.EDU.IMEP:DSD_EAG_LSO_EA@DF_LSO_EARN_ALL(1.0),Education and earnings (EARNINGS) (full dataset),I,SVN,Slovenia,_T,Total,Y25T34,From 25 to 34 years,ISCED11A_5T8,Tertiary education,F05T07,"Science, technology, engineering and mathematics",EARN_RELATIVE,Relative earnings,_Z,Not applicable,_T,Total,_Z,Not applicable,ED_NED,In education or not in education,EMP,Employment,_Z,Not applicable,PT_EARN_WR_ISCED11A_5T8,Percentage of earnings of workers with tertiary educational attainment,OBS,Observed,_T,Total,EARNINGS_FIELD,LSO-EARNINGS cyclical data collection on field of study,A3,Triennial,2020,,107.26472,,A,Normal value,,,0,Units,1,One
DATAFLOW,OECD.EDU.IMEP:DSD_EAG_LSO_EA@DF_LSO_EARN_ALL(1.0),Education and earnings (EARNINGS) (full dataset),I,SWE,Sweden,_T,Total,Y25T34,From 25 to 34 years,ISCED11A_5T8,Tertiary education,F05T07,"Science, technology, engineering and mathematics",EARN_RELATIVE,Relative earnings,_Z,Not applicable,_T,Total,_Z,Not applicable,ED_NED,In education or not in education,EMP,Employment,_Z,Not applicable,PT_EARN_WR_ISCED11A_5T8,Percentage of earnings of workers with tertiary educational attainment,OBS,Observed,_T,Total,EARNINGS_FIELD,LSO-EARNINGS cyclical data collection on field of study,A3,Triennial,2020,,114.78802,,A,Normal value,,,0,Units,1,One
DATAFLOW,OECD.EDU.IMEP:DSD_EAG_LSO_EA@DF_LSO_EARN_ALL(1.0),Education and earnings (EARNINGS) (full dataset),I,CHE,Switzerland,_T,Total,Y25T34,From 25 to 34 years,ISCED11A_5T8,Tertiary education,F05T07,"Science, technology, engineering and mathematics",EARN_RELATIVE,Relative earnings,_Z,Not applicable,_T,Total,_Z,Not applicable,ED_NED,In education or not in education,EMP,Employment,_Z,Not applicable,PT_EARN_WR_ISCED11A_5T8,Percentage of earnings of workers with tertiary educational attainment,OBS,Observed,_T,Total,EARNINGS_FIELD,LSO-EARNINGS cyclical data collection on field of study,A3,Triennial,2020,,108.14415,,A,Normal value,,,0,Units,1,One
DATAFLOW,OECD.EDU.IMEP:DSD_EAG_LSO_EA@DF_LSO_EARN_ALL(1.0),Education and earnings (EARNINGS) (full dataset),I,GBR,United Kingdom,_T,Total,Y25T34,From 25 to 34 years,ISCED11A_5T8,Tertiary education,F05T07,"Science, technology, engineering and mathematics",EARN_RELATIVE,Relative earnings,_Z,Not applicable,_T,Total,_Z,Not applicable,ED_NED,In education or not in education,EMP,Employment,_Z,Not applicable,PT_EARN_WR_ISCED11A_5T8,Percentage of earnings of workers with tertiary educational attainment,OBS,Observed,_T,Total,EARNINGS_FIELD,LSO-EARNINGS cyclical data collection on field of study,A3,Triennial,2020,,114.17458,,A,Normal value,,,0,Units,1,One
DATAFLOW,OECD.EDU.IMEP:DSD_EAG_LSO_EA@DF_LSO_EARN_ALL(1.0),Education and earnings (EARNINGS) (full dataset),I,AUS,Australia,_T,Total,Y25T64,From 25 to 64 years,ISCED11A_5T8,Tertiary education,F05T07,"Science, technology, engineering and mathematics",EARN_RELATIVE,Relative earnings,_Z,Not applicable,_T,Total,_Z,Not applicable,ED_NED,In education or not in education,EMP,Employment,_Z,Not applicable,PT_EARN_WR_ISCED11A_5T8,Percentage of earnings of workers with tertiary educational attainment,OBS,Observed,FT,Full-time,EARNINGS_FIELD,LSO-EARNINGS cyclical data collection on field of study,A3,Triennial,2020,,107.0151596069336,,A,Normal value,,,0,Units,1,One
DATAFLOW,OECD.EDU.IMEP:DSD_EAG_LSO_EA@DF_LSO_EARN_ALL(1.0),Education and earnings (EARNINGS) (full dataset),I,AUT,Austria,_T,Total,Y25T64,From 25 to 64 years,ISCED11A_5T8,Tertiary education,F05T07,"Science, technology, engineering and mathematics",EARN_RELATIVE,Relative earnings,_Z,Not applicable,_T,Total,_Z,Not applicable,ED_NED,In education or not in education,EMP,Employment,_Z,Not applicable,PT_EARN_WR_ISCED11A_5T8,Percentage of earnings of workers with tertiary educational attainment,OBS,Observed,FT,Full-time,EARNINGS_FIELD,LSO-EARNINGS cyclical data collection on field of study,A3,Triennial,2020,,100.83076,,A,Normal value,,,0,Units,1,One
DATAFLOW,OECD.EDU.IMEP:DSD_EAG_LSO_EA@DF_LSO_EARN_ALL(1.0),Education and earnings (EARNINGS) (full dataset),I,CAN,Canada,_T,Total,Y25T64,From 25 to 64 years,ISCED11A_5T8,Tertiary education,F05T07,"Science, technology, engineering and mathematics",EARN_RELATIVE,Relative earnings,_Z,Not applicable,_T,Total,_Z,Not applicable,ED_NED,In education or not in education,EMP,Employment,_Z,Not applicable,PT_EARN_WR_ISCED11A_5T8,Percentage of earnings of workers with tertiary educational attainment,OBS,Observed,FT,Full-time,EARNINGS_FIELD,LSO-EARNINGS cyclical data collection on field of study,A3,Triennial,2020,,108.0340957641602,,A,Normal value,,,0,Units,1,One
DATAFLOW,OECD.EDU.IMEP:DSD_EAG_LSO_EA@DF_LSO_EARN_ALL(1.0),Education and earnings (EARNINGS) (full dataset),I,CRI,Costa Rica,_T,Total,Y25T64,From 25 to 64 years,ISCED11A_5T8,Tertiary education,F05T07,"Science, technology, engineering and mathematics",EARN_RELATIVE,Relative earnings,_Z,Not applicable,_T,Total,_Z,Not applicable,ED_NED,In education or not in education,EMP,Employment,_Z,Not applicable,PT_EARN_WR_ISCED11A_5T8,Percentage of earnings of workers with tertiary educational attainment,OBS,Observed,FT,Full-time,EARNINGS_FIELD,LSO-EARNINGS cyclical data collection on field of study,A3,Triennial,2020,,100.90488,,A,Normal value,,,0,Units,1,One
DATAFLOW,OECD.EDU.IMEP:DSD_EAG_LSO_EA@DF_LSO_EARN_ALL(1.0),Education and earnings (EARNINGS) (full dataset),I,DNK,Denmark,_T,Total,Y25T64,From 25 to 64 years,ISCED11A_5T8,Tertiary education,F05T07,"Science, technology, engineering and mathematics",EARN_RELATIVE,Relative earnings,_Z,Not applicable,_T,Total,_Z,Not applicable,ED_NED,In education or not in education,EMP,Employment,_Z,Not applicable,PT_EARN_WR_ISCED11A_5T8,Percentage of earnings of workers with tertiary educational attainment,OBS,Observed,FT,Full-time,EARNINGS_FIELD,LSO-EARNINGS cyclical data collection on field of study,A3,Triennial,2020,,108.56567,,A,Normal value,,,0,Units,1,One
DATAFLOW,OECD.EDU.IMEP:DSD_EAG_LSO_EA@DF_LSO_EARN_ALL(1.0),Education and earnings (EARNINGS) (full dataset),I,EST,Estonia,_T,Total,Y25T64,From 25 to 64 years,ISCED11A_5T8,Tertiary education,F05T07,"Science, technology, engineering and mathematics",EARN_RELATIVE,Relative earnings,_Z,Not applicable,_T,Total,_Z,Not applicable,ED_NED,In education or not in education,EMP,Employment,_Z,Not applicable,PT_EARN_WR_ISCED11A_5T8,Percentage of earnings of workers with tertiary educational attainment,OBS,Observed,FT,Full-time,EARNINGS_FIELD,LSO-EARNINGS cyclical data collection on field of study,A3,Triennial,2020,,104.00207,,A,Normal value,,,0,Units,1,One
DATAFLOW,OECD.EDU.IMEP:DSD_EAG_LSO_EA@DF_LSO_EARN_ALL(1.0),Education and earnings (EARNINGS) (full dataset),I,DEU,Germany,_T,Total,Y25T64,From 25 to 64 years,ISCED11A_5T8,Tertiary education,F05T07,"Science, technology, engineering and mathematics",EARN_RELATIVE,Relative earnings,_Z,Not applicable,_T,Total,_Z,Not applicable,ED_NED,In education or not in education,EMP,Employment,_Z,Not applicable,PT_EARN_WR_ISCED11A_5T8,Percentage of earnings of workers with tertiary educational attainment,OBS,Observed,FT,Full-time,EARNINGS_FIELD,LSO-EARNINGS cyclical data collection on field of study,A3,Triennial,2020,,110.1524,,A,Normal value,,,0,Units,1,One
DATAFLOW,OECD.EDU.IMEP:DSD_EAG_LSO_EA@DF_LSO_EARN_ALL(1.0),Education and earnings (EARNINGS) (full dataset),I,LVA,Latvia,_T,Total,Y25T64,From 25 to 64 years,ISCED11A_5T8,Tertiary education,F05T07,"Science, technology, engineering and mathematics",EARN_RELATIVE,Relative earnings,_Z,Not applicable,_T,Total,_Z,Not applicable,ED_NED,In education or not in education,EMP,Employment,_Z,Not applicable,PT_EARN_WR_ISCED11A_5T8,Percentage of earnings of workers with tertiary educational attainment,OBS,Observed,FT,Full-time,EARNINGS_FIELD,LSO-EARNINGS cyclical data collection on field of study,A3,Triennial,2020,,113.45313,,A,Normal value,,,0,Units,1,One
DATAFLOW,OECD.EDU.IMEP:DSD_EAG_LSO_EA@DF_LSO_EARN_ALL(1.0),Education and earnings (EARNINGS) (full dataset),I,LUX,Luxembourg,_T,Total,Y25T64,From 25 to 64 years,ISCED11A_5T8,Tertiary education,F05T07,"Science, technology, engineering and mathematics",EARN_RELATIVE,Relative earnings,_Z,Not applicable,_T,Total,_Z,Not applicable,ED_NED,In education or not in education,EMP,Employment,_Z,Not applicable,PT_EARN_WR_ISCED11A_5T8,Percentage of earnings of workers with tertiary educational attainment,OBS,Observed,FT,Full-time,EARNINGS_FIELD,LSO-EARNINGS cyclical data collection on field of study,A3,Triennial,2020,,104.31976,,A,Normal value,,,0,Units,1,One
DATAFLOW,OECD.EDU.IMEP:DSD_EAG_LSO_EA@DF_LSO_EARN_ALL(1.0),Education and earnings (EARNINGS) (full dataset),I,NOR,Norway,_T,Total,Y25T64,From 25 to 64 years,ISCED11A_5T8,Tertiary education,F05T07,"Science, technology, engineering and mathematics",EARN_RELATIVE,Relative earnings,_Z,Not applicable,_T,Total,_Z,Not applicable,ED_NED,In education or not in education,EMP,Employment,_Z,Not applicable,PT_EARN_WR_ISCED11A_5T8,Percentage of earnings of workers with tertiary educational attainment,OBS,Observed,FT,Full-time,EARNINGS_FIELD,LSO-EARNINGS cyclical data collection on field of study,A3,Triennial,2020,,114.4557,,A,Normal value,,,0,Units,1,One
DATAFLOW,OECD.EDU.IMEP:DSD_EAG_LSO_EA@DF_LSO_EARN_ALL(1.0),Education and earnings (EARNINGS) (full dataset),I,PRT,Portugal,_T,Total,Y25T64,From 25 to 64 years,ISCED11A_5T8,Tertiary education,F05T07,"Science, technology, engineering and mathematics",EARN_RELATIVE,Relative earnings,_Z,Not applicable,_T,Total,_Z,Not applicable,ED_NED,In education or not in education,EMP,Employment,_Z,Not applicable,PT_EARN_WR_ISCED11A_5T8,Percentage of earnings of workers with tertiary educational attainment,OBS,Observed,FT,Full-time,EARNINGS_FIELD,LSO-EARNINGS cyclical data collection on field of study,A3,Triennial,2020,,107.80494,,A,Normal value,,,0,Units,1,One
DATAFLOW,OECD.EDU.IMEP:DSD_EAG_LSO_EA@DF_LSO_EARN_ALL(1.0),Education and earnings (EARNINGS) (full dataset),I,SVN,Slovenia,_T,Total,Y25T64,From 25 to 64 years,ISCED11A_5T8,Tertiary education,F05T07,"Science, technology, engineering and mathematics",EARN_RELATIVE,Relative earnings,_Z,Not applicable,_T,Total,_Z,Not applicable,ED_NED,In education or not in education,EMP,Employment,_Z,Not applicable,PT_EARN_WR_ISCED11A_5T8,Percentage of earnings of workers with tertiary educational attainment,OBS,Observed,FT,Full-time,EARNINGS_FIELD,LSO-EARNINGS cyclical data collection on field of study,A3,Triennial,2020,,105.06006,,A,Normal value,,,0,Units,1,One
DATAFLOW,OECD.EDU.IMEP:DSD_EAG_LSO_EA@DF_LSO_EARN_ALL(1.0),Education and earnings (EARNINGS) (full dataset),I,SWE,Sweden,_T,Total,Y25T64,From 25 to 64 years,ISCED11A_5T8,Tertiary education,F05T07,"Science, technology, engineering and mathematics",EARN_RELATIVE,Relative earnings,_Z,Not applicable,_T,Total,_Z,Not applicable,ED_NED,In education or not in education,EMP,Employment,_Z,Not applicable,PT_EARN_WR_ISCED11A_5T8,Percentage of earnings of workers with tertiary educational attainment,OBS,Observed,FT,Full-time,EARNINGS_FIELD,LSO-EARNINGS cyclical data collection on field of study,A3,Triennial,2020,,108.94279,,A,Normal value,,,0,Units,1,One
DATAFLOW,OECD.EDU.IMEP:DSD_EAG_LSO_EA@DF_LSO_EARN_ALL(1.0),Education and earnings (EARNINGS) (full dataset),I,CHE,Switzerland,_T,Total,Y25T64,From 25 to 64 years,ISCED11A_5T8,Tertiary education,F05T07,"Science, technology, engineering and mathematics",EARN_RELATIVE,Relative earnings,_Z,Not applicable,_T,Total,_Z,Not applicable,ED_NED,In education or not in education,EMP,Employment,_Z,Not applicable,PT_EARN_WR_ISCED11A_5T8,Percentage of earnings of workers with tertiary educational attainment,OBS,Observed,FT,Full-time,EARNINGS_FIELD,LSO-EARNINGS cyclical data collection on field of study,A3,Triennial,2020,,99.518295,,A,Normal value,,,0,Units,1,One
DATAFLOW,OECD.EDU.IMEP:DSD_EAG_LSO_EA@DF_LSO_EARN_ALL(1.0),Education and earnings (EARNINGS) (full dataset),I,GBR,United Kingdom,_T,Total,Y25T64,From 25 to 64 years,ISCED11A_5T8,Tertiary education,F05T07,"Science, technology, engineering and mathematics",EARN_RELATIVE,Relative earnings,_Z,Not applicable,_T,Total,_Z,Not applicable,ED_NED,In education or not in education,EMP,Employment,_Z,Not applicable,PT_EARN_WR_ISCED11A_5T8,Percentage of earnings of workers with tertiary educational attainment,OBS,Observed,FT,Full-time,EARNINGS_FIELD,LSO-EARNINGS cyclical data collection on field of study,A3,Triennial,2020,,118.29903,,A,Normal value,,,0,Units,1,One
DATAFLOW,OECD.EDU.IMEP:DSD_EAG_LSO_EA@DF_LSO_EARN_ALL(1.0),Education and earnings (EARNINGS) (full dataset),I,AUT,Austria,_T,Total,Y25T64,From 25 to 64 years,ISCED11A_5T8,Tertiary education,F05T07,"Science, technology, engineering and mathematics",EARN_RELATIVE,Relative earnings,_Z,Not applicable,_T,Total,_Z,Not applicable,ED_NED,In education or not in education,EMP,Employment,_Z,Not applicable,PT_EARN_WR_ISCED11A_5T8,Percentage of earnings of workers with tertiary educational attainment,OBS,Observed,PT,Part-time,EARNINGS_FIELD,LSO-EARNINGS cyclical data collection on field of study,A3,Triennial,2020,,100.8642,,A,Normal value,,,0,Units,1,One
DATAFLOW,OECD.EDU.IMEP:DSD_EAG_LSO_EA@DF_LSO_EARN_ALL(1.0),Education and earnings (EARNINGS) (full dataset),I,CAN,Canada,_T,Total,Y25T64,From 25 to 64 years,ISCED11A_5T8,Tertiary education,F05T07,"Science, technology, engineering and mathematics",EARN_RELATIVE,Relative earnings,_Z,Not applicable,_T,Total,_Z,Not applicable,ED_NED,In education or not in education,EMP,Employment,_Z,Not applicable,PT_EARN_WR_ISCED11A_5T8,Percentage of earnings of workers with tertiary educational attainment,OBS,Observed,PT,Part-time,EARNINGS_FIELD,LSO-EARNINGS cyclical data collection on field of study,A3,Triennial,2020,,108.5326538085938,,A,Normal value,,,0,Units,1,One
DATAFLOW,OECD.EDU.IMEP:DSD_EAG_LSO_EA@DF_LSO_EARN_ALL(1.0),Education and earnings (EARNINGS) (full dataset),I,DNK,Denmark,_T,Total,Y25T64,From 25 to 64 years,ISCED11A_5T8,Tertiary education,F05T07,"Science, technology, engineering and mathematics",EARN_RELATIVE,Relative earnings,_Z,Not applicable,_T,Total,_Z,Not applicable,ED_NED,In education or not in education,EMP,Employment,_Z,Not applicable,PT_EARN_WR_ISCED11A_5T8,Percentage of earnings of workers with tertiary educational attainment,OBS,Observed,PT,Part-time,EARNINGS_FIELD,LSO-EARNINGS cyclical data collection on field of study,A3,Triennial,2020,,100.29739,,A,Normal value,,,0,Units,1,One
DATAFLOW,OECD.EDU.IMEP:DSD_EAG_LSO_EA@DF_LSO_EARN_ALL(1.0),Education and earnings (EARNINGS) (full dataset),I,EST,Estonia,_T,Total,Y25T64,From 25 to 64 years,ISCED11A_5T8,Tertiary education,F05T07,"Science, technology, engineering and mathematics",EARN_RELATIVE,Relative earnings,_Z,Not applicable,_T,Total,_Z,Not applicable,ED_NED,In education or not in education,EMP,Employment,_Z,Not applicable,PT_EARN_WR_ISCED11A_5T8,Percentage of earnings of workers with tertiary educational attainment,OBS,Observed,PT,Part-time,EARNINGS_FIELD,LSO-EARNINGS cyclical data collection on field of study,A3,Triennial,2020,,111.10407,,A,Normal value,,,0,Units,1,One
DATAFLOW,OECD.EDU.IMEP:DSD_EAG_LSO_EA@DF_LSO_EARN_ALL(1.0),Education and earnings (EARNINGS) (full dataset),I,DEU,Germany,_T,Total,Y25T64,From 25 to 64 years,ISCED11A_5T8,Tertiary education,F05T07,"Science, technology, engineering and mathematics",EARN_RELATIVE,Relative earnings,_Z,Not applicable,_T,Total,_Z,Not applicable,ED_NED,In education or not in education,EMP,Employment,_Z,Not applicable,PT_EARN_WR_ISCED11A_5T8,Percentage of earnings of workers with tertiary educational attainment,OBS,Observed,PT,Part-time,EARNINGS_FIELD,LSO-EARNINGS cyclical data collection on field of study,A3,Triennial,2020,,112.59852,,A,Normal value,,,0,Units,1,One
DATAFLOW,OECD.EDU.IMEP:DSD_EAG_LSO_EA@DF_LSO_EARN_ALL(1.0),Education and earnings (EARNINGS) (full dataset),I,LVA,Latvia,_T,Total,Y25T64,From 25 to 64 years,ISCED11A_5T8,Tertiary education,F05T07,"Science, technology, engineering and mathematics",EARN_RELATIVE,Relative earnings,_Z,Not applicable,_T,Total,_Z,Not applicable,ED_NED,In education or not in education,EMP,Employment,_Z,Not applicable,PT_EARN_WR_ISCED11A_5T8,Percentage of earnings of workers with tertiary educational attainment,OBS,Observed,PT,Part-time,EARNINGS_FIELD,LSO-EARNINGS cyclical data collection on field of study,A3,Triennial,2020,,101.56082,,A,Normal value,,,0,Units,1,One
DATAFLOW,OECD.EDU.IMEP:DSD_EAG_LSO_EA@DF_LSO_EARN_ALL(1.0),Education and earnings (EARNINGS) (full dataset),I,NOR,Norway,_T,Total,Y25T64,From 25 to 64 years,ISCED11A_5T8,Tertiary education,F05T07,"Science, technology, engineering and mathematics",EARN_RELATIVE,Relative earnings,_Z,Not applicable,_T,Total,_Z,Not applicable,ED_NED,In education or not in education,EMP,Employment,_Z,Not applicable,PT_EARN_WR_ISCED11A_5T8,Percentage of earnings of workers with tertiary educational attainment,OBS,Observed,PT,Part-time,EARNINGS_FIELD,LSO-EARNINGS cyclical data collection on field of study,A3,Triennial,2020,,96.398201,,A,Normal value,,,0,Units,1,One
DATAFLOW,OECD.EDU.IMEP:DSD_EAG_LSO_EA@DF_LSO_EARN_ALL(1.0),Education and earnings (EARNINGS) (full dataset),I,PRT,Portugal,_T,Total,Y25T64,From 25 to 64 years,ISCED11A_5T8,Tertiary education,F05T07,"Science, technology, engineering and mathematics",EARN_RELATIVE,Relative earnings,_Z,Not applicable,_T,Total,_Z,Not applicable,ED_NED,In education or not in education,EMP,Employment,_Z,Not applicable,PT_EARN_WR_ISCED11A_5T8,Percentage of earnings of workers with tertiary educational attainment,OBS,Observed,PT,Part-time,EARNINGS_FIELD,LSO-EARNINGS cyclical data collection on field of study,A3,Triennial,2020,,76.362679,,A,Normal value,,,0,Units,1,One
DATAFLOW,OECD.EDU.IMEP:DSD_EAG_LSO_EA@DF_LSO_EARN_ALL(1.0),Education and earnings (EARNINGS) (full dataset),I,SWE,Sweden,_T,Total,Y25T64,From 25 to 64 years,ISCED11A_5T8,Tertiary education,F05T07,"Science, technology, engineering and mathematics",EARN_RELATIVE,Relative earnings,_Z,Not applicable,_T,Total,_Z,Not applicable,ED_NED,In education or not in education,EMP,Employment,_Z,Not applicable,PT_EARN_WR_ISCED11A_5T8,Percentage of earnings of workers with tertiary educational attainment,OBS,Observed,PT,Part-time,EARNINGS_FIELD,LSO-EARNINGS cyclical data collection on field of study,A3,Triennial,2020,,101.4731,,A,Normal value,,,0,Units,1,One
DATAFLOW,OECD.EDU.IMEP:DSD_EAG_LSO_EA@DF_LSO_EARN_ALL(1.0),Education and earnings (EARNINGS) (full dataset),I,CHE,Switzerland,_T,Total,Y25T64,From 25 to 64 years,ISCED11A_5T8,Tertiary education,F05T07,"Science, technology, engineering and mathematics",EARN_RELATIVE,Relative earnings,_Z,Not applicable,_T,Total,_Z,Not applicable,ED_NED,In education or not in education,EMP,Employment,_Z,Not applicable,PT_EARN_WR_ISCED11A_5T8,Percentage of earnings of workers with tertiary educational attainment,OBS,Observed,PT,Part-time,EARNINGS_FIELD,LSO-EARNINGS cyclical data collection on field of study,A3,Triennial,2020,,115.63194,,A,Normal value,,,0,Units,1,One
DATAFLOW,OECD.EDU.IMEP:DSD_EAG_LSO_EA@DF_LSO_EARN_ALL(1.0),Education and earnings (EARNINGS) (full dataset),I,GBR,United Kingdom,_T,Total,Y25T64,From 25 to 64 years,ISCED11A_5T8,Tertiary education,F05T07,"Science, technology, engineering and mathematics",EARN_RELATIVE,Relative earnings,_Z,Not applicable,_T,Total,_Z,Not applicable,ED_NED,In education or not in education,EMP,Employment,_Z,Not applicable,PT_EARN_WR_ISCED11A_5T8,Percentage of earnings of workers with tertiary educational attainment,OBS,Observed,PT,Part-time,EARNINGS_FIELD,LSO-EARNINGS cyclical data collection on field of study,A3,Triennial,2020,,117.66526,,A,Normal value,,,0,Units,1,One
DATAFLOW,OECD.EDU.IMEP:DSD_EAG_LSO_EA@DF_LSO_EARN_ALL(1.0),Education and earnings (EARNINGS) (full dataset),I,AUS,Australia,_T,Total,Y25T64,From 25 to 64 years,ISCED11A_5T8,Tertiary education,F05T07,"Science, technology, engineering and mathematics",EARN_RELATIVE,Relative earnings,_Z,Not applicable,_T,Total,_Z,Not applicable,ED_NED,In education or not in education,EMP,Employment,_Z,Not applicable,PT_EARN_WR_ISCED11A_5T8,Percentage of earnings of workers with tertiary educational attainment,OBS,Observed,_T,Total,EARNINGS_FIELD,LSO-EARNINGS cyclical data collection on field of study,A3,Triennial,2020,,112.5079574584961,,A,Normal value,,,0,Units,1,One
DATAFLOW,OECD.EDU.IMEP:DSD_EAG_LSO_EA@DF_LSO_EARN_ALL(1.0),Education and earnings (EARNINGS) (full dataset),I,AUT,Austria,_T,Total,Y25T64,From 25 to 64 years,ISCED11A_5T8,Tertiary education,F05T07,"Science, technology, engineering and mathematics",EARN_RELATIVE,Relative earnings,_Z,Not applicable,_T,Total,_Z,Not applicable,ED_NED,In education or not in education,EMP,Employment,_Z,Not applicable,PT_EARN_WR_ISCED11A_5T8,Percentage of earnings of workers with tertiary educational attainment,OBS,Observed,_T,Total,EARNINGS_FIELD,LSO-EARNINGS cyclical data collection on field of study,A3,Triennial,2020,,111.55426,,A,Normal value,,,0,Units,1,One
DATAFLOW,OECD.EDU.IMEP:DSD_EAG_LSO_EA@DF_LSO_EARN_ALL(1.0),Education and earnings (EARNINGS) (full dataset),I,CAN,Canada,_T,Total,Y25T64,From 25 to 64 years,ISCED11A_5T8,Tertiary education,F05T07,"Science, technology, engineering and mathematics",EARN_RELATIVE,Relative earnings,_Z,Not applicable,_T,Total,_Z,Not applicable,ED_NED,In education or not in education,EMP,Employment,_Z,Not applicable,PT_EARN_WR_ISCED11A_5T8,Percentage of earnings of workers with tertiary educational attainment,OBS,Observed,_T,Total,EARNINGS_FIELD,LSO-EARNINGS cyclical data collection on field of study,A3,Triennial,2020,,111.6587371826172,,A,Normal value,,,0,Units,1,One
DATAFLOW,OECD.EDU.IMEP:DSD_EAG_LSO_EA@DF_LSO_EARN_ALL(1.0),Education and earnings (EARNINGS) (full dataset),I,CRI,Costa Rica,_T,Total,Y25T64,From 25 to 64 years,ISCED11A_5T8,Tertiary education,F05T07,"Science, technology, engineering and mathematics",EARN_RELATIVE,Relative earnings,_Z,Not applicable,_T,Total,_Z,Not applicable,ED_NED,In education or not in education,EMP,Employment,_Z,Not applicable,PT_EARN_WR_ISCED11A_5T8,Percentage of earnings of workers with tertiary educational attainment,OBS,Observed,_T,Total,EARNINGS_FIELD,LSO-EARNINGS cyclical data collection on field of study,A3,Triennial,2020,,102.1874,,A,Normal value,,,0,Units,1,One
DATAFLOW,OECD.EDU.IMEP:DSD_EAG_LSO_EA@DF_LSO_EARN_ALL(1.0),Education and earnings (EARNINGS) (full dataset),I,DNK,Denmark,_T,Total,Y25T64,From 25 to 64 years,ISCED11A_5T8,Tertiary education,F05T07,"Science, technology, engineering and mathematics",EARN_RELATIVE,Relative earnings,_Z,Not applicable,_T,Total,_Z,Not applicable,ED_NED,In education or not in education,EMP,Employment,_Z,Not applicable,PT_EARN_WR_ISCED11A_5T8,Percentage of earnings of workers with tertiary educational attainment,OBS,Observed,_T,Total,EARNINGS_FIELD,LSO-EARNINGS cyclical data collection on field of study,A3,Triennial,2020,,113.13949,,A,Normal value,,,0,Units,1,One
DATAFLOW,OECD.EDU.IMEP:DSD_EAG_LSO_EA@DF_LSO_EARN_ALL(1.0),Education and earnings (EARNINGS) (full dataset),I,EST,Estonia,_T,Total,Y25T64,From 25 to 64 years,ISCED11A_5T8,Tertiary education,F05T07,"Science, technology, engineering and mathematics",EARN_RELATIVE,Relative earnings,_Z,Not applicable,_T,Total,_Z,Not applicable,ED_NED,In education or not in education,EMP,Employment,_Z,Not applicable,PT_EARN_WR_ISCED11A_5T8,Percentage of earnings of workers with tertiary educational attainment,OBS,Observed,_T,Total,EARNINGS_FIELD,LSO-EARNINGS cyclical data collection on field of study,A3,Triennial,2020,,105.36185,,A,Normal value,,,0,Units,1,One
DATAFLOW,OECD.EDU.IMEP:DSD_EAG_LSO_EA@DF_LSO_EARN_ALL(1.0),Education and earnings (EARNINGS) (full dataset),I,DEU,Germany,_T,Total,Y25T64,From 25 to 64 years,ISCED11A_5T8,Tertiary education,F05T07,"Science, technology, engineering and mathematics",EARN_RELATIVE,Relative earnings,_Z,Not applicable,_T,Total,_Z,Not applicable,ED_NED,In education or not in education,EMP,Employment,_Z,Not applicable,PT_EARN_WR_ISCED11A_5T8,Percentage of earnings of workers with tertiary educational attainment,OBS,Observed,_T,Total,EARNINGS_FIELD,LSO-EARNINGS cyclical data collection on field of study,A3,Triennial,2020,,121.2907,,A,Normal value,,,0,Units,1,One
DATAFLOW,OECD.EDU.IMEP:DSD_EAG_LSO_EA@DF_LSO_EARN_ALL(1.0),Education and earnings (EARNINGS) (full dataset),I,LVA,Latvia,_T,Total,Y25T64,From 25 to 64 years,ISCED11A_5T8,Tertiary education,F05T07,"Science, technology, engineering and mathematics",EARN_RELATIVE,Relative earnings,_Z,Not applicable,_T,Total,_Z,Not applicable,ED_NED,In education or not in education,EMP,Employment,_Z,Not applicable,PT_EARN_WR_ISCED11A_5T8,Percentage of earnings of workers with tertiary educational attainment,OBS,Observed,_T,Total,EARNINGS_FIELD,LSO-EARNINGS cyclical data collection on field of study,A3,Triennial,2020,,114.11943,,A,Normal value,,,0,Units,1,One
DATAFLOW,OECD.EDU.IMEP:DSD_EAG_LSO_EA@DF_LSO_EARN_ALL(1.0),Education and earnings (EARNINGS) (full dataset),I,LUX,Luxembourg,_T,Total,Y25T64,From 25 to 64 years,ISCED11A_5T8,Tertiary education,F05T07,"Science, technology, engineering and mathematics",EARN_RELATIVE,Relative earnings,_Z,Not applicable,_T,Total,_Z,Not applicable,ED_NED,In education or not in education,EMP,Employment,_Z,Not applicable,PT_EARN_WR_ISCED11A_5T8,Percentage of earnings of workers with tertiary educational attainment,OBS,Observed,_T,Total,EARNINGS_FIELD,LSO-EARNINGS cyclical data collection on field of study,A3,Triennial,2020,,105.72652,,A,Normal value,,,0,Units,1,One
DATAFLOW,OECD.EDU.IMEP:DSD_EAG_LSO_EA@DF_LSO_EARN_ALL(1.0),Education and earnings (EARNINGS) (full dataset),I,NOR,Norway,_T,Total,Y25T64,From 25 to 64 years,ISCED11A_5T8,Tertiary education,F05T07,"Science, technology, engineering and mathematics",EARN_RELATIVE,Relative earnings,_Z,Not applicable,_T,Total,_Z,Not applicable,ED_NED,In education or not in education,EMP,Employment,_Z,Not applicable,PT_EARN_WR_ISCED11A_5T8,Percentage of earnings of workers with tertiary educational attainment,OBS,Observed,_T,Total,EARNINGS_FIELD,LSO-EARNINGS cyclical data collection on field of study,A3,Triennial,2020,,118.46571,,A,Normal value,,,0,Units,1,One
DATAFLOW,OECD.EDU.IMEP:DSD_EAG_LSO_EA@DF_LSO_EARN_ALL(1.0),Education and earnings (EARNINGS) (full dataset),I,PRT,Portugal,_T,Total,Y25T64,From 25 to 64 years,ISCED11A_5T8,Tertiary education,F05T07,"Science, technology, engineering and mathematics",EARN_RELATIVE,Relative earnings,_Z,Not applicable,_T,Total,_Z,Not applicable,ED_NED,In education or not in education,EMP,Employment,_Z,Not applicable,PT_EARN_WR_ISCED11A_5T8,Percentage of earnings of workers with tertiary educational attainment,OBS,Observed,_T,Total,EARNINGS_FIELD,LSO-EARNINGS cyclical data collection on field of study,A3,Triennial,2020,,107.66788,,A,Normal value,,,0,Units,1,One
DATAFLOW,OECD.EDU.IMEP:DSD_EAG_LSO_EA@DF_LSO_EARN_ALL(1.0),Education and earnings (EARNINGS) (full dataset),I,SVN,Slovenia,_T,Total,Y25T64,From 25 to 64 years,ISCED11A_5T8,Tertiary education,F05T07,"Science, technology, engineering and mathematics",EARN_RELATIVE,Relative earnings,_Z,Not applicable,_T,Total,_Z,Not applicable,ED_NED,In education or not in education,EMP,Employment,_Z,Not applicable,PT_EARN_WR_ISCED11A_5T8,Percentage of earnings of workers with tertiary educational attainment,OBS,Observed,_T,Total,EARNINGS_FIELD,LSO-EARNINGS cyclical data collection on field of study,A3,Triennial,2020,,105.06006,,A,Normal value,,,0,Units,1,One
DATAFLOW,OECD.EDU.IMEP:DSD_EAG_LSO_EA@DF_LSO_EARN_ALL(1.0),Education and earnings (EARNINGS) (full dataset),I,SWE,Sweden,_T,Total,Y25T64,From 25 to 64 years,ISCED11A_5T8,Tertiary education,F05T07,"Science, technology, engineering and mathematics",EARN_RELATIVE,Relative earnings,_Z,Not applicable,_T,Total,_Z,Not applicable,ED_NED,In education or not in education,EMP,Employment,_Z,Not applicable,PT_EARN_WR_ISCED11A_5T8,Percentage of earnings of workers with tertiary educational attainment,OBS,Observed,_T,Total,EARNINGS_FIELD,LSO-EARNINGS cyclical data collection on field of study,A3,Triennial,2020,,115.12726,,A,Normal value,,,0,Units,1,One
DATAFLOW,OECD.EDU.IMEP:DSD_EAG_LSO_EA@DF_LSO_EARN_ALL(1.0),Education and earnings (EARNINGS) (full dataset),I,CHE,Switzerland,_T,Total,Y25T64,From 25 to 64 years,ISCED11A_5T8,Tertiary education,F05T07,"Science, technology, engineering and mathematics",EARN_RELATIVE,Relative earnings,_Z,Not applicable,_T,Total,_Z,Not applicable,ED_NED,In education or not in education,EMP,Employment,_Z,Not applicable,PT_EARN_WR_ISCED11A_5T8,Percentage of earnings of workers with tertiary educational attainment,OBS,Observed,_T,Total,EARNINGS_FIELD,LSO-EARNINGS cyclical data collection on field of study,A3,Triennial,2020,,110.18092,,A,Normal value,,,0,Units,1,One
DATAFLOW,OECD.EDU.IMEP:DSD_EAG_LSO_EA@DF_LSO_EARN_ALL(1.0),Education and earnings (EARNINGS) (full dataset),I,GBR,United Kingdom,_T,Total,Y25T64,From 25 to 64 years,ISCED11A_5T8,Tertiary education,F05T07,"Science, technology, engineering and mathematics",EARN_RELATIVE,Relative earnings,_Z,Not applicable,_T,Total,_Z,Not applicable,ED_NED,In education or not in education,EMP,Employment,_Z,Not applicable,PT_EARN_WR_ISCED11A_5T8,Percentage of earnings of workers with tertiary educational attainment,OBS,Observed,_T,Total,EARNINGS_FIELD,LSO-EARNINGS cyclical data collection on field of study,A3,Triennial,2020,,127.86274,,A,Normal value,,,0,Units,1,One
DATAFLOW,OECD.EDU.IMEP:DSD_EAG_LSO_EA@DF_LSO_EARN_ALL(1.0),Education and earnings (EARNINGS) (full dataset),I,AUT,Austria,_T,Total,Y55T64,From 55 to 64 years,ISCED11A_5T8,Tertiary education,F05T07,"Science, technology, engineering and mathematics",EARN_RELATIVE,Relative earnings,_Z,Not applicable,_T,Total,_Z,Not applicable,ED_NED,In education or not in education,EMP,Employment,_Z,Not applicable,PT_EARN_WR_ISCED11A_5T8,Percentage of earnings of workers with tertiary educational attainment,OBS,Observed,PT,Part-time,EARNINGS_FIELD,LSO-EARNINGS cyclical data collection on field of study,A3,Triennial,2023,,116.3738327026367,,A,Normal value,,,0,Units,1,One
DATAFLOW,OECD.EDU.IMEP:DSD_EAG_LSO_EA@DF_LSO_EARN_ALL(1.0),Education and earnings (EARNINGS) (full dataset),I,DNK,Denmark,_T,Total,Y55T64,From 55 to 64 years,ISCED11A_5T8,Tertiary education,F05T07,"Science, technology, engineering and mathematics",EARN_RELATIVE,Relative earnings,_Z,Not applicable,_T,Total,_Z,Not applicable,ED_NED,In education or not in education,EMP,Employment,_Z,Not applicable,PT_EARN_WR_ISCED11A_5T8,Percentage of earnings of workers with tertiary educational attainment,OBS,Observed,PT,Part-time,EARNINGS_FIELD,LSO-EARNINGS cyclical data collection on field of study,A3,Triennial,2023,,106.7378616333008,,A,Normal value,,,0,Units,1,One
DATAFLOW,OECD.EDU.IMEP:DSD_EAG_LSO_EA@DF_LSO_EARN_ALL(1.0),Education and earnings (EARNINGS) (full dataset),I,EST,Estonia,_T,Total,Y55T64,From 55 to 64 years,ISCED11A_5T8,Tertiary education,F05T07,"Science, technology, engineering and mathematics",EARN_RELATIVE,Relative earnings,_Z,Not applicable,_T,Total,_Z,Not applicable,ED_NED,In education or not in education,EMP,Employment,_Z,Not applicable,PT_EARN_WR_ISCED11A_5T8,Percentage of earnings of workers with tertiary educational attainment,OBS,Observed,PT,Part-time,EARNINGS_FIELD,LSO-EARNINGS cyclical data collection on field of study,A3,Triennial,2023,,105.8942260742188,,A,Normal value,,,0,Units,1,One
DATAFLOW,OECD.EDU.IMEP:DSD_EAG_LSO_EA@DF_LSO_EARN_ALL(1.0),Education and earnings (EARNINGS) (full dataset),I,KOR,Korea,_T,Total,Y55T64,From 55 to 64 years,ISCED11A_5T8,Tertiary education,F05T07,"Science, technology, engineering and mathematics",EARN_RELATIVE,Relative earnings,_Z,Not applicable,_T,Total,_Z,Not applicable,ED_NED,In education or not in education,EMP,Employment,_Z,Not applicable,PT_EARN_WR_ISCED11A_5T8,Percentage of earnings of workers with tertiary educational attainment,OBS,Observed,PT,Part-time,EARNINGS_FIELD,LSO-EARNINGS cyclical data collection on field of study,A3,Triennial,2023,,121.8302001953125,,A,Normal value,,,0,Units,1,One
DATAFLOW,OECD.EDU.IMEP:DSD_EAG_LSO_EA@DF_LSO_EARN_ALL(1.0),Education and earnings (EARNINGS) (full dataset),I,LVA,Latvia,_T,Total,Y55T64,From 55 to 64 years,ISCED11A_5T8,Tertiary education,F05T07,"Science, technology, engineering and mathematics",EARN_RELATIVE,Relative earnings,_Z,Not applicable,_T,Total,_Z,Not applicable,ED_NED,In education or not in education,EMP,Employment,_Z,Not applicable,PT_EARN_WR_ISCED11A_5T8,Percentage of earnings of workers with tertiary educational attainment,OBS,Observed,PT,Part-time,EARNINGS_FIELD,LSO-EARNINGS cyclical data collection on field of study,A3,Triennial,2023,,91.25938415527344,,A,Normal value,,,0,Units,1,One
DATAFLOW,OECD.EDU.IMEP:DSD_EAG_LSO_EA@DF_LSO_EARN_ALL(1.0),Education and earnings (EARNINGS) (full dataset),I,LUX,Luxembourg,_T,Total,Y55T64,From 55 to 64 years,ISCED11A_5T8,Tertiary education,F05T07,"Science, technology, engineering and mathematics",EARN_RELATIVE,Relative earnings,_Z,Not applicable,_T,Total,_Z,Not applicable,ED_NED,In education or not in education,EMP,Employment,_Z,Not applicable,PT_EARN_WR_ISCED11A_5T8,Percentage of earnings of workers with tertiary educational attainment,OBS,Observed,PT,Part-time,EARNINGS_FIELD,LSO-EARNINGS cyclical data collection on field of study,A3,Triennial,2023,,102.1397476196289,,A,Normal value,,,0,Units,1,One
DATAFLOW,OECD.EDU.IMEP:DSD_EAG_LSO_EA@DF_LSO_EARN_ALL(1.0),Education and earnings (EARNINGS) (full dataset),I,MEX,Mexico,_T,Total,Y55T64,From 55 to 64 years,ISCED11A_5T8,Tertiary education,F05T07,"Science, technology, engineering and mathematics",EARN_RELATIVE,Relative earnings,_Z,Not applicable,_T,Total,_Z,Not applicable,ED_NED,In education or not in education,EMP,Employment,_Z,Not applicable,PT_EARN_WR_ISCED11A_5T8,Percentage of earnings of workers with tertiary educational attainment,OBS,Observed,PT,Part-time,EARNINGS_FIELD,LSO-EARNINGS cyclical data collection on field of study,A3,Triennial,2023,,95.93476867675781,,A,Normal value,,,0,Units,1,One
DATAFLOW,OECD.EDU.IMEP:DSD_EAG_LSO_EA@DF_LSO_EARN_ALL(1.0),Education and earnings (EARNINGS) (full dataset),I,NOR,Norway,_T,Total,Y55T64,From 55 to 64 years,ISCED11A_5T8,Tertiary education,F05T07,"Science, technology, engineering and mathematics",EARN_RELATIVE,Relative earnings,_Z,Not applicable,_T,Total,_Z,Not applicable,ED_NED,In education or not in education,EMP,Employment,_Z,Not applicable,PT_EARN_WR_ISCED11A_5T8,Percentage of earnings of workers with tertiary educational attainment,OBS,Observed,PT,Part-time,EARNINGS_FIELD,LSO-EARNINGS cyclical data collection on field of study,A3,Triennial,2023,,87.78854370117188,,A,Normal value,,,0,Units,1,One
DATAFLOW,OECD.EDU.IMEP:DSD_EAG_LSO_EA@DF_LSO_EARN_ALL(1.0),Education and earnings (EARNINGS) (full dataset),I,SWE,Sweden,_T,Total,Y55T64,From 55 to 64 years,ISCED11A_5T8,Tertiary education,F05T07,"Science, technology, engineering and mathematics",EARN_RELATIVE,Relative earnings,_Z,Not applicable,_T,Total,_Z,Not applicable,ED_NED,In education or not in education,EMP,Employment,_Z,Not applicable,PT_EARN_WR_ISCED11A_5T8,Percentage of earnings of workers with tertiary educational attainment,OBS,Observed,PT,Part-time,EARNINGS_FIELD,LSO-EARNINGS cyclical data collection on field of study,A3,Triennial,2023,,99.3867416381836,,A,Normal value,,,0,Units,1,One
DATAFLOW,OECD.EDU.IMEP:DSD_EAG_LSO_EA@DF_LSO_EARN_ALL(1.0),Education and earnings (EARNINGS) (full dataset),I,CHE,Switzerland,_T,Total,Y55T64,From 55 to 64 years,ISCED11A_5T8,Tertiary education,F05T07,"Science, technology, engineering and mathematics",EARN_RELATIVE,Relative earnings,_Z,Not applicable,_T,Total,_Z,Not applicable,ED_NED,In education or not in education,EMP,Employment,_Z,Not applicable,PT_EARN_WR_ISCED11A_5T8,Percentage of earnings of workers with tertiary educational attainment,OBS,Observed,PT,Part-time,EARNINGS_FIELD,LSO-EARNINGS cyclical data collection on field of study,A3,Triennial,2023,,112.7189559936523,,A,Normal value,,,0,Units,1,One
DATAFLOW,OECD.EDU.IMEP:DSD_EAG_LSO_EA@DF_LSO_EARN_ALL(1.0),Education and earnings (EARNINGS) (full dataset),I,USA,United States,_T,Total,Y55T64,From 55 to 64 years,ISCED11A_5T8,Tertiary education,F05T07,"Science, technology, engineering and mathematics",EARN_RELATIVE,Relative earnings,_Z,Not applicable,_T,Total,_Z,Not applicable,ED_NED,In education or not in education,EMP,Employment,_Z,Not applicable,PT_EARN_WR_ISCED11A_5T8,Percentage of earnings of workers with tertiary educational attainment,OBS,Observed,PT,Part-time,EARNINGS_FIELD,LSO-EARNINGS cyclical data collection on field of study,A3,Triennial,2023,,130.5784301757813,,A,Normal value,,,0,Units,1,One
DATAFLOW,OECD.EDU.IMEP:DSD_EAG_LSO_EA@DF_LSO_EARN_ALL(1.0),Education and earnings (EARNINGS) (full dataset),I,AUT,Austria,_T,Total,Y55T64,From 55 to 64 years,ISCED11A_5T8,Tertiary education,F05T07,"Science, technology, engineering and mathematics",EARN_RELATIVE,Relative earnings,_Z,Not applicable,_T,Total,_Z,Not applicable,ED_NED,In education or not in education,EMP,Employment,_Z,Not applicable,PT_EARN_WR_ISCED11A_5T8,Percentage of earnings of workers with tertiary educational attainment,OBS,Observed,FT,Full-time,EARNINGS_FIELD,LSO-EARNINGS cyclical data collection on field of study,A3,Triennial,2023,,95.19940185546875,,A,Normal value,,,0,Units,1,One
DATAFLOW,OECD.EDU.IMEP:DSD_EAG_LSO_EA@DF_LSO_EARN_ALL(1.0),Education and earnings (EARNINGS) (full dataset),I,CHL,Chile,_T,Total,Y55T64,From 55 to 64 years,ISCED11A_5T8,Tertiary education,F05T07,"Science, technology, engineering and mathematics",EARN_RELATIVE,Relative earnings,_Z,Not applicable,_T,Total,_Z,Not applicable,ED_NED,In education or not in education,EMP,Employment,_Z,Not applicable,PT_EARN_WR_ISCED11A_5T8,Percentage of earnings of workers with tertiary educational attainment,OBS,Observed,FT,Full-time,EARNINGS_FIELD,LSO-EARNINGS cyclical data collection on field of study,A3,Triennial,2023,,138.6061553955078,,A,Normal value,,,0,Units,1,One
DATAFLOW,OECD.EDU.IMEP:DSD_EAG_LSO_EA@DF_LSO_EARN_ALL(1.0),Education and earnings (EARNINGS) (full dataset),I,CRI,Costa Rica,_T,Total,Y55T64,From 55 to 64 years,ISCED11A_5T8,Tertiary education,F05T07,"Science, technology, engineering and mathematics",EARN_RELATIVE,Relative earnings,_Z,Not applicable,_T,Total,_Z,Not applicable,ED_NED,In education or not in education,EMP,Employment,_Z,Not applicable,PT_EARN_WR_ISCED11A_5T8,Percentage of earnings of workers with tertiary educational attainment,OBS,Observed,FT,Full-time,EARNINGS_FIELD,LSO-EARNINGS cyclical data collection on field of study,A3,Triennial,2023,,102.3584060668945,,A,Normal value,,,0,Units,1,One
DATAFLOW,OECD.EDU.IMEP:DSD_EAG_LSO_EA@DF_LSO_EARN_ALL(1.0),Education and earnings (EARNINGS) (full dataset),I,DNK,Denmark,_T,Total,Y55T64,From 55 to 64 years,ISCED11A_5T8,Tertiary education,F05T07,"Science, technology, engineering and mathematics",EARN_RELATIVE,Relative earnings,_Z,Not applicable,_T,Total,_Z,Not applicable,ED_NED,In education or not in education,EMP,Employment,_Z,Not applicable,PT_EARN_WR_ISCED11A_5T8,Percentage of earnings of workers with tertiary educational attainment,OBS,Observed,FT,Full-time,EARNINGS_FIELD,LSO-EARNINGS cyclical data collection on field of study,A3,Triennial,2023,,109.6099624633789,,A,Normal value,,,0,Units,1,One
DATAFLOW,OECD.EDU.IMEP:DSD_EAG_LSO_EA@DF_LSO_EARN_ALL(1.0),Education and earnings (EARNINGS) (full dataset),I,EST,Estonia,_T,Total,Y55T64,From 55 to 64 years,ISCED11A_5T8,Tertiary education,F05T07,"Science, technology, engineering and mathematics",EARN_RELATIVE,Relative earnings,_Z,Not applicable,_T,Total,_Z,Not applicable,ED_NED,In education or not in education,EMP,Employment,_Z,Not applicable,PT_EARN_WR_ISCED11A_5T8,Percentage of earnings of workers with tertiary educational attainment,OBS,Observed,FT,Full-time,EARNINGS_FIELD,LSO-EARNINGS cyclical data collection on field of study,A3,Triennial,2023,,95.45804595947266,,A,Normal value,,,0,Units,1,One
DATAFLOW,OECD.EDU.IMEP:DSD_EAG_LSO_EA@DF_LSO_EARN_ALL(1.0),Education and earnings (EARNINGS) (full dataset),I,KOR,Korea,_T,Total,Y55T64,From 55 to 64 years,ISCED11A_5T8,Tertiary education,F05T07,"Science, technology, engineering and mathematics",EARN_RELATIVE,Relative earnings,_Z,Not applicable,_T,Total,_Z,Not applicable,ED_NED,In education or not in education,EMP,Employment,_Z,Not applicable,PT_EARN_WR_ISCED11A_5T8,Percentage of earnings of workers with tertiary educational attainment,OBS,Observed,FT,Full-time,EARNINGS_FIELD,LSO-EARNINGS cyclical data collection on field of study,A3,Triennial,2023,,106.5978164672852,,A,Normal value,,,0,Units,1,One
DATAFLOW,OECD.EDU.IMEP:DSD_EAG_LSO_EA@DF_LSO_EARN_ALL(1.0),Education and earnings (EARNINGS) (full dataset),I,LVA,Latvia,_T,Total,Y55T64,From 55 to 64 years,ISCED11A_5T8,Tertiary education,F05T07,"Science, technology, engineering and mathematics",EARN_RELATIVE,Relative earnings,_Z,Not applicable,_T,Total,_Z,Not applicable,ED_NED,In education or not in education,EMP,Employment,_Z,Not applicable,PT_EARN_WR_ISCED11A_5T8,Percentage of earnings of workers with tertiary educational attainment,OBS,Observed,FT,Full-time,EARNINGS_FIELD,LSO-EARNINGS cyclical data collection on field of study,A3,Triennial,2023,,109.8416061401367,,A,Normal value,,,0,Units,1,One
DATAFLOW,OECD.EDU.IMEP:DSD_EAG_LSO_EA@DF_LSO_EARN_ALL(1.0),Education and earnings (EARNINGS) (full dataset),I,LUX,Luxembourg,_T,Total,Y55T64,From 55 to 64 years,ISCED11A_5T8,Tertiary education,F05T07,"Science, technology, engineering and mathematics",EARN_RELATIVE,Relative earnings,_Z,Not applicable,_T,Total,_Z,Not applicable,ED_NED,In education or not in education,EMP,Employment,_Z,Not applicable,PT_EARN_WR_ISCED11A_5T8,Percentage of earnings of workers with tertiary educational attainment,OBS,Observed,FT,Full-time,EARNINGS_FIELD,LSO-EARNINGS cyclical data collection on field of study,A3,Triennial,2023,,88.35537719726562,,A,Normal value,,,0,Units,1,One
DATAFLOW,OECD.EDU.IMEP:DSD_EAG_LSO_EA@DF_LSO_EARN_ALL(1.0),Education and earnings (EARNINGS) (full dataset),I,MEX,Mexico,_T,Total,Y55T64,From 55 to 64 years,ISCED11A_5T8,Tertiary education,F05T07,"Science, technology, engineering and mathematics",EARN_RELATIVE,Relative earnings,_Z,Not applicable,_T,Total,_Z,Not applicable,ED_NED,In education or not in education,EMP,Employment,_Z,Not applicable,PT_EARN_WR_ISCED11A_5T8,Percentage of earnings of workers with tertiary educational attainment,OBS,Observed,FT,Full-time,EARNINGS_FIELD,LSO-EARNINGS cyclical data collection on field of study,A3,Triennial,2023,,98.63532257080078,,A,Normal value,,,0,Units,1,One
DATAFLOW,OECD.EDU.IMEP:DSD_EAG_LSO_EA@DF_LSO_EARN_ALL(1.0),Education and earnings (EARNINGS) (full dataset),I,NOR,Norway,_T,Total,Y55T64,From 55 to 64 years,ISCED11A_5T8,Tertiary education,F05T07,"Science, technology, engineering and mathematics",EARN_RELATIVE,Relative earnings,_Z,Not applicable,_T,Total,_Z,Not applicable,ED_NED,In education or not in education,EMP,Employment,_Z,Not applicable,PT_EARN_WR_ISCED11A_5T8,Percentage of earnings of workers with tertiary educational attainment,OBS,Observed,FT,Full-time,EARNINGS_FIELD,LSO-EARNINGS cyclical data collection on field of study,A3,Triennial,2023,,116.570686340332,,A,Normal value,,,0,Units,1,One
DATAFLOW,OECD.EDU.IMEP:DSD_EAG_LSO_EA@DF_LSO_EARN_ALL(1.0),Education and earnings (EARNINGS) (full dataset),I,SWE,Sweden,_T,Total,Y55T64,From 55 to 64 years,ISCED11A_5T8,Tertiary education,F05T07,"Science, technology, engineering and mathematics",EARN_RELATIVE,Relative earnings,_Z,Not applicable,_T,Total,_Z,Not applicable,ED_NED,In education or not in education,EMP,Employment,_Z,Not applicable,PT_EARN_WR_ISCED11A_5T8,Percentage of earnings of workers with tertiary educational attainment,OBS,Observed,FT,Full-time,EARNINGS_FIELD,LSO-EARNINGS cyclical data collection on field of study,A3,Triennial,2023,,115.4797592163086,,A,Normal value,,,0,Units,1,One
DATAFLOW,OECD.EDU.IMEP:DSD_EAG_LSO_EA@DF_LSO_EARN_ALL(1.0),Education and earnings (EARNINGS) (full dataset),I,CHE,Switzerland,_T,Total,Y55T64,From 55 to 64 years,ISCED11A_5T8,Tertiary education,F05T07,"Science, technology, engineering and mathematics",EARN_RELATIVE,Relative earnings,_Z,Not applicable,_T,Total,_Z,Not applicable,ED_NED,In education or not in education,EMP,Employment,_Z,Not applicable,PT_EARN_WR_ISCED11A_5T8,Percentage of earnings of workers with tertiary educational attainment,OBS,Observed,FT,Full-time,EARNINGS_FIELD,LSO-EARNINGS cyclical data collection on field of study,A3,Triennial,2023,,98.2752914428711,,A,Normal value,,,0,Units,1,One
DATAFLOW,OECD.EDU.IMEP:DSD_EAG_LSO_EA@DF_LSO_EARN_ALL(1.0),Education and earnings (EARNINGS) (full dataset),I,USA,United States,_T,Total,Y55T64,From 55 to 64 years,ISCED11A_5T8,Tertiary education,F05T07,"Science, technology, engineering and mathematics",EARN_RELATIVE,Relative earnings,_Z,Not applicable,_T,Total,_Z,Not applicable,ED_NED,In education or not in education,EMP,Employment,_Z,Not applicable,PT_EARN_WR_ISCED11A_5T8,Percentage of earnings of workers with tertiary educational attainment,OBS,Observed,FT,Full-time,EARNINGS_FIELD,LSO-EARNINGS cyclical data collection on field of study,A3,Triennial,2023,,120.86376953125,,A,Normal value,,,0,Units,1,One
DATAFLOW,OECD.EDU.IMEP:DSD_EAG_LSO_EA@DF_LSO_EARN_ALL(1.0),Education and earnings (EARNINGS) (full dataset),I,ROU,Romania,_T,Total,Y55T64,From 55 to 64 years,ISCED11A_5T8,Tertiary education,F05T07,"Science, technology, engineering and mathematics",EARN_RELATIVE,Relative earnings,_Z,Not applicable,_T,Total,_Z,Not applicable,ED_NED,In education or not in education,EMP,Employment,_Z,Not applicable,PT_EARN_WR_ISCED11A_5T8,Percentage of earnings of workers with tertiary educational attainment,OBS,Observed,FT,Full-time,EARNINGS_FIELD,LSO-EARNINGS cyclical data collection on field of study,A3,Triennial,2023,,102.8729553222656,,A,Normal value,,,0,Units,1,One
DATAFLOW,OECD.EDU.IMEP:DSD_EAG_LSO_EA@DF_LSO_EARN_ALL(1.0),Education and earnings (EARNINGS) (full dataset),I,AUT,Austria,_T,Total,Y55T64,From 55 to 64 years,ISCED11A_5T8,Tertiary education,F05T07,"Science, technology, engineering and mathematics",EARN_RELATIVE,Relative earnings,_Z,Not applicable,_T,Total,_Z,Not applicable,ED_NED,In education or not in education,EMP,Employment,_Z,Not applicable,PT_EARN_WR_ISCED11A_5T8,Percentage of earnings of workers with tertiary educational attainment,OBS,Observed,_T,Total,EARNINGS_FIELD,LSO-EARNINGS cyclical data collection on field of study,A3,Triennial,2023,,103.5336532592773,,A,Normal value,,,0,Units,1,One
DATAFLOW,OECD.EDU.IMEP:DSD_EAG_LSO_EA@DF_LSO_EARN_ALL(1.0),Education and earnings (EARNINGS) (full dataset),I,CHL,Chile,_T,Total,Y55T64,From 55 to 64 years,ISCED11A_5T8,Tertiary education,F05T07,"Science, technology, engineering and mathematics",EARN_RELATIVE,Relative earnings,_Z,Not applicable,_T,Total,_Z,Not applicable,ED_NED,In education or not in education,EMP,Employment,_Z,Not applicable,PT_EARN_WR_ISCED11A_5T8,Percentage of earnings of workers with tertiary educational attainment,OBS,Observed,_T,Total,EARNINGS_FIELD,LSO-EARNINGS cyclical data collection on field of study,A3,Triennial,2023,,136.6437072753906,,A,Normal value,,,0,Units,1,One
DATAFLOW,OECD.EDU.IMEP:DSD_EAG_LSO_EA@DF_LSO_EARN_ALL(1.0),Education and earnings (EARNINGS) (full dataset),I,CRI,Costa Rica,_T,Total,Y55T64,From 55 to 64 years,ISCED11A_5T8,Tertiary education,F05T07,"Science, technology, engineering and mathematics",EARN_RELATIVE,Relative earnings,_Z,Not applicable,_T,Total,_Z,Not applicable,ED_NED,In education or not in education,EMP,Employment,_Z,Not applicable,PT_EARN_WR_ISCED11A_5T8,Percentage of earnings of workers with tertiary educational attainment,OBS,Observed,_T,Total,EARNINGS_FIELD,LSO-EARNINGS cyclical data collection on field of study,A3,Triennial,2023,,108.4807052612305,,A,Normal value,,,0,Units,1,One
DATAFLOW,OECD.EDU.IMEP:DSD_EAG_LSO_EA@DF_LSO_EARN_ALL(1.0),Education and earnings (EARNINGS) (full dataset),I,DNK,Denmark,_T,Total,Y55T64,From 55 to 64 years,ISCED11A_5T8,Tertiary education,F05T07,"Science, technology, engineering and mathematics",EARN_RELATIVE,Relative earnings,_Z,Not applicable,_T,Total,_Z,Not applicable,ED_NED,In education or not in education,EMP,Employment,_Z,Not applicable,PT_EARN_WR_ISCED11A_5T8,Percentage of earnings of workers with tertiary educational attainment,OBS,Observed,_T,Total,EARNINGS_FIELD,LSO-EARNINGS cyclical data collection on field of study,A3,Triennial,2023,,113.7381286621094,,A,Normal value,,,0,Units,1,One
DATAFLOW,OECD.EDU.IMEP:DSD_EAG_LSO_EA@DF_LSO_EARN_ALL(1.0),Education and earnings (EARNINGS) (full dataset),I,EST,Estonia,_T,Total,Y55T64,From 55 to 64 years,ISCED11A_5T8,Tertiary education,F05T07,"Science, technology, engineering and mathematics",EARN_RELATIVE,Relative earnings,_Z,Not applicable,_T,Total,_Z,Not applicable,ED_NED,In education or not in education,EMP,Employment,_Z,Not applicable,PT_EARN_WR_ISCED11A_5T8,Percentage of earnings of workers with tertiary educational attainment,OBS,Observed,_T,Total,EARNINGS_FIELD,LSO-EARNINGS cyclical data collection on field of study,A3,Triennial,2023,,97.80059051513672,,A,Normal value,,,0,Units,1,One
DATAFLOW,OECD.EDU.IMEP:DSD_EAG_LSO_EA@DF_LSO_EARN_ALL(1.0),Education and earnings (EARNINGS) (full dataset),I,KOR,Korea,_T,Total,Y55T64,From 55 to 64 years,ISCED11A_5T8,Tertiary education,F05T07,"Science, technology, engineering and mathematics",EARN_RELATIVE,Relative earnings,_Z,Not applicable,_T,Total,_Z,Not applicable,ED_NED,In education or not in education,EMP,Employment,_Z,Not applicable,PT_EARN_WR_ISCED11A_5T8,Percentage of earnings of workers with tertiary educational attainment,OBS,Observed,_T,Total,EARNINGS_FIELD,LSO-EARNINGS cyclical data collection on field of study,A3,Triennial,2023,,110.6431121826172,,A,Normal value,,,0,Units,1,One
DATAFLOW,OECD.EDU.IMEP:DSD_EAG_LSO_EA@DF_LSO_EARN_ALL(1.0),Education and earnings (EARNINGS) (full dataset),I,LVA,Latvia,_T,Total,Y55T64,From 55 to 64 years,ISCED11A_5T8,Tertiary education,F05T07,"Science, technology, engineering and mathematics",EARN_RELATIVE,Relative earnings,_Z,Not applicable,_T,Total,_Z,Not applicable,ED_NED,In education or not in education,EMP,Employment,_Z,Not applicable,PT_EARN_WR_ISCED11A_5T8,Percentage of earnings of workers with tertiary educational attainment,OBS,Observed,_T,Total,EARNINGS_FIELD,LSO-EARNINGS cyclical data collection on field of study,A3,Triennial,2023,,110.9960021972656,,A,Normal value,,,0,Units,1,One
DATAFLOW,OECD.EDU.IMEP:DSD_EAG_LSO_EA@DF_LSO_EARN_ALL(1.0),Education and earnings (EARNINGS) (full dataset),I,LUX,Luxembourg,_T,Total,Y55T64,From 55 to 64 years,ISCED11A_5T8,Tertiary education,F05T07,"Science, technology, engineering and mathematics",EARN_RELATIVE,Relative earnings,_Z,Not applicable,_T,Total,_Z,Not applicable,ED_NED,In education or not in education,EMP,Employment,_Z,Not applicable,PT_EARN_WR_ISCED11A_5T8,Percentage of earnings of workers with tertiary educational attainment,OBS,Observed,_T,Total,EARNINGS_FIELD,LSO-EARNINGS cyclical data collection on field of study,A3,Triennial,2023,,92.3703842163086,,A,Normal value,,,0,Units,1,One
DATAFLOW,OECD.EDU.IMEP:DSD_EAG_LSO_EA@DF_LSO_EARN_ALL(1.0),Education and earnings (EARNINGS) (full dataset),I,MEX,Mexico,_T,Total,Y55T64,From 55 to 64 years,ISCED11A_5T8,Tertiary education,F05T07,"Science, technology, engineering and mathematics",EARN_RELATIVE,Relative earnings,_Z,Not applicable,_T,Total,_Z,Not applicable,ED_NED,In education or not in education,EMP,Employment,_Z,Not applicable,PT_EARN_WR_ISCED11A_5T8,Percentage of earnings of workers with tertiary educational attainment,OBS,Observed,_T,Total,EARNINGS_FIELD,LSO-EARNINGS cyclical data collection on field of study,A3,Triennial,2023,,102.0300903320313,,A,Normal value,,,0,Units,1,One
DATAFLOW,OECD.EDU.IMEP:DSD_EAG_LSO_EA@DF_LSO_EARN_ALL(1.0),Education and earnings (EARNINGS) (full dataset),I,NOR,Norway,_T,Total,Y55T64,From 55 to 64 years,ISCED11A_5T8,Tertiary education,F05T07,"Science, technology, engineering and mathematics",EARN_RELATIVE,Relative earnings,_Z,Not applicable,_T,Total,_Z,Not applicable,ED_NED,In education or not in education,EMP,Employment,_Z,Not applicable,PT_EARN_WR_ISCED11A_5T8,Percentage of earnings of workers with tertiary educational attainment,OBS,Observed,_T,Total,EARNINGS_FIELD,LSO-EARNINGS cyclical data collection on field of study,A3,Triennial,2023,,124.0908889770508,,A,Normal value,,,0,Units,1,One
DATAFLOW,OECD.EDU.IMEP:DSD_EAG_LSO_EA@DF_LSO_EARN_ALL(1.0),Education and earnings (EARNINGS) (full dataset),I,SWE,Sweden,_T,Total,Y55T64,From 55 to 64 years,ISCED11A_5T8,Tertiary education,F05T07,"Science, technology, engineering and mathematics",EARN_RELATIVE,Relative earnings,_Z,Not applicable,_T,Total,_Z,Not applicable,ED_NED,In education or not in education,EMP,Employment,_Z,Not applicable,PT_EARN_WR_ISCED11A_5T8,Percentage of earnings of workers with tertiary educational attainment,OBS,Observed,_T,Total,EARNINGS_FIELD,LSO-EARNINGS cyclical data collection on field of study,A3,Triennial,2023,,120.0571746826172,,A,Normal value,,,0,Units,1,One
DATAFLOW,OECD.EDU.IMEP:DSD_EAG_LSO_EA@DF_LSO_EARN_ALL(1.0),Education and earnings (EARNINGS) (full dataset),I,CHE,Switzerland,_T,Total,Y55T64,From 55 to 64 years,ISCED11A_5T8,Tertiary education,F05T07,"Science, technology, engineering and mathematics",EARN_RELATIVE,Relative earnings,_Z,Not applicable,_T,Total,_Z,Not applicable,ED_NED,In education or not in education,EMP,Employment,_Z,Not applicable,PT_EARN_WR_ISCED11A_5T8,Percentage of earnings of workers with tertiary educational attainment,OBS,Observed,_T,Total,EARNINGS_FIELD,LSO-EARNINGS cyclical data collection on field of study,A3,Triennial,2023,,111.9351806640625,,A,Normal value,,,0,Units,1,One
DATAFLOW,OECD.EDU.IMEP:DSD_EAG_LSO_EA@DF_LSO_EARN_ALL(1.0),Education and earnings (EARNINGS) (full dataset),I,USA,United States,_T,Total,Y55T64,From 55 to 64 years,ISCED11A_5T8,Tertiary education,F05T07,"Science, technology, engineering and mathematics",EARN_RELATIVE,Relative earnings,_Z,Not applicable,_T,Total,_Z,Not applicable,ED_NED,In education or not in education,EMP,Employment,_Z,Not applicable,PT_EARN_WR_ISCED11A_5T8,Percentage of earnings of workers with tertiary educational attainment,OBS,Observed,_T,Total,EARNINGS_FIELD,LSO-EARNINGS cyclical data collection on field of study,A3,Triennial,2023,,123.650634765625,,A,Normal value,,,0,Units,1,One
DATAFLOW,OECD.EDU.IMEP:DSD_EAG_LSO_EA@DF_LSO_EARN_ALL(1.0),Education and earnings (EARNINGS) (full dataset),I,ROU,Romania,_T,Total,Y55T64,From 55 to 64 years,ISCED11A_5T8,Tertiary education,F05T07,"Science, technology, engineering and mathematics",EARN_RELATIVE,Relative earnings,_Z,Not applicable,_T,Total,_Z,Not applicable,ED_NED,In education or not in education,EMP,Employment,_Z,Not applicable,PT_EARN_WR_ISCED11A_5T8,Percentage of earnings of workers with tertiary educational attainment,OBS,Observed,_T,Total,EARNINGS_FIELD,LSO-EARNINGS cyclical data collection on field of study,A3,Triennial,2023,,102.8729553222656,,A,Normal value,,,0,Units,1,One
DATAFLOW,OECD.EDU.IMEP:DSD_EAG_LSO_EA@DF_LSO_EARN_ALL(1.0),Education and earnings (EARNINGS) (full dataset),I,AUT,Austria,_T,Total,Y25T34,From 25 to 34 years,ISCED11A_5T8,Tertiary education,F05T07,"Science, technology, engineering and mathematics",EARN_RELATIVE,Relative earnings,_Z,Not applicable,_T,Total,_Z,Not applicable,ED_NED,In education or not in education,EMP,Employment,_Z,Not applicable,PT_EARN_WR_ISCED11A_5T8,Percentage of earnings of workers with tertiary educational attainment,OBS,Observed,FT,Full-time,EARNINGS_FIELD,LSO-EARNINGS cyclical data collection on field of study,A3,Triennial,2023,,106.6606216430664,,A,Normal value,,,0,Units,1,One
DATAFLOW,OECD.EDU.IMEP:DSD_EAG_LSO_EA@DF_LSO_EARN_ALL(1.0),Education and earnings (EARNINGS) (full dataset),I,CHL,Chile,_T,Total,Y25T34,From 25 to 34 years,ISCED11A_5T8,Tertiary education,F05T07,"Science, technology, engineering and mathematics",EARN_RELATIVE,Relative earnings,_Z,Not applicable,_T,Total,_Z,Not applicable,ED_NED,In education or not in education,EMP,Employment,_Z,Not applicable,PT_EARN_WR_ISCED11A_5T8,Percentage of earnings of workers with tertiary educational attainment,OBS,Observed,FT,Full-time,EARNINGS_FIELD,LSO-EARNINGS cyclical data collection on field of study,A3,Triennial,2023,,113.2449493408203,,A,Normal value,,,0,Units,1,One
DATAFLOW,OECD.EDU.IMEP:DSD_EAG_LSO_EA@DF_LSO_EARN_ALL(1.0),Education and earnings (EARNINGS) (full dataset),I,CRI,Costa Rica,_T,Total,Y25T34,From 25 to 34 years,ISCED11A_5T8,Tertiary education,F05T07,"Science, technology, engineering and mathematics",EARN_RELATIVE,Relative earnings,_Z,Not applicable,_T,Total,_Z,Not applicable,ED_NED,In education or not in education,EMP,Employment,_Z,Not applicable,PT_EARN_WR_ISCED11A_5T8,Percentage of earnings of workers with tertiary educational attainment,OBS,Observed,FT,Full-time,EARNINGS_FIELD,LSO-EARNINGS cyclical data collection on field of study,A3,Triennial,2023,,127.0934524536133,,A,Normal value,,,0,Units,1,One
DATAFLOW,OECD.EDU.IMEP:DSD_EAG_LSO_EA@DF_LSO_EARN_ALL(1.0),Education and earnings (EARNINGS) (full dataset),I,DNK,Denmark,_T,Total,Y25T34,From 25 to 34 years,ISCED11A_5T8,Tertiary education,F05T07,"Science, technology, engineering and mathematics",EARN_RELATIVE,Relative earnings,_Z,Not applicable,_T,Total,_Z,Not applicable,ED_NED,In education or not in education,EMP,Employment,_Z,Not applicable,PT_EARN_WR_ISCED11A_5T8,Percentage of earnings of workers with tertiary educational attainment,OBS,Observed,FT,Full-time,EARNINGS_FIELD,LSO-EARNINGS cyclical data collection on field of study,A3,Triennial,2023,,108.0314407348633,,A,Normal value,,,0,Units,1,One
DATAFLOW,OECD.EDU.IMEP:DSD_EAG_LSO_EA@DF_LSO_EARN_ALL(1.0),Education and earnings (EARNINGS) (full dataset),I,EST,Estonia,_T,Total,Y25T34,From 25 to 34 years,ISCED11A_5T8,Tertiary education,F05T07,"Science, technology, engineering and mathematics",EARN_RELATIVE,Relative earnings,_Z,Not applicable,_T,Total,_Z,Not applicable,ED_NED,In education or not in education,EMP,Employment,_Z,Not applicable,PT_EARN_WR_ISCED11A_5T8,Percentage of earnings of workers with tertiary educational attainment,OBS,Observed,FT,Full-time,EARNINGS_FIELD,LSO-EARNINGS cyclical data collection on field of study,A3,Triennial,2023,,122.284065246582,,A,Normal value,,,0,Units,1,One
DATAFLOW,OECD.EDU.IMEP:DSD_EAG_LSO_EA@DF_LSO_EARN_ALL(1.0),Education and earnings (EARNINGS) (full dataset),I,KOR,Korea,_T,Total,Y25T34,From 25 to 34 years,ISCED11A_5T8,Tertiary education,F05T07,"Science, technology, engineering and mathematics",EARN_RELATIVE,Relative earnings,_Z,Not applicable,_T,Total,_Z,Not applicable,ED_NED,In education or not in education,EMP,Employment,_Z,Not applicable,PT_EARN_WR_ISCED11A_5T8,Percentage of earnings of workers with tertiary educational attainment,OBS,Observed,FT,Full-time,EARNINGS_FIELD,LSO-EARNINGS cyclical data collection on field of study,A3,Triennial,2023,,106.5625991821289,,A,Normal value,,,0,Units,1,One
DATAFLOW,OECD.EDU.IMEP:DSD_EAG_LSO_EA@DF_LSO_EARN_ALL(1.0),Education and earnings (EARNINGS) (full dataset),I,LVA,Latvia,_T,Total,Y25T34,From 25 to 34 years,ISCED11A_5T8,Tertiary education,F05T07,"Science, technology, engineering and mathematics",EARN_RELATIVE,Relative earnings,_Z,Not applicable,_T,Total,_Z,Not applicable,ED_NED,In education or not in education,EMP,Employment,_Z,Not applicable,PT_EARN_WR_ISCED11A_5T8,Percentage of earnings of workers with tertiary educational attainment,OBS,Observed,FT,Full-time,EARNINGS_FIELD,LSO-EARNINGS cyclical data collection on field of study,A3,Triennial,2023,,115.9023361206055,,A,Normal value,,,0,Units,1,One
DATAFLOW,OECD.EDU.IMEP:DSD_EAG_LSO_EA@DF_LSO_EARN_ALL(1.0),Education and earnings (EARNINGS) (full dataset),I,LUX,Luxembourg,_T,Total,Y25T34,From 25 to 34 years,ISCED11A_5T8,Tertiary education,F05T07,"Science, technology, engineering and mathematics",EARN_RELATIVE,Relative earnings,_Z,Not applicable,_T,Total,_Z,Not applicable,ED_NED,In education or not in education,EMP,Employment,_Z,Not applicable,PT_EARN_WR_ISCED11A_5T8,Percentage of earnings of workers with tertiary educational attainment,OBS,Observed,FT,Full-time,EARNINGS_FIELD,LSO-EARNINGS cyclical data collection on field of study,A3,Triennial,2023,,103.3616638183594,,A,Normal value,,,0,Units,1,One
DATAFLOW,OECD.EDU.IMEP:DSD_EAG_LSO_EA@DF_LSO_EARN_ALL(1.0),Education and earnings (EARNINGS) (full dataset),I,MEX,Mexico,_T,Total,Y25T34,From 25 to 34 years,ISCED11A_5T8,Tertiary education,F05T07,"Science, technology, engineering and mathematics",EARN_RELATIVE,Relative earnings,_Z,Not applicable,_T,Total,_Z,Not applicable,ED_NED,In education or not in education,EMP,Employment,_Z,Not applicable,PT_EARN_WR_ISCED11A_5T8,Percentage of earnings of workers with tertiary educational attainment,OBS,Observed,FT,Full-time,EARNINGS_FIELD,LSO-EARNINGS cyclical data collection on field of study,A3,Triennial,2023,,106.7851791381836,,A,Normal value,,,0,Units,1,One
DATAFLOW,OECD.EDU.IMEP:DSD_EAG_LSO_EA@DF_LSO_EARN_ALL(1.0),Education and earnings (EARNINGS) (full dataset),I,NOR,Norway,_T,Total,Y25T34,From 25 to 34 years,ISCED11A_5T8,Tertiary education,F05T07,"Science, technology, engineering and mathematics",EARN_RELATIVE,Relative earnings,_Z,Not applicable,_T,Total,_Z,Not applicable,ED_NED,In education or not in education,EMP,Employment,_Z,Not applicable,PT_EARN_WR_ISCED11A_5T8,Percentage of earnings of workers with tertiary educational attainment,OBS,Observed,FT,Full-time,EARNINGS_FIELD,LSO-EARNINGS cyclical data collection on field of study,A3,Triennial,2023,,111.0795745849609,,A,Normal value,,,0,Units,1,One
DATAFLOW,OECD.EDU.IMEP:DSD_EAG_LSO_EA@DF_LSO_EARN_ALL(1.0),Education and earnings (EARNINGS) (full dataset),I,SWE,Sweden,_T,Total,Y25T34,From 25 to 34 years,ISCED11A_5T8,Tertiary education,F05T07,"Science, technology, engineering and mathematics",EARN_RELATIVE,Relative earnings,_Z,Not applicable,_T,Total,_Z,Not applicable,ED_NED,In education or not in education,EMP,Employment,_Z,Not applicable,PT_EARN_WR_ISCED11A_5T8,Percentage of earnings of workers with tertiary educational attainment,OBS,Observed,FT,Full-time,EARNINGS_FIELD,LSO-EARNINGS cyclical data collection on field of study,A3,Triennial,2023,,107.7409286499023,,A,Normal value,,,0,Units,1,One
DATAFLOW,OECD.EDU.IMEP:DSD_EAG_LSO_EA@DF_LSO_EARN_ALL(1.0),Education and earnings (EARNINGS) (full dataset),I,CHE,Switzerland,_T,Total,Y25T34,From 25 to 34 years,ISCED11A_5T8,Tertiary education,F05T07,"Science, technology, engineering and mathematics",EARN_RELATIVE,Relative earnings,_Z,Not applicable,_T,Total,_Z,Not applicable,ED_NED,In education or not in education,EMP,Employment,_Z,Not applicable,PT_EARN_WR_ISCED11A_5T8,Percentage of earnings of workers with tertiary educational attainment,OBS,Observed,FT,Full-time,EARNINGS_FIELD,LSO-EARNINGS cyclical data collection on field of study,A3,Triennial,2023,,101.670654296875,,A,Normal value,,,0,Units,1,One
DATAFLOW,OECD.EDU.IMEP:DSD_EAG_LSO_EA@DF_LSO_EARN_ALL(1.0),Education and earnings (EARNINGS) (full dataset),I,USA,United States,_T,Total,Y25T34,From 25 to 34 years,ISCED11A_5T8,Tertiary education,F05T07,"Science, technology, engineering and mathematics",EARN_RELATIVE,Relative earnings,_Z,Not applicable,_T,Total,_Z,Not applicable,ED_NED,In education or not in education,EMP,Employment,_Z,Not applicable,PT_EARN_WR_ISCED11A_5T8,Percentage of earnings of workers with tertiary educational attainment,OBS,Observed,FT,Full-time,EARNINGS_FIELD,LSO-EARNINGS cyclical data collection on field of study,A3,Triennial,2023,,116.7782821655273,,A,Normal value,,,0,Units,1,One
DATAFLOW,OECD.EDU.IMEP:DSD_EAG_LSO_EA@DF_LSO_EARN_ALL(1.0),Education and earnings (EARNINGS) (full dataset),I,ROU,Romania,_T,Total,Y25T34,From 25 to 34 years,ISCED11A_5T8,Tertiary education,F05T07,"Science, technology, engineering and mathematics",EARN_RELATIVE,Relative earnings,_Z,Not applicable,_T,Total,_Z,Not applicable,ED_NED,In education or not in education,EMP,Employment,_Z,Not applicable,PT_EARN_WR_ISCED11A_5T8,Percentage of earnings of workers with tertiary educational attainment,OBS,Observed,FT,Full-time,EARNINGS_FIELD,LSO-EARNINGS cyclical data collection on field of study,A3,Triennial,2023,,109.7210540771484,,A,Normal value,,,0,Units,1,One
DATAFLOW,OECD.EDU.IMEP:DSD_EAG_LSO_EA@DF_LSO_EARN_ALL(1.0),Education and earnings (EARNINGS) (full dataset),I,AUT,Austria,_T,Total,Y25T34,From 25 to 34 years,ISCED11A_5T8,Tertiary education,F05T07,"Science, technology, engineering and mathematics",EARN_RELATIVE,Relative earnings,_Z,Not applicable,_T,Total,_Z,Not applicable,ED_NED,In education or not in education,EMP,Employment,_Z,Not applicable,PT_EARN_WR_ISCED11A_5T8,Percentage of earnings of workers with tertiary educational attainment,OBS,Observed,PT,Part-time,EARNINGS_FIELD,LSO-EARNINGS cyclical data collection on field of study,A3,Triennial,2023,,109.1276626586914,,A,Normal value,,,0,Units,1,One
DATAFLOW,OECD.EDU.IMEP:DSD_EAG_LSO_EA@DF_LSO_EARN_ALL(1.0),Education and earnings (EARNINGS) (full dataset),I,CHL,Chile,_T,Total,Y25T34,From 25 to 34 years,ISCED11A_5T8,Tertiary education,F05T07,"Science, technology, engineering and mathematics",EARN_RELATIVE,Relative earnings,_Z,Not applicable,_T,Total,_Z,Not applicable,ED_NED,In education or not in education,EMP,Employment,_Z,Not applicable,PT_EARN_WR_ISCED11A_5T8,Percentage of earnings of workers with tertiary educational attainment,OBS,Observed,PT,Part-time,EARNINGS_FIELD,LSO-EARNINGS cyclical data collection on field of study,A3,Triennial,2023,,124.930061340332,,A,Normal value,,,0,Units,1,One
DATAFLOW,OECD.EDU.IMEP:DSD_EAG_LSO_EA@DF_LSO_EARN_ALL(1.0),Education and earnings (EARNINGS) (full dataset),I,DNK,Denmark,_T,Total,Y25T34,From 25 to 34 years,ISCED11A_5T8,Tertiary education,F05T07,"Science, technology, engineering and mathematics",EARN_RELATIVE,Relative earnings,_Z,Not applicable,_T,Total,_Z,Not applicable,ED_NED,In education or not in education,EMP,Employment,_Z,Not applicable,PT_EARN_WR_ISCED11A_5T8,Percentage of earnings of workers with tertiary educational attainment,OBS,Observed,PT,Part-time,EARNINGS_FIELD,LSO-EARNINGS cyclical data collection on field of study,A3,Triennial,2023,,97.6511001586914,,A,Normal value,,,0,Units,1,One
DATAFLOW,OECD.EDU.IMEP:DSD_EAG_LSO_EA@DF_LSO_EARN_ALL(1.0),Education and earnings (EARNINGS) (full dataset),I,EST,Estonia,_T,Total,Y25T34,From 25 to 34 years,ISCED11A_5T8,Tertiary education,F05T07,"Science, technology, engineering and mathematics",EARN_RELATIVE,Relative earnings,_Z,Not applicable,_T,Total,_Z,Not applicable,ED_NED,In education or not in education,EMP,Employment,_Z,Not applicable,PT_EARN_WR_ISCED11A_5T8,Percentage of earnings of workers with tertiary educational attainment,OBS,Observed,PT,Part-time,EARNINGS_FIELD,LSO-EARNINGS cyclical data collection on field of study,A3,Triennial,2023,,105.5565795898438,,A,Normal value,,,0,Units,1,One
DATAFLOW,OECD.EDU.IMEP:DSD_EAG_LSO_EA@DF_LSO_EARN_ALL(1.0),Education and earnings (EARNINGS) (full dataset),I,KOR,Korea,_T,Total,Y25T34,From 25 to 34 years,ISCED11A_5T8,Tertiary education,F05T07,"Science, technology, engineering and mathematics",EARN_RELATIVE,Relative earnings,_Z,Not applicable,_T,Total,_Z,Not applicable,ED_NED,In education or not in education,EMP,Employment,_Z,Not applicable,PT_EARN_WR_ISCED11A_5T8,Percentage of earnings of workers with tertiary educational attainment,OBS,Observed,PT,Part-time,EARNINGS_FIELD,LSO-EARNINGS cyclical data collection on field of study,A3,Triennial,2023,,108.0522384643555,,A,Normal value,,,0,Units,1,One
DATAFLOW,OECD.EDU.IMEP:DSD_EAG_LSO_EA@DF_LSO_EARN_ALL(1.0),Education and earnings (EARNINGS) (full dataset),I,LVA,Latvia,_T,Total,Y25T34,From 25 to 34 years,ISCED11A_5T8,Tertiary education,F05T07,"Science, technology, engineering and mathematics",EARN_RELATIVE,Relative earnings,_Z,Not applicable,_T,Total,_Z,Not applicable,ED_NED,In education or not in education,EMP,Employment,_Z,Not applicable,PT_EARN_WR_ISCED11A_5T8,Percentage of earnings of workers with tertiary educational attainment,OBS,Observed,PT,Part-time,EARNINGS_FIELD,LSO-EARNINGS cyclical data collection on field of study,A3,Triennial,2023,,105.9824066162109,,A,Normal value,,,0,Units,1,One
DATAFLOW,OECD.EDU.IMEP:DSD_EAG_LSO_EA@DF_LSO_EARN_ALL(1.0),Education and earnings (EARNINGS) (full dataset),I,LUX,Luxembourg,_T,Total,Y25T34,From 25 to 34 years,ISCED11A_5T8,Tertiary education,F05T07,"Science, technology, engineering and mathematics",EARN_RELATIVE,Relative earnings,_Z,Not applicable,_T,Total,_Z,Not applicable,ED_NED,In education or not in education,EMP,Employment,_Z,Not applicable,PT_EARN_WR_ISCED11A_5T8,Percentage of earnings of workers with tertiary educational attainment,OBS,Observed,PT,Part-time,EARNINGS_FIELD,LSO-EARNINGS cyclical data collection on field of study,A3,Triennial,2023,,68.817138671875,,A,Normal value,,,0,Units,1,One
DATAFLOW,OECD.EDU.IMEP:DSD_EAG_LSO_EA@DF_LSO_EARN_ALL(1.0),Education and earnings (EARNINGS) (full dataset),I,MEX,Mexico,_T,Total,Y25T34,From 25 to 34 years,ISCED11A_5T8,Tertiary education,F05T07,"Science, technology, engineering and mathematics",EARN_RELATIVE,Relative earnings,_Z,Not applicable,_T,Total,_Z,Not applicable,ED_NED,In education or not in education,EMP,Employment,_Z,Not applicable,PT_EARN_WR_ISCED11A_5T8,Percentage of earnings of workers with tertiary educational attainment,OBS,Observed,PT,Part-time,EARNINGS_FIELD,LSO-EARNINGS cyclical data collection on field of study,A3,Triennial,2023,,108.3743743896484,,A,Normal value,,,0,Units,1,One
DATAFLOW,OECD.EDU.IMEP:DSD_EAG_LSO_EA@DF_LSO_EARN_ALL(1.0),Education and earnings (EARNINGS) (full dataset),I,NOR,Norway,_T,Total,Y25T34,From 25 to 34 years,ISCED11A_5T8,Tertiary education,F05T07,"Science, technology, engineering and mathematics",EARN_RELATIVE,Relative earnings,_Z,Not applicable,_T,Total,_Z,Not applicable,ED_NED,In education or not in education,EMP,Employment,_Z,Not applicable,PT_EARN_WR_ISCED11A_5T8,Percentage of earnings of workers with tertiary educational attainment,OBS,Observed,PT,Part-time,EARNINGS_FIELD,LSO-EARNINGS cyclical data collection on field of study,A3,Triennial,2023,,79.34292602539062,,A,Normal value,,,0,Units,1,One
DATAFLOW,OECD.EDU.IMEP:DSD_EAG_LSO_EA@DF_LSO_EARN_ALL(1.0),Education and earnings (EARNINGS) (full dataset),I,SWE,Sweden,_T,Total,Y25T34,From 25 to 34 years,ISCED11A_5T8,Tertiary education,F05T07,"Science, technology, engineering and mathematics",EARN_RELATIVE,Relative earnings,_Z,Not applicable,_T,Total,_Z,Not applicable,ED_NED,In education or not in education,EMP,Employment,_Z,Not applicable,PT_EARN_WR_ISCED11A_5T8,Percentage of earnings of workers with tertiary educational attainment,OBS,Observed,PT,Part-time,EARNINGS_FIELD,LSO-EARNINGS cyclical data collection on field of study,A3,Triennial,2023,,103.8382568359375,,A,Normal value,,,0,Units,1,One
DATAFLOW,OECD.EDU.IMEP:DSD_EAG_LSO_EA@DF_LSO_EARN_ALL(1.0),Education and earnings (EARNINGS) (full dataset),I,CHE,Switzerland,_T,Total,Y25T34,From 25 to 34 years,ISCED11A_5T8,Tertiary education,F05T07,"Science, technology, engineering and mathematics",EARN_RELATIVE,Relative earnings,_Z,Not applicable,_T,Total,_Z,Not applicable,ED_NED,In education or not in education,EMP,Employment,_Z,Not applicable,PT_EARN_WR_ISCED11A_5T8,Percentage of earnings of workers with tertiary educational attainment,OBS,Observed,PT,Part-time,EARNINGS_FIELD,LSO-EARNINGS cyclical data collection on field of study,A3,Triennial,2023,,113.5567779541016,,A,Normal value,,,0,Units,1,One
DATAFLOW,OECD.EDU.IMEP:DSD_EAG_LSO_EA@DF_LSO_EARN_ALL(1.0),Education and earnings (EARNINGS) (full dataset),I,USA,United States,_T,Total,Y25T34,From 25 to 34 years,ISCED11A_5T8,Tertiary education,F05T07,"Science, technology, engineering and mathematics",EARN_RELATIVE,Relative earnings,_Z,Not applicable,_T,Total,_Z,Not applicable,ED_NED,In education or not in education,EMP,Employment,_Z,Not applicable,PT_EARN_WR_ISCED11A_5T8,Percentage of earnings of workers with tertiary educational attainment,OBS,Observed,PT,Part-time,EARNINGS_FIELD,LSO-EARNINGS cyclical data collection on field of study,A3,Triennial,2023,,102.2183456420898,,A,Normal value,,,0,Units,1,One
DATAFLOW,OECD.EDU.IMEP:DSD_EAG_LSO_EA@DF_LSO_EARN_ALL(1.0),Education and earnings (EARNINGS) (full dataset),I,AUT,Austria,_T,Total,Y25T34,From 25 to 34 years,ISCED11A_5T8,Tertiary education,F05T07,"Science, technology, engineering and mathematics",EARN_RELATIVE,Relative earnings,_Z,Not applicable,_T,Total,_Z,Not applicable,ED_NED,In education or not in education,EMP,Employment,_Z,Not applicable,PT_EARN_WR_ISCED11A_5T8,Percentage of earnings of workers with tertiary educational attainment,OBS,Observed,_T,Total,EARNINGS_FIELD,LSO-EARNINGS cyclical data collection on field of study,A3,Triennial,2023,,114.5006637573242,,A,Normal value,,,0,Units,1,One
DATAFLOW,OECD.EDU.IMEP:DSD_EAG_LSO_EA@DF_LSO_EARN_ALL(1.0),Education and earnings (EARNINGS) (full dataset),I,CHL,Chile,_T,Total,Y25T34,From 25 to 34 years,ISCED11A_5T8,Tertiary education,F05T07,"Science, technology, engineering and mathematics",EARN_RELATIVE,Relative earnings,_Z,Not applicable,_T,Total,_Z,Not applicable,ED_NED,In education or not in education,EMP,Employment,_Z,Not applicable,PT_EARN_WR_ISCED11A_5T8,Percentage of earnings of workers with tertiary educational attainment,OBS,Observed,_T,Total,EARNINGS_FIELD,LSO-EARNINGS cyclical data collection on field of study,A3,Triennial,2023,,117.3778457641602,,A,Normal value,,,0,Units,1,One
DATAFLOW,OECD.EDU.IMEP:DSD_EAG_LSO_EA@DF_LSO_EARN_ALL(1.0),Education and earnings (EARNINGS) (full dataset),I,CRI,Costa Rica,_T,Total,Y25T34,From 25 to 34 years,ISCED11A_5T8,Tertiary education,F05T07,"Science, technology, engineering and mathematics",EARN_RELATIVE,Relative earnings,_Z,Not applicable,_T,Total,_Z,Not applicable,ED_NED,In education or not in education,EMP,Employment,_Z,Not applicable,PT_EARN_WR_ISCED11A_5T8,Percentage of earnings of workers with tertiary educational attainment,OBS,Observed,_T,Total,EARNINGS_FIELD,LSO-EARNINGS cyclical data collection on field of study,A3,Triennial,2023,,131.7210540771484,,A,Normal value,,,0,Units,1,One
DATAFLOW,OECD.EDU.IMEP:DSD_EAG_LSO_EA@DF_LSO_EARN_ALL(1.0),Education and earnings (EARNINGS) (full dataset),I,DNK,Denmark,_T,Total,Y25T34,From 25 to 34 years,ISCED11A_5T8,Tertiary education,F05T07,"Science, technology, engineering and mathematics",EARN_RELATIVE,Relative earnings,_Z,Not applicable,_T,Total,_Z,Not applicable,ED_NED,In education or not in education,EMP,Employment,_Z,Not applicable,PT_EARN_WR_ISCED11A_5T8,Percentage of earnings of workers with tertiary educational attainment,OBS,Observed,_T,Total,EARNINGS_FIELD,LSO-EARNINGS cyclical data collection on field of study,A3,Triennial,2023,,112.6345138549805,,A,Normal value,,,0,Units,1,One
DATAFLOW,OECD.EDU.IMEP:DSD_EAG_LSO_EA@DF_LSO_EARN_ALL(1.0),Education and earnings (EARNINGS) (full dataset),I,EST,Estonia,_T,Total,Y25T34,From 25 to 34 years,ISCED11A_5T8,Tertiary education,F05T07,"Science, technology, engineering and mathematics",EARN_RELATIVE,Relative earnings,_Z,Not applicable,_T,Total,_Z,Not applicable,ED_NED,In education or not in education,EMP,Employment,_Z,Not applicable,PT_EARN_WR_ISCED11A_5T8,Percentage of earnings of workers with tertiary educational attainment,OBS,Observed,_T,Total,EARNINGS_FIELD,LSO-EARNINGS cyclical data collection on field of study,A3,Triennial,2023,,127.1562194824219,,A,Normal value,,,0,Units,1,One
DATAFLOW,OECD.EDU.IMEP:DSD_EAG_LSO_EA@DF_LSO_EARN_ALL(1.0),Education and earnings (EARNINGS) (full dataset),I,KOR,Korea,_T,Total,Y25T34,From 25 to 34 years,ISCED11A_5T8,Tertiary education,F05T07,"Science, technology, engineering and mathematics",EARN_RELATIVE,Relative earnings,_Z,Not applicable,_T,Total,_Z,Not applicable,ED_NED,In education or not in education,EMP,Employment,_Z,Not applicable,PT_EARN_WR_ISCED11A_5T8,Percentage of earnings of workers with tertiary educational attainment,OBS,Observed,_T,Total,EARNINGS_FIELD,LSO-EARNINGS cyclical data collection on field of study,A3,Triennial,2023,,108.7765579223633,,A,Normal value,,,0,Units,1,One
DATAFLOW,OECD.EDU.IMEP:DSD_EAG_LSO_EA@DF_LSO_EARN_ALL(1.0),Education and earnings (EARNINGS) (full dataset),I,LVA,Latvia,_T,Total,Y25T34,From 25 to 34 years,ISCED11A_5T8,Tertiary education,F05T07,"Science, technology, engineering and mathematics",EARN_RELATIVE,Relative earnings,_Z,Not applicable,_T,Total,_Z,Not applicable,ED_NED,In education or not in education,EMP,Employment,_Z,Not applicable,PT_EARN_WR_ISCED11A_5T8,Percentage of earnings of workers with tertiary educational attainment,OBS,Observed,_T,Total,EARNINGS_FIELD,LSO-EARNINGS cyclical data collection on field of study,A3,Triennial,2023,,116.4041213989258,,A,Normal value,,,0,Units,1,One
DATAFLOW,OECD.EDU.IMEP:DSD_EAG_LSO_EA@DF_LSO_EARN_ALL(1.0),Education and earnings (EARNINGS) (full dataset),I,LUX,Luxembourg,_T,Total,Y25T34,From 25 to 34 years,ISCED11A_5T8,Tertiary education,F05T07,"Science, technology, engineering and mathematics",EARN_RELATIVE,Relative earnings,_Z,Not applicable,_T,Total,_Z,Not applicable,ED_NED,In education or not in education,EMP,Employment,_Z,Not applicable,PT_EARN_WR_ISCED11A_5T8,Percentage of earnings of workers with tertiary educational attainment,OBS,Observed,_T,Total,EARNINGS_FIELD,LSO-EARNINGS cyclical data collection on field of study,A3,Triennial,2023,,102.5451202392578,,A,Normal value,,,0,Units,1,One
DATAFLOW,OECD.EDU.IMEP:DSD_EAG_LSO_EA@DF_LSO_EARN_ALL(1.0),Education and earnings (EARNINGS) (full dataset),I,MEX,Mexico,_T,Total,Y25T34,From 25 to 34 years,ISCED11A_5T8,Tertiary education,F05T07,"Science, technology, engineering and mathematics",EARN_RELATIVE,Relative earnings,_Z,Not applicable,_T,Total,_Z,Not applicable,ED_NED,In education or not in education,EMP,Employment,_Z,Not applicable,PT_EARN_WR_ISCED11A_5T8,Percentage of earnings of workers with tertiary educational attainment,OBS,Observed,_T,Total,EARNINGS_FIELD,LSO-EARNINGS cyclical data collection on field of study,A3,Triennial,2023,,108.5203170776367,,A,Normal value,,,0,Units,1,One
DATAFLOW,OECD.EDU.IMEP:DSD_EAG_LSO_EA@DF_LSO_EARN_ALL(1.0),Education and earnings (EARNINGS) (full dataset),I,NOR,Norway,_T,Total,Y25T34,From 25 to 34 years,ISCED11A_5T8,Tertiary education,F05T07,"Science, technology, engineering and mathematics",EARN_RELATIVE,Relative earnings,_Z,Not applicable,_T,Total,_Z,Not applicable,ED_NED,In education or not in education,EMP,Employment,_Z,Not applicable,PT_EARN_WR_ISCED11A_5T8,Percentage of earnings of workers with tertiary educational attainment,OBS,Observed,_T,Total,EARNINGS_FIELD,LSO-EARNINGS cyclical data collection on field of study,A3,Triennial,2023,,114.944450378418,,A,Normal value,,,0,Units,1,One
DATAFLOW,OECD.EDU.IMEP:DSD_EAG_LSO_EA@DF_LSO_EARN_ALL(1.0),Education and earnings (EARNINGS) (full dataset),I,SWE,Sweden,_T,Total,Y25T34,From 25 to 34 years,ISCED11A_5T8,Tertiary education,F05T07,"Science, technology, engineering and mathematics",EARN_RELATIVE,Relative earnings,_Z,Not applicable,_T,Total,_Z,Not applicable,ED_NED,In education or not in education,EMP,Employment,_Z,Not applicable,PT_EARN_WR_ISCED11A_5T8,Percentage of earnings of workers with tertiary educational attainment,OBS,Observed,_T,Total,EARNINGS_FIELD,LSO-EARNINGS cyclical data collection on field of study,A3,Triennial,2023,,114.513427734375,,A,Normal value,,,0,Units,1,One
DATAFLOW,OECD.EDU.IMEP:DSD_EAG_LSO_EA@DF_LSO_EARN_ALL(1.0),Education and earnings (EARNINGS) (full dataset),I,CHE,Switzerland,_T,Total,Y25T34,From 25 to 34 years,ISCED11A_5T8,Tertiary education,F05T07,"Science, technology, engineering and mathematics",EARN_RELATIVE,Relative earnings,_Z,Not applicable,_T,Total,_Z,Not applicable,ED_NED,In education or not in education,EMP,Employment,_Z,Not applicable,PT_EARN_WR_ISCED11A_5T8,Percentage of earnings of workers with tertiary educational attainment,OBS,Observed,_T,Total,EARNINGS_FIELD,LSO-EARNINGS cyclical data collection on field of study,A3,Triennial,2023,,109.0277786254883,,A,Normal value,,,0,Units,1,One
DATAFLOW,OECD.EDU.IMEP:DSD_EAG_LSO_EA@DF_LSO_EARN_ALL(1.0),Education and earnings (EARNINGS) (full dataset),I,USA,United States,_T,Total,Y25T34,From 25 to 34 years,ISCED11A_5T8,Tertiary education,F05T07,"Science, technology, engineering and mathematics",EARN_RELATIVE,Relative earnings,_Z,Not applicable,_T,Total,_Z,Not applicable,ED_NED,In education or not in education,EMP,Employment,_Z,Not applicable,PT_EARN_WR_ISCED11A_5T8,Percentage of earnings of workers with tertiary educational attainment,OBS,Observed,_T,Total,EARNINGS_FIELD,LSO-EARNINGS cyclical data collection on field of study,A3,Triennial,2023,,117.8657531738281,,A,Normal value,,,0,Units,1,One
DATAFLOW,OECD.EDU.IMEP:DSD_EAG_LSO_EA@DF_LSO_EARN_ALL(1.0),Education and earnings (EARNINGS) (full dataset),I,ROU,Romania,_T,Total,Y25T34,From 25 to 34 years,ISCED11A_5T8,Tertiary education,F05T07,"Science, technology, engineering and mathematics",EARN_RELATIVE,Relative earnings,_Z,Not applicable,_T,Total,_Z,Not applicable,ED_NED,In education or not in education,EMP,Employment,_Z,Not applicable,PT_EARN_WR_ISCED11A_5T8,Percentage of earnings of workers with tertiary educational attainment,OBS,Observed,_T,Total,EARNINGS_FIELD,LSO-EARNINGS cyclical data collection on field of study,A3,Triennial,2023,,109.6328582763672,,A,Normal value,,,0,Units,1,One
DATAFLOW,OECD.EDU.IMEP:DSD_EAG_LSO_EA@DF_LSO_EARN_ALL(1.0),Education and earnings (EARNINGS) (full dataset),I,AUT,Austria,_T,Total,Y25T64,From 25 to 64 years,ISCED11A_5T8,Tertiary education,F05T07,"Science, technology, engineering and mathematics",EARN_RELATIVE,Relative earnings,_Z,Not applicable,_T,Total,_Z,Not applicable,ED_NED,In education or not in education,EMP,Employment,_Z,Not applicable,PT_EARN_WR_ISCED11A_5T8,Percentage of earnings of workers with tertiary educational attainment,OBS,Observed,FT,Full-time,EARNINGS_FIELD,LSO-EARNINGS cyclical data collection on field of study,A3,Triennial,2023,,100.6376876831055,,A,Normal value,,,0,Units,1,One
DATAFLOW,OECD.EDU.IMEP:DSD_EAG_LSO_EA@DF_LSO_EARN_ALL(1.0),Education and earnings (EARNINGS) (full dataset),I,CHL,Chile,_T,Total,Y25T64,From 25 to 64 years,ISCED11A_5T8,Tertiary education,F05T07,"Science, technology, engineering and mathematics",EARN_RELATIVE,Relative earnings,_Z,Not applicable,_T,Total,_Z,Not applicable,ED_NED,In education or not in education,EMP,Employment,_Z,Not applicable,PT_EARN_WR_ISCED11A_5T8,Percentage of earnings of workers with tertiary educational attainment,OBS,Observed,FT,Full-time,EARNINGS_FIELD,LSO-EARNINGS cyclical data collection on field of study,A3,Triennial,2023,,118.0111541748047,,A,Normal value,,,0,Units,1,One
DATAFLOW,OECD.EDU.IMEP:DSD_EAG_LSO_EA@DF_LSO_EARN_ALL(1.0),Education and earnings (EARNINGS) (full dataset),I,CRI,Costa Rica,_T,Total,Y25T64,From 25 to 64 years,ISCED11A_5T8,Tertiary education,F05T07,"Science, technology, engineering and mathematics",EARN_RELATIVE,Relative earnings,_Z,Not applicable,_T,Total,_Z,Not applicable,ED_NED,In education or not in education,EMP,Employment,_Z,Not applicable,PT_EARN_WR_ISCED11A_5T8,Percentage of earnings of workers with tertiary educational attainment,OBS,Observed,FT,Full-time,EARNINGS_FIELD,LSO-EARNINGS cyclical data collection on field of study,A3,Triennial,2023,,110.3411407470703,,A,Normal value,,,0,Units,1,One
DATAFLOW,OECD.EDU.IMEP:DSD_EAG_LSO_EA@DF_LSO_EARN_ALL(1.0),Education and earnings (EARNINGS) (full dataset),I,DNK,Denmark,_T,Total,Y25T64,From 25 to 64 years,ISCED11A_5T8,Tertiary education,F05T07,"Science, technology, engineering and mathematics",EARN_RELATIVE,Relative earnings,_Z,Not applicable,_T,Total,_Z,Not applicable,ED_NED,In education or not in education,EMP,Employment,_Z,Not applicable,PT_EARN_WR_ISCED11A_5T8,Percentage of earnings of workers with tertiary educational attainment,OBS,Observed,FT,Full-time,EARNINGS_FIELD,LSO-EARNINGS cyclical data collection on field of study,A3,Triennial,2023,,109.2272567749023,,A,Normal value,,,0,Units,1,One
DATAFLOW,OECD.EDU.IMEP:DSD_EAG_LSO_EA@DF_LSO_EARN_ALL(1.0),Education and earnings (EARNINGS) (full dataset),I,EST,Estonia,_T,Total,Y25T64,From 25 to 64 years,ISCED11A_5T8,Tertiary education,F05T07,"Science, technology, engineering and mathematics",EARN_RELATIVE,Relative earnings,_Z,Not applicable,_T,Total,_Z,Not applicable,ED_NED,In education or not in education,EMP,Employment,_Z,Not applicable,PT_EARN_WR_ISCED11A_5T8,Percentage of earnings of workers with tertiary educational attainment,OBS,Observed,FT,Full-time,EARNINGS_FIELD,LSO-EARNINGS cyclical data collection on field of study,A3,Triennial,2023,,110.1674880981445,,A,Normal value,,,0,Units,1,One
DATAFLOW,OECD.EDU.IMEP:DSD_EAG_LSO_EA@DF_LSO_EARN_ALL(1.0),Education and earnings (EARNINGS) (full dataset),I,KOR,Korea,_T,Total,Y25T64,From 25 to 64 years,ISCED11A_5T8,Tertiary education,F05T07,"Science, technology, engineering and mathematics",EARN_RELATIVE,Relative earnings,_Z,Not applicable,_T,Total,_Z,Not applicable,ED_NED,In education or not in education,EMP,Employment,_Z,Not applicable,PT_EARN_WR_ISCED11A_5T8,Percentage of earnings of workers with tertiary educational attainment,OBS,Observed,FT,Full-time,EARNINGS_FIELD,LSO-EARNINGS cyclical data collection on field of study,A3,Triennial,2023,,108.8183288574219,,A,Normal value,,,0,Units,1,One
DATAFLOW,OECD.EDU.IMEP:DSD_EAG_LSO_EA@DF_LSO_EARN_ALL(1.0),Education and earnings (EARNINGS) (full dataset),I,LVA,Latvia,_T,Total,Y25T64,From 25 to 64 years,ISCED11A_5T8,Tertiary education,F05T07,"Science, technology, engineering and mathematics",EARN_RELATIVE,Relative earnings,_Z,Not applicable,_T,Total,_Z,Not applicable,ED_NED,In education or not in education,EMP,Employment,_Z,Not applicable,PT_EARN_WR_ISCED11A_5T8,Percentage of earnings of workers with tertiary educational attainment,OBS,Observed,FT,Full-time,EARNINGS_FIELD,LSO-EARNINGS cyclical data collection on field of study,A3,Triennial,2023,,118.7595291137695,,A,Normal value,,,0,Units,1,One
DATAFLOW,OECD.EDU.IMEP:DSD_EAG_LSO_EA@DF_LSO_EARN_ALL(1.0),Education and earnings (EARNINGS) (full dataset),I,LUX,Luxembourg,_T,Total,Y25T64,From 25 to 64 years,ISCED11A_5T8,Tertiary education,F05T07,"Science, technology, engineering and mathematics",EARN_RELATIVE,Relative earnings,_Z,Not applicable,_T,Total,_Z,Not applicable,ED_NED,In education or not in education,EMP,Employment,_Z,Not applicable,PT_EARN_WR_ISCED11A_5T8,Percentage of earnings of workers with tertiary educational attainment,OBS,Observed,FT,Full-time,EARNINGS_FIELD,LSO-EARNINGS cyclical data collection on field of study,A3,Triennial,2023,,98.02214813232422,,A,Normal value,,,0,Units,1,One
DATAFLOW,OECD.EDU.IMEP:DSD_EAG_LSO_EA@DF_LSO_EARN_ALL(1.0),Education and earnings (EARNINGS) (full dataset),I,MEX,Mexico,_T,Total,Y25T64,From 25 to 64 years,ISCED11A_5T8,Tertiary education,F05T07,"Science, technology, engineering and mathematics",EARN_RELATIVE,Relative earnings,_Z,Not applicable,_T,Total,_Z,Not applicable,ED_NED,In education or not in education,EMP,Employment,_Z,Not applicable,PT_EARN_WR_ISCED11A_5T8,Percentage of earnings of workers with tertiary educational attainment,OBS,Observed,FT,Full-time,EARNINGS_FIELD,LSO-EARNINGS cyclical data collection on field of study,A3,Triennial,2023,,104.4486618041992,,A,Normal value,,,0,Units,1,One
DATAFLOW,OECD.EDU.IMEP:DSD_EAG_LSO_EA@DF_LSO_EARN_ALL(1.0),Education and earnings (EARNINGS) (full dataset),I,NOR,Norway,_T,Total,Y25T64,From 25 to 64 years,ISCED11A_5T8,Tertiary education,F05T07,"Science, technology, engineering and mathematics",EARN_RELATIVE,Relative earnings,_Z,Not applicable,_T,Total,_Z,Not applicable,ED_NED,In education or not in education,EMP,Employment,_Z,Not applicable,PT_EARN_WR_ISCED11A_5T8,Percentage of earnings of workers with tertiary educational attainment,OBS,Observed,FT,Full-time,EARNINGS_FIELD,LSO-EARNINGS cyclical data collection on field of study,A3,Triennial,2023,,114.7072067260742,,A,Normal value,,,0,Units,1,One
DATAFLOW,OECD.EDU.IMEP:DSD_EAG_LSO_EA@DF_LSO_EARN_ALL(1.0),Education and earnings (EARNINGS) (full dataset),I,SWE,Sweden,_T,Total,Y25T64,From 25 to 64 years,ISCED11A_5T8,Tertiary education,F05T07,"Science, technology, engineering and mathematics",EARN_RELATIVE,Relative earnings,_Z,Not applicable,_T,Total,_Z,Not applicable,ED_NED,In education or not in education,EMP,Employment,_Z,Not applicable,PT_EARN_WR_ISCED11A_5T8,Percentage of earnings of workers with tertiary educational attainment,OBS,Observed,FT,Full-time,EARNINGS_FIELD,LSO-EARNINGS cyclical data collection on field of study,A3,Triennial,2023,,109.5396347045898,,A,Normal value,,,0,Units,1,One
DATAFLOW,OECD.EDU.IMEP:DSD_EAG_LSO_EA@DF_LSO_EARN_ALL(1.0),Education and earnings (EARNINGS) (full dataset),I,CHE,Switzerland,_T,Total,Y25T64,From 25 to 64 years,ISCED11A_5T8,Tertiary education,F05T07,"Science, technology, engineering and mathematics",EARN_RELATIVE,Relative earnings,_Z,Not applicable,_T,Total,_Z,Not applicable,ED_NED,In education or not in education,EMP,Employment,_Z,Not applicable,PT_EARN_WR_ISCED11A_5T8,Percentage of earnings of workers with tertiary educational attainment,OBS,Observed,FT,Full-time,EARNINGS_FIELD,LSO-EARNINGS cyclical data collection on field of study,A3,Triennial,2023,,100.252555847168,,A,Normal value,,,0,Units,1,One
DATAFLOW,OECD.EDU.IMEP:DSD_EAG_LSO_EA@DF_LSO_EARN_ALL(1.0),Education and earnings (EARNINGS) (full dataset),I,USA,United States,_T,Total,Y25T64,From 25 to 64 years,ISCED11A_5T8,Tertiary education,F05T07,"Science, technology, engineering and mathematics",EARN_RELATIVE,Relative earnings,_Z,Not applicable,_T,Total,_Z,Not applicable,ED_NED,In education or not in education,EMP,Employment,_Z,Not applicable,PT_EARN_WR_ISCED11A_5T8,Percentage of earnings of workers with tertiary educational attainment,OBS,Observed,FT,Full-time,EARNINGS_FIELD,LSO-EARNINGS cyclical data collection on field of study,A3,Triennial,2023,,119.5337982177734,,A,Normal value,,,0,Units,1,One
DATAFLOW,OECD.EDU.IMEP:DSD_EAG_LSO_EA@DF_LSO_EARN_ALL(1.0),Education and earnings (EARNINGS) (full dataset),I,ROU,Romania,_T,Total,Y25T64,From 25 to 64 years,ISCED11A_5T8,Tertiary education,F05T07,"Science, technology, engineering and mathematics",EARN_RELATIVE,Relative earnings,_Z,Not applicable,_T,Total,_Z,Not applicable,ED_NED,In education or not in education,EMP,Employment,_Z,Not applicable,PT_EARN_WR_ISCED11A_5T8,Percentage of earnings of workers with tertiary educational attainment,OBS,Observed,FT,Full-time,EARNINGS_FIELD,LSO-EARNINGS cyclical data collection on field of study,A3,Triennial,2023,,105.9856033325195,,A,Normal value,,,0,Units,1,One
DATAFLOW,OECD.EDU.IMEP:DSD_EAG_LSO_EA@DF_LSO_EARN_ALL(1.0),Education and earnings (EARNINGS) (full dataset),I,AUT,Austria,_T,Total,Y25T64,From 25 to 64 years,ISCED11A_5T8,Tertiary education,F05T07,"Science, technology, engineering and mathematics",EARN_RELATIVE,Relative earnings,_Z,Not applicable,_T,Total,_Z,Not applicable,ED_NED,In education or not in education,EMP,Employment,_Z,Not applicable,PT_EARN_WR_ISCED11A_5T8,Percentage of earnings of workers with tertiary educational attainment,OBS,Observed,PT,Part-time,EARNINGS_FIELD,LSO-EARNINGS cyclical data collection on field of study,A3,Triennial,2023,,108.3080596923828,,A,Normal value,,,0,Units,1,One
DATAFLOW,OECD.EDU.IMEP:DSD_EAG_LSO_EA@DF_LSO_EARN_ALL(1.0),Education and earnings (EARNINGS) (full dataset),I,CHL,Chile,_T,Total,Y25T64,From 25 to 64 years,ISCED11A_5T8,Tertiary education,F05T07,"Science, technology, engineering and mathematics",EARN_RELATIVE,Relative earnings,_Z,Not applicable,_T,Total,_Z,Not applicable,ED_NED,In education or not in education,EMP,Employment,_Z,Not applicable,PT_EARN_WR_ISCED11A_5T8,Percentage of earnings of workers with tertiary educational attainment,OBS,Observed,PT,Part-time,EARNINGS_FIELD,LSO-EARNINGS cyclical data collection on field of study,A3,Triennial,2023,,122.5801086425781,,A,Normal value,,,0,Units,1,One
DATAFLOW,OECD.EDU.IMEP:DSD_EAG_LSO_EA@DF_LSO_EARN_ALL(1.0),Education and earnings (EARNINGS) (full dataset),I,CRI,Costa Rica,_T,Total,Y25T64,From 25 to 64 years,ISCED11A_5T8,Tertiary education,F05T07,"Science, technology, engineering and mathematics",EARN_RELATIVE,Relative earnings,_Z,Not applicable,_T,Total,_Z,Not applicable,ED_NED,In education or not in education,EMP,Employment,_Z,Not applicable,PT_EARN_WR_ISCED11A_5T8,Percentage of earnings of workers with tertiary educational attainment,OBS,Observed,PT,Part-time,EARNINGS_FIELD,LSO-EARNINGS cyclical data collection on field of study,A3,Triennial,2023,,118.1853637695313,,A,Normal value,,,0,Units,1,One
DATAFLOW,OECD.EDU.IMEP:DSD_EAG_LSO_EA@DF_LSO_EARN_ALL(1.0),Education and earnings (EARNINGS) (full dataset),I,DNK,Denmark,_T,Total,Y25T64,From 25 to 64 years,ISCED11A_5T8,Tertiary education,F05T07,"Science, technology, engineering and mathematics",EARN_RELATIVE,Relative earnings,_Z,Not applicable,_T,Total,_Z,Not applicable,ED_NED,In education or not in education,EMP,Employment,_Z,Not applicable,PT_EARN_WR_ISCED11A_5T8,Percentage of earnings of workers with tertiary educational attainment,OBS,Observed,PT,Part-time,EARNINGS_FIELD,LSO-EARNINGS cyclical data collection on field of study,A3,Triennial,2023,,100.7538833618164,,A,Normal value,,,0,Units,1,One
DATAFLOW,OECD.EDU.IMEP:DSD_EAG_LSO_EA@DF_LSO_EARN_ALL(1.0),Education and earnings (EARNINGS) (full dataset),I,EST,Estonia,_T,Total,Y25T64,From 25 to 64 years,ISCED11A_5T8,Tertiary education,F05T07,"Science, technology, engineering and mathematics",EARN_RELATIVE,Relative earnings,_Z,Not applicable,_T,Total,_Z,Not applicable,ED_NED,In education or not in education,EMP,Employment,_Z,Not applicable,PT_EARN_WR_ISCED11A_5T8,Percentage of earnings of workers with tertiary educational attainment,OBS,Observed,PT,Part-time,EARNINGS_FIELD,LSO-EARNINGS cyclical data collection on field of study,A3,Triennial,2023,,117.1021347045898,,A,Normal value,,,0,Units,1,One
DATAFLOW,OECD.EDU.IMEP:DSD_EAG_LSO_EA@DF_LSO_EARN_ALL(1.0),Education and earnings (EARNINGS) (full dataset),I,KOR,Korea,_T,Total,Y25T64,From 25 to 64 years,ISCED11A_5T8,Tertiary education,F05T07,"Science, technology, engineering and mathematics",EARN_RELATIVE,Relative earnings,_Z,Not applicable,_T,Total,_Z,Not applicable,ED_NED,In education or not in education,EMP,Employment,_Z,Not applicable,PT_EARN_WR_ISCED11A_5T8,Percentage of earnings of workers with tertiary educational attainment,OBS,Observed,PT,Part-time,EARNINGS_FIELD,LSO-EARNINGS cyclical data collection on field of study,A3,Triennial,2023,,108.0262908935547,,A,Normal value,,,0,Units,1,One
DATAFLOW,OECD.EDU.IMEP:DSD_EAG_LSO_EA@DF_LSO_EARN_ALL(1.0),Education and earnings (EARNINGS) (full dataset),I,LVA,Latvia,_T,Total,Y25T64,From 25 to 64 years,ISCED11A_5T8,Tertiary education,F05T07,"Science, technology, engineering and mathematics",EARN_RELATIVE,Relative earnings,_Z,Not applicable,_T,Total,_Z,Not applicable,ED_NED,In education or not in education,EMP,Employment,_Z,Not applicable,PT_EARN_WR_ISCED11A_5T8,Percentage of earnings of workers with tertiary educational attainment,OBS,Observed,PT,Part-time,EARNINGS_FIELD,LSO-EARNINGS cyclical data collection on field of study,A3,Triennial,2023,,113.7415084838867,,A,Normal value,,,0,Units,1,One
DATAFLOW,OECD.EDU.IMEP:DSD_EAG_LSO_EA@DF_LSO_EARN_ALL(1.0),Education and earnings (EARNINGS) (full dataset),I,LUX,Luxembourg,_T,Total,Y25T64,From 25 to 64 years,ISCED11A_5T8,Tertiary education,F05T07,"Science, technology, engineering and mathematics",EARN_RELATIVE,Relative earnings,_Z,Not applicable,_T,Total,_Z,Not applicable,ED_NED,In education or not in education,EMP,Employment,_Z,Not applicable,PT_EARN_WR_ISCED11A_5T8,Percentage of earnings of workers with tertiary educational attainment,OBS,Observed,PT,Part-time,EARNINGS_FIELD,LSO-EARNINGS cyclical data collection on field of study,A3,Triennial,2023,,93.22330474853516,,A,Normal value,,,0,Units,1,One
DATAFLOW,OECD.EDU.IMEP:DSD_EAG_LSO_EA@DF_LSO_EARN_ALL(1.0),Education and earnings (EARNINGS) (full dataset),I,MEX,Mexico,_T,Total,Y25T64,From 25 to 64 years,ISCED11A_5T8,Tertiary education,F05T07,"Science, technology, engineering and mathematics",EARN_RELATIVE,Relative earnings,_Z,Not applicable,_T,Total,_Z,Not applicable,ED_NED,In education or not in education,EMP,Employment,_Z,Not applicable,PT_EARN_WR_ISCED11A_5T8,Percentage of earnings of workers with tertiary educational attainment,OBS,Observed,PT,Part-time,EARNINGS_FIELD,LSO-EARNINGS cyclical data collection on field of study,A3,Triennial,2023,,101.080810546875,,A,Normal value,,,0,Units,1,One
DATAFLOW,OECD.EDU.IMEP:DSD_EAG_LSO_EA@DF_LSO_EARN_ALL(1.0),Education and earnings (EARNINGS) (full dataset),I,NOR,Norway,_T,Total,Y25T64,From 25 to 64 years,ISCED11A_5T8,Tertiary education,F05T07,"Science, technology, engineering and mathematics",EARN_RELATIVE,Relative earnings,_Z,Not applicable,_T,Total,_Z,Not applicable,ED_NED,In education or not in education,EMP,Employment,_Z,Not applicable,PT_EARN_WR_ISCED11A_5T8,Percentage of earnings of workers with tertiary educational attainment,OBS,Observed,PT,Part-time,EARNINGS_FIELD,LSO-EARNINGS cyclical data collection on field of study,A3,Triennial,2023,,84.00077819824219,,A,Normal value,,,0,Units,1,One
DATAFLOW,OECD.EDU.IMEP:DSD_EAG_LSO_EA@DF_LSO_EARN_ALL(1.0),Education and earnings (EARNINGS) (full dataset),I,SWE,Sweden,_T,Total,Y25T64,From 25 to 64 years,ISCED11A_5T8,Tertiary education,F05T07,"Science, technology, engineering and mathematics",EARN_RELATIVE,Relative earnings,_Z,Not applicable,_T,Total,_Z,Not applicable,ED_NED,In education or not in education,EMP,Employment,_Z,Not applicable,PT_EARN_WR_ISCED11A_5T8,Percentage of earnings of workers with tertiary educational attainment,OBS,Observed,PT,Part-time,EARNINGS_FIELD,LSO-EARNINGS cyclical data collection on field of study,A3,Triennial,2023,,101.6929626464844,,A,Normal value,,,0,Units,1,One
DATAFLOW,OECD.EDU.IMEP:DSD_EAG_LSO_EA@DF_LSO_EARN_ALL(1.0),Education and earnings (EARNINGS) (full dataset),I,CHE,Switzerland,_T,Total,Y25T64,From 25 to 64 years,ISCED11A_5T8,Tertiary education,F05T07,"Science, technology, engineering and mathematics",EARN_RELATIVE,Relative earnings,_Z,Not applicable,_T,Total,_Z,Not applicable,ED_NED,In education or not in education,EMP,Employment,_Z,Not applicable,PT_EARN_WR_ISCED11A_5T8,Percentage of earnings of workers with tertiary educational attainment,OBS,Observed,PT,Part-time,EARNINGS_FIELD,LSO-EARNINGS cyclical data collection on field of study,A3,Triennial,2023,,115.77978515625,,A,Normal value,,,0,Units,1,One
DATAFLOW,OECD.EDU.IMEP:DSD_EAG_LSO_EA@DF_LSO_EARN_ALL(1.0),Education and earnings (EARNINGS) (full dataset),I,USA,United States,_T,Total,Y25T64,From 25 to 64 years,ISCED11A_5T8,Tertiary education,F05T07,"Science, technology, engineering and mathematics",EARN_RELATIVE,Relative earnings,_Z,Not applicable,_T,Total,_Z,Not applicable,ED_NED,In education or not in education,EMP,Employment,_Z,Not applicable,PT_EARN_WR_ISCED11A_5T8,Percentage of earnings of workers with tertiary educational attainment,OBS,Observed,PT,Part-time,EARNINGS_FIELD,LSO-EARNINGS cyclical data collection on field of study,A3,Triennial,2023,,119.1818923950195,,A,Normal value,,,0,Units,1,One
DATAFLOW,OECD.EDU.IMEP:DSD_EAG_LSO_EA@DF_LSO_EARN_ALL(1.0),Education and earnings (EARNINGS) (full dataset),I,AUT,Austria,_T,Total,Y25T64,From 25 to 64 years,ISCED11A_5T8,Tertiary education,F05T07,"Science, technology, engineering and mathematics",EARN_RELATIVE,Relative earnings,_Z,Not applicable,_T,Total,_Z,Not applicable,ED_NED,In education or not in education,EMP,Employment,_Z,Not applicable,PT_EARN_WR_ISCED11A_5T8,Percentage of earnings of workers with tertiary educational attainment,OBS,Observed,_T,Total,EARNINGS_FIELD,LSO-EARNINGS cyclical data collection on field of study,A3,Triennial,2023,,111.5290145874023,,A,Normal value,,,0,Units,1,One
DATAFLOW,OECD.EDU.IMEP:DSD_EAG_LSO_EA@DF_LSO_EARN_ALL(1.0),Education and earnings (EARNINGS) (full dataset),I,CHL,Chile,_T,Total,Y25T64,From 25 to 64 years,ISCED11A_5T8,Tertiary education,F05T07,"Science, technology, engineering and mathematics",EARN_RELATIVE,Relative earnings,_Z,Not applicable,_T,Total,_Z,Not applicable,ED_NED,In education or not in education,EMP,Employment,_Z,Not applicable,PT_EARN_WR_ISCED11A_5T8,Percentage of earnings of workers with tertiary educational attainment,OBS,Observed,_T,Total,EARNINGS_FIELD,LSO-EARNINGS cyclical data collection on field of study,A3,Triennial,2023,,120.6817474365234,,A,Normal value,,,0,Units,1,One
DATAFLOW,OECD.EDU.IMEP:DSD_EAG_LSO_EA@DF_LSO_EARN_ALL(1.0),Education and earnings (EARNINGS) (full dataset),I,CRI,Costa Rica,_T,Total,Y25T64,From 25 to 64 years,ISCED11A_5T8,Tertiary education,F05T07,"Science, technology, engineering and mathematics",EARN_RELATIVE,Relative earnings,_Z,Not applicable,_T,Total,_Z,Not applicable,ED_NED,In education or not in education,EMP,Employment,_Z,Not applicable,PT_EARN_WR_ISCED11A_5T8,Percentage of earnings of workers with tertiary educational attainment,OBS,Observed,_T,Total,EARNINGS_FIELD,LSO-EARNINGS cyclical data collection on field of study,A3,Triennial,2023,,113.1990356445313,,A,Normal value,,,0,Units,1,One
DATAFLOW,OECD.EDU.IMEP:DSD_EAG_LSO_EA@DF_LSO_EARN_ALL(1.0),Education and earnings (EARNINGS) (full dataset),I,DNK,Denmark,_T,Total,Y25T64,From 25 to 64 years,ISCED11A_5T8,Tertiary education,F05T07,"Science, technology, engineering and mathematics",EARN_RELATIVE,Relative earnings,_Z,Not applicable,_T,Total,_Z,Not applicable,ED_NED,In education or not in education,EMP,Employment,_Z,Not applicable,PT_EARN_WR_ISCED11A_5T8,Percentage of earnings of workers with tertiary educational attainment,OBS,Observed,_T,Total,EARNINGS_FIELD,LSO-EARNINGS cyclical data collection on field of study,A3,Triennial,2023,,113.0629730224609,,A,Normal value,,,0,Units,1,One
DATAFLOW,OECD.EDU.IMEP:DSD_EAG_LSO_EA@DF_LSO_EARN_ALL(1.0),Education and earnings (EARNINGS) (full dataset),I,EST,Estonia,_T,Total,Y25T64,From 25 to 64 years,ISCED11A_5T8,Tertiary education,F05T07,"Science, technology, engineering and mathematics",EARN_RELATIVE,Relative earnings,_Z,Not applicable,_T,Total,_Z,Not applicable,ED_NED,In education or not in education,EMP,Employment,_Z,Not applicable,PT_EARN_WR_ISCED11A_5T8,Percentage of earnings of workers with tertiary educational attainment,OBS,Observed,_T,Total,EARNINGS_FIELD,LSO-EARNINGS cyclical data collection on field of study,A3,Triennial,2023,,112.1846466064453,,A,Normal value,,,0,Units,1,One
DATAFLOW,OECD.EDU.IMEP:DSD_EAG_LSO_EA@DF_LSO_EARN_ALL(1.0),Education and earnings (EARNINGS) (full dataset),I,KOR,Korea,_T,Total,Y25T64,From 25 to 64 years,ISCED11A_5T8,Tertiary education,F05T07,"Science, technology, engineering and mathematics",EARN_RELATIVE,Relative earnings,_Z,Not applicable,_T,Total,_Z,Not applicable,ED_NED,In education or not in education,EMP,Employment,_Z,Not applicable,PT_EARN_WR_ISCED11A_5T8,Percentage of earnings of workers with tertiary educational attainment,OBS,Observed,_T,Total,EARNINGS_FIELD,LSO-EARNINGS cyclical data collection on field of study,A3,Triennial,2023,,111.2912673950195,,A,Normal value,,,0,Units,1,One
DATAFLOW,OECD.EDU.IMEP:DSD_EAG_LSO_EA@DF_LSO_EARN_ALL(1.0),Education and earnings (EARNINGS) (full dataset),I,LVA,Latvia,_T,Total,Y25T64,From 25 to 64 years,ISCED11A_5T8,Tertiary education,F05T07,"Science, technology, engineering and mathematics",EARN_RELATIVE,Relative earnings,_Z,Not applicable,_T,Total,_Z,Not applicable,ED_NED,In education or not in education,EMP,Employment,_Z,Not applicable,PT_EARN_WR_ISCED11A_5T8,Percentage of earnings of workers with tertiary educational attainment,OBS,Observed,_T,Total,EARNINGS_FIELD,LSO-EARNINGS cyclical data collection on field of study,A3,Triennial,2023,,119.5130004882813,,A,Normal value,,,0,Units,1,One
DATAFLOW,OECD.EDU.IMEP:DSD_EAG_LSO_EA@DF_LSO_EARN_ALL(1.0),Education and earnings (EARNINGS) (full dataset),I,LUX,Luxembourg,_T,Total,Y25T64,From 25 to 64 years,ISCED11A_5T8,Tertiary education,F05T07,"Science, technology, engineering and mathematics",EARN_RELATIVE,Relative earnings,_Z,Not applicable,_T,Total,_Z,Not applicable,ED_NED,In education or not in education,EMP,Employment,_Z,Not applicable,PT_EARN_WR_ISCED11A_5T8,Percentage of earnings of workers with tertiary educational attainment,OBS,Observed,_T,Total,EARNINGS_FIELD,LSO-EARNINGS cyclical data collection on field of study,A3,Triennial,2023,,99.25823211669922,,A,Normal value,,,0,Units,1,One
DATAFLOW,OECD.EDU.IMEP:DSD_EAG_LSO_EA@DF_LSO_EARN_ALL(1.0),Education and earnings (EARNINGS) (full dataset),I,MEX,Mexico,_T,Total,Y25T64,From 25 to 64 years,ISCED11A_5T8,Tertiary education,F05T07,"Science, technology, engineering and mathematics",EARN_RELATIVE,Relative earnings,_Z,Not applicable,_T,Total,_Z,Not applicable,ED_NED,In education or not in education,EMP,Employment,_Z,Not applicable,PT_EARN_WR_ISCED11A_5T8,Percentage of earnings of workers with tertiary educational attainment,OBS,Observed,_T,Total,EARNINGS_FIELD,LSO-EARNINGS cyclical data collection on field of study,A3,Triennial,2023,,106.1096649169922,,A,Normal value,,,0,Units,1,One
DATAFLOW,OECD.EDU.IMEP:DSD_EAG_LSO_EA@DF_LSO_EARN_ALL(1.0),Education and earnings (EARNINGS) (full dataset),I,NOR,Norway,_T,Total,Y25T64,From 25 to 64 years,ISCED11A_5T8,Tertiary education,F05T07,"Science, technology, engineering and mathematics",EARN_RELATIVE,Relative earnings,_Z,Not applicable,_T,Total,_Z,Not applicable,ED_NED,In education or not in education,EMP,Employment,_Z,Not applicable,PT_EARN_WR_ISCED11A_5T8,Percentage of earnings of workers with tertiary educational attainment,OBS,Observed,_T,Total,EARNINGS_FIELD,LSO-EARNINGS cyclical data collection on field of study,A3,Triennial,2023,,119.2638931274414,,A,Normal value,,,0,Units,1,One
DATAFLOW,OECD.EDU.IMEP:DSD_EAG_LSO_EA@DF_LSO_EARN_ALL(1.0),Education and earnings (EARNINGS) (full dataset),I,SWE,Sweden,_T,Total,Y25T64,From 25 to 64 years,ISCED11A_5T8,Tertiary education,F05T07,"Science, technology, engineering and mathematics",EARN_RELATIVE,Relative earnings,_Z,Not applicable,_T,Total,_Z,Not applicable,ED_NED,In education or not in education,EMP,Employment,_Z,Not applicable,PT_EARN_WR_ISCED11A_5T8,Percentage of earnings of workers with tertiary educational attainment,OBS,Observed,_T,Total,EARNINGS_FIELD,LSO-EARNINGS cyclical data collection on field of study,A3,Triennial,2023,,115.1566772460938,,A,Normal value,,,0,Units,1,One
DATAFLOW,OECD.EDU.IMEP:DSD_EAG_LSO_EA@DF_LSO_EARN_ALL(1.0),Education and earnings (EARNINGS) (full dataset),I,CHE,Switzerland,_T,Total,Y25T64,From 25 to 64 years,ISCED11A_5T8,Tertiary education,F05T07,"Science, technology, engineering and mathematics",EARN_RELATIVE,Relative earnings,_Z,Not applicable,_T,Total,_Z,Not applicable,ED_NED,In education or not in education,EMP,Employment,_Z,Not applicable,PT_EARN_WR_ISCED11A_5T8,Percentage of earnings of workers with tertiary educational attainment,OBS,Observed,_T,Total,EARNINGS_FIELD,LSO-EARNINGS cyclical data collection on field of study,A3,Triennial,2023,,110.5453033447266,,A,Normal value,,,0,Units,1,One
DATAFLOW,OECD.EDU.IMEP:DSD_EAG_LSO_EA@DF_LSO_EARN_ALL(1.0),Education and earnings (EARNINGS) (full dataset),I,USA,United States,_T,Total,Y25T64,From 25 to 64 years,ISCED11A_5T8,Tertiary education,F05T07,"Science, technology, engineering and mathematics",EARN_RELATIVE,Relative earnings,_Z,Not applicable,_T,Total,_Z,Not applicable,ED_NED,In education or not in education,EMP,Employment,_Z,Not applicable,PT_EARN_WR_ISCED11A_5T8,Percentage of earnings of workers with tertiary educational attainment,OBS,Observed,_T,Total,EARNINGS_FIELD,LSO-EARNINGS cyclical data collection on field of study,A3,Triennial,2023,,121.434684753418,,A,Normal value,,,0,Units,1,One
DATAFLOW,OECD.EDU.IMEP:DSD_EAG_LSO_EA@DF_LSO_EARN_ALL(1.0),Education and earnings (EARNINGS) (full dataset),I,ROU,Romania,_T,Total,Y25T64,From 25 to 64 years,ISCED11A_5T8,Tertiary education,F05T07,"Science, technology, engineering and mathematics",EARN_RELATIVE,Relative earnings,_Z,Not applicable,_T,Total,_Z,Not applicable,ED_NED,In education or not in education,EMP,Employment,_Z,Not applicable,PT_EARN_WR_ISCED11A_5T8,Percentage of earnings of workers with tertiary educational attainment,OBS,Observed,_T,Total,EARNINGS_FIELD,LSO-EARNINGS cyclical data collection on field of study,A3,Triennial,2023,,105.9997329711914,,A,Normal value,,,0,Units,1,One
DATAFLOW,OECD.EDU.IMEP:DSD_EAG_LSO_EA@DF_LSO_EARN_ALL(1.0),Education and earnings (EARNINGS) (full dataset),I,CHL,Chile,_T,Total,Y55T64,From 55 to 64 years,ISCED11A_5T8,Tertiary education,F05T07,"Science, technology, engineering and mathematics",EARN_RELATIVE,Relative earnings,_Z,Not applicable,_T,Total,_Z,Not applicable,ED_NED,In education or not in education,EMP,Employment,_Z,Not applicable,PT_EARN_WR_ISCED11A_5T8,Percentage of earnings of workers with tertiary educational attainment,OBS,Observed,PT,Part-time,EARNINGS_FIELD,LSO-EARNINGS cyclical data collection on field of study,A3,Triennial,2023,,105.5810241699219,,U,Low reliability,,,0,Units,1,One
DATAFLOW,OECD.EDU.IMEP:DSD_EAG_LSO_EA@DF_LSO_EARN_ALL(1.0),Education and earnings (EARNINGS) (full dataset),I,EST,Estonia,_T,Total,Y25T34,From 25 to 34 years,ISCED11A_5T8,Tertiary education,F05T07,"Science, technology, engineering and mathematics",EARN_RELATIVE,Relative earnings,_Z,Not applicable,_T,Total,_Z,Not applicable,ED_NED,In education or not in education,EMP,Employment,_Z,Not applicable,PT_EARN_WR_ISCED11A_5T8,Percentage of earnings of workers with tertiary educational attainment,OBS,Observed,PT,Part-time,EARNINGS_FIELD,LSO-EARNINGS cyclical data collection on field of study,A3,Triennial,2020,,119.26303,,U,Low reliability,,,0,Units,1,One
DATAFLOW,OECD.EDU.IMEP:DSD_EAG_LSO_EA@DF_LSO_EARN_ALL(1.0),Education and earnings (EARNINGS) (full dataset),I,FIN,Finland,_T,Total,Y55T64,From 55 to 64 years,ISCED11A_5T8,Tertiary education,F05T07,"Science, technology, engineering and mathematics",EARN_RELATIVE,Relative earnings,_Z,Not applicable,_T,Total,_Z,Not applicable,ED_NED,In education or not in education,EMP,Employment,_Z,Not applicable,PT_EARN_WR_ISCED11A_5T8,Percentage of earnings of workers with tertiary educational attainment,OBS,Observed,_T,Total,EARNINGS_FIELD,LSO-EARNINGS cyclical data collection on field of study,A3,Triennial,2019,,117.39115,,B,Time series break,,,0,Units,1,One
DATAFLOW,OECD.EDU.IMEP:DSD_EAG_LSO_EA@DF_LSO_EARN_ALL(1.0),Education and earnings (EARNINGS) (full dataset),I,FIN,Finland,_T,Total,Y25T34,From 25 to 34 years,ISCED11A_5T8,Tertiary education,F05T07,"Science, technology, engineering and mathematics",EARN_RELATIVE,Relative earnings,_Z,Not applicable,_T,Total,_Z,Not applicable,ED_NED,In education or not in education,EMP,Employment,_Z,Not applicable,PT_EARN_WR_ISCED11A_5T8,Percentage of earnings of workers with tertiary educational attainment,OBS,Observed,_T,Total,EARNINGS_FIELD,LSO-EARNINGS cyclical data collection on field of study,A3,Triennial,2019,,116.49947,,B,Time series break,,,0,Units,1,One
DATAFLOW,OECD.EDU.IMEP:DSD_EAG_LSO_EA@DF_LSO_EARN_ALL(1.0),Education and earnings (EARNINGS) (full dataset),I,FIN,Finland,_T,Total,Y25T64,From 25 to 64 years,ISCED11A_5T8,Tertiary education,F05T07,"Science, technology, engineering and mathematics",EARN_RELATIVE,Relative earnings,_Z,Not applicable,_T,Total,_Z,Not applicable,ED_NED,In education or not in education,EMP,Employment,_Z,Not applicable,PT_EARN_WR_ISCED11A_5T8,Percentage of earnings of workers with tertiary educational attainment,OBS,Observed,_T,Total,EARNINGS_FIELD,LSO-EARNINGS cyclical data collection on field of study,A3,Triennial,2019,,117.7187,,B,Time series break,,,0,Units,1,One
